{
  "type": "FeatureCollection",
  "features": [
    {
      "type": "Feature",
      "properties": {
        "image_id": "0001_top_20250703_t1",
        "zone_type": "parking_spot",
        "generated_at": "2025-11-03T11:20:39",
        "source": "merged_t1_polygons"
      },
      "geometry": {
        "type": "MultiPolygon",
        "coordinates": [
          [
            [
              [
                813.6923618868515,
                781.6659257488882
              ],
              [
                813.7035173480913,
                781.6659257488882
              ],
              [
                813.712525342055,
                781.6667719503736
              ],
              [
                813.7225762056519,
                781.6666994591958
              ],
              [
                813.7370299371454,
                781.6678371755828
              ],
              [
                813.7446330030932,
                781.6677024245131
              ],
              [
                813.7510355803167,
                781.6681574416667
              ],
              [
                813.7604951845811,
                781.6679274198954
              ],
              [
                813.7662230272093,
                781.6682924289266
              ],
              [
                813.7786963319598,
                781.6678732106596
              ],
              [
                813.7980346679688,
                781.6688232421875
              ],
              [
                813.8153043563941,
                781.6679748367986
              ],
              [
                813.8212667042126,
                781.6682035463874
              ],
              [
                813.8296540187391,
                781.6676890322632
              ],
              [
                813.8396413715226,
                781.6679657061076
              ],
              [
                813.8495234600168,
                781.667280941276
              ],
              [
                813.8526635326149,
                781.6673495977867
              ],
              [
                813.8530341405113,
                781.6673212603217
              ],
              [
                813.8580705035229,
                781.6674065076725
              ],
              [
                813.8751377395977,
                781.6660409633206
              ],
              [
                813.8855123483147,
                781.6661051819633
              ],
              [
                813.8874458994216,
                781.6659257488882
              ],
              [
                813.898336355336,
                781.6659257488882
              ],
              [
                813.9034716693164,
                781.6653947628287
              ],
              [
                813.9141873409535,
                781.6653174767675
              ],
              [
                813.921017587491,
                781.6645763157059
              ],
              [
                813.9294729660888,
                781.6644264588825
              ],
              [
                813.9362147092561,
                781.6636545861487
              ],
              [
                813.9414271765146,
                781.663527838674
              ],
              [
                813.9454735293657,
                781.6630416916202
              ],
              [
                813.9487127652317,
                781.6629594282209
              ],
              [
                813.9574488832968,
                781.6618654736318
              ],
              [
                813.9605085931022,
                781.661762639117
              ],
              [
                813.9716807859393,
                781.660292555437
              ],
              [
                813.9940689486278,
                781.6591926955319
              ],
              [
                813.9943517052611,
                781.6591507525475
              ],
              [
                813.9947403353466,
                781.6591316603757
              ],
              [
                813.9982494537119,
                781.6586111318376
              ],
              [
                814.0000933652706,
                781.6585182868778
              ],
              [
                814.0142443420583,
                781.6563654640064
              ],
              [
                814.0200261917902,
                781.6560107803539
              ],
              [
                814.025882845831,
                781.6550603762397
              ],
              [
                814.0328588551591,
                781.6545769839025
              ],
              [
                814.0438910436466,
                781.6527279371605
              ],
              [
                814.0483629895497,
                781.6523860027025
              ],
              [
                814.0504896734815,
                781.652011108583
              ],
              [
                814.0509075141517,
                781.6519776772784
              ],
              [
                814.0651624441314,
                781.6494336965186
              ],
              [
                814.0820370484121,
                781.6478677373224
              ],
              [
                814.0824642945058,
                781.6478067021661
              ],
              [
                814.0914567165116,
                781.6460816910793
              ],
              [
                814.1146776754706,
                781.6435619473921
              ],
              [
                814.1181610062687,
                781.6428232696469
              ],
              [
                814.1206969849701,
                781.6425329214736
              ],
              [
                814.1265221317001,
                781.6412896972043
              ],
              [
                814.1305152263947,
                781.6408099488253
              ],
              [
                814.1371426782513,
                781.6393638487506
              ],
              [
                814.1454612041366,
                781.6383221859091
              ],
              [
                814.1625176200446,
                781.6344407019279
              ],
              [
                814.1671352932037,
                781.6337942354955
              ],
              [
                814.169813352147,
                781.6331620315372
              ],
              [
                814.1888866987198,
                781.6303327678377
              ],
              [
                814.1943371323749,
                781.6289675052797
              ],
              [
                814.1990193421631,
                781.6282551891992
              ],
              [
                814.2126380988017,
                781.6247541707636
              ],
              [
                814.2165879918982,
                781.6241131913539
              ],
              [
                814.2199243137989,
                781.6232239321273
              ],
              [
                814.2238752874478,
                781.6225617303382
              ],
              [
                814.2358810752738,
                781.6193301138601
              ],
              [
                814.24165341131,
                781.6183125602859
              ],
              [
                814.2535331118718,
                781.6149906703592
              ],
              [
                814.2695019051615,
                781.6119273860238
              ],
              [
                814.2835110430108,
                781.6078262905628
              ],
              [
                814.2838383399164,
                781.6077654690407
              ],
              [
                814.2840824805414,
                781.6077044338845
              ],
              [
                814.2845551206591,
                781.6075617146623
              ],
              [
                814.3022419041608,
                781.6037869361867
              ],
              [
                814.3119578763052,
                781.6017265598366
              ],
              [
                814.3259297044087,
                781.5972534410632
              ],
              [
                814.3388031048105,
                781.594323874986
              ],
              [
                814.3571379160667,
                781.588188031856
              ],
              [
                814.3792754091965,
                781.5826428784957
              ],
              [
                814.3794156524965,
                781.5825926986405
              ],
              [
                814.3797026552902,
                781.5825208081832
              ],
              [
                814.3867954138933,
                781.5799829785751
              ],
              [
                814.3938977325913,
                781.5781571622133
              ],
              [
                814.4067987133975,
                781.5734146544212
              ],
              [
                814.4090034892565,
                781.5728269961155
              ],
              [
                814.4099026393716,
                781.5724884602984
              ],
              [
                814.4108993041636,
                781.5722201864947
              ],
              [
                814.4236719049775,
                781.5674151999158
              ],
              [
                814.4306733054711,
                781.5654574164136
              ],
              [
                814.4310395164086,
                781.565335346101
              ],
              [
                814.4382954956725,
                781.5625140220218
              ],
              [
                814.4522788298066,
                781.5584204804517
              ],
              [
                814.4677128963737,
                781.5522550779742
              ],
              [
                814.4688741033702,
                781.5519044379141
              ],
              [
                814.4706794857362,
                781.5511627289143
              ],
              [
                814.492431608767,
                781.5442777519755
              ],
              [
                814.4955491467432,
                781.5429493152022
              ],
              [
                814.5040221129309,
                781.5402366720291
              ],
              [
                814.5159652975545,
                781.5350355950001
              ],
              [
                814.5268380641834,
                781.5313969652104
              ],
              [
                814.5435060406527,
                781.5239110197298
              ],
              [
                814.5645001655114,
                781.5163992017414
              ],
              [
                814.573582779781,
                781.5121034451188
              ],
              [
                814.58275600675,
                781.5087312906267
              ],
              [
                814.5947679041881,
                781.5028854958455
              ],
              [
                814.5953651729552,
                781.5026606203027
              ],
              [
                814.6031921737541,
                781.4987856813641
              ],
              [
                814.6071580321623,
                781.4968556287222
              ],
              [
                814.6139685180609,
                781.4942075247022
              ],
              [
                814.6174812109333,
                781.4924275572346
              ],
              [
                814.6291377207133,
                781.4877711645746
              ],
              [
                814.6455895475785,
                781.4793040636944
              ],
              [
                814.6474256883696,
                781.4785497181466
              ],
              [
                814.6505211504723,
                781.476913067959
              ],
              [
                814.6694993978903,
                781.4688261089691
              ],
              [
                814.6724755340146,
                781.4672037516402
              ],
              [
                814.6729644878197,
                781.4669939340486
              ],
              [
                814.6759133072084,
                781.4653806457492
              ],
              [
                814.6889175877172,
                781.4597174774432
              ],
              [
                814.6988337114841,
                781.4541500335889
              ],
              [
                814.7077178423611,
                781.4501599799966
              ],
              [
                814.722497803962,
                781.4416718840802
              ],
              [
                814.7419267744333,
                781.4324826654155
              ],
              [
                814.7527026174963,
                781.4260238736425
              ],
              [
                814.7636825695469,
                781.4206802926866
              ],
              [
                814.7845196743248,
                781.4078022537067
              ],
              [
                814.7866839204781,
                781.4066884022992
              ],
              [
                814.7890449209192,
                781.4054920255794
              ],
              [
                814.7891980609688,
                781.405394474194
              ],
              [
                814.7984748925062,
                781.4006200580079
              ],
              [
                814.8155827959869,
                781.3896407434587
              ],
              [
                814.8180739568451,
                781.3883236028346
              ],
              [
                814.8223529125473,
                781.3855022926529
              ],
              [
                814.8384944309635,
                781.3767031955657
              ],
              [
                814.8468308408989,
                781.3710565055144
              ],
              [
                814.8647643908408,
                781.3609876484935
              ],
              [
                814.8727073158019,
                781.3554069276166
              ],
              [
                814.8796645294104,
                781.3514114168017
              ],
              [
                814.8925522734261,
                781.3422012156948
              ],
              [
                814.9102737668204,
                781.3315793613239
              ],
              [
                814.9223871198693,
                781.322595486418
              ],
              [
                814.9348461094811,
                781.3148954073724
              ],
              [
                814.9491848886106,
                781.3038991211141
              ],
              [
                814.9587548637375,
                781.2977574119757
              ],
              [
                814.9761257157442,
                781.2841128870302
              ],
              [
                814.9792292526238,
                781.2820665839583
              ],
              [
                814.9845231642773,
                781.277790233991
              ],
              [
                814.9978515625,
                781.2687622070313
              ],
              [
                814.998095703125,
                781.2685791015625
              ],
              [
                815.0081781944391,
                781.2602247164883
              ],
              [
                815.0297746141177,
                781.245051012751
              ],
              [
                815.0358487382639,
                781.2397946767796
              ],
              [
                815.0409880208543,
                781.236121898507
              ],
              [
                815.0520148361912,
                781.2264570197958
              ],
              [
                815.0679198691086,
                781.2146610434443
              ],
              [
                815.0809616848452,
                781.2028406306725
              ],
              [
                815.0945141349033,
                781.1924473734089
              ],
              [
                815.103059155384,
                781.1844087111547
              ],
              [
                815.1085242800152,
                781.1801159436304
              ],
              [
                815.1257427603223,
                781.1637149614036
              ],
              [
                815.1293903503315,
                781.1607684877112
              ],
              [
                815.135806641794,
                781.1544713701752
              ],
              [
                815.1472317666272,
                781.1450044746031
              ],
              [
                815.1512356007753,
                781.1409731571614
              ],
              [
                815.1527499368883,
                781.1397134253652
              ],
              [
                815.1598035316113,
                781.1325285058188
              ],
              [
                815.1822705294154,
                781.113086346606
              ],
              [
                815.1866281578975,
                781.1084699684625
              ],
              [
                815.1901026301068,
                781.1054246329361
              ],
              [
                815.1993321484814,
                781.0955558960603
              ],
              [
                815.2133468631544,
                781.0828536990919
              ],
              [
                815.22438647211,
                781.0706733676107
              ],
              [
                815.227877582399,
                781.0674384233972
              ],
              [
                815.2303273055549,
                781.064682178344
              ],
              [
                815.2410705100357,
                781.054575591409
              ],
              [
                815.2446603978102,
                781.0504432890997
              ],
              [
                815.246425092438,
                781.0487623785483
              ],
              [
                815.2630634862085,
                781.029578149348
              ],
              [
                815.2671584399011,
                781.0255592538759
              ],
              [
                815.2742228449985,
                781.0171416985119
              ],
              [
                815.2837155465012,
                781.0075838367919
              ],
              [
                815.2899265788708,
                780.9999828092709
              ],
              [
                815.2938474516209,
                780.9959889371578
              ],
              [
                815.2995406688555,
                780.9888824383377
              ],
              [
                815.3019530664312,
                780.9863869683734
              ],
              [
                815.302405310043,
                780.9858181368807
              ],
              [
                815.3207016468177,
                780.9664353901551
              ],
              [
                815.3235395132078,
                780.9627461707023
              ],
              [
                815.3255426745602,
                780.9606042742887
              ],
              [
                815.3330673462294,
                780.9507625014058
              ],
              [
                815.3451542075068,
                780.937426705046
              ],
              [
                815.3453950211556,
                780.9371020054284
              ],
              [
                815.3457645590693,
                780.936694283171
              ],
              [
                815.3542470805231,
                780.9252569269977
              ],
              [
                815.3565441110098,
                780.9226724803019
              ],
              [
                815.3605485505279,
                780.9171769258099
              ],
              [
                815.3712068718359,
                780.9048877780904
              ],
              [
                815.3716493221438,
                780.9042669576244
              ],
              [
                815.3730318132559,
                780.9026755788476
              ],
              [
                815.3875458521695,
                780.8821122553054
              ],
              [
                815.3912501570422,
                780.877698409989
              ],
              [
                815.3986196656456,
                780.8669648028036
              ],
              [
                815.4062670891973,
                780.8576059275923
              ],
              [
                815.4140090728445,
                780.8459984512435
              ],
              [
                815.4197742283163,
                780.8388021562719
              ],
              [
                815.4219060521391,
                780.8355102414638
              ],
              [
                815.4223437964433,
                780.8349596471834
              ],
              [
                815.4241701181732,
                780.8321411055524
              ],
              [
                815.4305363915482,
                780.8240284442988
              ],
              [
                815.4319370507143,
                780.8218296337607
              ],
              [
                815.4436604791067,
                780.8065892051667
              ],
              [
                815.4452154668385,
                780.804080176808
              ],
              [
                815.445976882124,
                780.8030842959724
              ],
              [
                815.4515784551415,
                780.7940207604397
              ],
              [
                815.4626828769489,
                780.7790481808829
              ],
              [
                815.4695634344994,
                780.7675686641317
              ],
              [
                815.4706045698078,
                780.7661398459924
              ],
              [
                815.4730694144168,
                780.7619601995149
              ],
              [
                815.4817381471604,
                780.7497967393366
              ],
              [
                815.48535364038,
                780.7435393049428
              ],
              [
                815.489062352068,
                780.7382848448425
              ],
              [
                815.4987496868453,
                780.7211265423633
              ],
              [
                815.5005095382874,
                780.7185633383425
              ],
              [
                815.5078004849049,
                780.705377953083
              ],
              [
                815.5137370985701,
                780.696477249355
              ],
              [
                815.5216144605483,
                780.6817563561328
              ],
              [
                815.5275414220094,
                780.6726093436699
              ],
              [
                815.5281096490949,
                780.6715130153545
              ],
              [
                815.5292532045839,
                780.6697471624693
              ],
              [
                815.5310656838662,
                780.6662135577795
              ],
              [
                815.5359851896418,
                780.6584907217006
              ],
              [
                815.5384044313362,
                780.6537164473327
              ],
              [
                815.5498968522751,
                780.6351730148309
              ],
              [
                815.5541808678341,
                780.6263930055775
              ],
              [
                815.5635861810405,
                780.6107011884958
              ],
              [
                815.568914703271,
                780.5994349748111
              ],
              [
                815.5689892925714,
                780.5993084934478
              ],
              [
                815.5699555719455,
                780.5972342429015
              ],
              [
                815.5702627905936,
                780.5965846836452
              ],
              [
                815.5770166652095,
                780.5848955655233
              ],
              [
                815.5827642513088,
                780.5723191208319
              ],
              [
                815.5879876827811,
                780.5630673277186
              ],
              [
                815.5938708320264,
                780.5497231738425
              ],
              [
                815.5939187892494,
                780.5496364451234
              ],
              [
                815.5944472996634,
                780.5484156304617
              ],
              [
                815.6013727921619,
                780.5327072345477
              ],
              [
                815.6051177140511,
                780.5257088770509
              ],
              [
                815.6109845835307,
                780.5116154328776
              ],
              [
                815.6165617098982,
                780.5008550138269
              ],
              [
                815.6189968313126,
                780.4947832313607
              ],
              [
                815.6211741202642,
                780.4905383947299
              ],
              [
                815.6214575196551,
                780.4898145802078
              ],
              [
                815.6247006887647,
                780.4834143188422
              ],
              [
                815.6275060480876,
                780.4761993982931
              ],
              [
                815.6372518133581,
                780.4562482931095
              ],
              [
                815.6374183256459,
                780.4557994025097
              ],
              [
                815.6383306165693,
                780.4539296794335
              ],
              [
                815.6404368757406,
                780.4482140464982
              ],
              [
                815.6475027173664,
                780.4332745795739
              ],
              [
                815.6518070882345,
                780.4212446688942
              ],
              [
                815.6561784786564,
                780.4116795142509
              ],
              [
                815.6614801393794,
                780.3963718031471
              ],
              [
                815.6661758150573,
                780.3857210757584
              ],
              [
                815.6703051490739,
                780.3731903703813
              ],
              [
                815.6706077657791,
                780.3724913512121
              ],
              [
                815.6739374299492,
                780.3621680018077
              ],
              [
                815.6767498547409,
                780.3536335344292
              ],
              [
                815.6795519624286,
                780.3469022873134
              ],
              [
                815.6836038859286,
                780.3336906554105
              ],
              [
                815.6885717827024,
                780.3213035980978
              ],
              [
                815.6911197789336,
                780.3125953957219
              ],
              [
                815.6958285101636,
                780.30048531719
              ],
              [
                815.6982712599971,
                780.2917495862628
              ],
              [
                815.706212450688,
                780.270341401308
              ],
              [
                815.7067715996502,
                780.2682053667045
              ],
              [
                815.7080626288256,
                780.2647019759652
              ],
              [
                815.7086897021845,
                780.262268412894
              ],
              [
                815.7136243238082,
                780.2484770693527
              ],
              [
                815.7160348941387,
                780.2388535331469
              ],
              [
                815.7185057799778,
                780.2317192390882
              ],
              [
                815.7229273613458,
                780.213505192188
              ],
              [
                815.7267942413756,
                780.2017709187708
              ],
              [
                815.7293898036957,
                780.1902424861278
              ],
              [
                815.7298620797026,
                780.1887782332825
              ],
              [
                815.7343822734937,
                780.1681235204151
              ],
              [
                815.7363417945975,
                780.1617343396892
              ],
              [
                815.7388075432696,
                780.1496145021059
              ],
              [
                815.742897911274,
                780.1356349867762
              ],
              [
                815.7449643880957,
                780.1247662146425
              ],
              [
                815.7486836540357,
                780.1114654230289
              ],
              [
                815.7504408596585,
                780.1014972192943
              ],
              [
                815.7511098207084,
                780.0988265770808
              ],
              [
                815.7564255582587,
                780.0785196461592
              ],
              [
                815.7568179134269,
                780.0760385935703
              ],
              [
                815.7613142131502,
                780.058088358876
              ],
              [
                815.7623485340873,
                780.0511155335066
              ],
              [
                815.7634334102432,
                780.0466465475171
              ],
              [
                815.7664671295156,
                780.0255600780034
              ],
              [
                815.7693355134433,
                780.0128198826901
              ],
              [
                815.7706271643117,
                780.0025049988751
              ],
              [
                815.7711297536295,
                780.0002084517515
              ],
              [
                815.7738690606342,
                779.9772774343861
              ],
              [
                815.7749546319071,
                779.9719415509433
              ],
              [
                815.776086999878,
                779.9610747702878
              ],
              [
                815.7790318181608,
                779.9455863028851
              ],
              [
                815.7802229835651,
                779.9325504125586
              ],
              [
                815.7827570964525,
                779.9181750012685
              ],
              [
                815.7834897584087,
                779.9085929759524
              ],
              [
                815.7863929438205,
                779.8890212896742
              ],
              [
                815.7873975796115,
                779.8826684888647
              ],
              [
                815.7874372575853,
                779.8819810981323
              ],
              [
                815.7901131056882,
                779.8639419955028
              ],
              [
                815.7903173598995,
                779.859784305516
              ],
              [
                815.7905539837496,
                779.8581396043577
              ],
              [
                815.7916603372676,
                779.8349290789608
              ],
              [
                815.7923820889176,
                779.8293740122808
              ],
              [
                815.7924088998313,
                779.8285601065887
              ],
              [
                815.7934006765106,
                779.8206399623248
              ],
              [
                815.793648222672,
                779.8117040585709
              ],
              [
                815.7940263628411,
                779.8085386087804
              ],
              [
                815.7945844207304,
                779.7835640844712
              ],
              [
                815.7950283607189,
                779.7793038098937
              ],
              [
                815.7950944269159,
                779.769800131346
              ],
              [
                815.7966354330715,
                779.752935649583
              ],
              [
                815.7965499680813,
                779.7377867007208
              ],
              [
                815.7977206915367,
                779.7224755443337
              ],
              [
                815.7975181007724,
                779.7132098578008
              ],
              [
                815.7997436523438,
                779.6679077148438
              ],
              [
                815.7985208714451,
                779.643017437848
              ],
              [
                815.7987189240788,
                779.6370051039366
              ],
              [
                815.7985580619905,
                779.6344690275558
              ],
              [
                815.7987640459513,
                779.6270334331649
              ],
              [
                815.79824839389,
                779.6195918721118
              ],
              [
                815.7983386163589,
                779.6155541848296
              ],
              [
                815.7963524014511,
                779.5888394259601
              ],
              [
                815.7963747283299,
                779.585627685502
              ],
              [
                815.7956459431932,
                779.5775453344846
              ],
              [
                815.7955440558742,
                779.5594854741594
              ],
              [
                815.7937820958261,
                779.5423400215167
              ],
              [
                815.7934303316878,
                779.526251744975
              ],
              [
                815.7923407563401,
                779.5172183049086
              ],
              [
                815.7901131056882,
                779.4718734341847
              ],
              [
                815.7895302908813,
                779.4679444159026
              ],
              [
                815.7894541627079,
                779.4664359032193
              ],
              [
                815.7867926535774,
                779.4489811061688
              ],
              [
                815.786534924967,
                779.4449178775446
              ],
              [
                815.785849658653,
                779.4406612478086
              ],
              [
                815.7853753237463,
                779.4338159495284
              ],
              [
                815.7843890622628,
                779.4279314998078
              ],
              [
                815.7840263438345,
                779.4230529062023
              ],
              [
                815.7791826633397,
                779.3949647630784
              ],
              [
                815.7789811084191,
                779.3927294847549
              ],
              [
                815.777723569277,
                779.3860761455179
              ],
              [
                815.7757678975381,
                779.3670457042647
              ],
              [
                815.7719404116857,
                779.3480833376383
              ],
              [
                815.7699273354165,
                779.3313933456469
              ],
              [
                815.7679563310575,
                779.3225045925543
              ],
              [
                815.7613142131502,
                779.2777270708115
              ],
              [
                815.7596928292097,
                779.2712541432817
              ],
              [
                815.7590552811537,
                779.2670729545717
              ],
              [
                815.7559871781403,
                779.2551661782978
              ],
              [
                815.755942933545,
                779.2548913466649
              ],
              [
                815.7543952133035,
                779.2489756153174
              ],
              [
                815.753360070182,
                779.2427995172397
              ],
              [
                815.7521978083223,
                779.2384815948068
              ],
              [
                815.7512228697519,
                779.2328279985112
              ],
              [
                815.7432694766967,
                779.2037877710424
              ],
              [
                815.7430106194581,
                779.2024182192213
              ],
              [
                815.7414758872459,
                779.1971541105172
              ],
              [
                815.737491984599,
                779.1774168141549
              ],
              [
                815.73123034432,
                779.1568792722982
              ],
              [
                815.7274380494249,
                779.1397769392555
              ],
              [
                815.7245491503435,
                779.130952712663
              ],
              [
                815.7136243238082,
                779.0873383603348
              ],
              [
                815.7104706634327,
                779.0785244700375
              ],
              [
                815.7087340155443,
                779.0717848404411
              ],
              [
                815.7035173469848,
                779.0576286705652
              ],
              [
                815.7030185263385,
                779.0557755005239
              ],
              [
                815.7019673183906,
                779.0529811827314
              ],
              [
                815.7002337714578,
                779.0466514820729
              ],
              [
                815.6889887019606,
                779.0171238441952
              ],
              [
                815.6888005949752,
                779.0164786400278
              ],
              [
                815.6876022489951,
                779.0134832547695
              ],
              [
                815.6871431043963,
                779.0122776192288
              ],
              [
                815.6810744280434,
                778.9923729793807
              ],
              [
                815.6720399388844,
                778.9705617931238
              ],
              [
                815.6663716687642,
                778.9532478965425
              ],
              [
                815.6624894250021,
                778.9444258920317
              ],
              [
                815.6624482264732,
                778.9443107498568
              ],
              [
                815.6571646054339,
                778.9289581134766
              ],
              [
                815.6561749924709,
                778.9267782353425
              ],
              [
                815.6475027173664,
                778.9025408501136
              ],
              [
                815.6423565804256,
                778.8916602577247
              ],
              [
                815.639002003288,
                778.8825571369728
              ],
              [
                815.6332586950886,
                778.8707863349199
              ],
              [
                815.6315340325867,
                778.8662576648368
              ],
              [
                815.6250785945773,
                778.8532421829394
              ],
              [
                815.6248227590772,
                778.8525842163141
              ],
              [
                815.6214972454711,
                778.8460214514581
              ],
              [
                815.6168928243014,
                778.8367379976795
              ],
              [
                815.6168594200205,
                778.8366545003489
              ],
              [
                815.6166656160467,
                778.8362798994185
              ],
              [
                815.615167026528,
                778.8332584367813
              ],
              [
                815.607043072808,
                778.8136454775304
              ],
              [
                815.5949362363845,
                778.7909181343474
              ],
              [
                815.5873162960623,
                778.7736025941564
              ],
              [
                815.5838066381446,
                778.7673682446602
              ],
              [
                815.5788998990828,
                778.7565598846334
              ],
              [
                815.5763881459266,
                778.752181721771
              ],
              [
                815.5635861810405,
                778.7251142411917
              ],
              [
                815.5578505316363,
                778.7155448882821
              ],
              [
                815.5573874072253,
                778.7145823164744
              ],
              [
                815.5556145229251,
                778.71165606551
              ],
              [
                815.5505682389938,
                778.7013138015753
              ],
              [
                815.5463457043181,
                778.6945005907503
              ],
              [
                815.5457636184015,
                778.69332698662
              ],
              [
                815.5369591802381,
                778.6791890432328
              ],
              [
                815.5361072599543,
                778.6775078134558
              ],
              [
                815.5273904229701,
                778.6638237756222
              ],
              [
                815.5263030237355,
                778.6620776575244
              ],
              [
                815.5160905592409,
                778.6429064903264
              ],
              [
                815.5006598281593,
                778.6196711513605
              ],
              [
                815.4910332777746,
                778.6025711145633
              ],
              [
                815.4883954973818,
                778.5988043307352
              ],
              [
                815.4846839449298,
                778.5923348330987
              ],
              [
                815.4802071933002,
                778.5860048042836
              ],
              [
                815.4626828769489,
                778.5567672488046
              ],
              [
                815.4577208268539,
                778.5500766987606
              ],
              [
                815.4576529245514,
                778.5499646219725
              ],
              [
                815.4553232664496,
                778.5468420899352
              ],
              [
                815.4552067265636,
                778.5466500962334
              ],
              [
                815.4532156164928,
                778.5440021257912
              ],
              [
                815.452349318834,
                778.5428340586157
              ],
              [
                815.4443318658255,
                778.5298976112396
              ],
              [
                815.4312222292476,
                778.5128551153525
              ],
              [
                815.4306584618607,
                778.5119700908574
              ],
              [
                815.4247342055991,
                778.5044207002802
              ],
              [
                815.4202494082732,
                778.498590474589
              ],
              [
                815.4090678427307,
                778.4817534586253
              ],
              [
                815.3901176354852,
                778.4584622985225
              ],
              [
                815.3784498720006,
                778.4418005844069
              ],
              [
                815.3771551695388,
                778.4402914983336
              ],
              [
                815.3753610713447,
                778.4377546827573
              ],
              [
                815.368500897962,
                778.4297775506775
              ],
              [
                815.3457645590693,
                778.3991211465164
              ],
              [
                815.3370157528295,
                778.3894683263403
              ],
              [
                815.3360300132333,
                778.388157394638
              ],
              [
                815.3328993575367,
                778.3847557072669
              ],
              [
                815.3263582827649,
                778.3762141897064
              ],
              [
                815.324955723894,
                778.3747089150627
              ],
              [
                815.3213730335365,
                778.3700514262512
              ],
              [
                815.2982793279975,
                778.3455864499595
              ],
              [
                815.2869762321334,
                778.3316941366977
              ],
              [
                815.2652883380041,
                778.3097601433691
              ],
              [
                815.2519109892953,
                778.2942047234731
              ],
              [
                815.2514010593161,
                778.2937143642098
              ],
              [
                815.2506503184825,
                778.2928393117787
              ],
              [
                815.2414838160149,
                778.2840650768129
              ],
              [
                815.2139572147169,
                778.2536941524706
              ],
              [
                815.2038444985421,
                778.2445281234736
              ],
              [
                815.2017438427434,
                778.2422456066483
              ],
              [
                815.2004941753512,
                778.2411324805612
              ],
              [
                815.1947672088676,
                778.2349861022432
              ],
              [
                815.1893833342723,
                778.2302243700084
              ],
              [
                815.1829419161342,
                778.2234004698003
              ],
              [
                815.1618513681522,
                778.2051494424345
              ],
              [
                815.1509580214866,
                778.1941324856168
              ],
              [
                815.1277633865337,
                778.1748218091221
              ],
              [
                815.1154400125419,
                778.1629713966369
              ],
              [
                815.1127194034294,
                778.1608109550508
              ],
              [
                815.1088653967828,
                778.1571218751649
              ],
              [
                815.0988045045533,
                778.1492267605621
              ],
              [
                815.0724932636001,
                778.125303734137
              ],
              [
                815.0714173533889,
                778.1244979523998
              ],
              [
                815.0684691855148,
                778.121825772962
              ],
              [
                815.062019835832,
                778.1170426092466
              ],
              [
                815.0615534887543,
                778.1166227028875
              ],
              [
                815.0578611390475,
                778.1139004353578
              ],
              [
                815.0501741155151,
                778.1071016982967
              ],
              [
                815.0401246160192,
                778.0998113409203
              ],
              [
                815.0304460008365,
                778.0914358036553
              ],
              [
                815.0122501579277,
                778.0786513544894
              ],
              [
                815.00228580266,
                778.0703555377437
              ],
              [
                814.9779941006494,
                778.0538253004466
              ],
              [
                814.9671711432644,
                778.0452307665566
              ],
              [
                814.9619803401882,
                778.0418563173191
              ],
              [
                814.9544605732051,
                778.0359553076705
              ],
              [
                814.9459710429838,
                778.0305474118499
              ],
              [
                814.9203849530799,
                778.0113852143386
              ],
              [
                814.9157215168257,
                778.0085403810369
              ],
              [
                814.9108230832267,
                778.0049074550824
              ],
              [
                814.9091563400216,
                778.0039084476509
              ],
              [
                814.9087522300291,
                778.0036086690468
              ],
              [
                814.906152120389,
                778.0020495630783
              ],
              [
                814.9042772314668,
                778.0006672592231
              ],
              [
                814.8996816064347,
                777.9979276867831
              ],
              [
                814.89392594461,
                777.9937522717133
              ],
              [
                814.87862262188,
                777.9847642809233
              ],
              [
                814.8654357775596,
                777.9754991679127
              ],
              [
                814.8508903082169,
                777.9673325611011
              ],
              [
                814.8423505589346,
                777.9615213551991
              ],
              [
                814.8173942435697,
                777.947863454106
              ],
              [
                814.8084331119716,
                777.9420379810057
              ],
              [
                814.8005805321155,
                777.9379325420507
              ],
              [
                814.7889228506068,
                777.930506509577
              ],
              [
                814.7823117923043,
                777.9271565244992
              ],
              [
                814.7581511148169,
                777.9124178004853
              ],
              [
                814.7505976732042,
                777.9087438229736
              ],
              [
                814.7499533734792,
                777.9083527712554
              ],
              [
                814.749662678461,
                777.9082136651051
              ],
              [
                814.7405520911003,
                777.9027506758099
              ],
              [
                814.7379817899415,
                777.9015341912944
              ],
              [
                814.7364362345065,
                777.900612845222
              ],
              [
                814.7309364138855,
                777.8980247995257
              ],
              [
                814.7274782097157,
                777.8959937172715
              ],
              [
                814.7064412626505,
                777.8862311176435
              ],
              [
                814.689588974436,
                777.8767693389631
              ],
              [
                814.679303141587,
                777.8722900136707
              ],
              [
                814.6726486509071,
                777.8686481949887
              ],
              [
                814.6474724562597,
                777.8578854912143
              ],
              [
                814.6406484699114,
                777.8543178153809
              ],
              [
                814.6300122706978,
                777.8499826286748
              ],
              [
                814.6138464477484,
                777.841791010454
              ],
              [
                814.6093643996254,
                777.8400482670098
              ],
              [
                814.5872564919162,
                777.8292950289604
              ],
              [
                814.5781849210558,
                777.8259047593324
              ],
              [
                814.563282337817,
                777.8188515929407
              ],
              [
                814.5607875255575,
                777.8179579885319
              ],
              [
                814.559632602543,
                777.8174145174365
              ],
              [
                814.5532683827485,
                777.8151482986535
              ],
              [
                814.552381437372,
                777.814736694604
              ],
              [
                814.5426240524936,
                777.8113077652997
              ],
              [
                814.5418536183332,
                777.8109543330733
              ],
              [
                814.541548442552,
                777.8108322627608
              ],
              [
                814.53409777071,
                777.8082556970018
              ],
              [
                814.5211460877764,
                777.8025139897878
              ],
              [
                814.5120481574702,
                777.7994529870906
              ],
              [
                814.5046934996496,
                777.7962501443772
              ],
              [
                814.4991223601729,
                777.7944665289191
              ],
              [
                814.4947678164798,
                777.7926049821485
              ],
              [
                814.4698176068322,
                777.7846892129311
              ],
              [
                814.465320840696,
                777.7828563852091
              ],
              [
                814.4645775420219,
                777.7826326885264
              ],
              [
                814.4645273836647,
                777.7826122445841
              ],
              [
                814.4533159813764,
                777.7792381587856
              ],
              [
                814.4444304822093,
                777.7759174287357
              ],
              [
                814.4309174460963,
                777.7706631890552
              ],
              [
                814.4287485724644,
                777.770056712534
              ],
              [
                814.4092440221723,
                777.7627673813387
              ],
              [
                814.3990628961509,
                777.7600306469812
              ],
              [
                814.3786475793539,
                777.7527181860821
              ],
              [
                814.3762718895614,
                777.7521220691502
              ],
              [
                814.3755539919272,
                777.751866434814
              ],
              [
                814.3564650628061,
                777.7471069857056
              ],
              [
                814.3454322273633,
                777.7433949833147
              ],
              [
                814.3315085185959,
                777.7401080415467
              ],
              [
                814.3291512898645,
                777.7393312469056
              ],
              [
                814.321587934617,
                777.7376283996496
              ],
              [
                814.312629263024,
                777.7347602565696
              ],
              [
                814.312068736365,
                777.7346413908654
              ],
              [
                814.3103723159203,
                777.7341031800477
              ],
              [
                814.2861448198555,
                777.7289277848023
              ],
              [
                814.2832279883539,
                777.7280499606468
              ],
              [
                814.2829838477289,
                777.7279889254905
              ],
              [
                814.2709931985171,
                777.7256049124483
              ],
              [
                814.2257209075135,
                777.7134355085957
              ],
              [
                814.2145986940072,
                777.7115544287111
              ],
              [
                814.1884232460792,
                777.704986387817
              ],
              [
                814.1862075268953,
                777.7046566170994
              ],
              [
                814.1859575013834,
                777.7045942781546
              ],
              [
                814.172905058563,
                777.7026668435122
              ],
              [
                814.164999062735,
                777.700800491067
              ],
              [
                814.1465273177948,
                777.6982144780164
              ],
              [
                814.1402002537839,
                777.696789974838
              ],
              [
                814.1293214323209,
                777.6954277065428
              ],
              [
                814.1211873609757,
                777.6936901339083
              ],
              [
                814.1163568264419,
                777.6931385762584
              ],
              [
                814.1153490621894,
                777.6929248690142
              ],
              [
                814.1087635593888,
                777.6922102654898
              ],
              [
                814.1074988409661,
                777.6919470081392
              ],
              [
                814.0951506360803,
                777.6906434224721
              ],
              [
                814.0919387841311,
                777.6900048334516
              ],
              [
                814.0804436342612,
                777.6888650257288
              ],
              [
                814.0383441032318,
                777.6817448080739
              ],
              [
                814.026470828194,
                777.6808826270801
              ],
              [
                813.9944385171833,
                777.6761151826014
              ],
              [
                813.9855012674228,
                777.6756711033067
              ],
              [
                813.9813969846987,
                777.6750965106669
              ],
              [
                813.9584624353586,
                777.6740323931531
              ],
              [
                813.9480203334185,
                777.6727248117706
              ],
              [
                813.9453962820538,
                777.6726521191969
              ],
              [
                813.9452282879456,
                777.6726312961868
              ],
              [
                813.9383785250396,
                777.6724525733889
              ],
              [
                813.93785958315,
                777.6723899808122
              ],
              [
                813.9338785822736,
                777.6723029377197
              ],
              [
                813.9289829737218,
                777.6717439498213
              ],
              [
                813.9185223960388,
                777.6715668901987
              ],
              [
                813.9148587276723,
                777.6711693396387
              ],
              [
                813.910376303028,
                777.6711370104524
              ],
              [
                813.9085973199882,
                777.6709492052763
              ],
              [
                813.8992770175173,
                777.6709013531174
              ],
              [
                813.8981048080914,
                777.6707851220659
              ],
              [
                813.8881751720403,
                777.6707712038103
              ],
              [
                813.885541494769,
                777.6706490064186
              ],
              [
                813.8488053580097,
                777.6679814021729
              ],
              [
                813.8363851200718,
                777.6682617329395
              ],
              [
                813.7985587314652,
                777.6663821932128
              ],
              [
                813.7696560781683,
                777.6677836902079
              ],
              [
                813.7544138042587,
                777.6673614423299
              ],
              [
                813.7513613837307,
                777.6675729553345
              ],
              [
                813.7508991591418,
                777.6675608950526
              ],
              [
                813.742940105593,
                777.6681281394708
              ],
              [
                813.7416357837913,
                777.6680996209633
              ],
              [
                813.7365685560558,
                777.6684870719313
              ],
              [
                813.7355574261646,
                777.6684699571713
              ],
              [
                813.7194355552037,
                777.6697598631488
              ],
              [
                813.7131967287737,
                777.6697148660327
              ],
              [
                813.7108639427528,
                777.6699340054997
              ],
              [
                813.7085931491963,
                777.669922346825
              ],
              [
                813.6917437582811,
                777.6715263583067
              ],
              [
                813.6588159398119,
                777.6722695550668
              ],
              [
                813.6470498368794,
                777.6736599175129
              ],
              [
                813.6073968985999,
                777.6755461534428
              ],
              [
                813.606288157187,
                777.6757054421658
              ],
              [
                813.6026674504108,
                777.6758810111565
              ],
              [
                813.6013704053237,
                777.6760724688212
              ],
              [
                813.6001082974659,
                777.6761344529056
              ],
              [
                813.5985475052441,
                777.6763659745611
              ],
              [
                813.597979279655,
                777.6763941768863
              ],
              [
                813.5755547028353,
                777.6797552214938
              ],
              [
                813.5611963206221,
                777.680750164535
              ],
              [
                813.5577612487161,
                777.6813258987625
              ],
              [
                813.5569957322346,
                777.6813804573791
              ],
              [
                813.5480456502466,
                777.6829019327123
              ],
              [
                813.5459363268565,
                777.6830632160475
              ],
              [
                813.5177453262004,
                777.6880327558146
              ],
              [
                813.517166908862,
                777.6881297012843
              ],
              [
                813.5124134475982,
                777.6885762364394
              ],
              [
                813.51219908588,
                777.6886184726415
              ],
              [
                813.5094865064401,
                777.6888767020688
              ],
              [
                813.4963885942259,
                777.6914630707802
              ],
              [
                813.4700911855456,
                777.6945705507732
              ],
              [
                813.4697249746081,
                777.6946315859294
              ],
              [
                813.4604893187367,
                777.6966518148064
              ],
              [
                813.4191482389401,
                777.7025911327871
              ],
              [
                813.4151472274558,
                777.7035609926073
              ],
              [
                813.4086483460445,
                777.7045202966978
              ],
              [
                813.4085046671088,
                777.7045561666306
              ],
              [
                813.4059619340927,
                777.7049333454436
              ],
              [
                813.4035682995349,
                777.7055329196878
              ],
              [
                813.4018846453638,
                777.7057852694564
              ],
              [
                813.3824103320858,
                777.7107155381323
              ],
              [
                813.3701798883335,
                777.7127654180993
              ],
              [
                813.3664196291109,
                777.7137775728901
              ],
              [
                813.3653498865455,
                777.713959424512
              ],
              [
                813.3555579958022,
                777.716623311998
              ],
              [
                813.3526459050961,
                777.7171366584643
              ],
              [
                813.3196573358965,
                777.726361166704
              ],
              [
                813.3132685936773,
                777.727622714553
              ],
              [
                813.3130244530523,
                777.7276837497093
              ],
              [
                813.3027432420939,
                777.7307882818372
              ],
              [
                813.3002878079923,
                777.7314033360614
              ],
              [
                813.2879752981588,
                777.7343879334863
              ],
              [
                813.2736388744485,
                777.737523916201
              ],
              [
                813.2696139621422,
                777.7388387885057
              ],
              [
                813.2343194931849,
                777.7473942968943
              ],
              [
                813.2287258289568,
                777.7493286786552
              ],
              [
                813.215573223616,
                777.7526232347856
              ],
              [
                813.2144424148867,
                777.7530278446187
              ],
              [
                813.214108379866,
                777.7531115160356
              ],
              [
                813.2120760974271,
                777.7538386783195
              ],
              [
                813.2096640652757,
                777.7544493271466
              ],
              [
                813.1932272609117,
                777.7603960305094
              ],
              [
                813.1831558716176,
                777.7631069619428
              ],
              [
                813.1791382654915,
                777.7646183646552
              ],
              [
                813.1777721731695,
                777.7649900105749
              ],
              [
                813.1673151625761,
                777.7689602144096
              ],
              [
                813.163626010935,
                777.7699918023364
              ],
              [
                813.1313398965954,
                777.7825455305789
              ],
              [
                813.1282328302235,
                777.7834837456796
              ],
              [
                813.1215468476074,
                777.7862305618514
              ],
              [
                813.1080025894054,
                777.7910767749271
              ],
              [
                813.0545819285418,
                777.8095505244795
              ],
              [
                813.0542767527605,
                777.809672594792
              ],
              [
                813.0481340669726,
                777.8124980747801
              ],
              [
                813.0293108696449,
                777.8192331224774
              ],
              [
                813.0251143636073,
                777.821217922015
              ],
              [
                813.0232069207366,
                777.8219080194744
              ],
              [
                813.0098105517964,
                777.8283185776031
              ],
              [
                813.001878193573,
                777.8313026898726
              ],
              [
                812.9976798935968,
                777.8333654848618
              ],
              [
                812.9960347100099,
                777.8339901102389
              ],
              [
                812.9851127035017,
                777.8394026805119
              ],
              [
                812.9806970092828,
                777.8411196237353
              ],
              [
                812.9479318427376,
                777.8577225357009
              ],
              [
                812.917889656857,
                777.8719314314131
              ],
              [
                812.9008608949376,
                777.8794805789377
              ],
              [
                812.9007388246251,
                777.8795416140939
              ],
              [
                812.8951072684595,
                777.8827066986358
              ],
              [
                812.881263612974,
                777.88925426005
              ],
              [
                812.8704333342386,
                777.8942359141489
              ],
              [
                812.8692215762351,
                777.8949497192575
              ],
              [
                812.851884260723,
                777.9031496588033
              ],
              [
                812.8457499742541,
                777.9068264086172
              ],
              [
                812.844345942927,
                777.9074982790679
              ],
              [
                812.8339100360561,
                777.9138322555622
              ],
              [
                812.8280468877696,
                777.9167130580239
              ],
              [
                812.823751646587,
                777.9193676630647
              ],
              [
                812.8218544399084,
                777.920307853355
              ],
              [
                812.8106865277773,
                777.9272680964972
              ],
              [
                812.8056206064244,
                777.9298351228582
              ],
              [
                812.7778798963451,
                777.9475061678032
              ],
              [
                812.7488189292495,
                777.9649246411508
              ],
              [
                812.7320956002826,
                777.9743235973976
              ],
              [
                812.7257055185793,
                777.9787782863652
              ],
              [
                812.6835372683358,
                778.0040529628949
              ],
              [
                812.6757676533372,
                778.009815302103
              ],
              [
                812.6748391985161,
                778.0103788191107
              ],
              [
                812.6672039273618,
                778.0161194744071
              ],
              [
                812.6632921552255,
                778.0185370825436
              ],
              [
                812.6589890096012,
                778.0218114272624
              ],
              [
                812.6568769100332,
                778.0231277634191
              ],
              [
                812.6456963661018,
                778.0317080897165
              ],
              [
                812.6400828838262,
                778.0352839209518
              ],
              [
                812.6169410057262,
                778.0534441174391
              ],
              [
                812.5909626901214,
                778.0727109493986
              ],
              [
                812.5733985056611,
                778.0849553904516
              ],
              [
                812.5663009133971,
                778.0910013695782
              ],
              [
                812.5258911660477,
                778.1209712807745
              ],
              [
                812.5168573233717,
                778.1291590785092
              ],
              [
                812.5163528092102,
                778.1295384025483
              ],
              [
                812.5112830908436,
                778.1342036484984
              ],
              [
                812.5091590762787,
                778.1358198512673
              ],
              [
                812.5086467883849,
                778.1362945491774
              ],
              [
                812.5085487247162,
                778.1363691676736
              ],
              [
                812.5048384000679,
                778.139807241025
              ],
              [
                812.5026607257704,
                778.1414784616879
              ],
              [
                812.4917100358956,
                778.1517169978243
              ],
              [
                812.4856780602485,
                778.1564504884461
              ],
              [
                812.466648542475,
                778.1746656649348
              ],
              [
                812.4442111688988,
                778.1950017149558
              ],
              [
                812.4261323171842,
                778.2104019177335
              ],
              [
                812.4184383108815,
                778.2183608718574
              ],
              [
                812.3804641720019,
                778.2527786251269
              ],
              [
                812.3705962036305,
                778.2636662504307
              ],
              [
                812.37044457505,
                778.2638057817754
              ],
              [
                812.3689975170439,
                778.2654301292634
              ],
              [
                812.3675802412982,
                778.2669938520776
              ],
              [
                812.3664827691636,
                778.2680107953528
              ],
              [
                812.3623304687908,
                778.2726826527968
              ],
              [
                812.3606628259868,
                778.2742418441634
              ],
              [
                812.3501886545422,
                778.2861418167648
              ],
              [
                812.3438931385488,
                778.29216792506
              ],
              [
                812.328462835476,
                778.3101532584941
              ],
              [
                812.3098626287739,
                778.3306754241034
              ],
              [
                812.2916748632563,
                778.3494894964704
              ],
              [
                812.2835629729836,
                778.3596926226882
              ],
              [
                812.2486568276495,
                778.3982056191727
              ],
              [
                812.2380210636053,
                778.4125462868869
              ],
              [
                812.2378162405527,
                778.4127767384481
              ],
              [
                812.2359129346954,
                778.4153887696715
              ],
              [
                812.2331582303946,
                778.419103058449
              ],
              [
                812.2322247187747,
                778.4201636447453
              ],
              [
                812.2271556703604,
                778.4271965737364
              ],
              [
                812.2214715593161,
                778.4348607102665
              ],
              [
                812.2160935850306,
                778.4411291976882
              ],
              [
                812.2037566102176,
                778.4587465540612
              ],
              [
                812.1891073357177,
                778.4784988141702
              ],
              [
                812.1712841332442,
                778.5009168176604
              ],
              [
                812.1630058747095,
                778.5136925602537
              ],
              [
                812.1317385097699,
                778.5558517214608
              ],
              [
                812.1216961922772,
                778.5726063159879
              ],
              [
                812.1212901206084,
                778.5731649462
              ],
              [
                812.1183756252632,
                778.5781463473562
              ],
              [
                812.1078703146019,
                778.5956733993179
              ],
              [
                812.1035101792567,
                778.6018997278445
              ],
              [
                812.093800157674,
                778.6191480379588
              ],
              [
                812.0830183223375,
                778.6371364434689
              ],
              [
                812.066086507678,
                778.6632671211738
              ],
              [
                812.0579697610696,
                778.6789274431892
              ],
              [
                812.0308352056783,
                778.724198713848
              ],
              [
                812.0220232409569,
                778.7428300478725
              ],
              [
                812.0211576856312,
                778.7443094389124
              ],
              [
                812.0157655291237,
                778.7560608679083
              ],
              [
                812.0107259438779,
                778.7667161756664
              ],
              [
                812.0072271609689,
                778.7729312074376
              ],
              [
                812.0071661258127,
                778.7730532777501
              ],
              [
                811.9996412610269,
                778.7901527684445
              ],
              [
                811.9925429101834,
                778.8051609703348
              ],
              [
                811.9770662197893,
                778.8350214510168
              ],
              [
                811.969516118634,
                778.8538470305302
              ],
              [
                811.9469186693524,
                778.9016253227699
              ],
              [
                811.9396438007984,
                778.9219572183227
              ],
              [
                811.93846419606,
                778.9245279970655
              ],
              [
                811.9321578643819,
                778.9428790090337
              ],
              [
                811.9309654738959,
                778.9462115171938
              ],
              [
                811.9281107531108,
                778.9526985801363
              ],
              [
                811.9223685395808,
                778.9702383390216
              ],
              [
                811.9184950207447,
                778.9810640989393
              ],
              [
                811.9050561469851,
                779.014572866746
              ],
              [
                811.8985532307195,
                779.0367976684082
              ],
              [
                811.8807970629106,
                779.086422832991
              ],
              [
                811.8753338813691,
                779.1082330762757
              ],
              [
                811.8740224656761,
                779.1120492100133
              ],
              [
                811.8690597649734,
                779.1330715475422
              ],
              [
                811.8670443724501,
                779.1392276228493
              ],
              [
                811.8629885493442,
                779.1575184044042
              ],
              [
                811.8615483120019,
                779.1632681541764
              ],
              [
                811.8507300184135,
                779.2002414780676
              ],
              [
                811.8458254844601,
                779.226037200237
              ],
              [
                811.8331071735686,
                779.2768115434677
              ],
              [
                811.8296914800977,
                779.2998382784331
              ],
              [
                811.8284659074226,
                779.3050298875962
              ],
              [
                811.8257265797404,
                779.3255608777939
              ],
              [
                811.8245550864585,
                779.3308440292407
              ],
              [
                811.8222239343738,
                779.3501711209266
              ],
              [
                811.8145961115267,
                779.3902901619587
              ],
              [
                811.8119040941494,
                779.4197510942199
              ],
              [
                811.8043082810306,
                779.4709579068409
              ],
              [
                811.8031323180768,
                779.4949026355308
              ],
              [
                811.8022423074381,
                779.5015731772912
              ],
              [
                811.8015816506949,
                779.5213119537677
              ],
              [
                811.8010520901872,
                779.5257024285687
              ],
              [
                811.8006838763207,
                779.5425430495011
              ],
              [
                811.796992496616,
                779.5829408152607
              ],
              [
                811.7971796264166,
                779.6161101840555
              ],
              [
                811.794677734375,
                779.6670532226562
              ],
              [
                811.7946867297699,
                779.667236328125
              ],
              [
                811.794677734375,
                779.6674194335938
              ],
              [
                811.7958754402418,
                779.6917992965896
              ],
              [
                811.7956094236619,
                779.6997472088218
              ],
              [
                811.7968384132681,
                779.718419059215
              ],
              [
                811.7967617303383,
                779.7219262279275
              ],
              [
                811.7978574489471,
                779.7362564430581
              ],
              [
                811.7980838738133,
                779.7763909906844
              ],
              [
                811.80181465968,
                779.8126948855819
              ],
              [
                811.8043082810306,
                779.8634537142528
              ],
              [
                811.8080409316204,
                779.8886172005507
              ],
              [
                811.8086324522704,
                779.8976040829659
              ],
              [
                811.8115220754684,
                779.9149675064357
              ],
              [
                811.8117253254225,
                779.9176256848623
              ],
              [
                811.8138176951982,
                779.9294951940095
              ],
              [
                811.8178600321494,
                779.9688307605791
              ],
              [
                811.825703941157,
                780.0076915386772
              ],
              [
                811.8331071735686,
                780.057600077626
              ],
              [
                811.8395188118714,
                780.0831967725513
              ],
              [
                811.8411833868493,
                780.0931990179165
              ],
              [
                811.8454701672885,
                780.1090520349425
              ],
              [
                811.8457987678393,
                780.1109161066227
              ],
              [
                811.8484615684702,
                780.1204387804164
              ],
              [
                811.8561359450885,
                780.1584596506889
              ],
              [
                811.868663309324,
                780.1995481284482
              ],
              [
                811.8807970629106,
                780.2479887881027
              ],
              [
                811.8810499440563,
                780.2486955435586
              ],
              [
                811.8811022386918,
                780.2489043154465
              ],
              [
                811.8854485982308,
                780.2610515765998
              ],
              [
                811.885771060443,
                780.2623059357163
              ],
              [
                811.8900831256004,
                780.2740359891545
              ],
              [
                811.8929422765968,
                780.2846094649991
              ],
              [
                811.8983348491167,
                780.2987949731851
              ],
              [
                811.8986539117114,
                780.2999360007838
              ],
              [
                811.901509240318,
                780.3072794340719
              ],
              [
                811.9125535016441,
                780.3435034854631
              ],
              [
                811.9300730670672,
                780.3857994579145
              ],
              [
                811.9435847304364,
                780.424109188618
              ],
              [
                811.9444764742198,
                780.4260234383466
              ],
              [
                811.9472238451336,
                780.4337018256676
              ],
              [
                811.9541990047657,
                780.448449561625
              ],
              [
                811.9551969320296,
                780.451164209875
              ],
              [
                811.9600423928047,
                780.4611206281292
              ],
              [
                811.963400371198,
                780.469954005856
              ],
              [
                811.9695869309712,
                780.4823640035282
              ],
              [
                811.9697817331103,
                780.4828650024359
              ],
              [
                811.9725051184163,
                780.4882394917606
              ],
              [
                811.9865848568795,
                780.5222309873134
              ],
              [
                812.0081738204079,
                780.5627584848289
              ],
              [
                812.0253710589911,
                780.5996747043853
              ],
              [
                812.0271494735946,
                780.6026903688638
              ],
              [
                812.0311403814595,
                780.6111284345895
              ],
              [
                812.0412755535153,
                780.6280379475959
              ],
              [
                812.0432479299697,
                780.6320907726719
              ],
              [
                812.0483150619997,
                780.6402895645219
              ],
              [
                812.0518651214493,
                780.6474108453501
              ],
              [
                812.0610094122271,
                780.6619431591357
              ],
              [
                812.0775373704466,
                780.6929699745174
              ],
              [
                812.1030041164942,
                780.731317378386
              ],
              [
                812.1237557817547,
                780.7665060569299
              ],
              [
                812.126654647454,
                780.7704843600965
              ],
              [
                812.1320436855511,
                780.7794754269767
              ],
              [
                812.145800601573,
                780.7980244809631
              ],
              [
                812.1490328152838,
                780.8032543126061
              ],
              [
                812.1540190901748,
                780.8097562435908
              ],
              [
                812.1574669864888,
                780.8152357184186
              ],
              [
                812.1661647075208,
                780.8264235489248
              ],
              [
                812.1845600869568,
                780.8541230062184
              ],
              [
                812.2136696284532,
                780.8899007147538
              ],
              [
                812.2378162405527,
                780.9230386912394
              ],
              [
                812.2420519210982,
                780.9278043618101
              ],
              [
                812.2489620034307,
                780.9371215292648
              ],
              [
                812.2667205226295,
                780.9567150358215
              ],
              [
                812.2714808492474,
                780.9629223380283
              ],
              [
                812.2760988469965,
                780.9678312251165
              ],
              [
                812.279167980718,
                780.9717790348645
              ],
              [
                812.2869448251715,
                780.9799611724698
              ],
              [
                812.3066516975541,
                781.004182328146
              ],
              [
                812.339128463225,
                781.037027617657
              ],
              [
                812.3664827691636,
                781.0678046343347
              ],
              [
                812.3722489440322,
                781.0731477064468
              ],
              [
                812.3807693477831,
                781.0825485233106
              ],
              [
                812.3997211616353,
                781.0995709212503
              ],
              [
                812.4018302059867,
                781.1014824476276
              ],
              [
                812.4093526312472,
                781.1094787131607
              ],
              [
                812.4133357063506,
                781.1129389616004
              ],
              [
                812.4157718764062,
                781.1155020935679
              ],
              [
                812.4222229958974,
                781.1210650495264
              ],
              [
                812.4426699082009,
                781.1417439792269
              ],
              [
                812.478201121106,
                781.1713254647416
              ],
              [
                812.5085487247162,
                781.1994462620139
              ],
              [
                812.5170737991872,
                781.2059331520726
              ],
              [
                812.5265015176102,
                781.2144779379755
              ],
              [
                812.5331048906211,
                781.2193753331762
              ],
              [
                812.5404012501668,
                781.2259288766348
              ],
              [
                812.5579933539285,
                781.2386085476213
              ],
              [
                812.5612526438086,
                781.2414400163809
              ],
              [
                812.5643602472528,
                781.2436334301656
              ],
              [
                812.5659359616955,
                781.2449922067407
              ],
              [
                812.5707288434874,
                781.2483593528506
              ],
              [
                812.5913421270275,
                781.2655209271
              ],
              [
                812.629581709164,
                781.2915425441354
              ],
              [
                812.662681803663,
                781.3167290307376
              ],
              [
                812.6728172518973,
                781.3229930822378
              ],
              [
                812.6841476198983,
                781.3313962558551
              ],
              [
                812.69947817547,
                781.3405850372453
              ],
              [
                812.7143296112146,
                781.3512893464892
              ],
              [
                812.7329482907263,
                781.3618823713349
              ],
              [
                812.7512773707529,
                781.3743551096446
              ],
              [
                812.7918502971902,
                781.3965595500132
              ],
              [
                812.8274365362071,
                781.4185530552573
              ],
              [
                812.8343965032179,
                781.4219727692265
              ],
              [
                812.8353062261207,
                781.4225302985695
              ],
              [
                812.8400180719398,
                781.4248214094514
              ],
              [
                812.8524946122855,
                781.4322995599467
              ],
              [
                812.8775179921212,
                781.4441347371827
              ],
              [
                812.9006777894689,
                781.4573114132498
              ],
              [
                812.9009219300939,
                781.4574334835623
              ],
              [
                812.9116575557806,
                781.4621267487015
              ],
              [
                812.9209792787804,
                781.467228269855
              ],
              [
                812.9634862956408,
                781.485399817907
              ],
              [
                813.0012678420105,
                781.5039634234087
              ],
              [
                813.0079478914732,
                781.5064764235785
              ],
              [
                813.0101298829746,
                781.5075374057636
              ],
              [
                813.0168242046088,
                781.5100216687522
              ],
              [
                813.0299212212074,
                781.5162160962726
              ],
              [
                813.0482412609429,
                781.5227711113047
              ],
              [
                813.0520794871355,
                781.5244948856767
              ],
              [
                813.0523846629168,
                781.5246169559892
              ],
              [
                813.0628240657635,
                781.5282118127875
              ],
              [
                813.0896499959333,
                781.5399392338587
              ],
              [
                813.0952437812552,
                781.5417255179417
              ],
              [
                813.0988601132077,
                781.5432714826952
              ],
              [
                813.1428827271815,
                781.5572382131351
              ],
              [
                813.1458860508443,
                781.5583680480139
              ],
              [
                813.1701673347164,
                781.5677125776813
              ],
              [
                813.1723050588124,
                781.5683067426122
              ],
              [
                813.1825455200551,
                781.5721591513385
              ],
              [
                813.1888077215431,
                781.5738447577986
              ],
              [
                813.1923804535455,
                781.5751705987675
              ],
              [
                813.2011822682889,
                781.5774942787567
              ],
              [
                813.2147187314285,
                781.5823377027144
              ],
              [
                813.2341104666526,
                781.5871950795236
              ],
              [
                813.2371382442984,
                781.5882377088016
              ],
              [
                813.2437623815723,
                781.5898159638779
              ],
              [
                813.2462425773242,
                781.5906504268415
              ],
              [
                813.2536511879816,
                781.5923993625755
              ],
              [
                813.2621573038855,
                781.5952024445006
              ],
              [
                813.2632267646771,
                781.595443227634
              ],
              [
                813.2649038859167,
                781.5959959015319
              ],
              [
                813.2653916748314,
                781.5961057244858
              ],
              [
                813.2832556137672,
                781.6017732847961
              ],
              [
                813.2833431630472,
                781.6017919867753
              ],
              [
                813.285862968097,
                781.6025966454087
              ],
              [
                813.3090085638353,
                781.607434832591
              ],
              [
                813.3136348046148,
                781.6088641018532
              ],
              [
                813.3138789452398,
                781.6089251370095
              ],
              [
                813.3295624480711,
                781.6120152950868
              ],
              [
                813.3556108673723,
                781.619255264587
              ],
              [
                813.3611418175527,
                781.6202321929651
              ],
              [
                813.369569536771,
                781.622500695182
              ],
              [
                813.3729254601179,
                781.6230631637383
              ],
              [
                813.3732434927923,
                781.6231482675342
              ],
              [
                813.3756312569002,
                781.6235488295282
              ],
              [
                813.3803361474712,
                781.6247909211185
              ],
              [
                813.3913124878865,
                781.6265721359583
              ],
              [
                813.4051074419052,
                781.6300275920564
              ],
              [
                813.4228680731853,
                781.6326621328367
              ],
              [
                813.4250385280545,
                781.6331876596659
              ],
              [
                813.4268606000697,
                781.633440617303
              ],
              [
                813.4272184080678,
                781.6335258679954
              ],
              [
                813.4384025718111,
                781.6350581631267
              ],
              [
                813.4538549219974,
                781.6385371735995
              ],
              [
                813.4574868796014,
                781.6389919747662
              ],
              [
                813.4724405687118,
                781.6421863309355
              ],
              [
                813.4786488097124,
                781.642895197168
              ],
              [
                813.4874797391217,
                781.6447411504957
              ],
              [
                813.5046854910299,
                781.6465202071303
              ],
              [
                813.5117420608794,
                781.6479105799668
              ],
              [
                813.5247781172203,
                781.6491351733983
              ],
              [
                813.545150206961,
                781.6527334832621
              ],
              [
                813.5522950150154,
                781.6532958823359
              ],
              [
                813.5527462947122,
                781.6533747307876
              ],
              [
                813.5539588524093,
                781.6534643714373
              ],
              [
                813.5610668323117,
                781.6546567784231
              ],
              [
                813.5669576945161,
                781.65507542911
              ],
              [
                813.5722212759224,
                781.6559295907847
              ],
              [
                813.5827399332612,
                781.6565998963736
              ],
              [
                813.5894253667617,
                781.6576570825737
              ],
              [
                813.5924303485772,
                781.6578143204063
              ],
              [
                813.5992538052784,
                781.6588264845944
              ],
              [
                813.5994599176971,
                781.6588366102483
              ],
              [
                813.5998031216847,
                781.6588875197507
              ],
              [
                813.600012322034,
                781.658897793906
              ],
              [
                813.6020003873097,
                781.6591926955319
              ],
              [
                813.618025317132,
                781.6599799498518
              ],
              [
                813.6222799312183,
                781.6605706164761
              ],
              [
                813.6331351595596,
                781.6609870119775
              ],
              [
                813.6460348423627,
                781.6626023366669
              ],
              [
                813.6529122543589,
                781.6627928576245
              ],
              [
                813.6646449559657,
                781.6641325150224
              ],
              [
                813.67704967039,
                781.6643424818254
              ],
              [
                813.6923618868515,
                781.6659257488882
              ]
            ]
          ]
        ]
      }
    }
  ]
}