{
  "type": "FeatureCollection",
  "features": [
    {
      "type": "Feature",
      "properties": {
        "image_id": "0002_top_20250704_t1",
        "zone_type": "parking_spot",
        "generated_at": "2025-11-03T11:20:39",
        "source": "merged_t1_polygons"
      },
      "geometry": {
        "type": "MultiPolygon",
        "coordinates": [
          [
            [
              [
                -4.015465658464976,
                826.233227591829
              ],
              [
                -4.021029724632097,
                826.2407298665796
              ],
              [
                -4.021149101130499,
                826.240862727372
              ],
              [
                -4.023200612898597,
                826.2436569705607
              ],
              [
                -4.023462723413763,
                826.2440103856785
              ],
              [
                -4.034783495216364,
                826.2568534471296
              ],
              [
                -4.042239552474157,
                826.26723844556
              ],
              [
                -4.042900360172013,
                826.2679997290626
              ],
              [
                -4.042991978118288,
                826.2681289154889
              ],
              [
                -4.047660607305643,
                826.2735446889565
              ],
              [
                -4.054802020517083,
                826.2837239777742
              ],
              [
                -4.055583171428015,
                826.2846462954293
              ],
              [
                -4.061256804250416,
                826.2928344195436
              ],
              [
                -4.069074125568293,
                826.3022599630295
              ],
              [
                -4.076115754485104,
                826.3126399311313
              ],
              [
                -4.084570773572094,
                826.3231431847911
              ],
              [
                -4.092142025004279,
                826.3346047675657
              ],
              [
                -4.092466930129131,
                826.3350139153293
              ],
              [
                -4.0958115692982,
                826.3401588625682
              ],
              [
                -4.102912916457905,
                826.3495986970704
              ],
              [
                -4.115723891821721,
                826.3663751505305
              ],
              [
                -4.116622085389953,
                826.3678223218237
              ],
              [
                -4.12541815513987,
                826.37951495434
              ],
              [
                -4.127799539564728,
                826.3834209869015
              ],
              [
                -4.1279499279828205,
                826.3836218085886
              ],
              [
                -4.128170847849513,
                826.3839861420846
              ],
              [
                -4.130338366704367,
                826.3868927234922
              ],
              [
                -4.131636698734169,
                826.3890446742023
              ],
              [
                -4.129451915309279,
                826.3860988347691
              ],
              [
                -4.1321825431111545,
                826.3906020928428
              ],
              [
                -4.132383976344593,
                826.3908736941171
              ],
              [
                -4.132714506728452,
                826.391425150747
              ],
              [
                -4.13293925321532,
                826.3917281863046
              ],
              [
                -4.137500300795535,
                826.3993378344641
              ],
              [
                -4.137905719251037,
                826.3998900310322
              ],
              [
                -4.139915679339978,
                826.4032843997569
              ],
              [
                -4.151146800671418,
                826.4189274096435
              ],
              [
                -4.157573442398597,
                826.4300771952908
              ],
              [
                -4.157667608429662,
                826.430210496989
              ],
              [
                -4.158082742564625,
                826.4309391392414
              ],
              [
                -4.1620982720867845,
                826.4366628291543
              ],
              [
                -4.171028862201996,
                826.4525500346298
              ],
              [
                -4.17716324586843,
                826.4615926450164
              ],
              [
                -4.182576830696168,
                826.4715076323596
              ],
              [
                -4.188156236719855,
                826.4799539010572
              ],
              [
                -4.188265194010504,
                826.480137006526
              ],
              [
                -4.194628998169228,
                826.4921664281422
              ],
              [
                -4.19565971568008,
                826.4937519466222
              ],
              [
                -4.199240570118468,
                826.500601140031
              ],
              [
                -4.210821861326744,
                826.5195971912736
              ],
              [
                -4.217669763077291,
                826.5306305444198
              ],
              [
                -4.218187004209126,
                826.5316777640774
              ],
              [
                -4.226840992719959,
                826.5458723479323
              ],
              [
                -4.228830724517363,
                826.5499909714473
              ],
              [
                -4.229209267722572,
                826.5506152519677
              ],
              [
                -4.229568835365427,
                826.5513645786075
              ],
              [
                -4.2314445592393115,
                826.5544735408988
              ],
              [
                -4.232671527081035,
                826.5570465578048
              ],
              [
                -4.230785128769239,
                826.55389929236
              ],
              [
                -4.233371658156692,
                826.5592895309235
              ],
              [
                -4.233842557306939,
                826.5600751786917
              ],
              [
                -4.238144087988541,
                826.5691700011835
              ],
              [
                -4.238426446582707,
                826.5696468410902
              ],
              [
                -4.240147993961827,
                826.5733384177039
              ],
              [
                -4.250782672504363,
                826.5917888605962
              ],
              [
                -4.250813905338226,
                826.5918498957525
              ],
              [
                -4.256876832713445,
                826.6052705524869
              ],
              [
                -4.2597369185038065,
                826.6103585444384
              ],
              [
                -4.265172019028462,
                826.6227808224895
              ],
              [
                -4.269430636262202,
                826.6305804852483
              ],
              [
                -4.276024990687067,
                826.6460282830093
              ],
              [
                -4.282086362549807,
                826.6574860205341
              ],
              [
                -4.2891299467649775,
                826.6748066853055
              ],
              [
                -4.296109254392836,
                826.6892534265957
              ],
              [
                -4.29733089553301,
                826.6916837900196
              ],
              [
                -4.297523484947118,
                826.6921807976232
              ],
              [
                -4.300252028102242,
                826.6978287156063
              ],
              [
                -4.303280974552116,
                826.7039611982511
              ],
              [
                -4.303521691901963,
                826.7045967203338
              ],
              [
                -4.3115955281075395,
                826.7213090690509
              ],
              [
                -4.313167709904327,
                826.7255817669337
              ],
              [
                -4.313698777872617,
                826.7266884943718
              ],
              [
                -4.314127573519964,
                826.7278642251121
              ],
              [
                -4.315686929144419,
                826.7311342768996
              ],
              [
                -4.316772030478546,
                826.7341342207651
              ],
              [
                -4.3152090667021135,
                826.7308296115085
              ],
              [
                -4.317249485522451,
                826.7364243117923
              ],
              [
                -4.317759093632803,
                826.7375017876136
              ],
              [
                -4.322120942825375,
                826.7496923394488
              ],
              [
                -4.330917474020715,
                826.7691639937041
              ],
              [
                -4.336774957675201,
                826.7864340261622
              ],
              [
                -4.339607397391654,
                826.7929077525562
              ],
              [
                -4.342364701720379,
                826.8014343127035
              ],
              [
                -4.345021204984386,
                826.8076573820942
              ],
              [
                -4.351638920349562,
                826.8285206104305
              ],
              [
                -4.357666468574449,
                826.8433427718481
              ],
              [
                -4.362301071570667,
                826.8591108605776
              ],
              [
                -4.364043771571791,
                826.8638469735516
              ],
              [
                -4.366741899264336,
                826.870809921047
              ],
              [
                -4.367179065783649,
                826.8723677215773
              ],
              [
                -4.370942715631764,
                826.882596143488
              ],
              [
                -4.3717576436802785,
                826.8847476492724
              ],
              [
                -4.3718233751993925,
                826.8849895004635
              ],
              [
                -4.378877411640431,
                826.9041601629331
              ],
              [
                -4.380016383289222,
                826.9085272042215
              ],
              [
                -4.380612845377027,
                826.9101626658133
              ],
              [
                -4.3810330839596565,
                826.9117946356181
              ],
              [
                -4.382258733733701,
                826.9151831491192
              ],
              [
                -4.383129565284852,
                826.9186054821629
              ],
              [
                -4.381907191175137,
                826.9151891753883
              ],
              [
                -4.38337191648551,
                826.9208773429615
              ],
              [
                -4.383880700074648,
                826.9222992978348
              ],
              [
                -4.386773744011478,
                826.9338489766469
              ],
              [
                -4.3934125408704165,
                826.9534226099679
              ],
              [
                -4.39836646953371,
                826.9746115846634
              ],
              [
                -4.40091692422527,
                826.982498492577
              ],
              [
                -4.40185477371622,
                826.9868327706051
              ],
              [
                -4.403234413387825,
                826.9911822682643
              ],
              [
                -4.408038370583377,
                827.0136272481889
              ],
              [
                -4.409403595413955,
                827.0181636132086
              ],
              [
                -4.410063190553183,
                827.021609640007
              ],
              [
                -4.414244891197008,
                827.0358368406639
              ],
              [
                -4.416650059543962,
                827.0486528141248
              ],
              [
                -4.418647114085026,
                827.0557691244682
              ],
              [
                -4.419150452628882,
                827.0585749220669
              ],
              [
                -4.428048115126092,
                827.0926903098707
              ],
              [
                -4.428747861346667,
                827.0970919385124
              ],
              [
                -4.42931344018555,
                827.0992883279573
              ],
              [
                -4.429640922861688,
                827.1013932506236
              ],
              [
                -4.430522451573395,
                827.1048576230788
              ],
              [
                -4.431106187472396,
                827.1086870637199
              ],
              [
                -4.430233914565035,
                827.1052047550733
              ],
              [
                -4.431115487401181,
                827.1108711392211
              ],
              [
                -4.43157058941669,
                827.1126880083115
              ],
              [
                -4.433171259795219,
                827.1234788514851
              ],
              [
                -4.4377076389655965,
                827.1428818808753
              ],
              [
                -4.4410061149722795,
                827.1676586707941
              ],
              [
                -4.443530768213627,
                827.179454319467
              ],
              [
                -4.447227261278161,
                827.211583864847
              ],
              [
                -4.451252238122503,
                827.233031010733
              ],
              [
                -4.451983595842292,
                827.2415991619398
              ],
              [
                -4.4525676617271985,
                827.2448549639788
              ],
              [
                -4.452914868324537,
                827.2491101802251
              ],
              [
                -4.45864766741378,
                827.2851713291475
              ],
              [
                -4.458905212743252,
                827.2894919549902
              ],
              [
                -4.459336198912251,
                827.2922621551323
              ],
              [
                -4.4594825420878825,
                827.2948424223285
              ],
              [
                -4.460015887672909,
                827.2983412910165
              ],
              [
                -4.460238528637909,
                827.3025089133756
              ],
              [
                -4.459718538805584,
                827.2990034266696
              ],
              [
                -4.460034662765119,
                827.3045772040542
              ],
              [
                -4.460369481954624,
                827.3068343716847
              ],
              [
                -4.460857957172125,
                827.3167775131601
              ],
              [
                -4.46338354985209,
                827.3357487226294
              ],
              [
                -4.4642030601144125,
                827.3591357984086
              ],
              [
                -4.465536821366717,
                827.3707287168677
              ],
              [
                -4.466224788916684,
                827.4084404932383
              ],
              [
                -4.468316075882131,
                827.4329407650639
              ],
              [
                -4.468141217408538,
                827.4444367972146
              ],
              [
                -4.468445520600593,
                827.4495418412017
              ],
              [
                -4.468817257408159,
                827.4546974373466
              ],
              [
                -4.468798371125681,
                827.4554613238048
              ],
              [
                -4.4704015904223775,
                827.4823572133133
              ],
              [
                -4.470285402985275,
                827.485314355703
              ],
              [
                -4.470394852571047,
                827.4872441291591
              ],
              [
                -4.47026882930361,
                827.4902663879369
              ],
              [
                -4.470456599671175,
                827.4937812666217
              ],
              [
                -4.470258444159468,
                827.4982269689456
              ],
              [
                -4.470084515187919,
                827.4946865633962
              ],
              [
                -4.4698611847045955,
                827.5000424197177
              ],
              [
                -4.4700000286102295,
                827.5028686523438
              ],
              [
                -4.469556199853228,
                827.511902994238
              ],
              [
                -4.470197271118032,
                827.5301978014406
              ],
              [
                -4.469894440514993,
                827.53505268453
              ],
              [
                -4.4699100759306125,
                827.5355322656491
              ],
              [
                -4.4688440045595135,
                827.5520159781488
              ],
              [
                -4.469048630861135,
                827.5632328172667
              ],
              [
                -4.468322924322004,
                827.5725101655431
              ],
              [
                -4.468349806735788,
                827.5744644767598
              ],
              [
                -4.466391044092451,
                827.5972070984652
              ],
              [
                -4.465699967026732,
                827.6060417475677
              ],
              [
                -4.465371763705842,
                827.6284065388899
              ],
              [
                -4.465338415726293,
                827.6287063815762
              ],
              [
                -4.465264677918437,
                827.6335542576466
              ],
              [
                -4.4641599241704295,
                827.6430708663675
              ],
              [
                -4.464039074571244,
                827.6479588252556
              ],
              [
                -4.463826616327502,
                827.6497000439354
              ],
              [
                -4.462646301406705,
                827.6797408071417
              ],
              [
                -4.462248766962308,
                827.6826015360596
              ],
              [
                -4.462146268517161,
                827.6850596283774
              ],
              [
                -4.461831948254942,
                827.6872789519151
              ],
              [
                -4.461738880585373,
                827.6893669642611
              ],
              [
                -4.461072642053298,
                827.6940033518736
              ],
              [
                -4.461175175738287,
                827.6919162307684
              ],
              [
                -4.460467109429291,
                827.696915680103
              ],
              [
                -4.460369481954623,
                827.6989029330028
              ],
              [
                -4.459169385514512,
                827.7069933260358
              ],
              [
                -4.458084316221589,
                827.7243888088836
              ],
              [
                -4.457435121892123,
                827.7284213736318
              ],
              [
                -4.457371783513883,
                827.7294007185851
              ],
              [
                -4.454833808084032,
                827.7449534639479
              ],
              [
                -4.454033650860621,
                827.7551825811423
              ],
              [
                -4.45159054912235,
                827.7690513284457
              ],
              [
                -4.451251587499666,
                827.7729869129759
              ],
              [
                -4.44644358676215,
                827.7985960225815
              ],
              [
                -4.444137187210983,
                827.8193336218741
              ],
              [
                -4.444117636887497,
                827.8194556921866
              ],
              [
                -4.443160926259715,
                827.823961175188
              ],
              [
                -4.44212875280209,
                827.8328525602102
              ],
              [
                -4.440664240166556,
                827.8395291667277
              ],
              [
                -4.440624354504988,
                827.8398560528855
              ],
              [
                -4.440012896776576,
                827.8426148323948
              ],
              [
                -4.4354574540401925,
                827.8753966125737
              ],
              [
                -4.4348081344622,
                827.8780862056539
              ],
              [
                -4.434391156811335,
                827.8810303630197
              ],
              [
                -4.433920610373319,
                827.8829557124376
              ],
              [
                -4.433732987046577,
                827.8842613926498
              ],
              [
                -4.432673558543851,
                827.8885680440078
              ],
              [
                -4.4328659300912205,
                827.8872711803771
              ],
              [
                -4.4317509595017235,
                827.8918333400325
              ],
              [
                -4.43157058941669,
                827.893049296376
              ],
              [
                -4.429783354399137,
                827.9001843385203
              ],
              [
                -4.427159324805644,
                827.9164838789764
              ],
              [
                -4.426323513509786,
                827.9196649077688
              ],
              [
                -4.426083118308391,
                827.9211380525873
              ],
              [
                -4.422249766972708,
                827.9356100463826
              ],
              [
                -4.420631033298474,
                827.9447991063091
              ],
              [
                -4.415570929290027,
                827.9630346972369
              ],
              [
                -4.414484249744527,
                827.9688227361967
              ],
              [
                -4.406931748157554,
                827.9945769720147
              ],
              [
                -4.402237167812905,
                828.0166853831968
              ],
              [
                -4.400867322733048,
                828.0209604168695
              ],
              [
                -4.399141135187854,
                828.0288299802553
              ],
              [
                -4.396375835581825,
                828.0372793805187
              ],
              [
                -4.389100278435525,
                828.0674159863105
              ],
              [
                -4.388229234569685,
                828.0699125283888
              ],
              [
                -4.387401820049076,
                828.0732980859809
              ],
              [
                -4.386833284499918,
                828.0749119812832
              ],
              [
                -4.386699070190728,
                828.0754575718875
              ],
              [
                -4.385304575940617,
                828.0794035575711
              ],
              [
                -4.385436387198759,
                828.0788773375314
              ],
              [
                -4.384006017637236,
                828.0829377110988
              ],
              [
                -4.383880700074647,
                828.0834380068527
              ],
              [
                -4.3816660381991435,
                828.0896275721491
              ],
              [
                -4.377714977723247,
                828.1046649821446
              ],
              [
                -4.3768532756725795,
                828.1069947390181
              ],
              [
                -4.376339305968201,
                828.1089351211332
              ],
              [
                -4.371404145510575,
                828.1222028487723
              ],
              [
                -4.369150338281382,
                828.1303251139655
              ],
              [
                -4.360600811364919,
                828.1525667265469
              ],
              [
                -4.358412741531351,
                828.1600281041885
              ],
              [
                -4.348336490481366,
                828.1848994491236
              ],
              [
                -4.340711364329435,
                828.2086960605342
              ],
              [
                -4.3389585055213615,
                828.2127185997184
              ],
              [
                -4.3367344426199175,
                828.2195142458843
              ],
              [
                -4.333420872443566,
                828.2270014967607
              ],
              [
                -4.324026993796545,
                828.2539257588337
              ],
              [
                -4.322965015040644,
                828.2562141007376
              ],
              [
                -4.321638458579615,
                828.2599797812546
              ],
              [
                -4.315106453368699,
                828.2739376905425
              ],
              [
                -4.310219227042284,
                828.2871511314494
              ],
              [
                -4.309487950229002,
                828.2886588784185
              ],
              [
                -4.308609706545505,
                828.2910199562584
              ],
              [
                -4.302779703959648,
                828.3029884612816
              ],
              [
                -4.300068665228645,
                828.3100412343458
              ],
              [
                -4.287203412828395,
                828.3357950405208
              ],
              [
                -4.283593621736799,
                828.3447051360451
              ],
              [
                -4.2711179088860245,
                828.3684022503303
              ],
              [
                -4.260165536630073,
                828.3935362464953
              ],
              [
                -4.258060574211719,
                828.3972835276094
              ],
              [
                -4.25553672176795,
                828.4029863542936
              ],
              [
                -4.251804207916859,
                828.4095507432561
              ],
              [
                -4.24959356601783,
                828.4143142137718
              ],
              [
                -4.249090340407123,
                828.4154290665014
              ],
              [
                -4.2490177641322635,
                828.4155549462965
              ],
              [
                -4.240872396971572,
                828.4331065073733
              ],
              [
                -4.239649291686253,
                828.4351782566283
              ],
              [
                -4.237745140270258,
                828.4392471408188
              ],
              [
                -4.230740615699293,
                828.4510201796393
              ],
              [
                -4.22531086724521,
                828.4622152382349
              ],
              [
                -4.224856734395534,
                828.4629577647107
              ],
              [
                -4.223533385822044,
                828.4656744880425
              ],
              [
                -4.217024911579517,
                828.4762791493888
              ],
              [
                -4.214026231334042,
                828.4822819410497
              ],
              [
                -4.19608355589314,
                828.5109269829414
              ],
              [
                -4.190769535718417,
                828.5210207503197
              ],
              [
                -4.17604979390376,
                828.5432801713142
              ],
              [
                -4.170451911215131,
                828.5532455939248
              ],
              [
                -4.167533198390435,
                828.558485569455
              ],
              [
                -4.167401245121888,
                828.5586764288589
              ],
              [
                -4.1614183026639004,
                828.5693273398132
              ],
              [
                -4.158994214435001,
                828.5727760978359
              ],
              [
                -4.1563651279091705,
                828.5773998841794
              ],
              [
                -4.152855630066907,
                828.5823431944875
              ],
              [
                -4.150236838093329,
                828.5868853537261
              ],
              [
                -4.149379418941673,
                828.5880813172661
              ],
              [
                -4.140447669942279,
                828.603210304572
              ],
              [
                -4.139090766449261,
                828.6050630732261
              ],
              [
                -4.1365434926868305,
                828.6093444705698
              ],
              [
                -4.12949678722195,
                828.6188941590677
              ],
              [
                -4.12618093574181,
                828.624296881843
              ],
              [
                -4.123793489538961,
                828.6282004576723
              ],
              [
                -4.123748818656971,
                828.6282596812761
              ],
              [
                -4.121913085374238,
                828.6312507555372
              ],
              [
                -4.114947635496966,
                828.6404584926837
              ],
              [
                -4.111820438327149,
                828.6454509863744
              ],
              [
                -4.08812089952513,
                828.6762476039086
              ],
              [
                -4.080861843908403,
                828.6872248599657
              ],
              [
                -4.065494273744269,
                828.7060763684858
              ],
              [
                -4.05759476552789,
                828.7175023486561
              ],
              [
                -4.055652035291639,
                828.7198013443417
              ],
              [
                -4.045473268209841,
                828.7342827085992
              ],
              [
                -4.042766261620545,
                828.7374097978371
              ],
              [
                -4.040217701264684,
                828.7409995776986
              ],
              [
                -4.037591914873565,
                828.744007131191
              ],
              [
                -4.034921465882279,
                828.7477319834093
              ],
              [
                -4.033022576460494,
                828.749892693479
              ],
              [
                -4.023732466656755,
                828.7625777697033
              ],
              [
                -4.0223790311306145,
                828.764087308673
              ],
              [
                -4.01965512444477,
                828.7677839503837
              ],
              [
                -4.019522952979133,
                828.767930593921
              ],
              [
                -4.019024656304372,
                828.7686058850975
              ],
              [
                -4.012768615551936,
                828.7755305374358
              ],
              [
                -4.004707648267745,
                828.7861864561786
              ],
              [
                -3.9975073729803414,
                828.7939963138616
              ],
              [
                -3.9943984825206083,
                828.7980361946054
              ],
              [
                -3.964361328592505,
                828.830136877521
              ],
              [
                -3.954961476503555,
                828.8416677434842
              ],
              [
                -3.9398839058038684,
                828.856799485029
              ],
              [
                -3.932817285405122,
                828.8651620098435
              ],
              [
                -3.928715893384651,
                828.8691588968261
              ],
              [
                -3.9135088268485685,
                828.8867258485632
              ],
              [
                -3.9105592882419256,
                828.8895092257846
              ],
              [
                -3.9082633229511297,
                828.8921390049823
              ],
              [
                -3.906846303119661,
                828.8934662692957
              ],
              [
                -3.9042734286078287,
                828.8963938941495
              ],
              [
                -3.901097076557222,
                828.8993577616936
              ],
              [
                -3.891865356400496,
                828.9096542561075
              ],
              [
                -3.891411589197764,
                828.9100694698986
              ],
              [
                -3.8878152673394237,
                828.9140595698516
              ],
              [
                -3.886686290423172,
                828.9150878552464
              ],
              [
                -3.886339577556062,
                828.9154716228977
              ],
              [
                -3.8812753740871155,
                828.9200686282287
              ],
              [
                -3.8730229718491813,
                828.9290196869658
              ],
              [
                -3.8658061069272565,
                828.9354627658498
              ],
              [
                -3.8628485766300757,
                828.9386234761658
              ],
              [
                -3.82600658062432,
                828.9710859497886
              ],
              [
                -3.8143181050266577,
                828.982816419857
              ],
              [
                -3.8001365089379977,
                828.9944620293624
              ],
              [
                -3.7943665788211822,
                829.0000849394522
              ],
              [
                -3.787823443522255,
                829.0053307829887
              ],
              [
                -3.766866183499376,
                829.0251074219659
              ],
              [
                -3.7638295711067586,
                829.027442652098
              ],
              [
                -3.759572073441092,
                829.0314153411923
              ],
              [
                -3.7558470052733246,
                829.034257808195
              ],
              [
                -3.742229490330145,
                829.0466608002565
              ],
              [
                -3.7399324468689885,
                829.0483719623866
              ],
              [
                -3.7397877367875423,
                829.0485033222382
              ],
              [
                -3.736258146193758,
                829.0511207058698
              ],
              [
                -3.7281015730003237,
                829.0584027383144
              ],
              [
                -3.7210778756418517,
                829.0635414540244
              ],
              [
                -3.71838986471894,
                829.0659099327482
              ],
              [
                -3.6744022109708814,
                829.0977122225278
              ],
              [
                -3.6603277382410373,
                829.1092698647268
              ],
              [
                -3.6476056321288444,
                829.1177479447932
              ],
              [
                -3.64353621824779,
                829.1210105257319
              ],
              [
                -3.6344725493743444,
                829.126933376609
              ],
              [
                -3.633975479598004,
                829.1273036643253
              ],
              [
                -3.6070357232433485,
                829.1480210041293
              ],
              [
                -3.6055677162678172,
                829.1489305875735
              ],
              [
                -3.602234362115681,
                829.1514741515457
              ],
              [
                -3.5981297106281374,
                829.1540066516319
              ],
              [
                -3.584309185824777,
                829.1643021288668
              ],
              [
                -3.578938017747965,
                829.1675345909013
              ],
              [
                -3.5713108643123537,
                829.1731148104327
              ],
              [
                -3.564677158240095,
                829.1770414803011
              ],
              [
                -3.562361123731505,
                829.178715931978
              ],
              [
                -3.5152373742741636,
                829.2063062243044
              ],
              [
                -3.5105734803613236,
                829.2090669091308
              ],
              [
                -3.494416583969292,
                829.2198339519482
              ],
              [
                -3.4836082891533326,
                829.2255188973794
              ],
              [
                -3.480572778175808,
                829.2275025178212
              ],
              [
                -3.471970648020165,
                829.2319968867104
              ],
              [
                -3.46881558459216,
                829.2340394064262
              ],
              [
                -3.46642727830559,
                829.2352648101443
              ],
              [
                -3.4338009955873323,
                829.2553946711197
              ],
              [
                -3.429293121158607,
                829.2575934831129
              ],
              [
                -3.4158099964947395,
                829.265707861207
              ],
              [
                -3.415851656992308,
                829.265785486431
              ],
              [
                -3.4102974293719517,
                829.2684230131927
              ],
              [
                -3.4041302518008325,
                829.2720735322355
              ],
              [
                -3.398066186190743,
                829.2749083064538
              ],
              [
                -3.3962083563236094,
                829.2759960397033
              ],
              [
                -3.350148724807171,
                829.2973083253304
              ],
              [
                -3.322932645859927,
                829.3100310502946
              ],
              [
                -3.3040418587055997,
                829.319967223942
              ],
              [
                -3.2922649206597483,
                829.3246248733052
              ],
              [
                -3.2901110625747894,
                829.3257299852083
              ],
              [
                -3.2875269652857657,
                829.3267429522682
              ],
              [
                -3.281601409955924,
                829.3296332683876
              ],
              [
                -3.27408482642588,
                829.3333900427566
              ],
              [
                -3.2735397855966637,
                829.3335990025112
              ],
              [
                -3.2729772320050716,
                829.3338792229114
              ],
              [
                -3.272606153611227,
                829.3340208967135
              ],
              [
                -3.2559213269996894,
                829.3421592771049
              ],
              [
                -3.251820981096171,
                829.343678458591
              ],
              [
                -3.2378288721253528,
                829.3503228679282
              ],
              [
                -3.2331368762906116,
                829.3520079596573
              ],
              [
                -3.228137175901511,
                829.354345174106
              ],
              [
                -3.2228012996575086,
                829.3562333451212
              ],
              [
                -3.221471389974641,
                829.3568487085986
              ],
              [
                -3.1791621588884458,
                829.3716756374379
              ],
              [
                -3.1405530246210795,
                829.3853379948295
              ],
              [
                -3.1277331280857728,
                829.3905200655499
              ],
              [
                -3.1195305973235605,
                829.3929393968235
              ],
              [
                -3.1040143045624475,
                829.399075919816
              ],
              [
                -3.0995236131106574,
                829.400313961716
              ],
              [
                -3.092292718840384,
                829.4030861685136
              ],
              [
                -3.089114202954932,
                829.4039614519822
              ],
              [
                -3.0703372106932694,
                829.4109183428588
              ],
              [
                -3.0658711297013412,
                829.4120864674614
              ],
              [
                -3.0652315320940127,
                829.4123221136189
              ],
              [
                -3.065110075847919,
                829.4123534036138
              ],
              [
                -3.052473835449774,
                829.4168916054647
              ],
              [
                -3.048710919374267,
                829.4178375493856
              ],
              [
                -3.044992227457821,
                829.4191534581454
              ],
              [
                -3.0405184743233478,
                829.4202621986276
              ],
              [
                -3.0397696065742092,
                829.4205246332912
              ],
              [
                -3.0064551324444944,
                829.4287041946351
              ],
              [
                -2.955236746182569,
                829.4413977645695
              ],
              [
                -2.9411121373063027,
                829.4455638090467
              ],
              [
                -2.930986459398963,
                829.4475058622827
              ],
              [
                -2.9045853039043577,
                829.4547760776251
              ],
              [
                -2.89888618407988,
                829.4557621696265
              ],
              [
                -2.8788659454132635,
                829.4609985577214
              ],
              [
                -2.873886516952338,
                829.4617859333976
              ],
              [
                -2.8614702038316664,
                829.4649072190389
              ],
              [
                -2.8587314295084174,
                829.4653148981546
              ],
              [
                -2.8564234791388268,
                829.4658868827788
              ],
              [
                -2.8529181503484913,
                829.4664014777659
              ],
              [
                -2.8527869347351142,
                829.4664336945782
              ],
              [
                -2.8430647140321628,
                829.4678479979749
              ],
              [
                -2.7657342534948812,
                829.4792003902107
              ],
              [
                -2.750025693051077,
                829.4822132117641
              ],
              [
                -2.741409422965966,
                829.4830096357845
              ],
              [
                -2.712741387196591,
                829.4879699316969
              ],
              [
                -2.712246191807797,
                829.4880309668531
              ],
              [
                -2.7041830953100563,
                829.4886204079587
              ],
              [
                -2.6833824787417107,
                829.4919095202862
              ],
              [
                -2.6779610820001842,
                829.4922233932384
              ],
              [
                -2.6666701340641543,
                829.4939041026092
              ],
              [
                -2.6650216393522697,
                829.4939853674487
              ],
              [
                -2.6642101801292815,
                829.4941044926073
              ],
              [
                -2.620689192458293,
                829.4962207335212
              ],
              [
                -2.617153547095351,
                829.4966651245078
              ],
              [
                -2.605821495303054,
                829.4969436865308
              ],
              [
                -2.5738331044704426,
                829.4984991462084
              ],
              [
                -2.5562822951317425,
                829.5001214126876
              ],
              [
                -2.5474787660891254,
                829.5000760532037
              ],
              [
                -2.5142066465670374,
                829.502508363783
              ],
              [
                -2.504659480160674,
                829.5022567274484
              ],
              [
                -2.485801047013909,
                829.5033485405675
              ],
              [
                -2.479963156715353,
                829.5031080827143
              ],
              [
                -2.4699625968933105,
                829.5036010742188
              ],
              [
                -2.4252570176292885,
                829.5013822830982
              ],
              [
                -2.4163860693804247,
                829.5016003468113
              ],
              [
                -2.3929030945433114,
                829.4998150435051
              ],
              [
                -2.3805209078944736,
                829.4992158161044
              ],
              [
                -2.361715589571757,
                829.499118923196
              ],
              [
                -2.353480685133079,
                829.4982720815086
              ],
              [
                -2.315707568519039,
                829.497276488868
              ],
              [
                -2.3047395253187855,
                829.4958907668575
              ],
              [
                -2.288056430506847,
                829.4952036040373
              ],
              [
                -2.284246131391065,
                829.4946660181229
              ],
              [
                -2.2815261147321455,
                829.4945390574939
              ],
              [
                -2.2802927827669706,
                829.4943653449719
              ],
              [
                -2.276749912339069,
                829.494193890196
              ],
              [
                -2.2748612298477284,
                829.4939179611058
              ],
              [
                -2.2716707759036154,
                829.4937596150784
              ],
              [
                -2.26841495348065,
                829.4932713171762
              ],
              [
                -2.268222349143917,
                829.4932616878725
              ],
              [
                -2.266133402790371,
                829.4929462715015
              ],
              [
                -2.2636002247833145,
                829.4928153100087
              ],
              [
                -2.257093055691497,
                829.491798765421
              ],
              [
                -2.2512313665384096,
                829.4914772005784
              ],
              [
                -2.228144713464303,
                829.4876469169677
              ],
              [
                -2.2251024930349237,
                829.4874619385555
              ],
              [
                -2.2213690536964363,
                829.4867740939511
              ],
              [
                -2.2161358185779085,
                829.4863762349906
              ],
              [
                -2.1880874324262063,
                829.4813783922318
              ],
              [
                -2.185071790592524,
                829.4809536446675
              ],
              [
                -2.1681670144267073,
                829.4792152311524
              ],
              [
                -2.160560804137356,
                829.477674971777
              ],
              [
                -2.1187056254296905,
                829.4723869143427
              ],
              [
                -2.109835480848389,
                829.4703567498522
              ],
              [
                -2.096846366537257,
                829.4685272571701
              ],
              [
                -2.0937252834449165,
                829.4677858910914
              ],
              [
                -2.09208500745482,
                829.4675544685072
              ],
              [
                -2.0902506627510116,
                829.4671072084005
              ],
              [
                -2.0875468989808326,
                829.4667170841213
              ],
              [
                -2.0858524834815575,
                829.4663045259905
              ],
              [
                -2.085429940321915,
                829.4662427940953
              ],
              [
                -2.083352335977293,
                829.4657304418511
              ],
              [
                -2.0830404784488956,
                829.4656846482026
              ],
              [
                -2.0826973619310336,
                829.4655995903075
              ],
              [
                -2.081132405429901,
                829.4653686222176
              ],
              [
                -2.0809980386462223,
                829.465335139347
              ],
              [
                -2.080476225196619,
                829.4652585165951
              ],
              [
                -2.0795859890356274,
                829.4650378322476
              ],
              [
                -2.0792536172897647,
                829.4649885295564
              ],
              [
                -2.078713241961166,
                829.464853172583
              ],
              [
                -2.0782389935836734,
                829.4647830884509
              ],
              [
                -2.07789987784661,
                829.4646984714628
              ],
              [
                -2.075456970463181,
                829.4643320919754
              ],
              [
                -2.0737309831689092,
                829.463894844277
              ],
              [
                -2.0707293985421873,
                829.463441625874
              ],
              [
                -2.0679993064648814,
                829.4627451925905
              ],
              [
                -2.066602099349242,
                829.4625322716021
              ],
              [
                -2.061746858457714,
                829.4612819436296
              ],
              [
                -2.0595448179879763,
                829.4609379426838
              ],
              [
                -2.0588851509809856,
                829.4607636730032
              ],
              [
                -2.0579495450683365,
                829.4606175937861
              ],
              [
                -2.051155004207411,
                829.4588236396216
              ],
              [
                -2.0505435432238777,
                829.45872650668
              ],
              [
                -2.045242825730106,
                829.4573018469963
              ],
              [
                -2.03508054953792,
                829.4556158338778
              ],
              [
                -2.02653435451777,
                829.4532135854977
              ],
              [
                -2.0247435763110877,
                829.4529114232355
              ],
              [
                -2.018821445729819,
                829.4512174845295
              ],
              [
                -2.0184219147890334,
                829.4511462935237
              ],
              [
                -2.0007651389737395,
                829.4461302803837
              ],
              [
                -1.986342594317421,
                829.4434730872106
              ],
              [
                -1.9860963079252092,
                829.4434120520543
              ],
              [
                -1.9688924678801774,
                829.4381337439901
              ],
              [
                -1.9647940027199955,
                829.4371602155852
              ],
              [
                -1.9251427273353108,
                829.4280849845615
              ],
              [
                -1.9216628717986277,
                829.4269150678415
              ],
              [
                -1.915392584225898,
                829.4254256558737
              ],
              [
                -1.908824145720761,
                829.4232014735386
              ],
              [
                -1.9019739252458103,
                829.4215335743978
              ],
              [
                -1.8967011437728967,
                829.4197017467015
              ],
              [
                -1.8918649914509154,
                829.418502892772
              ],
              [
                -1.889717186622275,
                829.4177426661386
              ],
              [
                -1.8885108412913354,
                829.4174416559014
              ],
              [
                -1.8868803523435351,
                829.4168605940224
              ],
              [
                -1.8864361367477893,
                829.4167493238082
              ],
              [
                -1.883543113368997,
                829.4157141834913
              ],
              [
                -1.8831244183626228,
                829.4156081146758
              ],
              [
                -1.8829036256435217,
                829.4155281797207
              ],
              [
                -1.8771955529823698,
                829.4140720779948
              ],
              [
                -1.875604385742429,
                829.4134918413793
              ],
              [
                -1.8755460666720989,
                829.4134769123702
              ],
              [
                -1.8742033978727488,
                829.4129855068388
              ],
              [
                -1.871419646150426,
                829.4122686314613
              ],
              [
                -1.8698232273287936,
                829.4116807083295
              ],
              [
                -1.869592084462017,
                829.41162102414
              ],
              [
                -1.8626086217971887,
                829.40904197301
              ],
              [
                -1.8583701462921913,
                829.4079228935992
              ],
              [
                -1.850621897123353,
                829.4049940998043
              ],
              [
                -1.8477855397351972,
                829.4042317796044
              ],
              [
                -1.8356445966131696,
                829.3995564186964
              ],
              [
                -1.824149645016675,
                829.3963253048747
              ],
              [
                -1.8174241877487443,
                829.3936107489296
              ],
              [
                -1.810570879624112,
                829.3916504605271
              ],
              [
                -1.8102194506385163,
                829.3915283902146
              ],
              [
                -1.788528094797855,
                829.3827961727013
              ],
              [
                -1.776776140959552,
                829.3791905571787
              ],
              [
                -1.768734388955004,
                829.3757647559547
              ],
              [
                -1.7612165936701503,
                829.3732191056516
              ],
              [
                -1.7476742707676132,
                829.3687042729587
              ],
              [
                -1.7469693558519608,
                829.3683947543761
              ],
              [
                -1.7387426546484277,
                829.3656090567588
              ],
              [
                -1.7370062691281167,
                829.3648340864218
              ],
              [
                -1.7369268845254116,
                829.3648073975627
              ],
              [
                -1.735045270290256,
                829.3639588683826
              ],
              [
                -1.7308155957203366,
                829.3620711123004
              ],
              [
                -1.7215571162942027,
                829.3588546052015
              ],
              [
                -1.7155017319080597,
                829.3560782044153
              ],
              [
                -1.7086814236045047,
                829.3536641209977
              ],
              [
                -1.7059053223452336,
                829.3523660194852
              ],
              [
                -1.70431270586481,
                829.3517984543228
              ],
              [
                -1.702422161272935,
                829.3509080705815
              ],
              [
                -1.7016386265265342,
                829.3506277173664
              ],
              [
                -1.696335013658559,
                829.3481192952949
              ],
              [
                -1.6895509594537619,
                829.3456454153957
              ],
              [
                -1.687481842843918,
                829.3446469820828
              ],
              [
                -1.6873527555422454,
                829.344599737212
              ],
              [
                -1.6863317218779723,
                829.3441051453997
              ],
              [
                -1.682287193676154,
                829.3426156417338
              ],
              [
                -1.6808680307126531,
                829.3419236537318
              ],
              [
                -1.680036596413221,
                829.3416165980958
              ],
              [
                -1.6701067292449367,
                829.336760400546
              ],
              [
                -1.665285062635319,
                829.3349378381916
              ],
              [
                -1.6568033631369987,
                829.3306863726605
              ],
              [
                -1.651857539396,
                829.3287817833099
              ],
              [
                -1.642614536639832,
                829.3240562332835
              ],
              [
                -1.6306909517910435,
                829.3192561950931
              ],
              [
                -1.6219653015465179,
                829.3147188520034
              ],
              [
                -1.6209702042065106,
                829.3143172068375
              ],
              [
                -1.6082605537832264,
                829.3075923753722
              ],
              [
                -1.6069903746972698,
                829.3069318815251
              ],
              [
                -1.6016119327750686,
                829.3045702805956
              ],
              [
                -1.5915679143983397,
                829.3002915101947
              ],
              [
                -1.590390352700799,
                829.2996430369222
              ],
              [
                -1.579364217207286,
                829.2948016103146
              ],
              [
                -1.576336821748364,
                829.2931253245548
              ],
              [
                -1.5684326912848017,
                829.2895976133539
              ],
              [
                -1.5615484289227723,
                829.2857190624754
              ],
              [
                -1.5559133996859194,
                829.2831779003984
              ],
              [
                -1.553616021639641,
                829.2818534179113
              ],
              [
                -1.547941822822677,
                829.2792517911521
              ],
              [
                -1.5419316553410243,
                829.2757670929313
              ],
              [
                -1.5416882004938697,
                829.27565467889
              ],
              [
                -1.5410330189226167,
                829.2752719344929
              ],
              [
                -1.5326547876288028,
                829.271354283911
              ],
              [
                -1.5293443015642638,
                829.2693941444231
              ],
              [
                -1.527405428597239,
                829.2684809996215
              ],
              [
                -1.5253080483536088,
                829.267229564978
              ],
              [
                -1.5242120176047183,
                829.2667111810405
              ],
              [
                -1.5169491819122192,
                829.2623580048532
              ],
              [
                -1.5096670304021265,
                829.2588440691853
              ],
              [
                -1.5071995707532704,
                829.2573329865863
              ],
              [
                -1.506997073186826,
                829.2572348961493
              ],
              [
                -1.5062806597011196,
                829.2567943421868
              ],
              [
                -1.501125506031241,
                829.2542806742149
              ],
              [
                -1.4998935876369823,
                829.2535177320183
              ],
              [
                -1.4985124306365822,
                829.252842277742
              ],
              [
                -1.4860206091512087,
                829.2450812422225
              ],
              [
                -1.4807510686465135,
                829.2424398765592
              ],
              [
                -1.471610743902983,
                829.2366293441457
              ],
              [
                -1.4649186924409552,
                829.2332079858711
              ],
              [
                -1.4637543239727078,
                829.2324490536855
              ],
              [
                -1.4589881736420964,
                829.229970652803
              ],
              [
                -1.4400529902903094,
                829.217664206554
              ],
              [
                -1.4185502868396656,
                829.205758039659
              ],
              [
                -1.4136397662024587,
                829.2023882357945
              ],
              [
                -1.405943676500081,
                829.1980523064086
              ],
              [
                -1.3959957995718717,
                829.1911534081216
              ],
              [
                -1.395264240468234,
                829.1907292497742
              ],
              [
                -1.3894361666989161,
                829.1873780089769
              ],
              [
                -1.3892203496786688,
                829.1872249987621
              ],
              [
                -1.3827113676143246,
                829.1834510875877
              ],
              [
                -1.3776226083520566,
                829.1798107344152
              ],
              [
                -1.3757459295433376,
                829.1787144149665
              ],
              [
                -1.3736868254252093,
                829.1772293203994
              ],
              [
                -1.3654467875469067,
                829.1723503922564
              ],
              [
                -1.3617147586044536,
                829.1696190764384
              ],
              [
                -1.359480153854164,
                829.1682857646522
              ],
              [
                -1.3572361810990634,
                829.1666297161568
              ],
              [
                -1.3558650252175093,
                829.1658078769489
              ],
              [
                -1.3469456381242297,
                829.1591928086386
              ],
              [
                -1.3393377798051087,
                829.1545337244154
              ],
              [
                -1.3365669863693515,
                829.1524299873088
              ],
              [
                -1.3362898261692557,
                829.1522595493888
              ],
              [
                -1.335846007667793,
                829.1519210502951
              ],
              [
                -1.3297743989757198,
                829.1481608284378
              ],
              [
                -1.3287312850770876,
                829.1473590619605
              ],
              [
                -1.3268725814014628,
                829.1462042691816
              ],
              [
                -1.3151817853439676,
                829.1371869764391
              ],
              [
                -1.3118878743588982,
                829.1350930271449
              ],
              [
                -1.306559671641112,
                829.1309035811064
              ],
              [
                -1.2967188445130042,
                829.1245077829856
              ],
              [
                -1.2903158254725016,
                829.1194023143449
              ],
              [
                -1.2890290875483925,
                829.1185636220824
              ],
              [
                -1.2888617177058632,
                829.1184415517699
              ],
              [
                -1.2823356591089834,
                829.1131809204688
              ],
              [
                -1.2622220030600608,
                829.0985389715494
              ],
              [
                -1.2618236628002932,
                829.098205700022
              ],
              [
                -1.2542552975428067,
                829.0930119724364
              ],
              [
                -1.253217915754656,
                829.0921362906814
              ],
              [
                -1.252688583209412,
                829.0917691961329
              ],
              [
                -1.2425697843145356,
                829.083252501667
              ],
              [
                -1.23469067622717,
                829.0776663619839
              ],
              [
                -1.2339758313470859,
                829.0770499289948
              ],
              [
                -1.2273726060789467,
                829.0723261700559
              ],
              [
                -1.2234241644835182,
                829.0688874829902
              ],
              [
                -1.222542146664647,
                829.0682547348343
              ],
              [
                -1.2223153362196204,
                829.0680551537005
              ],
              [
                -1.219874148743264,
                829.0662944878718
              ],
              [
                -1.2165891407135054,
                829.0634077094189
              ],
              [
                -1.2086358788288645,
                829.0575870498461
              ],
              [
                -1.2046117325269923,
                829.0539931042146
              ],
              [
                -1.2021421625861493,
                829.0521705653376
              ],
              [
                -1.1998176729974253,
                829.0500752729306
              ],
              [
                -1.198218922929423,
                829.0488895590693
              ],
              [
                -1.188014834609742,
                829.0396411125083
              ],
              [
                -1.1802619311561533,
                829.0337546864511
              ],
              [
                -1.1772955970734595,
                829.0309951084635
              ],
              [
                -1.1769449488623498,
                829.030727670082
              ],
              [
                -1.1767296183047173,
                829.0305263353829
              ],
              [
                -1.1699740553890856,
                829.0253338210391
              ],
              [
                -1.169113641761901,
                829.0245223465406
              ],
              [
                -1.1668691441143675,
                829.0227911306124
              ],
              [
                -1.1561354499405239,
                829.0126283965704
              ],
              [
                -1.1546894025854761,
                829.011491402037
              ],
              [
                -1.1532898759028591,
                829.0101442153041
              ],
              [
                -1.1454023632098622,
                829.0038550806862
              ],
              [
                -1.1389435514789996,
                828.997593081573
              ],
              [
                -1.1385141002129333,
                828.9972469025219
              ],
              [
                -1.1314739395129614,
                828.9903510832834
              ],
              [
                -1.1267446435058797,
                828.9857658981693
              ],
              [
                -1.1100000879399727,
                828.9716724998121
              ],
              [
                -1.1074847824779495,
                828.9691190492231
              ],
              [
                -1.1020797919777054,
                828.9645565519618
              ],
              [
                -1.0947027871250832,
                828.9569504482021
              ],
              [
                -1.0910351764145247,
                828.953787753335
              ],
              [
                -1.0898883895055569,
                828.9525915391055
              ],
              [
                -1.0833421841543416,
                828.9468904666378
              ],
              [
                -1.0800651212718093,
                828.9434340003567
              ],
              [
                -1.0755121100038396,
                828.9394329340868
              ],
              [
                -1.0712306417833335,
                828.9348710961038
              ],
              [
                -1.0637023676592374,
                828.928147630834
              ],
              [
                -1.0595293991860233,
                828.9236195742924
              ],
              [
                -1.0568955266523536,
                828.9212454044325
              ],
              [
                -1.0545611763833838,
                828.9186857671796
              ],
              [
                -1.0527919288836187,
                828.9170822147169
              ],
              [
                -1.0417374886781956,
                828.9048855194732
              ],
              [
                -1.034025975797122,
                828.8977115058237
              ],
              [
                -1.0311345075445404,
                828.8943944824281
              ],
              [
                -1.030562295209721,
                828.893859462227
              ],
              [
                -1.03047552855468,
                828.8937697761017
              ],
              [
                -1.0233473525717847,
                828.8870470408399
              ],
              [
                -1.0226570841427862,
                828.886250179529
              ],
              [
                -1.0201354299716465,
                828.8838626603514
              ],
              [
                -1.0124671826261216,
                828.8749706948851
              ],
              [
                -1.006455572226988,
                828.8691422700049
              ],
              [
                -0.9905335866768933,
                828.850394264372
              ],
              [
                -0.9791189821347326,
                828.8388065549933
              ],
              [
                -0.9789547117337316,
                828.8386234495246
              ],
              [
                -0.9739402612355609,
                828.8324375435001
              ],
              [
                -0.9634333388958789,
                828.821604320111
              ],
              [
                -0.9576759058917503,
                828.8143445653044
              ],
              [
                -0.9519336188926737,
                828.8082879157678
              ],
              [
                -0.9494810847283289,
                828.8051488314101
              ],
              [
                -0.943992789306658,
                828.7993011377623
              ],
              [
                -0.9389920310892007,
                828.7928253874607
              ],
              [
                -0.9320144367409282,
                828.7852540525856
              ],
              [
                -0.9278467913561497,
                828.7797422398479
              ],
              [
                -0.9251287306519826,
                828.7767618604564
              ],
              [
                -0.9228584673262354,
                828.7737227317298
              ],
              [
                -0.9209845845312399,
                828.771655220671
              ],
              [
                -0.9102410389837635,
                828.7571692264228
              ],
              [
                -0.9072725357380444,
                828.7538195263031
              ],
              [
                -0.9052645287483514,
                828.7510506223331
              ],
              [
                -0.9018588820498807,
                828.7471685055732
              ],
              [
                -0.9003059700614245,
                828.7450053173015
              ],
              [
                -0.8913833808618015,
                828.7347048807941
              ],
              [
                -0.8908458468084828,
                828.7339407216303
              ],
              [
                -0.8881692931585285,
                828.730837036844
              ],
              [
                -0.8842903880919135,
                828.7252937811904
              ],
              [
                -0.8811794912300397,
                828.721630725995
              ],
              [
                -0.8635459548484279,
                828.696253368344
              ],
              [
                -0.8529533723361102,
                828.6831861897963
              ],
              [
                -0.8495528783919141,
                828.6780083425417
              ],
              [
                -0.8396905547796685,
                828.665572583203
              ],
              [
                -0.8362685593994253,
                828.660244155862
              ],
              [
                -0.8343453195533563,
                828.6577825338366
              ],
              [
                -0.8326253061815447,
                828.6550854046523
              ],
              [
                -0.826530578586993,
                828.6471930146702
              ],
              [
                -0.8211302783619664,
                828.6386070468681
              ],
              [
                -0.8148152295526909,
                828.6302552406914
              ],
              [
                -0.8108146463041469,
                828.623733260796
              ],
              [
                -0.8081013987116601,
                828.6201011232341
              ],
              [
                -0.805971158642662,
                828.6165775679049
              ],
              [
                -0.8040662666516234,
                828.6140091183829
              ],
              [
                -0.7954160415205289,
                828.5995770896461
              ],
              [
                -0.7926048136873314,
                828.5957005992016
              ],
              [
                -0.7903118290468251,
                828.591784762909
              ],
              [
                -0.7882026212513684,
                828.5888466610722
              ],
              [
                -0.7866604235052554,
                828.586184982872
              ],
              [
                -0.7845189381593516,
                828.5831815417091
              ],
              [
                -0.7832709851421737,
                828.5810121474808
              ],
              [
                -0.7754223209455986,
                828.5698544754563
              ],
              [
                -0.7750171464366201,
                828.5691338586886
              ],
              [
                -0.7723178407900266,
                828.5652763419334
              ],
              [
                -0.7714221550318376,
                828.5636731209376
              ],
              [
                -0.7707471350390123,
                828.5627016638566
              ],
              [
                -0.7529292747636531,
                828.5308819929633
              ],
              [
                -0.7431140834464032,
                828.5159366461256
              ],
              [
                -0.7413476471055404,
                828.5125519887695
              ],
              [
                -0.7389638839160693,
                828.508869914384
              ],
              [
                -0.7385926103513331,
                828.5081518413954
              ],
              [
                -0.7320782930164915,
                828.4980083248973
              ],
              [
                -0.7294329556117751,
                828.4928169559723
              ],
              [
                -0.7242100725693403,
                828.48451306475
              ],
              [
                -0.7187660414610961,
                828.4736703542418
              ],
              [
                -0.7132111149858529,
                828.4646143950125
              ],
              [
                -0.7095435082464127,
                828.4570799758803
              ],
              [
                -0.7069322531139404,
                828.4527607904176
              ],
              [
                -0.7050186660754519,
                828.4487581802667
              ],
              [
                -0.703162962560004,
                828.4456621259958
              ],
              [
                -0.6965085424727209,
                828.4315925368287
              ],
              [
                -0.6939074676865331,
                828.4271505606953
              ],
              [
                -0.6915413827776211,
                828.4220190853598
              ],
              [
                -0.6904956349348232,
                828.4202142297613
              ],
              [
                -0.6894438718694349,
                828.4179066497692
              ],
              [
                -0.6874821343649444,
                828.4144964396402
              ],
              [
                -0.6863262134766683,
                828.4119402425008
              ],
              [
                -0.6761925301766716,
                828.3938432060127
              ],
              [
                -0.6749116656599857,
                828.3909254340714
              ],
              [
                -0.6737636816742716,
                828.3888706151664
              ],
              [
                -0.6649698010925257,
                828.3685490144651
              ],
              [
                -0.6613530127634872,
                828.3619039489114
              ],
              [
                -0.6563180944862267,
                828.3496274077298
              ],
              [
                -0.6505362561428794,
                828.338548864321
              ],
              [
                -0.6494820095765874,
                828.3359164199446
              ],
              [
                -0.641663480205865,
                828.3205728685541
              ],
              [
                -0.6408527175707527,
                828.3184927663699
              ],
              [
                -0.6379760540936832,
                828.3127634035703
              ],
              [
                -0.6328724147867801,
                828.2995734070224
              ],
              [
                -0.6281612431429144,
                828.2898951769693
              ],
              [
                -0.6249931998907754,
                828.2813705794753
              ],
              [
                -0.6225884198764013,
                828.2763405512077
              ],
              [
                -0.6209675404726388,
                828.2718745073882
              ],
              [
                -0.6192464262341404,
                828.2682355170739
              ],
              [
                -0.6153737648576187,
                828.2574121535953
              ],
              [
                -0.6152004815535521,
                828.2570403954813
              ],
              [
                -0.6143387811353638,
                828.2545850069508
              ],
              [
                -0.6121218306211307,
                828.2497769686421
              ],
              [
                -0.6099079722045295,
                828.2434039915494
              ],
              [
                -0.6096657377007091,
                828.2428725263242
              ],
              [
                -0.6090162669170323,
                828.2409774489006
              ],
              [
                -0.607298669031016,
                828.237179162316
              ],
              [
                -0.6068876458609461,
                828.2359687046783
              ],
              [
                -0.5984010328252962,
                828.2166364481677
              ],
              [
                -0.5958024295619071,
                828.2087115351252
              ],
              [
                -0.5935128542705617,
                828.2034206019116
              ],
              [
                -0.583786457391005,
                828.1727749583489
              ],
              [
                -0.5784929170637856,
                828.1598678241622
              ],
              [
                -0.5775658577121368,
                828.1566971892306
              ],
              [
                -0.5745381156292388,
                828.1490418424496
              ],
              [
                -0.5742771956605153,
                828.1481381876578
              ],
              [
                -0.5686247704036047,
                828.1335298924506
              ],
              [
                -0.564356792334919,
                828.1182902658957
              ],
              [
                -0.5640945549893561,
                828.1176001653845
              ],
              [
                -0.5640012094243345,
                828.1172528172785
              ],
              [
                -0.5604684908920379,
                828.107746948466
              ],
              [
                -0.5579637628790195,
                828.098278846372
              ],
              [
                -0.5558761835145862,
                828.0925268941314
              ],
              [
                -0.554622265625454,
                828.0876230875933
              ],
              [
                -0.553124819792296,
                828.0834380068527
              ],
              [
                -0.5502543196211829,
                828.0719783277983
              ],
              [
                -0.5498842148533738,
                828.0709237257779
              ],
              [
                -0.5496329526578391,
                828.0698918482451
              ],
              [
                -0.5480279387620999,
                828.0652715361626
              ],
              [
                -0.5459704098779864,
                828.0567397323138
              ],
              [
                -0.5381010388489376,
                828.0327406548157
              ],
              [
                -0.5352675048913441,
                828.0200725573277
              ],
              [
                -0.5344506303057694,
                828.0175274439658
              ],
              [
                -0.534322381163829,
                828.0169250102141
              ],
              [
                -0.5323845570732368,
                828.010819371394
              ],
              [
                -0.5268487402740468,
                827.984360639967
              ],
              [
                -0.5223460453093982,
                827.9682829121418
              ],
              [
                -0.5215550471242765,
                827.965543415798
              ],
              [
                -0.5215067025175826,
                827.9652858792394
              ],
              [
                -0.5167965809471897,
                827.9484674953101
              ],
              [
                -0.5158971991339201,
                827.9434375006307
              ],
              [
                -0.5158324958291414,
                827.9432055557899
              ],
              [
                -0.5149611564268969,
                827.9382024716735
              ],
              [
                -0.5135943984723474,
                827.9305585710098
              ],
              [
                -0.5107718826520349,
                827.9198892017969
              ],
              [
                -0.5090879516104289,
                827.9095480567562
              ],
              [
                -0.5074332793686047,
                827.9030769850631
              ],
              [
                -0.506617607368217,
                827.8977708072964
              ],
              [
                -0.505434930450253,
                827.893049296376
              ],
              [
                -0.5053646500273504,
                827.89257550425
              ],
              [
                -0.5053610206907315,
                827.892561015126
              ],
              [
                -0.5037373074179828,
                827.8816148293778
              ],
              [
                -0.502237092115065,
                827.8753939968079
              ],
              [
                -0.501120325846086,
                827.8674081461867
              ],
              [
                -0.49585716350389175,
                827.8438777228201
              ],
              [
                -0.49359408415608386,
                827.8256091043199
              ],
              [
                -0.4924839595982158,
                827.8203944378338
              ],
              [
                -0.4924193147724934,
                827.8198033658422
              ],
              [
                -0.4910027862533741,
                827.8130329922901
              ],
              [
                -0.48872905322330334,
                827.7914935460576
              ],
              [
                -0.48297004457770876,
                827.7592849974541
              ],
              [
                -0.4822480250441894,
                827.7503691800822
              ],
              [
                -0.4816638812056757,
                827.7470151245298
              ],
              [
                -0.4808868350775761,
                827.7363629148651
              ],
              [
                -0.47954055795618666,
                827.7280953275155
              ],
              [
                -0.4788253488091199,
                827.7169742807756
              ],
              [
                -0.47772279717485566,
                827.7098018696036
              ],
              [
                -0.4774134511985345,
                827.7041538055473
              ],
              [
                -0.4765621281527985,
                827.6984146517528
              ],
              [
                -0.4760608641509921,
                827.6882111885925
              ],
              [
                -0.4751860241034609,
                827.6819553209763
              ],
              [
                -0.47488005844111614,
                827.6745408721249
              ],
              [
                -0.4720649546987412,
                827.6518160585395
              ],
              [
                -0.4714326758888157,
                827.6279146213991
              ],
              [
                -0.4705712859412048,
                827.6200386086446
              ],
              [
                -0.4705647131105986,
                827.6194197704508
              ],
              [
                -0.46978996592104516,
                827.6120804631477
              ],
              [
                -0.46967376766884816,
                827.5950966740888
              ],
              [
                -0.46745750075028925,
                827.5677292273981
              ],
              [
                -0.4676533286544838,
                827.5549501519416
              ],
              [
                -0.46717546046071745,
                827.548399251026
              ],
              [
                -0.4674133175462495,
                827.5395244626466
              ],
              [
                -0.46706934274152245,
                827.5341758735011
              ],
              [
                -0.46731574872093706,
                827.5269178962343
              ],
              [
                -0.4671421575031012,
                827.5240902236578
              ],
              [
                -0.4673131402603947,
                827.5197415049741
              ],
              [
                -0.46702875416166134,
                827.5145491603979
              ],
              [
                -0.4672627827794573,
                827.5091221280722
              ],
              [
                -0.4669315814971924,
                827.5023803710938
              ],
              [
                -0.46739032171891487,
                827.4930424993622
              ],
              [
                -0.46713273619276285,
                827.4868004436561
              ],
              [
                -0.4675189332127871,
                827.4799671129803
              ],
              [
                -0.4669471893060282,
                827.4583540194633
              ],
              [
                -0.46857971947407556,
                827.4351882123964
              ],
              [
                -0.46848175646127044,
                827.4208697255552
              ],
              [
                -0.4699629667482645,
                827.4042308783071
              ],
              [
                -0.4704021855158762,
                827.3755689274155
              ],
              [
                -0.4722501003174964,
                827.3590571730709
              ],
              [
                -0.4725108796920674,
                827.3493271212717
              ],
              [
                -0.4736489122660236,
                827.3403722728436
              ],
              [
                -0.47379708511958296,
                827.336007787837
              ],
              [
                -0.474844849800005,
                827.3281825050308
              ],
              [
                -0.4750443476091324,
                827.3231085439857
              ],
              [
                -0.4750498312364517,
                827.3230475088294
              ],
              [
                -0.4753937349613286,
                827.3205685197796
              ],
              [
                -0.47545337998777804,
                827.3191853748905
              ],
              [
                -0.47618463314503257,
                827.3140301778438
              ],
              [
                -0.4765621281527985,
                827.3063460904347
              ],
              [
                -0.47780492399081426,
                827.297967841443
              ],
              [
                -0.47815403718334615,
                827.2917906682279
              ],
              [
                -0.4791259412381102,
                827.2855360078291
              ],
              [
                -0.48055178720481617,
                827.2653030754042
              ],
              [
                -0.48431693526781344,
                827.2429887564431
              ],
              [
                -0.4854315014931929,
                827.2304685239448
              ],
              [
                -0.48845566687231673,
                827.2142548619834
              ],
              [
                -0.49177690894212867,
                827.1845784217452
              ],
              [
                -0.49599070467967,
                827.1645711848485
              ],
              [
                -0.49761724064627133,
                827.1517724448325
              ],
              [
                -0.49964729465123925,
                827.1429442078506
              ],
              [
                -0.5001031274019312,
                827.1395397982029
              ],
              [
                -0.5010808331500802,
                827.1354061312211
              ],
              [
                -0.5015568868263014,
                827.131974554983
              ],
              [
                -0.5026705492332227,
                827.1273094573371
              ],
              [
                -0.5029161394784085,
                827.1255780923589
              ],
              [
                -0.5040952119857159,
                827.1207331162007
              ],
              [
                -0.5053610206907315,
                827.1121997270615
              ],
              [
                -0.5072033175308059,
                827.1048448657997
              ],
              [
                -0.5081448106411468,
                827.0987859141532
              ],
              [
                -0.509608242982023,
                827.0930986862953
              ],
              [
                -0.512751362585872,
                827.0744708469117
              ],
              [
                -0.51848527192852,
                827.0532551135645
              ],
              [
                -0.5204810276111453,
                827.0425551339209
              ],
              [
                -0.5249947640913791,
                827.0268589833654
              ],
              [
                -0.5313843061733745,
                826.9965212332563
              ],
              [
                -0.5386433980863934,
                826.9733591418097
              ],
              [
                -0.5422456251807293,
                826.9576938864157
              ],
              [
                -0.5451442570658959,
                826.9491092613407
              ],
              [
                -0.5457281137732117,
                826.9466407587287
              ],
              [
                -0.5459634434276621,
                826.9459568521514
              ],
              [
                -0.546348459147951,
                826.9443440331147
              ],
              [
                -0.5486570432841428,
                826.9376222312733
              ],
              [
                -0.5491545025008635,
                826.935578100798
              ],
              [
                -0.5507317693238533,
                826.9310695452808
              ],
              [
                -0.5530509100327745,
                826.9218110165848
              ],
              [
                -0.5553045727643074,
                826.9155124511979
              ],
              [
                -0.5568190174530501,
                826.9096269778607
              ],
              [
                -0.5586914973651986,
                826.9044901947657
              ],
              [
                -0.5632444167207955,
                826.8876441797299
              ],
              [
                -0.5707487057719787,
                826.867753381992
              ],
              [
                -0.5733101581701125,
                826.8588461401407
              ],
              [
                -0.5792637090657902,
                826.8437490791787
              ],
              [
                -0.5888586598114405,
                826.8131337998492
              ],
              [
                -0.5997946422161987,
                826.7872559852774
              ],
              [
                -0.605953563173792,
                826.7690156465999
              ],
              [
                -0.6084818929453766,
                826.7634328749858
              ],
              [
                -0.6090078578289335,
                826.761901446407
              ],
              [
                -0.6101878553886934,
                826.7593101761825
              ],
              [
                -0.6102238736558552,
                826.75920550119
              ],
              [
                -0.6115882694380453,
                826.7562348721717
              ],
              [
                -0.6129147523328193,
                826.7533219206998
              ],
              [
                -0.6137264536202489,
                826.7510017043202
              ],
              [
                -0.6156549350882142,
                826.7468444877506
              ],
              [
                -0.6191725164746189,
                826.7370135063636
              ],
              [
                -0.6216508361679896,
                826.7317735396267
              ],
              [
                -0.6237124239450684,
                826.7261179760217
              ],
              [
                -0.6259220304208868,
                826.721511488371
              ],
              [
                -0.6315581610266772,
                826.7065724137778
              ],
              [
                -0.6406032430584082,
                826.6882038087515
              ],
              [
                -0.6434363002321897,
                826.6810197201947
              ],
              [
                -0.6507858413154296,
                826.6665955136123
              ],
              [
                -0.6636692767903145,
                826.6361094409463
              ],
              [
                -0.6783239643818975,
                826.6092155184275
              ],
              [
                -0.6881094194146435,
                826.5876083842628
              ],
              [
                -0.6925980181279331,
                826.5798564976886
              ],
              [
                -0.6929568703793592,
                826.579075187071
              ],
              [
                -0.695480078509354,
                826.5747658785402
              ],
              [
                -0.6960147175441389,
                826.5736133602034
              ],
              [
                -0.6982526350570346,
                826.5698126436072
              ],
              [
                -0.7030890528004825,
                826.5595868974417
              ],
              [
                -0.7056115903922773,
                826.5553782977275
              ],
              [
                -0.7081870295436883,
                826.5500091386597
              ],
              [
                -0.710670835741302,
                826.5459116846309
              ],
              [
                -0.7170529439926898,
                826.5329510033133
              ],
              [
                -0.7273821220600434,
                826.516267681657
              ],
              [
                -0.7302188530423841,
                826.5107003144915
              ],
              [
                -0.7426306790005354,
                826.4912014161426
              ],
              [
                -0.7613473641896509,
                826.4568530154595
              ],
              [
                -0.7765923959179357,
                826.4346182573347
              ],
              [
                -0.7854376848169042,
                826.4193049884431
              ],
              [
                -0.7860973997170225,
                826.4183814701515
              ],
              [
                -0.7878986559789507,
                826.4152706698494
              ],
              [
                -0.793070109608841,
                826.4080949057661
              ],
              [
                -0.7931144243601318,
                826.4080192219834
              ],
              [
                -0.7942272817404911,
                826.4064892461557
              ],
              [
                -0.7979402496419168,
                826.4013372359829
              ],
              [
                -0.8039923568921017,
                826.3912399050546
              ],
              [
                -0.8063894870950781,
                826.3880077491356
              ],
              [
                -0.8094371517512529,
                826.3829801162085
              ],
              [
                -0.8121393764394964,
                826.3793707738588
              ],
              [
                -0.8189282405173677,
                826.3684056416524
              ],
              [
                -0.8302627027242051,
                826.3535320733359
              ],
              [
                -0.8328650599023284,
                826.3494437870311
              ],
              [
                -0.8504306826775748,
                826.3269257004607
              ],
              [
                -0.8767485515523419,
                826.2885412969895
              ],
              [
                -0.8901065568759731,
                826.2727816677143
              ],
              [
                -0.8975668085991453,
                826.2623382490126
              ],
              [
                -0.9007336321927091,
                826.2587040200053
              ],
              [
                -0.9043319080016736,
                826.2537111533647
              ],
              [
                -0.9146131280327167,
                826.2420850615819
              ],
              [
                -0.9209106747717184,
                826.2335938027664
              ],
              [
                -0.9230277052418953,
                826.2312580195892
              ],
              [
                -0.9264971103995012,
                826.226623959728
              ],
              [
                -0.929367135991933,
                826.2234829777747
              ],
              [
                -0.9362301475757766,
                826.2144770390908
              ],
              [
                -0.9482747563255265,
                826.201495401234
              ],
              [
                -0.9504372499851659,
                826.1987232126211
              ],
              [
                -0.9708612241122937,
                826.1771517839887
              ],
              [
                -0.9743556591008741,
                826.1733854939848
              ],
              [
                -1.0087006571516324,
                826.1328656391396
              ],
              [
                -1.019086699778889,
                826.1228827029606
              ],
              [
                -1.024296418541105,
                826.1169040589073
              ],
              [
                -1.0305119092144877,
                826.1110257258732
              ],
              [
                -1.0362547927794294,
                826.1045316238869
              ],
              [
                -1.0464137066773755,
                826.0951225456196
              ],
              [
                -1.0527180191240972,
                826.0881668087206
              ],
              [
                -1.0544187756807044,
                826.0866253328304
              ],
              [
                -1.0582504378921542,
                826.0824319270679
              ],
              [
                -1.061240843472891,
                826.0797409412997
              ],
              [
                -1.067860316031369,
                826.0726064965583
              ],
              [
                -1.080310055958314,
                826.0615539257875
              ],
              [
                -1.081861403937793,
                826.0599154203716
              ],
              [
                -1.0983726042706465,
                826.0455184427419
              ],
              [
                -1.114114158035267,
                826.0315434811728
              ],
              [
                -1.1166515542386735,
                826.0291045672121
              ],
              [
                -1.1367504912477349,
                826.009339071236
              ],
              [
                -1.1396795830504602,
                826.0069703097083
              ],
              [
                -1.1558298527788624,
                825.9914468694761
              ],
              [
                -1.1622864435789675,
                825.9863992660947
              ],
              [
                -1.1644475649959563,
                825.9843553741345
              ],
              [
                -1.1741865887255587,
                825.9767806579215
              ],
              [
                -1.1823593549496216,
                825.9692111285568
              ],
              [
                -1.1920567444995533,
                825.9618775494419
              ],
              [
                -1.1981450131699014,
                825.9563594643682
              ],
              [
                -1.1993148009928476,
                825.9554918905903
              ],
              [
                -1.2034405275932094,
                825.9517792598901
              ],
              [
                -1.2065052777650582,
                825.9495209332807
              ],
              [
                -1.2125862349600471,
                825.9441224100871
              ],
              [
                -1.2251331593873351,
                825.934989296493
              ],
              [
                -1.2259369650238672,
                825.9342884163913
              ],
              [
                -1.2357826134403052,
                825.9272373829348
              ],
              [
                -1.2538937264148813,
                825.9140540045642
              ],
              [
                -1.25481691651357,
                825.9132727670403
              ],
              [
                -1.2575651791282985,
                825.9113814934734
              ],
              [
                -1.2607159300834518,
                825.9090880097956
              ],
              [
                -1.2875524080921719,
                825.8873853043402
              ],
              [
                -1.2964176144515984,
                825.881538826179
              ],
              [
                -1.3166042929333328,
                825.8657573790161
              ],
              [
                -1.3317841507728243,
                825.8562097320186
              ],
              [
                -1.3411970342725885,
                825.8490913084995
              ],
              [
                -1.3501233623610227,
                825.8436446386692
              ],
              [
                -1.3557911154579882,
                825.8394411464886
              ],
              [
                -1.3563389879408798,
                825.8391127643598
              ],
              [
                -1.360682618801195,
                825.8359120672056
              ],
              [
                -1.3637755356726022,
                825.8340692201101
              ],
              [
                -1.3690527721898138,
                825.8302278324574
              ],
              [
                -1.4138096407758007,
                825.803858646598
              ],
              [
                -1.4187855576364883,
                825.8004343668441
              ],
              [
                -1.4224952514707312,
                825.798392408424
              ],
              [
                -1.4494574321319218,
                825.7806112317629
              ],
              [
                -1.4613437175820276,
                825.7743320914469
              ],
              [
                -1.4796865036802727,
                825.7627155122015
              ],
              [
                -1.4834806688626252,
                825.7607974547241
              ],
              [
                -1.489350063734605,
                825.7571057923304
              ],
              [
                -1.5030744759257553,
                825.7503168775195
              ],
              [
                -1.5111930274471224,
                825.7453630970624
              ],
              [
                -1.5187689904118458,
                825.7417197487945
              ],
              [
                -1.5284770040018403,
                825.7359354405212
              ],
              [
                -1.531550630867246,
                825.7344897620208
              ],
              [
                -1.535794862996876,
                825.731989208488
              ],
              [
                -1.583305065672156,
                825.7098764907169
              ],
              [
                -1.5931581301677844,
                825.7044529843819
              ],
              [
                -1.5955870251744388,
                825.7034156921735
              ],
              [
                -1.6209430919269332,
                825.6900209018777
              ],
              [
                -1.6343823329067475,
                825.6845124088283
              ],
              [
                -1.6518416676502627,
                825.6756862228439
              ],
              [
                -1.6617619603527984,
                825.6718205602758
              ],
              [
                -1.6722686109892806,
                825.6666233427101
              ],
              [
                -1.6841369705193268,
                825.6621928098845
              ],
              [
                -1.690661901568482,
                825.659054912254
              ],
              [
                -1.6962485453176566,
                825.657024199537
              ],
              [
                -1.7052233324340706,
                825.652802913952
              ],
              [
                -1.7082282745107822,
                825.6517333655657
              ],
              [
                -1.7112512281483803,
                825.6503263894457
              ],
              [
                -1.7255152130938527,
                825.6452997935747
              ],
              [
                -1.7273486868375914,
                825.6444625335686
              ],
              [
                -1.7460937181037586,
                825.6380479751867
              ],
              [
                -1.7578541314159477,
                825.6339036322684
              ],
              [
                -1.7702922988360685,
                825.6288054605127
              ],
              [
                -1.7762075513797164,
                825.6262792725313
              ],
              [
                -1.7772651981314738,
                825.6259473997517
              ],
              [
                -1.8003968246740154,
                825.6164661794787
              ],
              [
                -1.8153496196246448,
                825.6119717147667
              ],
              [
                -1.8315803934866177,
                825.6056470329403
              ],
              [
                -1.8480979354965141,
                825.6009851564081
              ],
              [
                -1.863455465958765,
                825.5952520942557
              ],
              [
                -1.8731370997102657,
                825.5927262322737
              ],
              [
                -1.8778243044285823,
                825.5910224604464
              ],
              [
                -1.8812353728713203,
                825.5901549863053
              ],
              [
                -1.8892358735480512,
                825.5873073698224
              ],
              [
                -1.8896484755042635,
                825.5872045394397
              ],
              [
                -1.8897043776288542,
                825.5871846112658
              ],
              [
                -1.8921877606830013,
                825.5865647666717
              ],
              [
                -1.8937789928437487,
                825.5860040200753
              ],
              [
                -1.9095723045970634,
                825.5821055271664
              ],
              [
                -1.9139694547628787,
                825.580600820343
              ],
              [
                -1.9141814088797,
                825.5805397851867
              ],
              [
                -1.9408020514503659,
                825.5742636120515
              ],
              [
                -1.9861311399167212,
                825.5606387352835
              ],
              [
                -2.0025107807538682,
                825.5574039977138
              ],
              [
                -2.017230594394128,
                825.553249508279
              ],
              [
                -2.0364475866439067,
                825.5497805104241
              ],
              [
                -2.0522670355319472,
                825.5455867112926
              ],
              [
                -2.0563577881527593,
                825.5449253979175
              ],
              [
                -2.0609200738634352,
                825.5437351335135
              ],
              [
                -2.0681609798807714,
                825.5426176433496
              ],
              [
                -2.0708246059833275,
                825.5419402524368
              ],
              [
                -2.071201363853889,
                825.5418835347452
              ],
              [
                -2.0794835162268597,
                825.5398163355801
              ],
              [
                -2.0993975695647276,
                825.5368725938778
              ],
              [
                -2.1042646143836437,
                825.5357251228556
              ],
              [
                -2.119598402916945,
                825.5336603630951
              ],
              [
                -2.132030020124974,
                825.530986030945
              ],
              [
                -2.1440862185538734,
                825.5294449360856
              ],
              [
                -2.1763994878362816,
                825.5230635418176
              ],
              [
                -2.194071125526553,
                825.5213267487132
              ],
              [
                -2.2070651898673503,
                825.518981096452
              ],
              [
                -2.226982631742881,
                825.5173420895053
              ],
              [
                -2.247391142352114,
                825.514042838174
              ],
              [
                -2.257237207732383,
                825.513437479382
              ],
              [
                -2.2626065186774023,
                825.5126088327797
              ],
              [
                -2.2640313520515005,
                825.5125360450651
              ],
              [
                -2.2729821453931396,
                825.5112129179658
              ],
              [
                -2.292951938798212,
                825.5102352188387
              ],
              [
                -2.2948501145952926,
                825.5099728576816
              ],
              [
                -2.295769244946163,
                825.5099382108814
              ],
              [
                -2.2978124105872624,
                825.5096630899488
              ],
              [
                -2.2992489159086253,
                825.5096111189282
              ],
              [
                -2.3001268497622975,
                825.5094988962109
              ],
              [
                -2.325263206507861,
                825.5084330087227
              ],
              [
                -2.3694126829063586,
                825.5040939368431
              ],
              [
                -2.388194500977525,
                825.5040759594866
              ],
              [
                -2.3993181725036634,
                825.5031605921911
              ],
              [
                -2.4196355713459186,
                825.5034528537036
              ],
              [
                -2.4446759810470358,
                825.501913311604
              ],
              [
                -2.4550144945701002,
                825.5023008143063
              ],
              [
                -2.4683494567871094,
                825.5016479492188
              ],
              [
                -2.4881955687235027,
                825.5026846625582
              ],
              [
                -2.493966088363059,
                825.5024671416794
              ],
              [
                -2.517884755685981,
                825.5039518241161
              ],
              [
                -2.563355728472032,
                825.5039083007531
              ],
              [
                -2.5830221011314247,
                825.5058031345981
              ],
              [
                -2.5922010369483646,
                825.5059351716608
              ],
              [
                -2.612615969707466,
                825.5082079495409
              ],
              [
                -2.6421946492414063,
                825.5093166019816
              ],
              [
                -2.65302502774046,
                825.5108023551558
              ],
              [
                -2.655720974493544,
                825.5109297683626
              ],
              [
                -2.6561451995625025,
                825.5109902807644
              ],
              [
                -2.6624701460704348,
                825.511296323772
              ],
              [
                -2.6645389917473543,
                825.511598525576
              ],
              [
                -2.665479032398623,
                825.5116447068118
              ],
              [
                -2.6686093571296743,
                825.5121090466221
              ],
              [
                -2.676790686204817,
                825.5125364196518
              ],
              [
                -2.6901398970147845,
                825.5146440662685
              ],
              [
                -2.6928407181342235,
                825.5148117119666
              ],
              [
                -2.716400847648061,
                825.5186540333109
              ],
              [
                -2.7564048840433344,
                825.5225083791737
              ],
              [
                -2.7766914180587716,
                825.5264743359198
              ],
              [
                -2.7839194181353872,
                825.5272790232967
              ],
              [
                -2.804136566728387,
                825.5315324200128
              ],
              [
                -2.838017960721887,
                825.5361804005684
              ],
              [
                -2.846126388683585,
                825.5381234807965
              ],
              [
                -2.853760561160307,
                825.5392386247245
              ],
              [
                -2.8571709869099213,
                825.5400795221875
              ],
              [
                -2.8596253957717592,
                825.5404435993498
              ],
              [
                -2.869989885119792,
                825.5430397687805
              ],
              [
                -2.882932831638296,
                825.5450832721626
              ],
              [
                -2.9131208370072534,
                825.5531458794197
              ],
              [
                -2.9467448148113156,
                825.5597192665495
              ],
              [
                -2.9673551010686747,
                825.5658712475079
              ],
              [
                -2.9726897840401767,
                825.5669935879273
              ],
              [
                -2.992428976784378,
                825.5731830099195
              ],
              [
                -3.0302332880076825,
                825.5822423257356
              ],
              [
                -3.035293324930599,
                825.5839985613752
              ],
              [
                -3.0414595912498306,
                825.5855189573857
              ],
              [
                -3.0461073075772545,
                825.5871548865686
              ],
              [
                -3.050014106248427,
                825.5881334886918
              ],
              [
                -3.067361098913401,
                825.594340341915
              ],
              [
                -3.0845611227543714,
                825.59893412131
              ],
              [
                -3.1021785939531705,
                825.6056738859246
              ],
              [
                -3.1041570548442405,
                825.6062216796805
              ],
              [
                -3.109053416312511,
                825.6081668918443
              ],
              [
                -3.132585662121408,
                825.6151910508646
              ],
              [
                -3.153199496500609,
                825.6235942199078
              ],
              [
                -3.1567560276541444,
                825.6247094059452
              ],
              [
                -3.170524440183479,
                825.6305361022656
              ],
              [
                -3.178670705080216,
                825.6333438660796
              ],
              [
                -3.181015259819694,
                825.6343727554207
              ],
              [
                -3.1842688994084436,
                825.6354537461676
              ],
              [
                -3.187046887378346,
                825.6366691285792
              ],
              [
                -3.187667645670385,
                825.6368845811248
              ],
              [
                -3.2038511971267694,
                825.6424099057848
              ],
              [
                -3.2047401353665705,
                825.6428100941829
              ],
              [
                -3.216963243190187,
                825.647052485674
              ],
              [
                -3.2191522840259443,
                825.6480642250436
              ],
              [
                -3.2238135269915764,
                825.6497049154083
              ],
              [
                -3.2285109710619975,
                825.6518885576107
              ],
              [
                -3.230555947581019,
                825.6526144716669
              ],
              [
                -3.2316162686539402,
                825.6531117814036
              ],
              [
                -3.2348116164696825,
                825.6542550951336
              ],
              [
                -3.2455723731483705,
                825.6593445540046
              ],
              [
                -3.2477265523066245,
                825.6601291961304
              ],
              [
                -3.2554780874911087,
                825.6638650832167
              ],
              [
                -3.268405814813666,
                825.6687459172546
              ],
              [
                -3.272979025400941,
                825.6710155397317
              ],
              [
                -3.279480135866735,
                825.6735026137152
              ],
              [
                -3.2959098462220138,
                825.6817696748407
              ],
              [
                -3.3121798743821627,
                825.6884021040362
              ],
              [
                -3.330394553143859,
                825.6979797751559
              ],
              [
                -3.3310723045700676,
                825.6982639376968
              ],
              [
                -3.3329503863353245,
                825.6992736317935
              ],
              [
                -3.334405803827636,
                825.699889554343
              ],
              [
                -3.3463440624803273,
                825.7063623694933
              ],
              [
                -3.352137125690171,
                825.708896861079
              ],
              [
                -3.3545539320666538,
                825.7102543109214
              ],
              [
                -3.3752211366225033,
                825.7195584167791
              ],
              [
                -3.3803247626623096,
                825.7224603403234
              ],
              [
                -3.399118599317061,
                825.731196796628
              ],
              [
                -3.403111218973231,
                825.7335460109625
              ],
              [
                -3.4069544826737417,
                825.7353485710622
              ],
              [
                -3.4094392162650378,
                825.7368245606789
              ],
              [
                -3.410831515134722,
                825.7374809514873
              ],
              [
                -3.411035423192463,
                825.737602748387
              ],
              [
                -3.412238225391498,
                825.7381716314595
              ],
              [
                -3.4228384298146035,
                825.744525149483
              ],
              [
                -3.4274615192244884,
                825.746753268122
              ],
              [
                -3.4355247641701996,
                825.7516847884433
              ],
              [
                -3.4468913776415215,
                825.7573258847654
              ],
              [
                -3.4502258489087776,
                825.7594180203849
              ],
              [
                -3.4533551320142273,
                825.7609926053382
              ],
              [
                -3.468846190665144,
                825.7707806336018
              ],
              [
                -3.4838386401401564,
                825.778663987035
              ],
              [
                -3.4841492995487258,
                825.7788470925037
              ],
              [
                -3.4986516389329263,
                825.7883579196413
              ],
              [
                -3.500608526702003,
                825.7894099814125
              ],
              [
                -3.514998578305789,
                825.7990359188187
              ],
              [
                -3.5385930422630976,
                825.8124517392451
              ],
              [
                -3.5458254542051013,
                825.8175175274171
              ],
              [
                -3.5657368980898205,
                825.8292332062005
              ],
              [
                -3.5690173696739635,
                825.8316176999899
              ],
              [
                -3.574465720264351,
                825.8348541471194
              ],
              [
                -3.577146489425074,
                825.8368230199642
              ],
              [
                -3.578857747789035,
                825.8378451765457
              ],
              [
                -3.5798207573298004,
                825.8385567153246
              ],
              [
                -3.5781149089137427,
                825.8375342691315
              ],
              [
                -3.578410095917595,
                825.8377510672374
              ],
              [
                -3.577131836858884,
                825.8369849082422
              ],
              [
                -3.5772785288394098,
                825.837092982474
              ],
              [
                -3.5805852177787063,
                825.8390749355511
              ],
              [
                -3.5908088665923525,
                825.8466573102786
              ],
              [
                -3.597671238671475,
                825.8508543708404
              ],
              [
                -3.605891763074737,
                825.8570869392861
              ],
              [
                -3.6156769775513276,
                825.863226442107
              ],
              [
                -3.631288584226375,
                825.8753429932432
              ],
              [
                -3.644157929042313,
                825.8837828808141
              ],
              [
                -3.656538494337933,
                825.893716216688
              ],
              [
                -3.6605976612902063,
                825.89643151529
              ],
              [
                -3.673109347975318,
                825.9066708069466
              ],
              [
                -3.6925243585455467,
                825.9202696356214
              ],
              [
                -3.7015730041687704,
                825.9279691174916
              ],
              [
                -3.722111675425375,
                825.942898170464
              ],
              [
                -3.7247020695497386,
                825.9451942214325
              ],
              [
                -3.731499921151853,
                825.950186857732
              ],
              [
                -3.7342962195799334,
                825.9526939872001
              ],
              [
                -3.736269621565575,
                825.9541520745602
              ],
              [
                -3.7373982354976807,
                825.9551707377904
              ],
              [
                -3.7354330527520623,
                825.9537132589336
              ],
              [
                -3.7357514617615197,
                825.9539987408415
              ],
              [
                -3.7348567078366477,
                825.9533351461043
              ],
              [
                -3.7358394721815857,
                825.9542193381401
              ],
              [
                -3.738231320066794,
                825.9559932534307
              ],
              [
                -3.747880581540748,
                825.9647388342507
              ],
              [
                -3.756661767001586,
                825.9713964800085
              ],
              [
                -3.764859188001601,
                825.9790104173991
              ],
              [
                -3.7730872694903947,
                825.9853964334054
              ],
              [
                -3.785497701652104,
                825.9971844420625
              ],
              [
                -3.793406070003163,
                826.0035295868252
              ],
              [
                -3.8036651075254015,
                826.0135147947412
              ],
              [
                -3.80955780369992,
                826.018337248843
              ],
              [
                -3.8201905609444493,
                826.02890065641
              ],
              [
                -3.8356558893062407,
                826.0420600860414
              ],
              [
                -3.846137024880258,
                826.0528306788237
              ],
              [
                -3.8667818906961626,
                826.0711296950641
              ],
              [
                -3.8687309829703023,
                826.0732266719255
              ],
              [
                -3.876566776813438,
                826.0802521558483
              ],
              [
                -3.8793919196110966,
                826.0833312546949
              ],
              [
                -3.8815596898196207,
                826.0852878385542
              ],
              [
                -3.882803698742687,
                826.0866539281903
              ],
              [
                -3.8806472962222722,
                826.0846994788707
              ],
              [
                -3.880915080205571,
                826.0849913343319
              ],
              [
                -3.8803898943442166,
                826.0845153336132
              ],
              [
                -3.882109293758521,
                826.0863966475705
              ],
              [
                -3.8836583141125973,
                826.0878005977831
              ],
              [
                -3.8925572969816282,
                826.097619112336
              ],
              [
                -3.902850815047589,
                826.107179948858
              ],
              [
                -3.910823683167556,
                826.116224918317
              ],
              [
                -3.9175598183103264,
                826.1226232143911
              ],
              [
                -3.9269118061867494,
                826.1334718480645
              ],
              [
                -3.9305275690815593,
                826.1369911006456
              ],
              [
                -3.9386824920222736,
                826.146619751523
              ],
              [
                -3.9461092057001403,
                826.1539980261942
              ],
              [
                -3.9549002634593924,
                826.1645976285167
              ],
              [
                -3.966723799269813,
                826.1767476945628
              ],
              [
                -3.978184857544284,
                826.1909852026071
              ],
              [
                -3.9983958613245267,
                826.2127296873778
              ],
              [
                -3.9997750808964136,
                826.2145358272151
              ],
              [
                -4.0082895529444285,
                826.2238156770991
              ],
              [
                -4.011052270811295,
                826.2274881632983
              ],
              [
                -4.013336589748311,
                826.2299966536857
              ],
              [
                -4.014639077448261,
                826.2317432528093
              ],
              [
                -4.01236950608107,
                826.2292391666879
              ],
              [
                -4.012575581059802,
                826.2295131025553
              ],
              [
                -4.01238948659913,
                826.2293077789585
              ],
              [
                -4.014655551829568,
                826.2323337768945
              ],
              [
                -4.015465658464976,
                826.233227591829
              ]
            ]
          ]
        ]
      }
    }
  ]
}