{
  "type": "FeatureCollection",
  "features": [
    {
      "type": "Feature",
      "properties": {
        "image_id": "0002_top_20250630_t1",
        "zone_type": "parking_spot",
        "generated_at": "2025-11-03T11:20:39",
        "source": "merged_t1_polygons"
      },
      "geometry": {
        "type": "MultiPolygon",
        "coordinates": [
          [
            [
              [
                534.3238319272997,
                480.86667714967183
              ],
              [
                534.3100004269957,
                480.86667714967183
              ],
              [
                534.2896227876957,
                480.86892981930424
              ],
              [
                534.2678610142377,
                480.8695326730987
              ],
              [
                534.2459097451596,
                480.8722814559523
              ],
              [
                534.2244176968313,
                480.87333541464415
              ],
              [
                534.213027650763,
                480.8750219244039
              ],
              [
                534.2113520156252,
                480.87510832354184
              ],
              [
                534.206990819755,
                480.87578776107983
              ],
              [
                534.1947913576039,
                480.87657933127315
              ],
              [
                534.182988620167,
                480.878494651888
              ],
              [
                534.1697766588878,
                480.87950486643814
              ],
              [
                534.1503207368811,
                480.88293457719215
              ],
              [
                534.1431790133645,
                480.8835749598287
              ],
              [
                534.1424007578266,
                480.88372060304465
              ],
              [
                534.1321644241607,
                480.88468219347067
              ],
              [
                534.1130467256473,
                480.88844962368086
              ],
              [
                534.0912459707018,
                480.8908596132732
              ],
              [
                534.0829415900396,
                480.89268866197204
              ],
              [
                534.0756810938724,
                480.8935978361661
              ],
              [
                534.0575045184144,
                480.8976901907668
              ],
              [
                534.0443143687814,
                480.8995582858596
              ],
              [
                534.0394163675113,
                480.9007283282106
              ],
              [
                534.0306083068328,
                480.9020325266493
              ],
              [
                534.0296261241781,
                480.90227809571167
              ],
              [
                534.0291308794052,
                480.90235155833415
              ],
              [
                534.0267011114944,
                480.9029601835121
              ],
              [
                534.0266894731552,
                480.90296190989665
              ],
              [
                534.0229365849375,
                480.90390195945827
              ],
              [
                534.02173810517,
                480.9040822861179
              ],
              [
                534.0164396692303,
                480.90542901649616
              ],
              [
                534.0108992520736,
                480.9062940588326
              ],
              [
                534.0104817730983,
                480.9064022133606
              ],
              [
                534.0078325517911,
                480.906814939699
              ],
              [
                534.0068081074846,
                480.90708481325333
              ],
              [
                534.0051847058188,
                480.9073482550772
              ],
              [
                533.9916438735651,
                480.91090630448116
              ],
              [
                533.9764862371273,
                480.9135783088548
              ],
              [
                533.9636018174872,
                480.9171811457774
              ],
              [
                533.9553679550872,
                480.91872203580823
              ],
              [
                533.94658114593,
                480.9212541714431
              ],
              [
                533.9341792382086,
                480.9236981540062
              ],
              [
                533.9124249614797,
                480.93024513129586
              ],
              [
                533.8892443854628,
                480.93535067788946
              ],
              [
                533.8871562458088,
                480.9360431543784
              ],
              [
                533.8867300577917,
                480.93613910823376
              ],
              [
                533.8846597210036,
                480.9368213612968
              ],
              [
                533.8829458781042,
                480.93720722346814
              ],
              [
                533.8730289589685,
                480.94047521759103
              ],
              [
                533.8619251228939,
                480.9431277196524
              ],
              [
                533.850006498067,
                480.94718728134893
              ],
              [
                533.840536683092,
                480.9495549606938
              ],
              [
                533.8402009847864,
                480.94967484445885
              ],
              [
                533.8363007626785,
                480.9506517992387
              ],
              [
                533.8308579880846,
                480.95259925512823
              ],
              [
                533.8288307853485,
                480.95311451954564
              ],
              [
                533.8254990232762,
                480.9543249188803
              ],
              [
                533.82005884467,
                480.9557342831457
              ],
              [
                533.8148015361171,
                480.9576658897836
              ],
              [
                533.8086534339744,
                480.9592855094809
              ],
              [
                533.7961023156618,
                480.9640185980298
              ],
              [
                533.7874663429664,
                480.9664334527271
              ],
              [
                533.7807743198333,
                480.96903549516924
              ],
              [
                533.7717679487293,
                480.9716309029908
              ],
              [
                533.7617131305269,
                480.9756020487807
              ],
              [
                533.7528798428978,
                480.9782604379435
              ],
              [
                533.7525669657252,
                480.97838796291103
              ],
              [
                533.7493398038353,
                480.979359070756
              ],
              [
                533.7469075091979,
                480.98035044475773
              ],
              [
                533.7460917169423,
                480.98059678278906
              ],
              [
                533.7455389280277,
                480.9808238862108
              ],
              [
                533.7444019563895,
                480.98116776450746
              ],
              [
                533.730529536929,
                480.9868888227568
              ],
              [
                533.7297970223648,
                480.9871106103211
              ],
              [
                533.7255257697877,
                480.9889524024635
              ],
              [
                533.723949667681,
                480.98960239520517
              ],
              [
                533.6989957211166,
                480.9978256497865
              ],
              [
                533.6933555654801,
                481.00031204291344
              ],
              [
                533.6930912231596,
                481.000399705078
              ],
              [
                533.6909697181103,
                481.00135625047295
              ],
              [
                533.6844181727789,
                481.0035877497329
              ],
              [
                533.668984205584,
                481.0105186206378
              ],
              [
                533.6515032524574,
                481.01677340568057
              ],
              [
                533.6445497265064,
                481.02006217852363
              ],
              [
                533.6417524481024,
                481.0210784047263
              ],
              [
                533.6402678547013,
                481.0217919372033
              ],
              [
                533.63501296364,
                481.02372265562195
              ],
              [
                533.6252448345422,
                481.0284497958908
              ],
              [
                533.615927229678,
                481.03196351058835
              ],
              [
                533.6054114839357,
                481.03722138345955
              ],
              [
                533.6045373413141,
                481.0375612741259
              ],
              [
                533.6034880920789,
                481.03809295439856
              ],
              [
                533.5940547258036,
                481.04181865803776
              ],
              [
                533.585933594721,
                481.04596147366595
              ],
              [
                533.5740121746198,
                481.0508205009278
              ],
              [
                533.5697965055207,
                481.05302451189715
              ],
              [
                533.5675401319428,
                481.05395150255646
              ],
              [
                533.5662075868232,
                481.05465605333035
              ],
              [
                533.5642930089809,
                481.05544563523347
              ],
              [
                533.544878702139,
                481.06576623891794
              ],
              [
                533.5217715394689,
                481.0759527469064
              ],
              [
                533.5217105043126,
                481.07598326448453
              ],
              [
                533.5159021697508,
                481.079262567986
              ],
              [
                533.5133539879182,
                481.0804068699727
              ],
              [
                533.4952269457383,
                481.09068659406506
              ],
              [
                533.4740766435355,
                481.1006899420064
              ],
              [
                533.4740569903274,
                481.10070172168594
              ],
              [
                533.4728559404105,
                481.1012697759908
              ],
              [
                533.4651065549832,
                481.1059145788661
              ],
              [
                533.4648838700182,
                481.1060211496553
              ],
              [
                533.4646161923829,
                481.1061836295743
              ],
              [
                533.4575595331239,
                481.10959859448855
              ],
              [
                533.448341186182,
                481.1152418341281
              ],
              [
                533.4473095830821,
                481.1157487025552
              ],
              [
                533.4428733072546,
                481.1184904718001
              ],
              [
                533.4316980644138,
                481.1240780932205
              ],
              [
                533.4272339136513,
                481.12691861033056
              ],
              [
                533.4238502886935,
                481.1286446918594
              ],
              [
                533.4178806304803,
                481.13244826341554
              ],
              [
                533.4062275325597,
                481.1385406665526
              ],
              [
                533.4004516348534,
                481.142295475457
              ],
              [
                533.3968918634674,
                481.1441776178686
              ],
              [
                533.3948714301547,
                481.1455097814789
              ],
              [
                533.3922655709348,
                481.1468950506253
              ],
              [
                533.3742633461532,
                481.15884597638893
              ],
              [
                533.3688159694574,
                481.161861680351
              ],
              [
                533.3649910745949,
                481.16446483680954
              ],
              [
                533.3464929871888,
                481.1749085951976
              ],
              [
                533.3267623670524,
                481.1888348940208
              ],
              [
                533.3045089480233,
                481.2021730800824
              ],
              [
                533.2958646669009,
                481.208584115899
              ],
              [
                533.2894227082595,
                481.21252772060285
              ],
              [
                533.2836606498521,
                481.21688930551403
              ],
              [
                533.282554850538,
                481.2175727270749
              ],
              [
                533.2736798449373,
                481.2243258863344
              ],
              [
                533.2627081065112,
                481.23131653650375
              ],
              [
                533.2607065572,
                481.23287914581863
              ],
              [
                533.25791994095,
                481.23465225599307
              ],
              [
                533.2557989752943,
                481.2363316100599
              ],
              [
                533.2474895012668,
                481.2417334521035
              ],
              [
                533.2404253550802,
                481.24734310588343
              ],
              [
                533.2357365676887,
                481.2504346367448
              ],
              [
                533.2331416142374,
                481.25253080491547
              ],
              [
                533.2299520293194,
                481.2546482372348
              ],
              [
                533.2170926124572,
                481.2651219400115
              ],
              [
                533.216748046875,
                481.2653564453125
              ],
              [
                533.2158751923895,
                481.26611350098824
              ],
              [
                533.2103845516499,
                481.2705855030842
              ],
              [
                533.1964993788451,
                481.2802832266536
              ],
              [
                533.1930295832591,
                481.2832263878862
              ],
              [
                533.1821022531836,
                481.2909391340097
              ],
              [
                533.1662317707537,
                481.30472642414134
              ],
              [
                533.1468628457352,
                481.31909139796204
              ],
              [
                533.1378474554828,
                481.32726247139493
              ],
              [
                533.1322361231196,
                481.33150996436297
              ],
              [
                533.129538170086,
                481.33400600711417
              ],
              [
                533.1284217715912,
                481.3348554957986
              ],
              [
                533.1195241825309,
                481.3431002093316
              ],
              [
                533.1120989364647,
                481.3488970980734
              ],
              [
                533.1098149809656,
                481.3510610867261
              ],
              [
                533.0992206319894,
                481.3594740821838
              ],
              [
                533.0911842334301,
                481.3672020500184
              ],
              [
                533.085575469981,
                481.37173273299203
              ],
              [
                533.0825390318209,
                481.37471277342445
              ],
              [
                533.0788925949834,
                481.3776827133556
              ],
              [
                533.0624001964935,
                481.3940292687589
              ],
              [
                533.0534944340028,
                481.4015833434183
              ],
              [
                533.0486619112347,
                481.4065318588822
              ],
              [
                533.0456982059292,
                481.40905879521415
              ],
              [
                533.0444656120112,
                481.41033887938255
              ],
              [
                533.0356449232812,
                481.41794517205705
              ],
              [
                533.0344070377404,
                481.41924757046496
              ],
              [
                533.0302022406222,
                481.42290043722994
              ],
              [
                533.01790697324,
                481.43597018792644
              ],
              [
                533.0014358516894,
                481.4508987423144
              ],
              [
                532.9923286175074,
                481.4609470267834
              ],
              [
                532.9875270181615,
                481.4653892824832
              ],
              [
                532.9874144922419,
                481.46551612941727
              ],
              [
                532.9863558160386,
                481.4664971234777
              ],
              [
                532.9776965760651,
                481.4762398518685
              ],
              [
                532.9733974001421,
                481.4803132096538
              ],
              [
                532.9725632691257,
                481.48127043399654
              ],
              [
                532.9627496552359,
                481.4907074090199
              ],
              [
                532.9540953604079,
                481.50077077754565
              ],
              [
                532.9478073804114,
                481.50694196682724
              ],
              [
                532.944479992835,
                481.5109066982881
              ],
              [
                532.9405206873275,
                481.5148309914633
              ],
              [
                532.9271077759043,
                481.531003599059
              ],
              [
                532.922478725914,
                481.535743757887
              ],
              [
                532.922234585289,
                481.53601841609014
              ],
              [
                532.9160473722654,
                481.54370490791536
              ],
              [
                532.9094171804013,
                481.550590552502
              ],
              [
                532.9086684747406,
                481.551539045611
              ],
              [
                532.899041027593,
                481.5616682307604
              ],
              [
                532.8961064131626,
                481.5654430090877
              ],
              [
                532.8923304586224,
                481.5694568123623
              ],
              [
                532.8832534039171,
                481.581292979547
              ],
              [
                532.869628507337,
                481.5963257363602
              ],
              [
                532.8628897647322,
                481.60541187893585
              ],
              [
                532.8576892874277,
                481.61126306657314
              ],
              [
                532.8500040949833,
                481.62180995925763
              ],
              [
                532.8392995731865,
                481.63425736830413
              ],
              [
                532.8304136946404,
                481.6468218060703
              ],
              [
                532.8237156632703,
                481.65480281071416
              ],
              [
                532.8202628850129,
                481.65983174378243
              ],
              [
                532.8161493324321,
                481.6647916566316
              ],
              [
                532.8033250805345,
                481.68374194407653
              ],
              [
                532.799652546154,
                481.688304403036
              ],
              [
                532.7946278236974,
                481.69597435801995
              ],
              [
                532.7927576093459,
                481.6983800044069
              ],
              [
                532.7876809570228,
                481.7048113298228
              ],
              [
                532.7873206302824,
                481.7053735605355
              ],
              [
                532.7773400333638,
                481.7182115472064
              ],
              [
                532.7731724748745,
                481.72483472544485
              ],
              [
                532.7698824246588,
                481.7291248377845
              ],
              [
                532.7636051374902,
                481.7392817017805
              ],
              [
                532.7527101894574,
                481.7539718386483
              ],
              [
                532.7481130233809,
                481.76164174687807
              ],
              [
                532.7436288286297,
                481.76779570088263
              ],
              [
                532.7374596862934,
                481.7782567392542
              ],
              [
                532.7299766996015,
                481.7888375186456
              ],
              [
                532.7212704604339,
                481.8040131074175
              ],
              [
                532.7144562820251,
                481.8139378823606
              ],
              [
                532.7110559408294,
                481.8200872633712
              ],
              [
                532.7069587036095,
                481.8261417157998
              ],
              [
                532.6953577520384,
                481.8475045146511
              ],
              [
                532.6925237103329,
                481.85183051921985
              ],
              [
                532.6904258984965,
                481.85583869070314
              ],
              [
                532.6900919963664,
                481.85634959768464
              ],
              [
                532.6885433920522,
                481.85932917852324
              ],
              [
                532.6826568659428,
                481.8686841789937
              ],
              [
                532.6816644046668,
                481.8702327518528
              ],
              [
                532.6815871977137,
                481.87038411994376
              ],
              [
                532.6717381683243,
                481.8860364202749
              ],
              [
                532.6668682830863,
                481.8958052201707
              ],
              [
                532.6640975393447,
                481.90028837771877
              ],
              [
                532.6601514705521,
                481.90839673173963
              ],
              [
                532.6518068853658,
                481.9223188310355
              ],
              [
                532.6489888256525,
                481.92827711769223
              ],
              [
                532.6452441058661,
                481.9346270534272
              ],
              [
                532.6405228185431,
                481.9447619409884
              ],
              [
                532.6357607454485,
                481.95306257018024
              ],
              [
                532.6276627094865,
                481.97090058583314
              ],
              [
                532.6210470310631,
                481.9828647755798
              ],
              [
                532.6178862268124,
                481.9901659678913
              ],
              [
                532.6139849226117,
                481.9973501007089
              ],
              [
                532.603992136501,
                482.02098283471463
              ],
              [
                532.6018716236326,
                482.02503437978726
              ],
              [
                532.5999466279227,
                482.0297931365248
              ],
              [
                532.5983095636605,
                482.0329429180816
              ],
              [
                532.5975318573868,
                482.0348913864854
              ],
              [
                532.583273418073,
                482.063493259769
              ],
              [
                532.5782854202794,
                482.07661450816613
              ],
              [
                532.5760465414046,
                482.0812149405157
              ],
              [
                532.5739248330605,
                482.08698659547633
              ],
              [
                532.5678903490399,
                482.0997454399573
              ],
              [
                532.5664524545965,
                482.103764085713
              ],
              [
                532.5634577773114,
                482.11019256919445
              ],
              [
                532.5600810296517,
                482.1197666897127
              ],
              [
                532.5574960390974,
                482.1254607990235
              ],
              [
                532.5504441465962,
                482.1459515080577
              ],
              [
                532.5443580545334,
                482.1600098694909
              ],
              [
                532.5416299598968,
                482.1684681021243
              ],
              [
                532.5381102277578,
                482.17679219637506
              ],
              [
                532.5300887400521,
                482.2024879081858
              ],
              [
                532.5285624073225,
                482.20626113537963
              ],
              [
                532.5270502451262,
                482.211391925413
              ],
              [
                532.5263761179338,
                482.21316526026794
              ],
              [
                532.524532652735,
                482.21778388533863
              ],
              [
                532.5242593682044,
                482.21873350631444
              ],
              [
                532.5128153234718,
                482.2488378006259
              ],
              [
                532.5083317452344,
                482.26541859899976
              ],
              [
                532.506620669818,
                482.27007321467437
              ],
              [
                532.5057901670841,
                482.2733038216613
              ],
              [
                532.5017687425981,
                482.28454295017855
              ],
              [
                532.5012872481144,
                482.28646518390786
              ],
              [
                532.4990368403453,
                482.29284578363513
              ],
              [
                532.4968653748019,
                482.30163553515484
              ],
              [
                532.4958839597626,
                482.3044872363129
              ],
              [
                532.4903173065711,
                482.32755875574105
              ],
              [
                532.4851037406099,
                482.3437229874206
              ],
              [
                532.4830042430042,
                482.3533164965081
              ],
              [
                532.4800546022789,
                482.3627652572373
              ],
              [
                532.4743346690851,
                482.3902567011788
              ],
              [
                532.4732964829125,
                482.3937792831352
              ],
              [
                532.4725121024734,
                482.3978838405972
              ],
              [
                532.4695412400573,
                482.40887043837887
              ],
              [
                532.4694918249862,
                482.40904214801753
              ],
              [
                532.4694856154748,
                482.40907614461116
              ],
              [
                532.4610564337243,
                482.44024824770844
              ],
              [
                532.4578253727207,
                482.45966333286634
              ],
              [
                532.4525854386033,
                482.48087376331176
              ],
              [
                532.4475317127424,
                482.5154057699109
              ],
              [
                532.443836066683,
                482.5322927689516
              ],
              [
                532.4425602987219,
                482.5429723522257
              ],
              [
                532.4403689423189,
                482.5535045646959
              ],
              [
                532.4372376562626,
                482.5824702787409
              ],
              [
                532.4366018800855,
                482.58579721006373
              ],
              [
                532.4363196406244,
                482.5888888781497
              ],
              [
                532.4285054991454,
                482.635843182659
              ],
              [
                532.4273609450128,
                482.653232217867
              ],
              [
                532.4245391962788,
                482.67251316989757
              ],
              [
                532.4228001659035,
                482.7083864325117
              ],
              [
                532.4209394574714,
                482.7239626119228
              ],
              [
                532.4206782657873,
                482.73565161083906
              ],
              [
                532.4194298294212,
                482.74720017271864
              ],
              [
                532.4191220481707,
                482.7772723434997
              ],
              [
                532.4188291917196,
                482.78048031073456
              ],
              [
                532.4188437177006,
                482.7826331447172
              ],
              [
                532.4154824705369,
                482.83370005680325
              ],
              [
                532.4159900968866,
                482.8488666666262
              ],
              [
                532.4151611328125,
                482.865966796875
              ],
              [
                532.4169442088553,
                482.90276025207265
              ],
              [
                532.4166272039536,
                482.9169470358734
              ],
              [
                532.4175636083136,
                482.9295417538901
              ],
              [
                532.4174359571055,
                482.9420140826158
              ],
              [
                532.4201267637449,
                482.97278795238486
              ],
              [
                532.4201482242026,
                482.97596851572877
              ],
              [
                532.4202891548048,
                482.9773117997217
              ],
              [
                532.4221153543131,
                483.03187408833384
              ],
              [
                532.4238207052413,
                483.04465552496765
              ],
              [
                532.4245391962788,
                483.0594814590087
              ],
              [
                532.4299973922366,
                483.0967772016
              ],
              [
                532.430939476478,
                483.1094483145008
              ],
              [
                532.4332451723874,
                483.12281887368067
              ],
              [
                532.4344062454427,
                483.13609768400954
              ],
              [
                532.440058789831,
                483.16635836384233
              ],
              [
                532.4403591554004,
                483.16860957409347
              ],
              [
                532.4405463750438,
                483.17039406338347
              ],
              [
                532.4406919187916,
                483.1711036028172
              ],
              [
                532.4483389542976,
                483.2284173780288
              ],
              [
                532.4507697853396,
                483.23871454356487
              ],
              [
                532.4525854386033,
                483.2511208655945
              ],
              [
                532.4618078618671,
                483.28845178670764
              ],
              [
                532.4637429505606,
                483.2996732221919
              ],
              [
                532.4675749090111,
                483.31366485372354
              ],
              [
                532.4701796615215,
                483.32760929649896
              ],
              [
                532.4786698778062,
                483.3569012318315
              ],
              [
                532.4796894194855,
                483.3612200796905
              ],
              [
                532.4798287532822,
                483.36189934502994
              ],
              [
                532.4799173905276,
                483.3621857805218
              ],
              [
                532.4938955125511,
                483.4213980556117
              ],
              [
                532.4965850942783,
                483.42922456220606
              ],
              [
                532.4990368403453,
                483.4391488452711
              ],
              [
                532.5060365376099,
                483.458995144715
              ],
              [
                532.5065980157057,
                483.4611741439339
              ],
              [
                532.5114229754535,
                483.4742673564036
              ],
              [
                532.512035774102,
                483.4760048294708
              ],
              [
                532.5147320488547,
                483.48584973863024
              ],
              [
                532.5193886150043,
                483.4980770884972
              ],
              [
                532.5194424859302,
                483.498269741018
              ],
              [
                532.5202391890205,
                483.5003187296987
              ],
              [
                532.5244167475059,
                483.5147316455654
              ],
              [
                532.535445839577,
                483.5423795813862
              ],
              [
                532.5364213233373,
                483.5451453785454
              ],
              [
                532.5375544868762,
                483.54844281019416
              ],
              [
                532.5376200415418,
                483.5486546532272
              ],
              [
                532.5376597674682,
                483.5487491698185
              ],
              [
                532.558337242935,
                483.6089192685595
              ],
              [
                532.5608305683122,
                483.6143531123461
              ],
              [
                532.5634577773114,
                483.6218020597118
              ],
              [
                532.5746232627572,
                483.64577029799466
              ],
              [
                532.576330027962,
                483.65040184740224
              ],
              [
                532.581199136183,
                483.66038099305376
              ],
              [
                532.5834317877258,
                483.6662435558664
              ],
              [
                532.5895579926206,
                483.6785952365409
              ],
              [
                532.590570307329,
                483.68119874267023
              ],
              [
                532.5917554488028,
                483.6835375708136
              ],
              [
                532.5966028417887,
                483.69568910688827
              ],
              [
                532.6095265158069,
                483.7206948939743
              ],
              [
                532.6161272407306,
                483.73486425083564
              ],
              [
                532.625209274137,
                483.7546572354354
              ],
              [
                532.6261641052853,
                483.7568371281167
              ],
              [
                532.6264138550172,
                483.7572824460844
              ],
              [
                532.6410307325062,
                483.7891378267126
              ],
              [
                532.6428933971765,
                483.7923214584715
              ],
              [
                532.6452441058661,
                483.79736757547903
              ],
              [
                532.6614340139779,
                483.8248208648921
              ],
              [
                532.6647637922562,
                483.8316451827996
              ],
              [
                532.6682894947062,
                483.8373340298885
              ],
              [
                532.669202201911,
                483.8391742340831
              ],
              [
                532.6768138083603,
                483.8513967585724
              ],
              [
                532.6792858064518,
                483.85627514552857
              ],
              [
                532.680941067182,
                483.85887363974115
              ],
              [
                532.6860529626707,
                483.8687645554373
              ],
              [
                532.7006229340866,
                483.8912736673482
              ],
              [
                532.7194079120239,
                483.92312742663904
              ],
              [
                532.7232557506985,
                483.92995837702574
              ],
              [
                532.7242782148783,
                483.93142287294563
              ],
              [
                532.7411631674834,
                483.96028231942506
              ],
              [
                532.7419894613987,
                483.961419046709
              ],
              [
                532.7436288286297,
                483.9641989280236
              ],
              [
                532.7656140640726,
                483.99437070583394
              ],
              [
                532.7710001654245,
                484.00306137313544
              ],
              [
                532.7814113393991,
                484.01659587415594
              ],
              [
                532.7847346045454,
                484.0218128681269
              ],
              [
                532.7865797532652,
                484.02416417565706
              ],
              [
                532.7895758115386,
                484.0288189920767
              ],
              [
                532.79001142544,
                484.0293697210742
              ],
              [
                532.7919183082269,
                484.0323156594584
              ],
              [
                532.807954297366,
                484.05247697968673
              ],
              [
                532.8280224639494,
                484.0800178384048
              ],
              [
                532.8336991741252,
                484.0881487040676
              ],
              [
                532.8354053896451,
                484.0901499106429
              ],
              [
                532.8576892874277,
                484.1207315623331
              ],
              [
                532.8696964095964,
                484.1342410770716
              ],
              [
                532.869872647962,
                484.1344787069992
              ],
              [
                532.8716776243475,
                484.13647019155087
              ],
              [
                532.8843543152036,
                484.15073305483725
              ],
              [
                532.8886075375476,
                484.15628703099674
              ],
              [
                532.8900908400134,
                484.1578789624566
              ],
              [
                532.8939589977135,
                484.16290755812383
              ],
              [
                532.9028358990442,
                484.17231155698556
              ],
              [
                532.9059011720398,
                484.1762176917046
              ],
              [
                532.9074190840521,
                484.1778034646251
              ],
              [
                532.910275377286,
                484.1814145603781
              ],
              [
                532.9116188172593,
                484.1828096684754
              ],
              [
                532.9131943106797,
                484.18479046473874
              ],
              [
                532.9305783909921,
                484.20274092353065
              ],
              [
                532.9507463005868,
                484.22543234517906
              ],
              [
                532.9588707910679,
                484.23496149526693
              ],
              [
                532.9613152911038,
                484.2373237818742
              ],
              [
                532.9623714279039,
                484.23851206791534
              ],
              [
                532.962458111073,
                484.2386133919722
              ],
              [
                532.962481049815,
                484.2386354062808
              ],
              [
                532.9863558160386,
                484.2654975054285
              ],
              [
                532.9887300659642,
                484.26769754078197
              ],
              [
                532.9896462352062,
                484.2687259565059
              ],
              [
                533.001100756743,
                484.279266613076
              ],
              [
                533.0016799923144,
                484.279905701045
              ],
              [
                533.0093266290984,
                484.2868362086467
              ],
              [
                533.0157917931499,
                484.29278556879393
              ],
              [
                533.0201986114449,
                484.29751511845996
              ],
              [
                533.0251834373012,
                484.30192391467995
              ],
              [
                533.0323901151158,
                484.3095585145747
              ],
              [
                533.0390643687938,
                484.31533418178947
              ],
              [
                533.0416186086537,
                484.3180026134043
              ],
              [
                533.0426900460251,
                484.31892184036354
              ],
              [
                533.0452307914421,
                484.3215603017573
              ],
              [
                533.0476505623192,
                484.3236273408348
              ],
              [
                533.0487301688529,
                484.32474212126874
              ],
              [
                533.0673982327456,
                484.34059329882155
              ],
              [
                533.0863783079699,
                484.35818067917796
              ],
              [
                533.097605819256,
                484.3690305867885
              ],
              [
                533.1010006468229,
                484.37173007938145
              ],
              [
                533.1284217715912,
                484.39713913310766
              ],
              [
                533.1328752434481,
                484.40052786389396
              ],
              [
                533.1355544693664,
                484.402993335733
              ],
              [
                533.1468879794799,
                484.4115145491313
              ],
              [
                533.1471069863602,
                484.41171304539733
              ],
              [
                533.1504209346708,
                484.41417083697223
              ],
              [
                533.1615946394102,
                484.42257189909515
              ],
              [
                533.1647917047974,
                484.42539952240645
              ],
              [
                533.1738345074717,
                484.43195957678597
              ],
              [
                533.1848860304135,
                484.44152318071974
              ],
              [
                533.1887871733222,
                484.444264134434
              ],
              [
                533.1905798812818,
                484.4458021669225
              ],
              [
                533.1911022418179,
                484.44616796237113
              ],
              [
                533.1931649104416,
                484.4479299542561
              ],
              [
                533.1967957490804,
                484.45046559292285
              ],
              [
                533.197239768248,
                484.45084261255937
              ],
              [
                533.2117797479093,
                484.4609298439111
              ],
              [
                533.2175673087418,
                484.464971654769
              ],
              [
                533.2336306119131,
                484.47719452531464
              ],
              [
                533.2486132623354,
                484.48910840106913
              ],
              [
                533.2531775247973,
                484.49206814023705
              ],
              [
                533.282554850538,
                484.5144219018313
              ],
              [
                533.2893162635858,
                484.51860068490686
              ],
              [
                533.2940408586724,
                484.5221529191706
              ],
              [
                533.3192743014176,
                484.53746812226643
              ],
              [
                533.3210398757025,
                484.53874894898985
              ],
              [
                533.3317050480986,
                484.5450128482071
              ],
              [
                533.3351988337304,
                484.5471333688616
              ],
              [
                533.3498962536904,
                484.5574598164623
              ],
              [
                533.3504418308929,
                484.55776613277243
              ],
              [
                533.3526777674181,
                484.55932762521917
              ],
              [
                533.380846416032,
                484.57516943011416
              ],
              [
                533.3911400843721,
                484.5815312670172
              ],
              [
                533.4104879232117,
                484.59407755612904
              ],
              [
                533.4164363830547,
                484.59716523939267
              ],
              [
                533.4473095830821,
                484.61624592635104
              ],
              [
                533.4565481715459,
                484.62078521942175
              ],
              [
                533.4635476030833,
                484.62503345921334
              ],
              [
                533.4873217577176,
                484.6364100942496
              ],
              [
                533.4874876105968,
                484.6365075034317
              ],
              [
                533.4878021598805,
                484.63665347607264
              ],
              [
                533.488281067628,
                484.63693474952544
              ],
              [
                533.4928174267764,
                484.63903993417966
              ],
              [
                533.5032307420813,
                484.64402301305523
              ],
              [
                533.5040902354795,
                484.6445194622253
              ],
              [
                533.504439779129,
                484.64467727095285
              ],
              [
                533.5222598207189,
                484.65469910856234
              ],
              [
                533.5547977781857,
                484.6690592344793
              ],
              [
                533.5574794496465,
                484.67037684839045
              ],
              [
                533.5817234800871,
                484.6829612633499
              ],
              [
                533.5892546875127,
                484.6859893110116
              ],
              [
                533.6211408888855,
                484.7016562945024
              ],
              [
                533.6329628273521,
                484.70610364680726
              ],
              [
                533.6424085808928,
                484.7106237188068
              ],
              [
                533.6788520166649,
                484.72380866018943
              ],
              [
                533.6980557160088,
                484.7322839168471
              ],
              [
                533.7008731004125,
                484.7332160892723
              ],
              [
                533.7020271934174,
                484.73372396368603
              ],
              [
                533.7091059712661,
                484.736041433054
              ],
              [
                533.7106385316004,
                484.7367088399979
              ],
              [
                533.733553302512,
                484.7440450662378
              ],
              [
                533.7340632957013,
                484.74421202918245
              ],
              [
                533.760726503512,
                484.7549324169641
              ],
              [
                533.7700109328734,
                484.7576604375729
              ],
              [
                533.8024185669301,
                484.7698520224322
              ],
              [
                533.8168644146439,
                484.77374043360425
              ],
              [
                533.8288657254319,
                484.7780824111347
              ],
              [
                533.8382835857306,
                484.78046670992666
              ],
              [
                533.8391255420919,
                484.78076696789134
              ],
              [
                533.8613988275597,
                484.7863283504807
              ],
              [
                533.8804200473749,
                484.79262179648015
              ],
              [
                533.8853640408096,
                484.7937452748403
              ],
              [
                533.8885562361304,
                484.7947903443468
              ],
              [
                533.899943818574,
                484.79731544256936
              ],
              [
                533.902702768226,
                484.79819872780536
              ],
              [
                533.9207434715951,
                484.8020244529112
              ],
              [
                533.9341182030523,
                484.8060686916969
              ],
              [
                533.9342402733648,
                484.80609920927503
              ],
              [
                533.9361378508896,
                484.8064730935137
              ],
              [
                533.9458312840135,
                484.80932129067287
              ],
              [
                533.956999946596,
                484.81146093148305
              ],
              [
                533.989442583646,
                484.8201935662758
              ],
              [
                534.0014516379056,
                484.8222063403214
              ],
              [
                534.0028192093448,
                484.82256748653765
              ],
              [
                534.0076014323623,
                484.8233325334128
              ],
              [
                534.02108630552,
                484.82674646882487
              ],
              [
                534.0265568644323,
                484.8275664081566
              ],
              [
                534.0289674543043,
                484.8281683046556
              ],
              [
                534.0515267294888,
                484.83150426207743
              ],
              [
                534.0677316571396,
                484.8351866871826
              ],
              [
                534.0739088930835,
                484.8359777395012
              ],
              [
                534.0742162501224,
                484.8360469392245
              ],
              [
                534.0751288915983,
                484.83616122205854
              ],
              [
                534.0801726425218,
                484.83727963033834
              ],
              [
                534.0959909817834,
                484.8391875715406
              ],
              [
                534.0999829690606,
                484.84003411536077
              ],
              [
                534.1142028460863,
                484.8415771371383
              ],
              [
                534.1177710451102,
                484.8422607162324
              ],
              [
                534.1321033890044,
                484.84508465223246
              ],
              [
                534.1329044396803,
                484.84515990209104
              ],
              [
                534.1353153323261,
                484.84562176977266
              ],
              [
                534.1484493307498,
                484.8468438458667
              ],
              [
                534.1804590159346,
                484.85220881984003
              ],
              [
                534.181088587898,
                484.85225244510605
              ],
              [
                534.1813745432784,
                484.8523003725744
              ],
              [
                534.1942555242601,
                484.8531929412636
              ],
              [
                534.1993409749124,
                484.8540064976611
              ],
              [
                534.2049781657098,
                484.8543399402803
              ],
              [
                534.2183317606456,
                484.85635657477843
              ],
              [
                534.2202320501332,
                484.85645159579695
              ],
              [
                534.2225327739491,
                484.85679181580076
              ],
              [
                534.2450585887798,
                484.8578950443986
              ],
              [
                534.2582627170308,
                484.8595859554085
              ],
              [
                534.2635044991785,
                484.8597500012906
              ],
              [
                534.2663961704877,
                484.8601121022919
              ],
              [
                534.2703888943644,
                484.86022271040684
              ],
              [
                534.2750310418498,
                484.86078262660965
              ],
              [
                534.2952713614833,
                484.8612251736145
              ],
              [
                534.3004733035777,
                484.86178964473635
              ],
              [
                534.3097989383868,
                484.8618569052503
              ],
              [
                534.3274154079851,
                484.8634960607963
              ],
              [
                534.3280707598121,
                484.86349362108086
              ],
              [
                534.33288667018,
                484.8639460226392
              ],
              [
                534.3478768657701,
                484.86383790686153
              ],
              [
                534.3529107829966,
                484.8641867247743
              ],
              [
                534.3609817800003,
                484.8648009373124
              ],
              [
                534.3615937515237,
                484.86478839834615
              ],
              [
                534.3745920269149,
                484.86568909477944
              ],
              [
                534.374635630194,
                484.8656878868631
              ],
              [
                534.3746530620712,
                484.86568909477944
              ],
              [
                534.3897682785445,
                484.8652703667
              ],
              [
                534.398014362608,
                484.8657581266441
              ],
              [
                534.4021710537393,
                484.8655898144094
              ],
              [
                534.41796875,
                484.8663635253906
              ],
              [
                534.4401231113432,
                484.86527742597457
              ],
              [
                534.4502557014338,
                484.8655945337125
              ],
              [
                534.4544579422192,
                484.8653218685319
              ],
              [
                534.4600026996476,
                484.86547547173257
              ],
              [
                534.4671168092401,
                484.8649825099401
              ],
              [
                534.4712548412086,
                484.8650729864586
              ],
              [
                534.4957735429357,
                484.86319823457944
              ],
              [
                534.5021353024763,
                484.8632441183423
              ],
              [
                534.5065524387716,
                484.8628291772012
              ],
              [
                534.5203439271295,
                484.8627778348445
              ],
              [
                534.5223132449038,
                484.8625797962073
              ],
              [
                534.5345486690785,
                484.8624915490332
              ],
              [
                534.548714462335,
                484.8609543959726
              ],
              [
                534.5537493578904,
                484.8608512336801
              ],
              [
                534.5551249506368,
                484.86068958667283
              ],
              [
                534.568259591231,
                484.8603257253388
              ],
              [
                534.5831740628721,
                484.8584581046663
              ],
              [
                534.6080658637269,
                484.85727245400705
              ],
              [
                534.6104741874999,
                484.85692610401725
              ],
              [
                534.6137170687937,
                484.85676712441835
              ],
              [
                534.6351023076675,
                484.8536006390627
              ],
              [
                534.6419395994274,
                484.85315699685185
              ],
              [
                534.645043094809,
                484.85265336888295
              ],
              [
                534.6532201832841,
                484.85208674952753
              ],
              [
                534.6633934582485,
                484.8503816607367
              ],
              [
                534.6669542981434,
                484.85010939137436
              ],
              [
                534.6943581974812,
                484.84527860267013
              ],
              [
                534.7123055968323,
                484.8434737753561
              ],
              [
                534.7152883992009,
                484.8428791895772
              ],
              [
                534.7350390035956,
                484.84073601965764
              ],
              [
                534.7499488734657,
                484.837574221455
              ],
              [
                534.7604395115964,
                484.8362605622714
              ],
              [
                534.7715242387079,
                484.83376489777737
              ],
              [
                534.7965010744706,
                484.83017288622585
              ],
              [
                534.8014736894542,
                484.8289662383372
              ],
              [
                534.8075264587922,
                484.8280700124132
              ],
              [
                534.8278585575711,
                484.8229865033434
              ],
              [
                534.8315462512124,
                484.8223880730478
              ],
              [
                534.8335388191457,
                484.8218644970213
              ],
              [
                534.8442366155728,
                484.8200714959633
              ],
              [
                534.857301692729,
                484.8165547489378
              ],
              [
                534.8602447199038,
                484.8160359489577
              ],
              [
                534.8858029824953,
                484.808889158127
              ],
              [
                534.9016361914789,
                484.80573299833753
              ],
              [
                534.9053078555487,
                484.80462867903276
              ],
              [
                534.9323192044302,
                484.79890063210223
              ],
              [
                534.9464003343073,
                484.7943925200687
              ],
              [
                534.949390547677,
                484.79371929020374
              ],
              [
                534.9568302670586,
                484.7912676256412
              ],
              [
                534.981506019709,
                484.7852798415609
              ],
              [
                534.9888769513962,
                484.782728068918
              ],
              [
                534.997598082533,
                484.7805475783687
              ],
              [
                535.0165908219196,
                484.7737649373221
              ],
              [
                535.0173266582404,
                484.7735715856925
              ],
              [
                535.0182431018892,
                484.7732339009111
              ],
              [
                535.0312606322886,
                484.7697299521197
              ],
              [
                535.0469464609613,
                484.76382902423904
              ],
              [
                535.0492646140649,
                484.7631808050854
              ],
              [
                535.0494477195336,
                484.7631197699292
              ],
              [
                535.0677896091939,
                484.7559879393277
              ],
              [
                535.0708201410569,
                484.7548478688644
              ],
              [
                535.0823019464968,
                484.7513945084371
              ],
              [
                535.0881887990861,
                484.74899855737783
              ],
              [
                535.1243834410559,
                484.7374107442948
              ],
              [
                535.1422376118996,
                484.72963552179135
              ],
              [
                535.144819415691,
                484.7287417166981
              ],
              [
                535.1451084901202,
                484.72864445747786
              ],
              [
                535.1451374905939,
                484.7286316010614
              ],
              [
                535.1614044521814,
                484.723000075859
              ],
              [
                535.1709400420016,
                484.71864411802727
              ],
              [
                535.1821079365016,
                484.7146558666172
              ],
              [
                535.183610126024,
                484.7139468254638
              ],
              [
                535.1847394233239,
                484.7135427564288
              ],
              [
                535.2007643831345,
                484.7059635149033
              ],
              [
                535.2125383103332,
                484.7015342241899
              ],
              [
                535.2303756115016,
                484.69277003495154
              ],
              [
                535.2323767211859,
                484.69199194853036
              ],
              [
                535.2457114027193,
                484.68523493897015
              ],
              [
                535.2498391650221,
                484.6832068019997
              ],
              [
                535.2570438427394,
                484.6802744956531
              ],
              [
                535.2644094650407,
                484.6764315197607
              ],
              [
                535.3092789158422,
                484.6568915497088
              ],
              [
                535.3230599066351,
                484.6491541621671
              ],
              [
                535.3345663924609,
                484.64389787828816
              ],
              [
                535.3459693806287,
                484.6373124251874
              ],
              [
                535.3592853901556,
                484.63102720044526
              ],
              [
                535.3595934249198,
                484.6308429727504
              ],
              [
                535.3621660322458,
                484.629626220103
              ],
              [
                535.3770699179137,
                484.62069317481144
              ],
              [
                535.3863696161367,
                484.61612385603854
              ],
              [
                535.4058097976186,
                484.6041091631352
              ],
              [
                535.4074531240442,
                484.6032764494075
              ],
              [
                535.4170937365573,
                484.5971353053442
              ],
              [
                535.4208950604509,
                484.59478595797566
              ],
              [
                535.4243069924544,
                484.59300579984375
              ],
              [
                535.4246732033919,
                484.5927921767969
              ],
              [
                535.4324441669576,
                484.5877399702706
              ],
              [
                535.4851257189658,
                484.5581617207592
              ],
              [
                535.4948381370948,
                484.55133774912616
              ],
              [
                535.4994228974707,
                484.5486899585656
              ],
              [
                535.4998501435645,
                484.5484153003625
              ],
              [
                535.5109160566332,
                484.54046888660054
              ],
              [
                535.5305130246329,
                484.52872291601136
              ],
              [
                535.5309487054234,
                484.52839979311506
              ],
              [
                535.5320389035392,
                484.52774635351136
              ],
              [
                535.5453952713083,
                484.5178405960592
              ],
              [
                535.5511243486808,
                484.5142998315188
              ],
              [
                535.5716475397463,
                484.49868334810293
              ],
              [
                535.5729908466426,
                484.49782765131397
              ],
              [
                535.5730159009506,
                484.4978079903706
              ],
              [
                535.5758594989863,
                484.4959965966264
              ],
              [
                535.5932635882192,
                484.48233903267305
              ],
              [
                535.597240140729,
                484.4793898203319
              ],
              [
                535.6501359422427,
                484.4422250850166
              ],
              [
                535.6618817346663,
                484.432060684398
              ],
              [
                535.6668824706584,
                484.42846966420285
              ],
              [
                535.6719027218733,
                484.4240162762402
              ],
              [
                535.6896850058273,
                484.4108280356317
              ],
              [
                535.703173599479,
                484.39860268696145
              ],
              [
                535.7052574276275,
                484.39701706279516
              ],
              [
                535.7202034372029,
                484.38316774175155
              ],
              [
                535.7238428451501,
                484.3798691746617
              ],
              [
                535.730264322564,
                484.37483002913206
              ],
              [
                535.7456192954689,
                484.3601321505639
              ],
              [
                535.757511213764,
                484.349353944083
              ],
              [
                535.8002925767188,
                484.3124625427867
              ],
              [
                535.8012446059676,
                484.3114608981782
              ],
              [
                535.8026318575404,
                484.31026041887156
              ],
              [
                535.8144035773425,
                484.29778971141474
              ],
              [
                535.8351119998731,
                484.27902069127936
              ],
              [
                535.866260511823,
                484.2446536043455
              ],
              [
                535.8720492442636,
                484.23911259251815
              ],
              [
                535.8856363725647,
                484.2232756363835
              ],
              [
                535.8974418575502,
                484.21025029092095
              ],
              [
                535.910455291313,
                484.19655865719994
              ],
              [
                535.9209441270498,
                484.1857458463494
              ],
              [
                535.9220574041312,
                484.18435189594146
              ],
              [
                535.936896472407,
                484.16873948408335
              ],
              [
                535.9400523472032,
                484.16468009977024
              ],
              [
                535.9410629749427,
                484.1636094624207
              ],
              [
                535.9414648594366,
                484.1630870135494
              ],
              [
                535.9414902210365,
                484.16306014601446
              ],
              [
                535.9486583303025,
                484.15374162128217
              ],
              [
                535.9669193442255,
                484.13359369723355
              ],
              [
                535.9946077282909,
                484.09626023310466
              ],
              [
                535.9998487977819,
                484.0901513198901
              ],
              [
                536.0118717154947,
                484.0729824410359
              ],
              [
                536.0228822563045,
                484.05813644535095
              ],
              [
                536.0237251965048,
                484.05705217602883
              ],
              [
                536.0410572789355,
                484.03535042380787
              ],
              [
                536.0431783052835,
                484.0320963408491
              ],
              [
                536.0474603212739,
                484.02668276160796
              ],
              [
                536.0480623187035,
                484.02574747021373
              ],
              [
                536.0585974666362,
                484.01219616763734
              ],
              [
                536.0633520966347,
                484.00464000207455
              ],
              [
                536.0644490533255,
                484.00321396102606
              ],
              [
                536.0682425944198,
                483.9970929466984
              ],
              [
                536.0788482306302,
                483.9828915550306
              ],
              [
                536.0795714615963,
                483.9816999004352
              ],
              [
                536.0838376621051,
                483.97594759494547
              ],
              [
                536.10768857248,
                483.93615475502355
              ],
              [
                536.1124322035558,
                483.92938078973367
              ],
              [
                536.1229962701448,
                483.9106154044004
              ],
              [
                536.1302687667593,
                483.898481976826
              ],
              [
                536.146157435131,
                483.87410554933115
              ],
              [
                536.1482730325354,
                483.87005541298413
              ],
              [
                536.1527618045291,
                483.86308144663445
              ],
              [
                536.1542546186024,
                483.86017565757516
              ],
              [
                536.1641993316757,
                483.8443712945689
              ],
              [
                536.1695709990939,
                483.8335959391857
              ],
              [
                536.1706854264938,
                483.83179777069023
              ],
              [
                536.1712446708469,
                483.8306516099148
              ],
              [
                536.1783893024134,
                483.81887952957277
              ],
              [
                536.1800757878772,
                483.81538398236046
              ],
              [
                536.1847409661967,
                483.80760060255824
              ],
              [
                536.2044605120441,
                483.76590712589245
              ],
              [
                536.2087152218436,
                483.75834931014055
              ],
              [
                536.2087762569998,
                483.75822723982805
              ],
              [
                536.2179173638293,
                483.73745500330074
              ],
              [
                536.221558620583,
                483.72975621273673
              ],
              [
                536.2352712117912,
                483.7035045904044
              ],
              [
                536.2372481361532,
                483.6986273043044
              ],
              [
                536.2416686901643,
                483.6900226175518
              ],
              [
                536.2437001360018,
                483.68489578106914
              ],
              [
                536.252664081927,
                483.66691445507473
              ],
              [
                536.2562183892073,
                483.65756462160743
              ],
              [
                536.2617572192729,
                483.64608439102705
              ],
              [
                536.2639765362826,
                483.6400710652126
              ],
              [
                536.2686575025226,
                483.63017399363645
              ],
              [
                536.2840108325538,
                483.587264310765
              ],
              [
                536.2878316297017,
                483.5785819374419
              ],
              [
                536.2955170864345,
                483.5551064854557
              ],
              [
                536.2962341350125,
                483.55310246893134
              ],
              [
                536.3075732827344,
                483.52512756577767
              ],
              [
                536.3092730463318,
                483.5194069539796
              ],
              [
                536.3133396124762,
                483.5091440076175
              ],
              [
                536.3155103837479,
                483.5015932237601
              ],
              [
                536.3231221765282,
                483.48156991421786
              ],
              [
                536.3248987308284,
                483.4750000079751
              ],
              [
                536.3281848219375,
                483.46609621621894
              ],
              [
                536.3304724349208,
                483.45741283103933
              ],
              [
                536.3347791089644,
                483.4453764834152
              ],
              [
                536.3456536434653,
                483.40196290814356
              ],
              [
                536.3488980103624,
                483.3920528947289
              ],
              [
                536.3541461901648,
                483.368384872771
              ],
              [
                536.3623940231913,
                483.34062651214083
              ],
              [
                536.3636738686566,
                483.3340619554486
              ],
              [
                536.367096317407,
                483.32215735217983
              ],
              [
                536.368965606229,
                483.3120355324406
              ],
              [
                536.3748810662757,
                483.2901594671353
              ],
              [
                536.3754748854817,
                483.2865912737648
              ],
              [
                536.3770608374717,
                483.28057127295784
              ],
              [
                536.3789260029457,
                483.26913220328356
              ],
              [
                536.3824689983064,
                483.25498777293853
              ],
              [
                536.3888909878373,
                483.21169423616874
              ],
              [
                536.391387296354,
                483.2004364883376
              ],
              [
                536.3940826532511,
                483.17808985114596
              ],
              [
                536.3992257115269,
                483.1517101838055
              ],
              [
                536.3999396563015,
                483.14431733515795
              ],
              [
                536.4024300811665,
                483.1308321897589
              ],
              [
                536.4034820701274,
                483.1185297139347
              ],
              [
                536.4053390998544,
                483.1071405408395
              ],
              [
                536.4074320008546,
                483.09456453218473
              ],
              [
                536.4074606729025,
                483.09412892216227
              ],
              [
                536.4079355042662,
                483.091216778908
              ],
              [
                536.4088699302484,
                483.07700714679333
              ],
              [
                536.4112678908444,
                483.0608414095654
              ],
              [
                536.4133580835878,
                483.0182813119103
              ],
              [
                536.4148902926253,
                483.0055780890095
              ],
              [
                536.4153445911331,
                482.98480030290466
              ],
              [
                536.4177272314982,
                482.96012822709736
              ],
              [
                536.4177272314982,
                482.9519397972299
              ],
              [
                536.419006524513,
                482.9369791161109
              ],
              [
                536.4188630959202,
                482.92504304203356
              ],
              [
                536.4205247107852,
                482.89977519161374
              ],
              [
                536.4204390825747,
                482.8969499366675
              ],
              [
                536.4204550294631,
                482.8967076580405
              ],
              [
                536.4202084931948,
                482.8893417689538
              ],
              [
                536.420010818802,
                482.88281961284787
              ],
              [
                536.4208984375,
                482.86474609375
              ],
              [
                536.4188561100959,
                482.82419755239835
              ],
              [
                536.4191806524742,
                482.8093542896507
              ],
              [
                536.4177272314982,
                482.79034591004046
              ],
              [
                536.4177272314982,
                482.76765497602764
              ],
              [
                536.4168645112181,
                482.75872156733453
              ],
              [
                536.4166687771342,
                482.74243264974876
              ],
              [
                536.415407793934,
                482.73094538001067
              ],
              [
                536.4147126099875,
                482.70800817424407
              ],
              [
                536.4139339482833,
                482.7018740093689
              ],
              [
                536.4138221456869,
                482.6985336265099
              ],
              [
                536.4117411692428,
                482.6829369137639
              ],
              [
                536.410776587659,
                482.6637860292607
              ],
              [
                536.4052952743809,
                482.62775615518484
              ],
              [
                536.40421705739,
                482.6136548327159
              ],
              [
                536.4012049451699,
                482.5965678464848
              ],
              [
                536.3992257115269,
                482.5760730193195
              ],
              [
                536.3973523033051,
                482.56646397290507
              ],
              [
                536.3954389621813,
                482.54903387107146
              ],
              [
                536.3931416527022,
                482.5380758303291
              ],
              [
                536.3905526853615,
                482.5176803846058
              ],
              [
                536.3884509445443,
                482.50837898187586
              ],
              [
                536.3875985457024,
                482.50199033681497
              ],
              [
                536.383326756215,
                482.4838947461603
              ],
              [
                536.3825586043655,
                482.47864598010864
              ],
              [
                536.3825233577988,
                482.47850330754187
              ],
              [
                536.3819560310113,
                482.47466326843653
              ],
              [
                536.3743511661135,
                482.44423283388994
              ],
              [
                536.3737142229371,
                482.4406196088542
              ],
              [
                536.3816385411874,
                482.4722552606434
              ],
              [
                536.3805134899804,
                482.4648600523681
              ],
              [
                536.3724755615983,
                482.4335929817921
              ],
              [
                536.3701436149734,
                482.42036441095553
              ],
              [
                536.3659315357824,
                482.40530122685345
              ],
              [
                536.3623940231913,
                482.38715669098417
              ],
              [
                536.3593645509811,
                482.37696089993693
              ],
              [
                536.3555179869074,
                482.35861299939506
              ],
              [
                536.3522710769357,
                482.3482624172686
              ],
              [
                536.3482672587653,
                482.330543236599
              ],
              [
                536.3442366738147,
                482.31830649986733
              ],
              [
                536.3420419874489,
                482.30900965923206
              ],
              [
                536.3370930673399,
                482.294608625987
              ],
              [
                536.3361072026235,
                482.290618000432
              ],
              [
                536.3356065849382,
                482.2891985949759
              ],
              [
                536.3343500686032,
                482.284170716295
              ],
              [
                536.3238096186296,
                482.25466536175577
              ],
              [
                536.3232548919517,
                482.2526815552562
              ],
              [
                536.3328922028018,
                482.2796160347123
              ],
              [
                536.3304154629946,
                482.26998166194
              ],
              [
                536.3207093868316,
                482.2435783521781
              ],
              [
                536.317288471101,
                482.2313445167944
              ],
              [
                536.3122388050048,
                482.21835761013125
              ],
              [
                536.3075732827344,
                482.20265563734733
              ],
              [
                536.30324701567,
                482.1919822688443
              ],
              [
                536.2972836413927,
                482.17297207276715
              ],
              [
                536.2931813457118,
                482.1633040333735
              ],
              [
                536.2882454446,
                482.148318783545
              ],
              [
                536.2817160371208,
                482.1334650965647
              ],
              [
                536.277600257065,
                482.1214884462843
              ],
              [
                536.2726542740755,
                482.1107093882515
              ],
              [
                536.2716862656573,
                482.1079647859913
              ],
              [
                536.2704691897451,
                482.1053521664491
              ],
              [
                536.2682943675848,
                482.0992642955272
              ],
              [
                536.2594290343659,
                482.080497663798
              ],
              [
                536.2592894063786,
                482.0801187634547
              ],
              [
                536.2652639599974,
                482.09275089574726
              ],
              [
                536.2609895914079,
                482.0811233877813
              ],
              [
                536.2504880922229,
                482.0595449821277
              ],
              [
                536.2461606497022,
                482.0484155151422
              ],
              [
                536.2406334073722,
                482.0375077288543
              ],
              [
                536.2352712117912,
                482.0242786127206
              ],
              [
                536.2295144004213,
                482.01325767323306
              ],
              [
                536.2212870233469,
                481.99386789447306
              ],
              [
                536.2164327250367,
                481.98495271074466
              ],
              [
                536.2110395691437,
                481.97268387169214
              ],
              [
                536.201488103787,
                481.9556129633073
              ],
              [
                536.1949067674938,
                481.94126988813116
              ],
              [
                536.1906155229191,
                481.9339353728365
              ],
              [
                536.1898999371026,
                481.9323992702241
              ],
              [
                536.1877265569491,
                481.92871386114416
              ],
              [
                536.1844256015384,
                481.92172621465426
              ],
              [
                536.179035623307,
                481.9127249584282
              ],
              [
                536.1729385934678,
                481.9001968249844
              ],
              [
                536.1624779853425,
                481.88327120549474
              ],
              [
                536.1574451505793,
                481.87333911228393
              ],
              [
                536.1517920258727,
                481.86446461199176
              ],
              [
                536.146157435131,
                481.85367765379385
              ],
              [
                536.138845928849,
                481.8424603259101
              ],
              [
                536.1282473228252,
                481.82299540761915
              ],
              [
                536.1227547858999,
                481.8148964128833
              ],
              [
                536.1173600879936,
                481.80525470972213
              ],
              [
                536.1043203170506,
                481.7864412143725
              ],
              [
                536.0947743325166,
                481.7701253954187
              ],
              [
                536.0917462369447,
                481.76595966359974
              ],
              [
                536.0915152143391,
                481.7655679176795
              ],
              [
                536.0881618303902,
                481.76096584936494
              ],
              [
                536.0835521341154,
                481.7532676629322
              ],
              [
                536.0749939585316,
                481.74171907664197
              ],
              [
                536.0671537081537,
                481.72903328505015
              ],
              [
                536.0575148448801,
                481.71646453881226
              ],
              [
                536.0519963524858,
                481.7078013896855
              ],
              [
                536.0465549161578,
                481.70086726558173
              ],
              [
                536.0410572789355,
                481.69243277931713
              ],
              [
                536.0320794073937,
                481.6811914559246
              ],
              [
                536.0190450162103,
                481.66197165512665
              ],
              [
                536.0130390007574,
                481.6547425344577
              ],
              [
                536.008069048388,
                481.6475719962483
              ],
              [
                535.99114109303,
                481.62755780698717
              ],
              [
                535.9781871774161,
                481.6097371876669
              ],
              [
                535.972243106478,
                481.6030648658549
              ],
              [
                535.966646227677,
                481.5955123171654
              ],
              [
                535.954325307456,
                481.58190893059697
              ],
              [
                535.9447056741901,
                481.56936525962794
              ],
              [
                535.9365969103565,
                481.56074572184417
              ],
              [
                535.9308297849914,
                481.5533965661079
              ],
              [
                535.9259178834596,
                481.54826506943766
              ],
              [
                535.9209441270498,
                481.5420373567756
              ],
              [
                535.9102038117743,
                481.53096529878326
              ],
              [
                535.8947135338695,
                481.51232047692963
              ],
              [
                535.8883297117122,
                481.5060022853447
              ],
              [
                535.8841721565683,
                481.50108674216466
              ],
              [
                535.8642182588624,
                481.48163005676224
              ],
              [
                535.8487882269302,
                481.4642693402746
              ],
              [
                535.8476891573795,
                481.46325091679637
              ],
              [
                535.8462912647938,
                481.4616817583379
              ],
              [
                535.8411353220697,
                481.45693716718444
              ],
              [
                535.8348346722057,
                481.4499806920029
              ],
              [
                535.81822441785,
                481.4349169034631
              ],
              [
                535.8068338921903,
                481.42280888449557
              ],
              [
                535.8008763829832,
                481.41763337025
              ],
              [
                535.7951123483775,
                481.4116116444082
              ],
              [
                535.7910227717119,
                481.40810304071056
              ],
              [
                535.7869304060001,
                481.4038842715847
              ],
              [
                535.7743504516926,
                481.3931948192599
              ],
              [
                535.7564294803407,
                481.3754580891949
              ],
              [
                535.7498135822569,
                481.3700761220829
              ],
              [
                535.7468095231769,
                481.36714691830963
              ],
              [
                535.7254917823171,
                481.3500199791748
              ],
              [
                535.7067222713775,
                481.33262771259547
              ],
              [
                535.702829281532,
                481.3296654631496
              ],
              [
                535.7003830306336,
                481.32741437911073
              ],
              [
                535.6963031428622,
                481.3243468745166
              ],
              [
                535.6893879248137,
                481.31807548455714
              ],
              [
                535.668046033209,
                481.30223860649824
              ],
              [
                535.6549338796289,
                481.29084758127533
              ],
              [
                535.6516494763534,
                481.28852937834233
              ],
              [
                535.6461510757495,
                481.28381209089
              ],
              [
                535.6431465590063,
                481.2817081062398
              ],
              [
                535.6402572822684,
                481.27925302689795
              ],
              [
                535.6257827810691,
                481.26917830225125
              ],
              [
                535.6055014995957,
                481.25267968203383
              ],
              [
                535.5988076609485,
                481.2482403745583
              ],
              [
                535.5972451718541,
                481.2469850513139
              ],
              [
                535.5768614410987,
                481.23360538290484
              ],
              [
                535.5751270771113,
                481.23224437017046
              ],
              [
                535.5731088939651,
                481.2309587720375
              ],
              [
                535.5525891924308,
                481.2153449438718
              ],
              [
                535.5454967489005,
                481.2109615727068
              ],
              [
                535.5418966413276,
                481.20825479567316
              ],
              [
                535.5391293631396,
                481.2065752219463
              ],
              [
                535.5317078645247,
                481.20106805459886
              ],
              [
                535.505837664617,
                481.1855542715889
              ],
              [
                535.4953877575125,
                481.1782364744111
              ],
              [
                535.4905431456237,
                481.17481704246325
              ],
              [
                535.4903451341187,
                481.1747052568729
              ],
              [
                535.4853805455931,
                481.1712286851161
              ],
              [
                535.4836891669836,
                481.17027651515315
              ],
              [
                535.4822831672441,
                481.16929789350434
              ],
              [
                535.4658849342112,
                481.1600869418905
              ],
              [
                535.4433578907558,
                481.14514716253757
              ],
              [
                535.4135068046896,
                481.1292910178656
              ],
              [
                535.409589354513,
                481.1267955720769
              ],
              [
                535.4080565872126,
                481.12601888136436
              ],
              [
                535.3878344598867,
                481.1135209193521
              ],
              [
                535.3772179511417,
                481.1083045981825
              ],
              [
                535.3723898969167,
                481.1053742556304
              ],
              [
                535.3711157531529,
                481.1047645402144
              ],
              [
                535.3633142803535,
                481.1000861706385
              ],
              [
                535.3363542793797,
                481.0873290665896
              ],
              [
                535.3327220505789,
                481.0852888294697
              ],
              [
                535.3143490659999,
                481.0749456668283
              ],
              [
                535.2959620787693,
                481.06685422157994
              ],
              [
                535.271533091458,
                481.0538781591298
              ],
              [
                535.2402173994705,
                481.04097065630475
              ],
              [
                535.2345129516547,
                481.0380800729541
              ],
              [
                535.2334616387024,
                481.0376712935958
              ],
              [
                535.2140031540832,
                481.0281105512007
              ],
              [
                535.2003562368205,
                481.02297665128117
              ],
              [
                535.185830222919,
                481.01610314000277
              ],
              [
                535.1599220757035,
                481.0068289413084
              ],
              [
                535.1386752410225,
                480.9974524112779
              ],
              [
                535.13697572482,
                480.99689010173364
              ],
              [
                535.1347037636139,
                480.99589029412647
              ],
              [
                535.1260677502056,
                480.9930630127846
              ],
              [
                535.1244444762121,
                480.99235610140835
              ],
              [
                535.1147074791555,
                480.98923877531416
              ],
              [
                535.0916531567826,
                480.9797363912929
              ],
              [
                535.0598615578108,
                480.9701232773375
              ],
              [
                535.0560986399317,
                480.9687076870306
              ],
              [
                535.0515839500024,
                480.96695225155526
              ],
              [
                535.0509933533868,
                480.96678710455194
              ],
              [
                535.0327254760386,
                480.95991482327094
              ],
              [
                535.017158460308,
                480.9557246255697
              ],
              [
                535.0009663607756,
                480.94992842767516
              ],
              [
                534.9765364212551,
                480.94380643501876
              ],
              [
                534.9563109096564,
                480.93711453164485
              ],
              [
                534.9525858929783,
                480.93626805486764
              ],
              [
                534.9481747209009,
                480.9348239134657
              ],
              [
                534.937007854694,
                480.9323477571656
              ],
              [
                534.9323802395865,
                480.9308662136009
              ],
              [
                534.9245259964483,
                480.9292006369021
              ],
              [
                534.9054203711664,
                480.9234234958031
              ],
              [
                534.8690448941194,
                480.9158566678761
              ],
              [
                534.8640085015445,
                480.91450101429706
              ],
              [
                534.8625640558414,
                480.91409710768295
              ],
              [
                534.862401467267,
                480.91406844639505
              ],
              [
                534.8457014593228,
                480.9095732794273
              ],
              [
                534.8282688361331,
                480.906651489689
              ],
              [
                534.8105044922461,
                480.90219985432043
              ],
              [
                534.7879094393054,
                480.8988468012643
              ],
              [
                534.7689992998917,
                480.8945496409424
              ],
              [
                534.7631959743815,
                480.89380647132054
              ],
              [
                534.7565583145094,
                480.89233462747416
              ],
              [
                534.7551558837217,
                480.892165472202
              ],
              [
                534.7490250253919,
                480.89089013085135
              ],
              [
                534.738246829722,
                480.889698136902
              ],
              [
                534.7351000387519,
                480.8890308260455
              ],
              [
                534.7059254416346,
                480.8858650434848
              ],
              [
                534.7057541104155,
                480.88583131176404
              ],
              [
                534.7047521885272,
                480.88573773189887
              ],
              [
                534.7011682504502,
                480.88534883300105
              ],
              [
                534.6546850270341,
                480.8775580258631
              ],
              [
                534.6354877493648,
                480.8762277786568
              ],
              [
                534.6162803716742,
                480.87337744869143
              ],
              [
                534.5958131075457,
                480.87237154377294
              ],
              [
                534.5784682400005,
                480.8701503727165
              ],
              [
                534.570588892426,
                480.86990378205576
              ],
              [
                534.5616999151814,
                480.86883163120285
              ],
              [
                534.5465792078509,
                480.8685010226027
              ],
              [
                534.5300874636293,
                480.86667714967183
              ],
              [
                534.4976591745857,
                480.86667714967183
              ],
              [
                534.4614675433976,
                480.86416930365806
              ],
              [
                534.4406533787372,
                480.86474590639534
              ],
              [
                534.420166015625,
                480.8637390136719
              ],
              [
                534.4201049804688,
                480.8637390136719
              ],
              [
                534.401990269443,
                480.86462734952727
              ],
              [
                534.3864752555975,
                480.8641417944125
              ],
              [
                534.3765777062247,
                480.86478400346834
              ],
              [
                534.3654761158226,
                480.8645412713539
              ],
              [
                534.3473802831126,
                480.8659249170606
              ],
              [
                534.3329477053362,
                480.8658208230639
              ],
              [
                534.3238319272997,
                480.86667714967183
              ]
            ],
            [
              [
                535.863999392366,
                484.24681796239497
              ],
              [
                535.8545879338686,
                484.25720190667056
              ],
              [
                535.8583371645519,
                484.2529835530583
              ],
              [
                535.8635288315315,
                484.2472683862445
              ],
              [
                535.863999392366,
                484.24681796239497
              ]
            ],
            [
              [
                535.8909490174844,
                484.21708329590604
              ],
              [
                535.8909857203301,
                484.21704289214233
              ],
              [
                535.8909905173022,
                484.2170378451743
              ],
              [
                535.8909436000926,
                484.21708961033795
              ],
              [
                535.8909490174844,
                484.21708329590604
              ]
            ],
            [
              [
                535.980385272126,
                484.11504677462756
              ],
              [
                535.9666752036005,
                484.1335326620773
              ],
              [
                535.9648224358975,
                484.13557687622205
              ],
              [
                535.9789072697358,
                484.11671669301904
              ],
              [
                535.980385272126,
                484.11504677462756
              ]
            ],
            [
              [
                535.9914668061126,
                484.09992124562024
              ],
              [
                535.9924725591962,
                484.09874895467584
              ],
              [
                535.985903802863,
                484.10760589729676
              ],
              [
                535.9914668061126,
                484.09992124562024
              ]
            ],
            [
              [
                536.0942268085154,
                483.95797007476364
              ],
              [
                536.101370875234,
                483.94578140045866
              ],
              [
                536.1041245318384,
                483.941244250225
              ],
              [
                536.1057402138302,
                483.938937035866
              ],
              [
                536.0835935214801,
                483.9758865597892
              ],
              [
                536.0808750737606,
                483.97955196222597
              ],
              [
                536.0926589146039,
                483.9601359405802
              ],
              [
                536.0942268085154,
                483.95797007476364
              ]
            ],
            [
              [
                536.191672918531,
                483.791714782919
              ],
              [
                536.1959368328887,
                483.7825090878749
              ],
              [
                536.2008669757694,
                483.7722904719587
              ],
              [
                536.2027526449021,
                483.76894088043633
              ],
              [
                536.1844968255717,
                483.807539567402
              ],
              [
                536.1812342832983,
                483.8129827903391
              ],
              [
                536.1837022457707,
                483.8078674901924
              ],
              [
                536.1840085443217,
                483.80735646193324
              ],
              [
                536.1869823318863,
                483.801068916399
              ],
              [
                536.1906690919661,
                483.79342743700516
              ],
              [
                536.191672918531,
                483.791714782919
              ]
            ],
            [
              [
                536.272665874355,
                483.6168528158408
              ],
              [
                536.2749729077235,
                483.61027596881024
              ],
              [
                536.2806321683241,
                483.5949419819524
              ],
              [
                536.2825878960278,
                483.590497789449
              ],
              [
                536.2684133618976,
                483.6301129584802
              ],
              [
                536.2649463129557,
                483.6374434175728
              ],
              [
                536.2669884090737,
                483.63191027866185
              ],
              [
                536.2679250806476,
                483.62992985301145
              ],
              [
                536.2723944304221,
                483.61743885717686
              ],
              [
                536.272665874355,
                483.6168528158408
              ]
            ],
            [
              [
                536.3445491269403,
                483.4053366861184
              ],
              [
                536.3345349683394,
                483.44531544825895
              ],
              [
                536.3312150435737,
                483.45459401639783
              ],
              [
                536.3327612341407,
                483.44872494310977
              ],
              [
                536.3340466870894,
                483.4451323427902
              ],
              [
                536.3405985444886,
                483.4189758618533
              ],
              [
                536.3427191556407,
                483.4109263868834
              ],
              [
                536.3445491269403,
                483.4053366861184
              ]
            ],
            [
              [
                536.3881261439958,
                483.2151434969627
              ],
              [
                536.3822248576814,
                483.2549267377823
              ],
              [
                536.379409797847,
                483.2661650866063
              ],
              [
                536.380405898339,
                483.2600559970426
              ],
              [
                536.3817365764314,
                483.25474363231353
              ],
              [
                536.38641848031,
                483.22318080014924
              ],
              [
                536.3866255669985,
                483.22191073639806
              ],
              [
                536.3881261439958,
                483.2151434969627
              ]
            ],
            [
              [
                536.4129422096757,
                483.02172923505555
              ],
              [
                536.4110237502194,
                483.06078037440915
              ],
              [
                536.4090715636574,
                483.0739409472038
              ],
              [
                536.4094820404725,
                483.0676989070152
              ],
              [
                536.4105354689694,
                483.0605972689404
              ],
              [
                536.412102795205,
                483.02868864390103
              ],
              [
                536.4129422096757,
                483.02172923505555
              ]
            ],
            [
              [
                536.4187963217796,
                482.82693202945734
              ],
              [
                536.420654296875,
                482.86474609375
              ],
              [
                536.4199175623722,
                482.87974266906957
              ],
              [
                536.4197341568251,
                482.87369130555203
              ],
              [
                536.4201656012701,
                482.86502642158365
              ],
              [
                536.4201537526274,
                482.8647821286142
              ],
              [
                536.420166015625,
                482.8645324707031
              ],
              [
                536.4186492576237,
                482.833658152312
              ],
              [
                536.4187963217796,
                482.82693202945734
              ]
            ],
            [
              [
                536.4056689462224,
                482.6326431743828
              ],
              [
                536.4110237502194,
                482.668742330669
              ],
              [
                536.4117095498406,
                482.6826999294701
              ],
              [
                536.4111013535885,
                482.67814155868115
              ],
              [
                536.4106534078343,
                482.6689059018662
              ],
              [
                536.4060690637208,
                482.63787605970856
              ],
              [
                536.4056689462224,
                482.6326431743828
              ]
            ],
            [
              [
                535.6894408652023,
                484.41076700047546
              ],
              [
                535.6886873451585,
                484.41132584902755
              ],
              [
                535.7003790021546,
                484.400729148808
              ],
              [
                535.7012323588244,
                484.40007981361254
              ],
              [
                535.6894408652023,
                484.41076700047546
              ]
            ],
            [
              [
                535.8336151393125,
                484.27996523696874
              ],
              [
                535.8336471561231,
                484.2799362186231
              ],
              [
                535.8337081912794,
                484.27987518346686
              ],
              [
                535.8338528012822,
                484.279715630916
              ],
              [
                535.8349899295606,
                484.27868499792
              ],
              [
                535.8457877189185,
                484.2667984174358
              ],
              [
                535.8464273676238,
                484.26620570402747
              ],
              [
                535.8348678592481,
                484.2789596561231
              ],
              [
                535.8219132727878,
                484.29070100888714
              ],
              [
                535.8225885025378,
                484.2899649141085
              ],
              [
                535.8335861209669,
                484.27999725377936
              ],
              [
                535.8336151393125,
                484.27996523696874
              ]
            ]
          ]
        ]
      }
    }
  ]
}