{
  "type": "FeatureCollection",
  "features": [
    {
      "type": "Feature",
      "properties": {
        "image_id": "0004_top_20250705_t1",
        "zone_type": "parking_spot",
        "generated_at": "2025-11-03T11:20:39",
        "source": "merged_t1_polygons"
      },
      "geometry": {
        "type": "MultiPolygon",
        "coordinates": [
          [
            [
              [
                1408.6691614683,
                246.7316233859312
              ],
              [
                1408.666145603102,
                246.73031452206354
              ],
              [
                1408.6645151397481,
                246.729407488711
              ],
              [
                1408.6639664331094,
                246.7291718008084
              ],
              [
                1408.6456863894036,
                246.71929992349973
              ],
              [
                1408.6418223457115,
                246.71768855864974
              ],
              [
                1408.6366599015444,
                246.71494158612393
              ],
              [
                1408.6030450925416,
                246.70106929669365
              ],
              [
                1408.6029626892025,
                246.70102740746495
              ],
              [
                1408.6026252766621,
                246.7008960454523
              ],
              [
                1408.6019076068912,
                246.70059987471473
              ],
              [
                1408.577955790802,
                246.68883137639602
              ],
              [
                1408.5586769000404,
                246.681578757081
              ],
              [
                1408.5516758075953,
                246.6782732105313
              ],
              [
                1408.5512665750855,
                246.6781271200359
              ],
              [
                1408.5507672553551,
                246.67789095939148
              ],
              [
                1408.5367901245143,
                246.67288986200907
              ],
              [
                1408.5177123333315,
                246.66427679764513
              ],
              [
                1408.5050791876254,
                246.6600290672272
              ],
              [
                1408.4937532682584,
                246.65507611582677
              ],
              [
                1408.4863993643867,
                246.6526823957473
              ],
              [
                1408.478271452517,
                246.649218952126
              ],
              [
                1408.4756205606645,
                246.6483798924514
              ],
              [
                1408.4610363295326,
                246.6422980467781
              ],
              [
                1408.4595057922913,
                246.64183294293275
              ],
              [
                1408.45627551218,
                246.64049985843886
              ],
              [
                1408.421573856176,
                246.63000129879396
              ],
              [
                1408.3966781127574,
                246.62063564846622
              ],
              [
                1408.372744521456,
                246.61419340667828
              ],
              [
                1408.365969745134,
                246.61176935294964
              ],
              [
                1408.3486405400067,
                246.6074286130348
              ],
              [
                1408.3287604443988,
                246.600744190264
              ],
              [
                1408.3281642948104,
                246.60060796791095
              ],
              [
                1408.3276618115863,
                246.60043901448276
              ],
              [
                1408.3217465151135,
                246.59908734768578
              ],
              [
                1408.308279232272,
                246.59470370249323
              ],
              [
                1408.300884003828,
                246.59307231799204
              ],
              [
                1408.2947708185648,
                246.59113737400978
              ],
              [
                1408.2891462970024,
                246.58993696790276
              ],
              [
                1408.2694950781977,
                246.58399173310778
              ],
              [
                1408.2451260644807,
                246.57919395737565
              ],
              [
                1408.2355466901954,
                246.5772636542383
              ],
              [
                1408.2096540960415,
                246.57029410462263
              ],
              [
                1408.181659965518,
                246.56560215652016
              ],
              [
                1408.1755810346572,
                246.5640794636076
              ],
              [
                1408.1568846506261,
                246.56130611701894
              ],
              [
                1408.1430064299614,
                246.55824458697046
              ],
              [
                1408.1333238754762,
                246.55603208799124
              ],
              [
                1408.1325183985402,
                246.55593093134266
              ],
              [
                1408.117806363353,
                246.55268546213685
              ],
              [
                1408.1104799571397,
                246.5518053396179
              ],
              [
                1408.10653682872,
                246.550963782628
              ],
              [
                1408.1030479091573,
                246.55056433076305
              ],
              [
                1408.0885301321364,
                246.54763890894571
              ],
              [
                1408.0804808596042,
                246.54677858030928
              ],
              [
                1408.0708053799467,
                246.54487367016247
              ],
              [
                1408.0418483737658,
                246.54216907535778
              ],
              [
                1408.0186376637528,
                246.5382788510584
              ],
              [
                1407.9867527397068,
                246.53606943200094
              ],
              [
                1407.9814346712842,
                246.53528057106968
              ],
              [
                1407.9670334495206,
                246.5345730844116
              ],
              [
                1407.9241463178294,
                246.5294210454346
              ],
              [
                1407.917004772672,
                246.52926396069364
              ],
              [
                1407.915312809839,
                246.529070245219
              ],
              [
                1407.9146991397579,
                246.52905936898821
              ],
              [
                1407.9049743815563,
                246.52801995978328
              ],
              [
                1407.8899488780048,
                246.52780740794978
              ],
              [
                1407.880452330008,
                246.52685539674462
              ],
              [
                1407.8779450994525,
                246.52686045051558
              ],
              [
                1407.8693041741594,
                246.52605338498162
              ],
              [
                1407.8450442084845,
                246.52624994712355
              ],
              [
                1407.8254201801162,
                246.52489012885334
              ],
              [
                1407.789939669304,
                246.52587302487578
              ],
              [
                1407.785400390625,
                246.52565002441406
              ],
              [
                1407.7822085231612,
                246.5258066571615
              ],
              [
                1407.7808837890625,
                246.52574157714844
              ],
              [
                1407.7734528808978,
                246.52610640707834
              ],
              [
                1407.7291410664168,
                246.52513172866563
              ],
              [
                1407.7246800372525,
                246.52546950326652
              ],
              [
                1407.7203916120868,
                246.5254088389015
              ],
              [
                1407.697214162007,
                246.52722474599764
              ],
              [
                1407.6766809877518,
                246.52726613427745
              ],
              [
                1407.6730648074465,
                246.5276433802341
              ],
              [
                1407.6669326086756,
                246.52769306530544
              ],
              [
                1407.6475886758265,
                246.5298164919251
              ],
              [
                1407.6318136509565,
                246.53025349829403
              ],
              [
                1407.5949421980258,
                246.5348706171149
              ],
              [
                1407.5847274380908,
                246.53537212380405
              ],
              [
                1407.5752153302099,
                246.53678311172015
              ],
              [
                1407.5739336553193,
                246.5368835283976
              ],
              [
                1407.5346453745715,
                246.53985830907266
              ],
              [
                1407.5028338745783,
                246.54540215488018
              ],
              [
                1407.4740090873752,
                246.54840920472438
              ],
              [
                1407.4693503468945,
                246.54938211052215
              ],
              [
                1407.4657628134642,
                246.54977592206214
              ],
              [
                1407.4514055798033,
                246.55284456630326
              ],
              [
                1407.4396337305911,
                246.55431866136146
              ],
              [
                1407.4355934533241,
                246.5552283072571
              ],
              [
                1407.4328382338988,
                246.55557432431937
              ],
              [
                1407.4085848240998,
                246.56111631682822
              ],
              [
                1407.407511161563,
                246.56126652115523
              ],
              [
                1407.4033609619464,
                246.5622752991493
              ],
              [
                1407.3905810747178,
                246.564171016342
              ],
              [
                1407.3801680542756,
                246.56677934217893
              ],
              [
                1407.3446026412046,
                246.57297738899186
              ],
              [
                1407.3239544167623,
                246.5786697100855
              ],
              [
                1407.3138469456571,
                246.58051807956147
              ],
              [
                1407.299598574991,
                246.58483213907652
              ],
              [
                1407.2745405115918,
                246.59006512753407
              ],
              [
                1407.268956568939,
                246.59184031713625
              ],
              [
                1407.2678546132863,
                246.5920758436971
              ],
              [
                1407.2584077955628,
                246.59512067000702
              ],
              [
                1407.2506826945105,
                246.59685993342907
              ],
              [
                1407.247341277714,
                246.59796105468493
              ],
              [
                1407.2385002977887,
                246.59998125081088
              ],
              [
                1407.2118645282083,
                246.608937180813
              ],
              [
                1407.200192364241,
                246.611860905684
              ],
              [
                1407.188896894913,
                246.6159024892346
              ],
              [
                1407.1587515329388,
                246.62421298974857
              ],
              [
                1407.119557230151,
                246.63920924988972
              ],
              [
                1407.10964245657,
                246.64220884281386
              ],
              [
                1407.1083924941493,
                246.64272468214165
              ],
              [
                1407.0974728036147,
                246.64603089840708
              ],
              [
                1407.0945968949618,
                246.64727095092476
              ],
              [
                1407.0803458902608,
                246.6518014837291
              ],
              [
                1407.0689170324679,
                246.65675848732087
              ],
              [
                1407.0667325375227,
                246.65747835974744
              ],
              [
                1407.0642702278442,
                246.6585638386342
              ],
              [
                1407.049548408856,
                246.663513858192
              ],
              [
                1407.0255446044841,
                246.67435087333985
              ],
              [
                1407.0153948540199,
                246.67798251212585
              ],
              [
                1407.003434406187,
                246.68363938265477
              ],
              [
                1406.9786968020821,
                246.69310431811826
              ],
              [
                1406.9417475308003,
                246.7114963703427
              ],
              [
                1406.9292580672056,
                246.71665057049893
              ],
              [
                1406.9223280692229,
                246.72033807073058
              ],
              [
                1406.8949816634602,
                246.73219894379812
              ],
              [
                1406.8848449387324,
                246.73787265452995
              ],
              [
                1406.8678597667295,
                246.7455409625794
              ],
              [
                1406.8466402750992,
                246.7577974837257
              ],
              [
                1406.837968245098,
                246.76189904845174
              ],
              [
                1406.8256172116032,
                246.7693019730356
              ],
              [
                1406.8061114146174,
                246.7790112751246
              ],
              [
                1406.7718640654505,
                246.80040101593676
              ],
              [
                1406.7569869862994,
                246.80831721345268
              ],
              [
                1406.746315417285,
                246.81541016823496
              ],
              [
                1406.718785471889,
                246.8308191835562
              ],
              [
                1406.712064641206,
                246.83552927538787
              ],
              [
                1406.6952394121188,
                246.84524764092146
              ],
              [
                1406.6768831629,
                246.8584497310816
              ],
              [
                1406.6696212527108,
                246.86280235254335
              ],
              [
                1406.6571850719397,
                246.87202565280583
              ],
              [
                1406.6425989356442,
                246.8811356622636
              ],
              [
                1406.6114325487024,
                246.90506128574668
              ],
              [
                1406.5944692387939,
                246.91633610297123
              ],
              [
                1406.58341028307,
                246.92535651944561
              ],
              [
                1406.5717898583248,
                246.93332655423418
              ],
              [
                1406.5681013886124,
                246.9364215864861
              ],
              [
                1406.5534311711522,
                246.94670276669842
              ],
              [
                1406.549719767452,
                246.94990755515803
              ],
              [
                1406.533402294091,
                246.96164332709748
              ],
              [
                1406.5179139881438,
                246.975316128183
              ],
              [
                1406.5119751504228,
                246.97972067042298
              ],
              [
                1406.4997776292894,
                246.99077585917126
              ],
              [
                1406.4896786299655,
                246.99852859790963
              ],
              [
                1406.4618852501314,
                247.02448038218068
              ],
              [
                1406.4432519976576,
                247.03967889655974
              ],
              [
                1406.4334647357682,
                247.04939656400626
              ],
              [
                1406.4232943291422,
                247.05793065510008
              ],
              [
                1406.4166134407446,
                247.0647424501551
              ],
              [
                1406.411318609584,
                247.06941663295387
              ],
              [
                1406.4006041783493,
                247.07866851939536
              ],
              [
                1406.3994207489445,
                247.07991985276513
              ],
              [
                1406.3839562323917,
                247.0935716529962
              ],
              [
                1406.3712673337857,
                247.1072508016909
              ],
              [
                1406.366548156377,
                247.11152801477533
              ],
              [
                1406.3549332486436,
                247.12434309064267
              ],
              [
                1406.3535433160387,
                247.12563103461054
              ],
              [
                1406.3534778936676,
                247.1257046429636
              ],
              [
                1406.348771345944,
                247.13009933378248
              ],
              [
                1406.3471092907748,
                247.13198208032438
              ],
              [
                1406.3467518808604,
                247.13231648601646
              ],
              [
                1406.324477844138,
                247.15760848076778
              ],
              [
                1406.3176545064928,
                247.1643832995947
              ],
              [
                1406.3161527538848,
                247.16585587861397
              ],
              [
                1406.3160570277998,
                247.16596941906982
              ],
              [
                1406.3047748547594,
                247.17717136777833
              ],
              [
                1406.296289749794,
                247.18742378746228
              ],
              [
                1406.2875592506616,
                247.19632535373287
              ],
              [
                1406.28035077299,
                247.20526255137383
              ],
              [
                1406.248385944073,
                247.23972193680405
              ],
              [
                1406.2383574455434,
                247.25296466864842
              ],
              [
                1406.2347408120245,
                247.25695500882114
              ],
              [
                1406.223996388457,
                247.2714421869421
              ],
              [
                1406.2211863137886,
                247.27462538955936
              ],
              [
                1406.2209276433398,
                247.2749825647822
              ],
              [
                1406.2205158227985,
                247.27544872287368
              ],
              [
                1406.2196654753175,
                247.27662210704196
              ],
              [
                1406.2191096931922,
                247.27725319330477
              ],
              [
                1406.2015503834632,
                247.30156875944718
              ],
              [
                1406.1999382778465,
                247.3036975609146
              ],
              [
                1406.1940747171977,
                247.31065231467386
              ],
              [
                1406.1929016953254,
                247.31234595743155
              ],
              [
                1406.1803561159181,
                247.3275045849067
              ],
              [
                1406.1731847741157,
                247.3381288451951
              ],
              [
                1406.1658597556777,
                247.34721053213184
              ],
              [
                1406.1584168652864,
                247.35852699831332
              ],
              [
                1406.1280382931247,
                247.39864220436976
              ],
              [
                1406.1204651774883,
                247.41103786510791
              ],
              [
                1406.117822494145,
                247.41460111110922
              ],
              [
                1406.108974004703,
                247.429363923865
              ],
              [
                1406.1073314834925,
                247.4316304189477
              ],
              [
                1406.1060493364862,
                247.43381553111922
              ],
              [
                1406.1060421105137,
                247.43382553741293
              ],
              [
                1406.1057147497133,
                247.4343857540546
              ],
              [
                1406.0941169753619,
                247.45415137981496
              ],
              [
                1406.0937002007033,
                247.4548467263242
              ],
              [
                1406.089921330674,
                247.4610319733356
              ],
              [
                1406.086240246231,
                247.46634682905483
              ],
              [
                1406.084289003695,
                247.4698269052672
              ],
              [
                1406.0711802505987,
                247.48924737200662
              ],
              [
                1406.0653153609524,
                247.50008222347978
              ],
              [
                1406.0593391228397,
                247.50916873328148
              ],
              [
                1406.0520011358403,
                247.52309967345386
              ],
              [
                1406.0241089096462,
                247.56875361428013
              ],
              [
                1406.0187261843985,
                247.5799333155665
              ],
              [
                1406.0169191900534,
                247.58294810349645
              ],
              [
                1406.0101680351536,
                247.59722222124037
              ],
              [
                1406.0097182869897,
                247.59798870915643
              ],
              [
                1406.0053733681068,
                247.60735969297423
              ],
              [
                1405.997159943244,
                247.6247255207939
              ],
              [
                1405.995464090193,
                247.6282477385671
              ],
              [
                1405.9936163211253,
                247.63154326798445
              ],
              [
                1405.9934942508128,
                247.63178740860945
              ],
              [
                1405.991099507126,
                247.6371892794789
              ],
              [
                1405.9782866157345,
                247.66085993375194
              ],
              [
                1405.9737021164678,
                247.67174792733425
              ],
              [
                1405.968998036376,
                247.68067847713408
              ],
              [
                1405.9621523576984,
                247.69743485131818
              ],
              [
                1405.9376303114982,
                247.74836614333714
              ],
              [
                1405.9341204525913,
                247.75801132528935
              ],
              [
                1405.9330026537275,
                247.76037471241827
              ],
              [
                1405.9184137171198,
                247.80114805878614
              ],
              [
                1405.9183587163502,
                247.80127212511417
              ],
              [
                1405.9181915705058,
                247.80176891698076
              ],
              [
                1405.9178627786373,
                247.802687828694
              ],
              [
                1405.9133697970142,
                247.81503465698916
              ],
              [
                1405.9025595610228,
                247.84070851431832
              ],
              [
                1405.8992110552952,
                247.85149817569683
              ],
              [
                1405.8956851853902,
                247.86012855381324
              ],
              [
                1405.889768808458,
                247.87989077654098
              ],
              [
                1405.8882107331103,
                247.8841724074046
              ],
              [
                1405.887481420067,
                247.88602466359552
              ],
              [
                1405.887285174533,
                247.88671586602308
              ],
              [
                1405.8694616464418,
                247.935695376604
              ],
              [
                1405.8674632512543,
                247.94354507155185
              ],
              [
                1405.8668810472857,
                247.9451722226395
              ],
              [
                1405.8566085479533,
                247.98618233879253
              ],
              [
                1405.8529373855094,
                248.0006026623947
              ],
              [
                1405.8447200098938,
                248.02708095077884
              ],
              [
                1405.8425454492933,
                248.0376289586137
              ],
              [
                1405.840089291041,
                248.0458331597641
              ],
              [
                1405.8376964579304,
                248.05801711302797
              ],
              [
                1405.8370680472324,
                248.0601631843453
              ],
              [
                1405.835136030777,
                248.07039196818852
              ],
              [
                1405.833718594073,
                248.0753843655731
              ],
              [
                1405.8332818218719,
                248.07780970309886
              ],
              [
                1405.820280156676,
                248.12888023521447
              ],
              [
                1405.8193975764436,
                248.13473686427042
              ],
              [
                1405.8191911579436,
                248.13556093311618
              ],
              [
                1405.8140260866064,
                248.17038101570546
              ],
              [
                1405.8108974861075,
                248.1911417940641
              ],
              [
                1405.8053185963017,
                248.21820297293752
              ],
              [
                1405.804239245601,
                248.22837630337173
              ],
              [
                1405.802732636507,
                248.2360477346574
              ],
              [
                1405.801549598852,
                248.2482105117504
              ],
              [
                1405.8006404628784,
                248.25302380168478
              ],
              [
                1405.799584000509,
                248.26492919126827
              ],
              [
                1405.79883073981,
                248.26911194702916
              ],
              [
                1405.7984733217927,
                248.27358610797202
              ],
              [
                1405.7905744505704,
                248.32600146582317
              ],
              [
                1405.7876675986956,
                248.3842698704488
              ],
              [
                1405.785296554897,
                248.40586953939712
              ],
              [
                1405.7852823326054,
                248.40705311321122
              ],
              [
                1405.7847304226773,
                248.41225509442518
              ],
              [
                1405.7846521131655,
                248.42193309019459
              ],
              [
                1405.783966160512,
                248.42898535027075
              ],
              [
                1405.783966160512,
                248.44092833233762
              ],
              [
                1405.783291933494,
                248.4485262700851
              ],
              [
                1405.783422173399,
                248.4619964762927
              ],
              [
                1405.7831558118944,
                248.4653307912484
              ],
              [
                1405.7832836162152,
                248.4721476420153
              ],
              [
                1405.7806396484375,
                248.525146484375
              ],
              [
                1405.783195638073,
                248.58070705518642
              ],
              [
                1405.7829588075183,
                248.60041600575926
              ],
              [
                1405.7831863838544,
                248.60307739525675
              ],
              [
                1405.783151488941,
                248.60738993425477
              ],
              [
                1405.783966160512,
                248.61646625387695
              ],
              [
                1405.783966160512,
                248.6228334973855
              ],
              [
                1405.7850888659952,
                248.63437600110467
              ],
              [
                1405.7851895349,
                248.64478779390302
              ],
              [
                1405.7867990492798,
                248.65965446870126
              ],
              [
                1405.7868456515432,
                248.6621401489407
              ],
              [
                1405.7870035483552,
                248.66348112669934
              ],
              [
                1405.7890871178563,
                248.70877251176705
              ],
              [
                1405.7904201876283,
                248.7183771184568
              ],
              [
                1405.7904362937595,
                248.71872226554038
              ],
              [
                1405.7907161402088,
                248.7206369144896
              ],
              [
                1405.7910512083859,
                248.72727442392912
              ],
              [
                1405.7911982318738,
                248.7282386382208
              ],
              [
                1405.7913680891668,
                248.73153433691388
              ],
              [
                1405.7975807843773,
                248.77141258793677
              ],
              [
                1405.799535250865,
                248.79426907940726
              ],
              [
                1405.8002942729022,
                248.79837902975206
              ],
              [
                1405.8005968265816,
                248.80174980393383
              ],
              [
                1405.8021843509673,
                248.81013420467545
              ],
              [
                1405.802732636507,
                248.81577111299885
              ],
              [
                1405.8048900270958,
                248.82675622766834
              ],
              [
                1405.8063149921581,
                248.8399182673767
              ],
              [
                1405.8092164705236,
                248.85380206636256
              ],
              [
                1405.8143581663733,
                248.8908473639082
              ],
              [
                1405.8176511532497,
                248.9049204548298
              ],
              [
                1405.8189163921345,
                248.91357694594456
              ],
              [
                1405.8201851336983,
                248.9186810417283
              ],
              [
                1405.8202677212432,
                248.9192352810466
              ],
              [
                1405.8204039756952,
                248.91977671159793
              ],
              [
                1405.82145008994,
                248.92663737257675
              ],
              [
                1405.8222427225055,
                248.92971344224648
              ],
              [
                1405.823074705324,
                248.93505380074797
              ],
              [
                1405.8313051881748,
                248.96629684461482
              ],
              [
                1405.8348690146242,
                248.98559424182818
              ],
              [
                1405.836443150963,
                248.99106969813795
              ],
              [
                1405.8369003555538,
                248.99348439270494
              ],
              [
                1405.8391306248475,
                249.00110430103473
              ],
              [
                1405.840089291041,
                249.00598568789215
              ],
              [
                1405.843172568679,
                249.0162846293065
              ],
              [
                1405.8464648555664,
                249.03203847737743
              ],
              [
                1405.8501202902678,
                249.04368235536074
              ],
              [
                1405.856239317579,
                249.06983296905304
              ],
              [
                1405.862206841655,
                249.08773266622092
              ],
              [
                1405.866421051139,
                249.10468625982475
              ],
              [
                1405.8681818457712,
                249.10963031390392
              ],
              [
                1405.8683815391496,
                249.1104238299643
              ],
              [
                1405.869885490831,
                249.1146067724438
              ],
              [
                1405.8717713555495,
                249.12192548670734
              ],
              [
                1405.8736361699544,
                249.1269859250311
              ],
              [
                1405.8755452751059,
                249.1342329185646
              ],
              [
                1405.8841961670792,
                249.15717319689304
              ],
              [
                1405.8886257195552,
                249.1725808972659
              ],
              [
                1405.89128273746,
                249.17928651357008
              ],
              [
                1405.8917164653658,
                249.18076838254967
              ],
              [
                1405.8944517216103,
                249.1875702071373
              ],
              [
                1405.8956851853902,
                249.191690293843
              ],
              [
                1405.8995723794183,
                249.2012050959143
              ],
              [
                1405.905252459992,
                249.2192982012593
              ],
              [
                1405.9090218347383,
                249.22815509073445
              ],
              [
                1405.9143767817288,
                249.24421735177572
              ],
              [
                1405.9235744153355,
                249.26516455651193
              ],
              [
                1405.9324897194872,
                249.29019742806415
              ],
              [
                1405.934713819278,
                249.29491387424991
              ],
              [
                1405.9350850725443,
                249.2959464413717
              ],
              [
                1405.9387077288047,
                249.3035668273168
              ],
              [
                1405.9415033678056,
                249.31115319017567
              ],
              [
                1405.9448468780486,
                249.318005651486
              ],
              [
                1405.9482232762134,
                249.32695912286098
              ],
              [
                1405.955802688213,
                249.34211794686018
              ],
              [
                1405.960296641867,
                249.35345950720017
              ],
              [
                1405.964278874582,
                249.3612109937794
              ],
              [
                1405.9645233052984,
                249.36181882526125
              ],
              [
                1405.967620678692,
                249.36776897057413
              ],
              [
                1405.968998036376,
                249.37114037052217
              ],
              [
                1405.9735619424036,
                249.3798048042192
              ],
              [
                1405.9821116486678,
                249.39989402551478
              ],
              [
                1405.9852574836423,
                249.40564502310198
              ],
              [
                1405.988279444373,
                249.41252740533605
              ],
              [
                1406.0010634338364,
                249.43561546858749
              ],
              [
                1406.016481870318,
                249.46831194481578
              ],
              [
                1406.0191308581775,
                249.47273973268605
              ],
              [
                1406.0197301631817,
                249.47400039202086
              ],
              [
                1406.0261956791257,
                249.48472848812494
              ],
              [
                1406.0299371321,
                249.49239652557304
              ],
              [
                1406.0351373314675,
                249.50078723336887
              ],
              [
                1406.0403378588455,
                249.51118828812523
              ],
              [
                1406.0454779794238,
                249.51926649089944
              ],
              [
                1406.0492035275022,
                249.52651833628283
              ],
              [
                1406.0582236415307,
                249.54053240779126
              ],
              [
                1406.0593391228397,
                249.54265011437477
              ],
              [
                1406.0644551974174,
                249.55042879737232
              ],
              [
                1406.0763022255915,
                249.57208671363256
              ],
              [
                1406.0946958772188,
                249.59904679504052
              ],
              [
                1406.1175832110164,
                249.63730301377478
              ],
              [
                1406.1206104951598,
                249.64138902826318
              ],
              [
                1406.1214943147008,
                249.6428555316416
              ],
              [
                1406.1314796916645,
                249.6562390796663
              ],
              [
                1406.1361735052683,
                249.6638127159089
              ],
              [
                1406.1435716033095,
                249.6734302254937
              ],
              [
                1406.150912021618,
                249.684966411589
              ],
              [
                1406.1523878507821,
                249.68683033238597
              ],
              [
                1406.1545050107572,
                249.69011965125634
              ],
              [
                1406.165339338754,
                249.70381705296276
              ],
              [
                1406.1658597556777,
                249.7046083155244
              ],
              [
                1406.1713143583736,
                249.71137102806458
              ],
              [
                1406.1714256244115,
                249.71151169720608
              ],
              [
                1406.1869170840173,
                249.73421795589593
              ],
              [
                1406.2084242237795,
                249.75991380176484
              ],
              [
                1406.2125441192018,
                249.76547454584727
              ],
              [
                1406.2210642434761,
                249.77723923446408
              ],
              [
                1406.222284937562,
                249.7786220150189
              ],
              [
                1406.2348135776697,
                249.79553228923666
              ],
              [
                1406.2381660956432,
                249.79923244050107
              ],
              [
                1406.2393886848236,
                249.80087109481224
              ],
              [
                1406.2535037657794,
                249.81634177118104
              ],
              [
                1406.2591323375573,
                249.82365890089727
              ],
              [
                1406.26529768265,
                249.83019033524283
              ],
              [
                1406.2752045765046,
                249.84271521955768
              ],
              [
                1406.2786416542574,
                249.84628448584363
              ],
              [
                1406.2787729740023,
                249.84645033810446
              ],
              [
                1406.281070936642,
                249.84880719738447
              ],
              [
                1406.294494487323,
                249.86274701205508
              ],
              [
                1406.3128909423904,
                249.884726339812
              ],
              [
                1406.3357129691924,
                249.90711127233322
              ],
              [
                1406.3486492756315,
                249.92176529024098
              ],
              [
                1406.3521403271009,
                249.9250250238593
              ],
              [
                1406.367036437627,
                249.94146575963873
              ],
              [
                1406.3707935487591,
                249.94489592397088
              ],
              [
                1406.3722676939344,
                249.9465116442774
              ],
              [
                1406.391036010598,
                249.96339482280405
              ],
              [
                1406.3975634549597,
                249.97030985734816
              ],
              [
                1406.4006247308369,
                249.97295897911846
              ],
              [
                1406.4101599906608,
                249.9828609609369
              ],
              [
                1406.419822525516,
                249.99111498090323
              ],
              [
                1406.4225645753752,
                249.99392730933067
              ],
              [
                1406.4336352121784,
                250.00315807924474
              ],
              [
                1406.4530106035902,
                250.02216238736736
              ],
              [
                1406.4733513958784,
                250.03852910563464
              ],
              [
                1406.4889812889146,
                250.05279887294313
              ],
              [
                1406.489556559653,
                250.0533360261138
              ],
              [
                1406.4896387517936,
                250.0533991228793
              ],
              [
                1406.5015303673404,
                250.06425592057982
              ],
              [
                1406.5094193363318,
                250.0702393911476
              ],
              [
                1406.5129517129228,
                250.0734409506708
              ],
              [
                1406.5153325665497,
                250.07520671206373
              ],
              [
                1406.518840156678,
                250.07836199079205
              ],
              [
                1406.5412132203414,
                250.09481046390204
              ],
              [
                1406.5580941096603,
                250.10923061343573
              ],
              [
                1406.5750595743086,
                250.12107864427443
              ],
              [
                1406.58076171875,
                250.1258331298828
              ],
              [
                1406.5872763950786,
                250.13019605444921
              ],
              [
                1406.6059266386824,
                250.1452025142939
              ],
              [
                1406.6228799809724,
                250.1562947969366
              ],
              [
                1406.6464939589628,
                250.17420506410193
              ],
              [
                1406.6611361169685,
                250.1833419948803
              ],
              [
                1406.6705978152108,
                250.1903592685504
              ],
              [
                1406.6737375963191,
                250.1922411809236
              ],
              [
                1406.6776818284081,
                250.19514094451566
              ],
              [
                1406.6968352850383,
                250.20650112907313
              ],
              [
                1406.6973146074313,
                250.20684586493792
              ],
              [
                1406.7005359002128,
                250.2087065053238
              ],
              [
                1406.7176069666368,
                250.22062828439883
              ],
              [
                1406.7432375739668,
                250.23504271677814
              ],
              [
                1406.7701663826567,
                250.25266177690872
              ],
              [
                1406.7827629226877,
                250.2592389838499
              ],
              [
                1406.8008495910474,
                250.27052534182724
              ],
              [
                1406.8010937316724,
                250.2706626709288
              ],
              [
                1406.8252540626731,
                250.2830566559292
              ],
              [
                1406.838944807598,
                250.291262572642
              ],
              [
                1406.8428922856986,
                250.29312959073715
              ],
              [
                1406.8472492445721,
                250.29571376433412
              ],
              [
                1406.867684668243,
                250.30525275844013
              ],
              [
                1406.869934962042,
                250.30655254327996
              ],
              [
                1406.8722457024728,
                250.30759577495542
              ],
              [
                1406.8871890199375,
                250.31599976774203
              ],
              [
                1406.88731109025,
                250.31606080289828
              ],
              [
                1406.9029577539325,
                250.32291779789404
              ],
              [
                1406.9377434623882,
                250.34076248507213
              ],
              [
                1406.9436002458672,
                250.34321921618437
              ],
              [
                1406.9441481169956,
                250.34350528376964
              ],
              [
                1406.947549883653,
                250.34487596140397
              ],
              [
                1406.967457813804,
                250.3532266937742
              ],
              [
                1406.9785747317696,
                250.35876030590518
              ],
              [
                1406.994708357515,
                250.36493324512054
              ],
              [
                1407.0163714165199,
                250.3751791089679
              ],
              [
                1407.0211546173575,
                250.3768905655938
              ],
              [
                1407.0258947185569,
                250.37910318413944
              ],
              [
                1407.0459980777675,
                250.38617179251955
              ],
              [
                1407.050119721799,
                250.38790068879214
              ],
              [
                1407.0516236041685,
                250.38857964766737
              ],
              [
                1407.0522018632198,
                250.38877407972876
              ],
              [
                1407.0793693277608,
                250.4001699518178
              ],
              [
                1407.1027139148134,
                250.40739637758182
              ],
              [
                1407.12619630249,
                250.41685816224546
              ],
              [
                1407.1441917421596,
                250.42212757091454
              ],
              [
                1407.1586294626263,
                250.42765163427487
              ],
              [
                1407.1777684084184,
                250.4329278760722
              ],
              [
                1407.201168926741,
                250.44130071540974
              ],
              [
                1407.2067934689117,
                250.4427095898805
              ],
              [
                1407.2118823522603,
                250.44449890892452
              ],
              [
                1407.23398190716,
                250.44989524780286
              ],
              [
                1407.2405754931012,
                250.4521122550485
              ],
              [
                1407.241347183491,
                250.45228858911423
              ],
              [
                1407.245795988405,
                250.45376613527912
              ],
              [
                1407.2530245793673,
                250.45542312971784
              ],
              [
                1407.2652911367238,
                250.45937679302165
              ],
              [
                1407.271953965629,
                250.46080087317756
              ],
              [
                1407.2742089975877,
                250.46151986376313
              ],
              [
                1407.2847758213513,
                250.46375448959657
              ],
              [
                1407.3032975332735,
                250.46948797187773
              ],
              [
                1407.3104519728424,
                250.47081174406958
              ],
              [
                1407.3145577155954,
                250.47201398401774
              ],
              [
                1407.3304091007044,
                250.47500799946863
              ],
              [
                1407.344480570892,
                250.47888723503158
              ],
              [
                1407.3666391602028,
                250.48274885119167
              ],
              [
                1407.3915576372178,
                250.48899060475176
              ],
              [
                1407.3980056027026,
                250.48994707007955
              ],
              [
                1407.4034049038125,
                250.49126548842003
              ],
              [
                1407.41101643073,
                250.49234496466457
              ],
              [
                1407.4112706465232,
                250.49240645204858
              ],
              [
                1407.4163025932073,
                250.49310805523723
              ],
              [
                1407.4165225928352,
                250.49316072582698
              ],
              [
                1407.419372693394,
                250.49355475194895
              ],
              [
                1407.431556026067,
                250.496347511228
              ],
              [
                1407.4486583223209,
                250.49858359077834
              ],
              [
                1407.456876920699,
                250.50037017771956
              ],
              [
                1407.4573453081398,
                250.50042550345032
              ],
              [
                1407.4631993369017,
                250.5016767146566
              ],
              [
                1407.4650674911265,
                250.50188178610935
              ],
              [
                1407.4702762048275,
                250.50298330218035
              ],
              [
                1407.4800571446026,
                250.50404536688563
              ],
              [
                1407.4892617654878,
                250.50588056950758
              ],
              [
                1407.499107746946,
                250.5068718618326
              ],
              [
                1407.5074183329348,
                250.5084415683715
              ],
              [
                1407.519730292548,
                250.50953410901755
              ],
              [
                1407.5336688120715,
                250.51211312647422
              ],
              [
                1407.5379269781859,
                250.51243106940797
              ],
              [
                1407.537941273009,
                250.51243356104453
              ],
              [
                1407.5379693415848,
                250.51243565683063
              ],
              [
                1407.5383074839465,
                250.51249459620078
              ],
              [
                1407.538429554259,
                250.51250985498984
              ],
              [
                1407.5600746848836,
                250.51412535505617
              ],
              [
                1407.5737119185258,
                250.51627098349485
              ],
              [
                1407.576576188077,
                250.51643551420642
              ],
              [
                1407.5857040005908,
                250.5177894972897
              ],
              [
                1407.5860300852391,
                250.51780551680125
              ],
              [
                1407.5864364224658,
                250.517865791235
              ],
              [
                1407.5864529001028,
                250.5178666007294
              ],
              [
                1407.5891219693408,
                250.51826251975064
              ],
              [
                1407.5962249376653,
                250.51861146620843
              ],
              [
                1407.598601348546,
                250.51894849176466
              ],
              [
                1407.6029514873192,
                250.51913246834957
              ],
              [
                1407.6068514464384,
                250.51967623876794
              ],
              [
                1407.6089086216923,
                250.51975807539606
              ],
              [
                1407.6098265785342,
                250.5198849828392
              ],
              [
                1407.61234504699,
                250.51998519277726
              ],
              [
                1407.6205256422859,
                250.5210547837596
              ],
              [
                1407.6367624206616,
                250.5216181785692
              ],
              [
                1407.6484271452368,
                250.52299601101117
              ],
              [
                1407.6560645676389,
                250.52315715738612
              ],
              [
                1407.6695086079353,
                250.5246169803708
              ],
              [
                1407.675860111659,
                250.5246672703765
              ],
              [
                1407.681066602994,
                250.5251914593487
              ],
              [
                1407.6968723982377,
                250.5252533735924
              ],
              [
                1407.702920801335,
                250.52579009775613
              ],
              [
                1407.7087200895737,
                250.52573402595306
              ],
              [
                1407.7185826166499,
                250.52652428447928
              ],
              [
                1407.7250792381026,
                250.52644058989094
              ],
              [
                1407.737223588095,
                250.52734699228503
              ],
              [
                1407.7575888583494,
                250.5268333286964
              ],
              [
                1407.7706618291895,
                250.5275842724034
              ],
              [
                1407.775120414481,
                250.5274000374224
              ],
              [
                1407.78515625,
                250.52789306640625
              ],
              [
                1407.7967593391384,
                250.52732304318928
              ],
              [
                1407.8048148374078,
                250.5276435717156
              ],
              [
                1407.8069118879405,
                250.52752214082727
              ],
              [
                1407.810988994592,
                250.52766361105446
              ],
              [
                1407.8261161001944,
                250.526745172633
              ],
              [
                1407.8412660976176,
                250.5270648311561
              ],
              [
                1407.8543038568287,
                250.5260801542153
              ],
              [
                1407.8699058355605,
                250.52620368773327
              ],
              [
                1407.872729582801,
                250.52594223893655
              ],
              [
                1407.8738396196204,
                250.5259465871575
              ],
              [
                1407.891644796905,
                250.52429476132824
              ],
              [
                1407.9041778130243,
                250.52413330115508
              ],
              [
                1407.9148020762582,
                250.5230058930758
              ],
              [
                1407.917265934839,
                250.52296222548412
              ],
              [
                1407.9190174518224,
                250.52276169156156
              ],
              [
                1407.9365071636312,
                250.52232055682484
              ],
              [
                1407.9553673384673,
                250.51995198239086
              ],
              [
                1407.967768200217,
                250.51943956143683
              ],
              [
                1407.973408890435,
                250.5186448072209
              ],
              [
                1407.9811905306592,
                250.51826251975064
              ],
              [
                1407.981668058779,
                250.51819168514544
              ],
              [
                1407.9830215853467,
                250.51812519064907
              ],
              [
                1407.9918767986537,
                250.5168116438383
              ],
              [
                1407.9996310511644,
                250.51636262949367
              ],
              [
                1408.0151293636345,
                250.51393380563786
              ],
              [
                1408.0336002108584,
                250.5125387946514
              ],
              [
                1408.050047901846,
                250.5096839277352
              ],
              [
                1408.0507036364506,
                250.50962767557579
              ],
              [
                1408.051702947395,
                250.5094458113323
              ],
              [
                1408.0657898573593,
                250.50813893741795
              ],
              [
                1408.0665200629742,
                250.50799931290743
              ],
              [
                1408.0694558210582,
                250.50772749310445
              ],
              [
                1408.0822036099064,
                250.50524185265593
              ],
              [
                1408.088752103172,
                250.5045469504258
              ],
              [
                1408.1028025901874,
                250.50171984323327
              ],
              [
                1408.10848995372,
                250.50106868807512
              ],
              [
                1408.1124377667445,
                250.50022613127956
              ],
              [
                1408.1343004379762,
                250.49748048525095
              ],
              [
                1408.1514766202401,
                250.49355566502044
              ],
              [
                1408.1631133217436,
                250.49191609304924
              ],
              [
                1408.1684316139906,
                250.49062221095062
              ],
              [
                1408.1771679487197,
                250.48932629811114
              ],
              [
                1408.185554606093,
                250.48722554979952
              ],
              [
                1408.1924205394087,
                250.48614955248294
              ],
              [
                1408.2062693503785,
                250.48256817967393
              ],
              [
                1408.2236406134118,
                250.47955300604482
              ],
              [
                1408.2427089631792,
                250.4743097760876
              ],
              [
                1408.2551340022312,
                250.4719339521274
              ],
              [
                1408.2593128927388,
                250.47070802075308
              ],
              [
                1408.2661550044265,
                250.46937390471405
              ],
              [
                1408.2883531284385,
                250.46268162688744
              ],
              [
                1408.2967239435648,
                250.46089509669335
              ],
              [
                1408.302733913657,
                250.45899282235308
              ],
              [
                1408.3286383740863,
                250.45307355875943
              ],
              [
                1408.3440006644212,
                250.44790818906753
              ],
              [
                1408.3547966196552,
                250.44528165171948
              ],
              [
                1408.3592756840262,
                250.44371068506692
              ],
              [
                1408.3675566591965,
                250.4416364087691
              ],
              [
                1408.3753988037117,
                250.43883044459417
              ],
              [
                1408.3813479164842,
                250.43729197383539
              ],
              [
                1408.393501707449,
                250.43284624915785
              ],
              [
                1408.4096197671993,
                250.42841426134737
              ],
              [
                1408.4299552928642,
                250.4206478739927
              ],
              [
                1408.4401129521673,
                250.41766799375733
              ],
              [
                1408.4475012648395,
                250.41470173706415
              ],
              [
                1408.4580284488327,
                250.41152800760955
              ],
              [
                1408.4752429619184,
                250.40439029839143
              ],
              [
                1408.480224577517,
                250.40281351857712
              ],
              [
                1408.4881110979559,
                250.39945293601343
              ],
              [
                1408.517590263019,
                250.3895409513783
              ],
              [
                1408.5310592401302,
                250.38346010241293
              ],
              [
                1408.5409531468704,
                250.3799899585916
              ],
              [
                1408.5446144106575,
                250.37828413229323
              ],
              [
                1408.5523541694176,
                250.37551480232727
              ],
              [
                1408.5595858288787,
                250.37209448213093
              ],
              [
                1408.5646145646285,
                250.37025502523355
              ],
              [
                1408.5750683758213,
                250.36522740288996
              ],
              [
                1408.5898079072244,
                250.35959819456806
              ],
              [
                1408.6110424230287,
                250.34904330101685
              ],
              [
                1408.619008159948,
                250.34584522027757
              ],
              [
                1408.6292758374618,
                250.34052314919106
              ],
              [
                1408.6431496697537,
                250.33477059725152
              ],
              [
                1408.6555446959,
                250.32810658825622
              ],
              [
                1408.6572923666401,
                250.3273618755706
              ],
              [
                1408.6650226708489,
                250.32314791654326
              ],
              [
                1408.6663735567122,
                250.32256518811676
              ],
              [
                1408.66832279575,
                250.3214896243817
              ],
              [
                1408.6992789051455,
                250.3075138469909
              ],
              [
                1408.7108259039028,
                250.3008442228119
              ],
              [
                1408.7197717279985,
                250.2966762570793
              ],
              [
                1408.722656653901,
                250.29496772591992
              ],
              [
                1408.7297807783395,
                250.2915982660014
              ],
              [
                1408.7363473737814,
                250.28766240016074
              ],
              [
                1408.7404757570916,
                250.28567690876523
              ],
              [
                1408.7492630078957,
                250.28033895318495
              ],
              [
                1408.762529129866,
                250.2737448539116
              ],
              [
                1408.7842427475507,
                250.26019876128228
              ],
              [
                1408.7901575993703,
                250.2571329012757
              ],
              [
                1408.8028892644832,
                250.24888888279483
              ],
              [
                1408.8196599776343,
                250.23987234809965
              ],
              [
                1408.8350245040083,
                250.22950587662822
              ],
              [
                1408.8360981932192,
                250.22891342944465
              ],
              [
                1408.839925671791,
                250.22628829843282
              ],
              [
                1408.8470287900238,
                250.22230509122195
              ],
              [
                1408.8481504021008,
                250.2215246686307
              ],
              [
                1408.8718992597562,
                250.20780716864886
              ],
              [
                1408.8815454575058,
                250.2008694783357
              ],
              [
                1408.8895125808335,
                250.19615113238294
              ],
              [
                1408.891680301955,
                250.19455942597216
              ],
              [
                1408.8981277707267,
                250.19069496190977
              ],
              [
                1408.9039874741597,
                250.1863491096576
              ],
              [
                1408.9072572682037,
                250.18436282114115
              ],
              [
                1408.914446977298,
                250.17897053932035
              ],
              [
                1408.9261769802126,
                250.17165274878312
              ],
              [
                1408.9474898189385,
                250.15530717661395
              ],
              [
                1408.9494197838656,
                250.15406821403352
              ],
              [
                1408.9498410437886,
                250.15373454330768
              ],
              [
                1408.9519712063036,
                250.15235521868792
              ],
              [
                1408.966672799762,
                250.14068255275936
              ],
              [
                1408.985787139858,
                250.1277860757395
              ],
              [
                1409.0007197524665,
                250.1153662470199
              ],
              [
                1409.0059337391153,
                250.1117383322938
              ],
              [
                1409.0084548612163,
                250.10959432893193
              ],
              [
                1409.033736377784,
                250.09141148247284
              ],
              [
                1409.0415507313417,
                250.08451311010276
              ],
              [
                1409.0485242432424,
                250.07939262505118
              ],
              [
                1409.0500489030717,
                250.07802257111587
              ],
              [
                1409.0557738730147,
                250.07377664403018
              ],
              [
                1409.0608988554638,
                250.06913163069618
              ],
              [
                1409.063371312261,
                250.06727728809815
              ],
              [
                1409.0690648090417,
                250.06206700338947
              ],
              [
                1409.0792293934662,
                250.0542714229687
              ],
              [
                1409.1004954932762,
                250.034430968571
              ],
              [
                1409.1029456511837,
                250.03248560973563
              ],
              [
                1409.103072224495,
                250.0323634930626
              ],
              [
                1409.104861574084,
                250.03094618858273
              ],
              [
                1409.1209992334047,
                250.01532678367164
              ],
              [
                1409.1398631746579,
                249.9996371702408
              ],
              [
                1409.1506092138968,
                249.98870394843394
              ],
              [
                1409.1534047187001,
                249.9863266055458
              ],
              [
                1409.1536488593251,
                249.98609772370986
              ],
              [
                1409.156986450947,
                249.9826483530726
              ],
              [
                1409.1573448921517,
                249.98234216210878
              ],
              [
                1409.1576665714404,
                249.982008111173
              ],
              [
                1409.1831824394833,
                249.95948315657412
              ],
              [
                1409.1892785455261,
                249.9529113063603
              ],
              [
                1409.1952596407596,
                249.94753671531709
              ],
              [
                1409.1962275300607,
                249.94647686958825
              ],
              [
                1409.2012008670606,
                249.9419692996778
              ],
              [
                1409.2055783765247,
                249.93713946226703
              ],
              [
                1409.2073316594915,
                249.93553498196533
              ],
              [
                1409.211658883196,
                249.9307197950071
              ],
              [
                1409.220262851444,
                249.92269262306712
              ],
              [
                1409.240564303135,
                249.89971250180875
              ],
              [
                1409.241678305698,
                249.8986377232053
              ],
              [
                1409.241922446323,
                249.89837832379123
              ],
              [
                1409.2423685727981,
                249.8978551715805
              ],
              [
                1409.2473470703874,
                249.89303655643
              ],
              [
                1409.2640541749058,
                249.87330262928296
              ],
              [
                1409.2790402565356,
                249.8580821586914
              ],
              [
                1409.2792469117096,
                249.8578255427583
              ],
              [
                1409.280341098305,
                249.85671229680045
              ],
              [
                1409.28058523893,
                249.85643763859733
              ],
              [
                1409.2879021093634,
                249.84734820875985
              ],
              [
                1409.289094591686,
                249.84611578910668
              ],
              [
                1409.291779531898,
                249.84273722389938
              ],
              [
                1409.2923003063079,
                249.84219642072955
              ],
              [
                1409.2941624271066,
                249.83984221688664
              ],
              [
                1409.318752727802,
                249.81333287276627
              ],
              [
                1409.3232847069398,
                249.80734834933335
              ],
              [
                1409.3282911385613,
                249.8018662707891
              ],
              [
                1409.3287977223301,
                249.8011878644497
              ],
              [
                1409.333008211413,
                249.796542305632
              ],
              [
                1409.336641421553,
                249.79164348885337
              ],
              [
                1409.3377677851909,
                249.79039010981177
              ],
              [
                1409.3408832701234,
                249.78615697578041
              ],
              [
                1409.347965622514,
                249.77814014431382
              ],
              [
                1409.367816799279,
                249.75074774643255
              ],
              [
                1409.3690672482878,
                249.74928140179657
              ],
              [
                1409.3691339597776,
                249.74918556178062
              ],
              [
                1409.3754755981968,
                249.7416950100564
              ],
              [
                1409.3904769346066,
                249.71992396562163
              ],
              [
                1409.4031095231076,
                249.70423105047576
              ],
              [
                1409.4038584589719,
                249.7030880258145
              ],
              [
                1409.4040157916018,
                249.70289265659693
              ],
              [
                1409.4090830879622,
                249.69512957459332
              ],
              [
                1409.4102810744928,
                249.69362210131953
              ],
              [
                1409.4123519964187,
                249.69041993533332
              ],
              [
                1409.4129998720553,
                249.6896008524282
              ],
              [
                1409.4160979191101,
                249.68478758146205
              ],
              [
                1409.4391003787503,
                249.65441260520055
              ],
              [
                1409.4422579075397,
                249.64924436830506
              ],
              [
                1409.446324431373,
                249.64379856502865
              ],
              [
                1409.4464713570703,
                249.6435549637797
              ],
              [
                1409.4499265292925,
                249.6388962033439
              ],
              [
                1409.452835103424,
                249.63404354057369
              ],
              [
                1409.453437917329,
                249.6332244732017
              ],
              [
                1409.4550996028047,
                249.63043248831394
              ],
              [
                1409.4598288119169,
                249.62393451708837
              ],
              [
                1409.4603105173092,
                249.62311678753187
              ],
              [
                1409.46114996182,
                249.6219584482398
              ],
              [
                1409.4793342687499,
                249.59096765685226
              ],
              [
                1409.4879876161804,
                249.57840928163333
              ],
              [
                1409.5006815790368,
                249.55540063539863
              ],
              [
                1409.5012759666206,
                249.55451146361074
              ],
              [
                1409.5015721946581,
                249.55395748611897
              ],
              [
                1409.5101966549644,
                249.5407948492487
              ],
              [
                1409.5117067716806,
                249.53791041559248
              ],
              [
                1409.5129291249236,
                249.5360377742888
              ],
              [
                1409.515909086238,
                249.53029463726511
              ],
              [
                1409.5160588391586,
                249.53006308159777
              ],
              [
                1409.5175716676877,
                249.52713321431187
              ],
              [
                1409.5183013553103,
                249.5259995374547
              ],
              [
                1409.5222498754924,
                249.51831367291828
              ],
              [
                1409.5430297622288,
                249.4843011952902
              ],
              [
                1409.5448369671337,
                249.48054770424793
              ],
              [
                1409.5508298333841,
                249.47054921095668
              ],
              [
                1409.5512713238613,
                249.4696157577701
              ],
              [
                1409.5517922689594,
                249.46874580286143
              ],
              [
                1409.5540041413483,
                249.46406512054543
              ],
              [
                1409.5580443786248,
                249.45720652711978
              ],
              [
                1409.575231593098,
                249.4202738101723
              ],
              [
                1409.5837770979172,
                249.40478451817506
              ],
              [
                1409.5936281338782,
                249.38180322702607
              ],
              [
                1409.5938586855734,
                249.38137207118075
              ],
              [
                1409.5941803919206,
                249.38059570153425
              ],
              [
                1409.5987509870615,
                249.37191856876436
              ],
              [
                1409.5992512820103,
                249.37069398172798
              ],
              [
                1409.6008245133755,
                249.36768899446432
              ],
              [
                1409.6027519891618,
                249.36292646083865
              ],
              [
                1409.6046992190797,
                249.35917365767955
              ],
              [
                1409.6070882072563,
                249.35317435607618
              ],
              [
                1409.6072082409455,
                249.35294070837205
              ],
              [
                1409.6108005389854,
                249.34387469031378
              ],
              [
                1409.6192344662259,
                249.32602712628253
              ],
              [
                1409.6295083603768,
                249.30468866623318
              ],
              [
                1409.6301457991078,
                249.3029369683139
              ],
              [
                1409.6355853782586,
                249.29142593265675
              ],
              [
                1409.6368861511044,
                249.28778751677362
              ],
              [
                1409.639687706042,
                249.28176740015255
              ],
              [
                1409.6543663496243,
                249.2401082189638
              ],
              [
                1409.661902404465,
                249.22252750246886
              ],
              [
                1409.6690119263496,
                249.20000575540226
              ],
              [
                1409.6690188082314,
                249.19998914744835
              ],
              [
                1409.669059528193,
                249.1998549609193
              ],
              [
                1409.6691049789,
                249.19971098086785
              ],
              [
                1409.6720638380473,
                249.1924684920852
              ],
              [
                1409.6729866608505,
                249.18938602624766
              ],
              [
                1409.6741280770548,
                249.18656574020696
              ],
              [
                1409.6761120943286,
                249.17983941852822
              ],
              [
                1409.6784151947222,
                249.17405580100322
              ],
              [
                1409.6818063872793,
                249.1622311662177
              ],
              [
                1409.6840249074537,
                249.155934826001
              ],
              [
                1409.7016084124725,
                249.10675167757873
              ],
              [
                1409.7022307745767,
                249.1042650982815
              ],
              [
                1409.7039945203628,
                249.09925944466926
              ],
              [
                1409.7056972916857,
                249.092360407102
              ],
              [
                1409.7058215500092,
                249.09200514824022
              ],
              [
                1409.7073595633196,
                249.0856254601983
              ],
              [
                1409.7153910824004,
                249.05308453640384
              ],
              [
                1409.7215955409495,
                249.03342987489512
              ],
              [
                1409.7260739883532,
                249.01206067965023
              ],
              [
                1409.7276597323964,
                249.00676388613434
              ],
              [
                1409.7286494089024,
                249.00172459934103
              ],
              [
                1409.729407680975,
                248.9991538647261
              ],
              [
                1409.729865737571,
                248.99676042143133
              ],
              [
                1409.7303610282638,
                248.99507591987646
              ],
              [
                1409.7311965039742,
                248.99065878175142
              ],
              [
                1409.7316930648756,
                248.98894343772156
              ],
              [
                1409.7320053792305,
                248.98726852796793
              ],
              [
                1409.7326358681883,
                248.98507544300006
              ],
              [
                1409.7326772996182,
                248.98485110021235
              ],
              [
                1409.7333453716628,
                248.98252162236486
              ],
              [
                1409.7348442730856,
                248.97426696910685
              ],
              [
                1409.7402744467684,
                248.95226579271414
              ],
              [
                1409.749226500351,
                248.916498847791
              ],
              [
                1409.7494133882778,
                248.91523797814614
              ],
              [
                1409.7503628371355,
                248.91139114137562
              ],
              [
                1409.7519024625947,
                248.90086125827656
              ],
              [
                1409.7526296001654,
                248.89784508745848
              ],
              [
                1409.7571550703374,
                248.86493736187262
              ],
              [
                1409.7577267392794,
                248.86102757518006
              ],
              [
                1409.76226970618,
                248.8393505210726
              ],
              [
                1409.764376862208,
                248.81980567679935
              ],
              [
                1409.7650163869305,
                248.81654931124103
              ],
              [
                1409.765700462461,
                248.80951634981616
              ],
              [
                1409.7661356945061,
                248.8072421696606
              ],
              [
                1409.7663677179103,
                248.80470949794574
              ],
              [
                1409.7671564166026,
                248.80053966868613
              ],
              [
                1409.7675586322578,
                248.79597576051847
              ],
              [
                1409.7679696319476,
                248.79375028057913
              ],
              [
                1409.7682781889011,
                248.79014186394832
              ],
              [
                1409.7689445312851,
                248.78647222614146
              ],
              [
                1409.769328502139,
                248.78168022097404
              ],
              [
                1409.778358596517,
                248.71992114989018
              ],
              [
                1409.7790440995238,
                248.7057675654891
              ],
              [
                1409.7798393655721,
                248.69998465324105
              ],
              [
                1409.7811566838618,
                248.66416508978412
              ],
              [
                1409.78352506108,
                248.64219729846278
              ],
              [
                1409.7836679153977,
                248.62479346795286
              ],
              [
                1409.7837828629256,
                248.6236116956277
              ],
              [
                1409.7837828629256,
                248.61461296280382
              ],
              [
                1409.783961557521,
                248.61266240635356
              ],
              [
                1409.783944846149,
                248.6100427306917
              ],
              [
                1409.7845374422852,
                248.60331859076496
              ],
              [
                1409.7845047392796,
                248.60038061059748
              ],
              [
                1409.7845460752942,
                248.59989720693113
              ],
              [
                1409.7844716628908,
                248.59370463442352
              ],
              [
                1409.7845956991084,
                248.59114365794747
              ],
              [
                1409.7848593282038,
                248.58785353325376
              ],
              [
                1409.7848291611408,
                248.58632336606235
              ],
              [
                1409.7877197265625,
                248.52664184570312
              ],
              [
                1409.7868532294922,
                248.50926875281908
              ],
              [
                1409.7871795028113,
                248.50039696537553
              ],
              [
                1409.7849751591045,
                248.4655329830266
              ],
              [
                1409.7850885611235,
                248.4517173031658
              ],
              [
                1409.7851237906423,
                248.4484576136389
              ],
              [
                1409.785116037034,
                248.44836993436002
              ],
              [
                1409.7851526592226,
                248.44390828156662
              ],
              [
                1409.782430956421,
                248.41407562775396
              ],
              [
                1409.7823337788484,
                248.4053453665713
              ],
              [
                1409.781124849223,
                248.39441587461297
              ],
              [
                1409.7809940098045,
                248.391792570448
              ],
              [
                1409.7809317974527,
                248.38863696660437
              ],
              [
                1409.7807688808937,
                248.38727878083384
              ],
              [
                1409.7794966543056,
                248.36177089230145
              ],
              [
                1409.777955714257,
                248.33041560674832
              ],
              [
                1409.7779211790782,
                248.33018292922637
              ],
              [
                1409.7777849244296,
                248.3274510507841
              ],
              [
                1409.7751312978571,
                248.30984210610265
              ],
              [
                1409.774576813974,
                248.30107236830764
              ],
              [
                1409.769199888893,
                248.26838710317648
              ],
              [
                1409.7676879157918,
                248.2512894236986
              ],
              [
                1409.7674789478,
                248.25018627997227
              ],
              [
                1409.767136500837,
                248.24643271007892
              ],
              [
                1409.7616146528621,
                248.21774705148235
              ],
              [
                1409.7609785129625,
                248.2119519618917
              ],
              [
                1409.760901656043,
                248.21158535858336
              ],
              [
                1409.7605670212322,
                248.2085600472687
              ],
              [
                1409.7582480770718,
                248.19763725247475
              ],
              [
                1409.7491228553229,
                248.13615692813056
              ],
              [
                1409.7487077963888,
                248.13450094074113
              ],
              [
                1409.748079218324,
                248.1303298201754
              ],
              [
                1409.743583734773,
                248.11267156382144
              ],
              [
                1409.7421569766107,
                248.10399858286792
              ],
              [
                1409.7341566652622,
                248.07427767978052
              ],
              [
                1409.7308478357008,
                248.05681034164854
              ],
              [
                1409.7302329437546,
                248.054721014236
              ],
              [
                1409.72965369009,
                248.05171182728552
              ],
              [
                1409.7219836829602,
                248.025948752577
              ],
              [
                1409.7210575376887,
                248.02153109021535
              ],
              [
                1409.720446920432,
                248.01958454900603
              ],
              [
                1409.7194504741576,
                248.01489104307123
              ],
              [
                1409.7160575110413,
                248.00423399225772
              ],
              [
                1409.7080574330928,
                247.97231556548437
              ],
              [
                1409.7068137941435,
                247.96716118650824
              ],
              [
                1409.7066361726875,
                247.96664507121372
              ],
              [
                1409.701377084201,
                247.94566254681544
              ],
              [
                1409.7003010083229,
                247.9426570435336
              ],
              [
                1409.6988977285582,
                247.93714496156494
              ],
              [
                1409.692540696696,
                247.91967567558714
              ],
              [
                1409.6902432904396,
                247.9111408841615
              ],
              [
                1409.6801638997497,
                247.88459254400476
              ],
              [
                1409.6749643925518,
                247.86692525629965
              ],
              [
                1409.673745016895,
                247.86391808733165
              ],
              [
                1409.673072694099,
                247.86165979706743
              ],
              [
                1409.6638051636523,
                247.83902051722228
              ],
              [
                1409.662823192174,
                247.8358901635874
              ],
              [
                1409.6613711205614,
                247.8324680100798
              ],
              [
                1409.6593870618349,
                247.8262362256657
              ],
              [
                1409.654865417696,
                247.81575445282786
              ],
              [
                1409.650781777289,
                247.8043487565441
              ],
              [
                1409.645201714809,
                247.78813474921878
              ],
              [
                1409.6441364756713,
                247.78578828490294
              ],
              [
                1409.6351787628475,
                247.7607691985776
              ],
              [
                1409.633172226644,
                247.7565296030352
              ],
              [
                1409.6307290635018,
                247.74981572829807
              ],
              [
                1409.6225251954081,
                247.73277662812876
              ],
              [
                1409.6193534533109,
                247.72442250329325
              ],
              [
                1409.6077489348781,
                247.7011615415844
              ],
              [
                1409.6005849549588,
                247.68349405906358
              ],
              [
                1409.5985760584415,
                247.67967494232084
              ],
              [
                1409.5979497207927,
                247.6781448871037
              ],
              [
                1409.5876553205171,
                247.65873912406187
              ],
              [
                1409.5868265741283,
                247.65678598529334
              ],
              [
                1409.5842405497187,
                247.65203661035494
              ],
              [
                1409.5809653794815,
                247.64444432989734
              ],
              [
                1409.575473254074,
                247.63453980596657
              ],
              [
                1409.566937008458,
                247.61573652037555
              ],
              [
                1409.5646516427698,
                247.6117529668331
              ],
              [
                1409.5511661716364,
                247.58325961435574
              ],
              [
                1409.5479760176327,
                247.57794101971086
              ],
              [
                1409.5442504653538,
                247.57020319924106
              ],
              [
                1409.5342490728945,
                247.5538329397883
              ],
              [
                1409.5301943985785,
                247.54570544836724
              ],
              [
                1409.5176125586543,
                247.52575508884175
              ],
              [
                1409.5084380565866,
                247.50831342663946
              ],
              [
                1409.505475116959,
                247.50382290609025
              ],
              [
                1409.505023251222,
                247.5029711032475
              ],
              [
                1409.4942779527307,
                247.48681539204767
              ],
              [
                1409.4937868736065,
                247.48591349843943
              ],
              [
                1409.489795142288,
                247.48002750961942
              ],
              [
                1409.4849539253464,
                247.47129683697574
              ],
              [
                1409.4797942632729,
                247.46384057082506
              ],
              [
                1409.4727210543049,
                247.45151146884092
              ],
              [
                1409.4689092895273,
                247.4461217168792
              ],
              [
                1409.4501493550988,
                247.4148453312641
              ],
              [
                1409.4455439206142,
                247.40864052147845
              ],
              [
                1409.4403210818753,
                247.4000917893307
              ],
              [
                1409.428605325182,
                247.38462101633456
              ],
              [
                1409.4236552453624,
                247.3767719360194
              ],
              [
                1409.4106227934224,
                247.3600682699818
              ],
              [
                1409.399426260291,
                247.34309922287795
              ],
              [
                1409.3953716190706,
                247.33810829342454
              ],
              [
                1409.3952067800728,
                247.33786045561476
              ],
              [
                1409.3905491888925,
                247.33217227898942
              ],
              [
                1409.3865104008348,
                247.32720086347382
              ],
              [
                1409.3855618528319,
                247.3257956005317
              ],
              [
                1409.3776698393244,
                247.3162598039849
              ],
              [
                1409.3722935697622,
                247.30849051673667
              ],
              [
                1409.3679988507427,
                247.30343656521026
              ],
              [
                1409.3633981807197,
                247.29693131849942
              ],
              [
                1409.357782447131,
                247.29040124322836
              ],
              [
                1409.3331023115206,
                247.25715019005108
              ],
              [
                1409.3268764374818,
                247.25028701043536
              ],
              [
                1409.319973430927,
                247.24117152176498
              ],
              [
                1409.3066586442737,
                247.2268176403037
              ],
              [
                1409.3007984320027,
                247.21930661865287
              ],
              [
                1409.2878073168529,
                247.20570549502384
              ],
              [
                1409.274617317672,
                247.18946969219303
              ],
              [
                1409.263249791088,
                247.17800784840674
              ],
              [
                1409.2611431139906,
                247.17546238340333
              ],
              [
                1409.2490263885975,
                247.1634318166072
              ],
              [
                1409.2440883350268,
                247.15762080003842
              ],
              [
                1409.2411874595662,
                247.15482251019046
              ],
              [
                1409.2399480986703,
                247.15338135921522
              ],
              [
                1409.232281819784,
                247.14600930614833
              ],
              [
                1409.201153601706,
                247.11169467812084
              ],
              [
                1409.1931333609784,
                247.10443276837665
              ],
              [
                1409.1844031426083,
                247.09502123795713
              ],
              [
                1409.1696342950336,
                247.08198356192986
              ],
              [
                1409.1628491211275,
                247.07487978461148
              ],
              [
                1409.1503445465794,
                247.06416582080044
              ],
              [
                1409.1438586185714,
                247.0576260785718
              ],
              [
                1409.1409940586095,
                247.05470375472984
              ],
              [
                1409.140798676892,
                247.05454074833187
              ],
              [
                1409.1352337106325,
                247.04892960913907
              ],
              [
                1409.126122274265,
                247.04140163856607
              ],
              [
                1409.1226659710924,
                247.03796991218474
              ],
              [
                1409.1057332816792,
                247.0241584896281
              ],
              [
                1409.1015945764673,
                247.02016614423604
              ],
              [
                1409.0896563346585,
                247.01073971710085
              ],
              [
                1409.0803317136174,
                247.00229675900297
              ],
              [
                1409.0706749080962,
                246.99334853779078
              ],
              [
                1409.0692600541995,
                246.99227194875834
              ],
              [
                1409.055575467461,
                246.97988126908203
              ],
              [
                1409.0456225315402,
                246.97250818222827
              ],
              [
                1409.034957080909,
                246.9630929120584
              ],
              [
                1409.0189054587454,
                246.95154834429349
              ],
              [
                1409.0111829819855,
                246.94493169882352
              ],
              [
                1409.0004896540997,
                246.93748133921028
              ],
              [
                1408.999098846331,
                246.93632099233898
              ],
              [
                1408.99717581077,
                246.93470368289886
              ],
              [
                1408.997087424456,
                246.93464286892595
              ],
              [
                1408.98737476074,
                246.92653962187217
              ],
              [
                1408.9858499549903,
                246.92550708043953
              ],
              [
                1408.9826406773807,
                246.92285553940567
              ],
              [
                1408.9763839158365,
                246.91865258294678
              ],
              [
                1408.9714487299561,
                246.91462711859623
              ],
              [
                1408.94923043673,
                246.89985952922135
              ],
              [
                1408.9462086707058,
                246.8974735449448
              ],
              [
                1408.9365612023664,
                246.89129888797336
              ],
              [
                1408.9165418291495,
                246.87606576906705
              ],
              [
                1408.9098617668249,
                246.87193726350344
              ],
              [
                1408.897771564712,
                246.8629809001785
              ],
              [
                1408.8857871282855,
                246.85580764150953
              ],
              [
                1408.8731199628812,
                246.8466972258824
              ],
              [
                1408.87238901901,
                246.84627502778395
              ],
              [
                1408.8720213300687,
                246.84601058037458
              ],
              [
                1408.8555420952046,
                246.83649206343236
              ],
              [
                1408.8473124718876,
                246.8307582400757
              ],
              [
                1408.840933845674,
                246.82720180633578
              ],
              [
                1408.8380767449287,
                246.82523598562014
              ],
              [
                1408.8364128194305,
                246.82431384053842
              ],
              [
                1408.8217196765256,
                246.81436419362294
              ],
              [
                1408.81873390351,
                246.8127517694211
              ],
              [
                1408.8183328401585,
                246.81248235659598
              ],
              [
                1408.8154051300303,
                246.810911329772
              ],
              [
                1408.8089309824506,
                246.80660822907768
              ],
              [
                1408.7810992426869,
                246.79179876635013
              ],
              [
                1408.7794533317783,
                246.790745336071
              ],
              [
                1408.7740282130405,
                246.78798751045213
              ],
              [
                1408.7517870966053,
                246.77424174454737
              ],
              [
                1408.7390970479164,
                246.76800660913617
              ],
              [
                1408.7292634295352,
                246.76212071798622
              ],
              [
                1408.7156853378883,
                246.75570985934564
              ],
              [
                1408.699400975458,
                246.74630390203254
              ],
              [
                1408.6809581011676,
                246.7379774840632
              ],
              [
                1408.6724643606926,
                246.73322847828484
              ],
              [
                1408.6705363008193,
                246.73238531610613
              ],
              [
                1408.6691614683,
                246.7316233859312
              ]
            ]
          ]
        ]
      }
    }
  ]
}