{
  "type": "FeatureCollection",
  "features": [
    {
      "type": "Feature",
      "properties": {
        "image_id": "0004_top_20250707_t1",
        "zone_type": "parking_spot",
        "generated_at": "2025-11-03T11:20:39",
        "source": "merged_t1_polygons"
      },
      "geometry": {
        "type": "MultiPolygon",
        "coordinates": [
          [
            [
              [
                372.7974914550781,
                715.3133056640625
              ],
              [
                372.7826641888457,
                715.3350935907235
              ],
              [
                372.7728356318799,
                715.3474565296681
              ],
              [
                372.7712038914488,
                715.3499857553633
              ],
              [
                372.7679758326226,
                715.354091085582
              ],
              [
                372.76195872836365,
                715.3635157002376
              ],
              [
                372.74118326247003,
                715.3911477922661
              ],
              [
                372.739077549614,
                715.3946171804589
              ],
              [
                372.7344301601605,
                715.4008834597421
              ],
              [
                372.73161964465277,
                715.4055725215825
              ],
              [
                372.72813646946554,
                715.4103294369953
              ],
              [
                372.7162218628843,
                715.4304425548279
              ],
              [
                372.7058196618374,
                715.4452747478126
              ],
              [
                372.70276210281503,
                715.4507102681869
              ],
              [
                372.7026841239731,
                715.4508223015059
              ],
              [
                372.7025670059957,
                715.4510308063343
              ],
              [
                372.70244089198985,
                715.4512325887437
              ],
              [
                372.696806788684,
                715.4612567491039
              ],
              [
                372.694088242851,
                715.4652515163324
              ],
              [
                372.6914466591341,
                715.4700231059049
              ],
              [
                372.6890096436121,
                715.4736228601737
              ],
              [
                372.67591950734504,
                715.4976781873441
              ],
              [
                372.6658373760249,
                715.5133056640625
              ],
              [
                372.66383318019354,
                715.5172101418784
              ],
              [
                372.66240897942293,
                715.5194408732864
              ],
              [
                372.66216483879793,
                715.5198681193801
              ],
              [
                372.65827779760167,
                715.5275201671612
              ],
              [
                372.6555338315643,
                715.5318505834784
              ],
              [
                372.65438466323246,
                715.5341578111684
              ],
              [
                372.6383027224273,
                715.560654536677
              ],
              [
                372.63686001677365,
                715.5636694094574
              ],
              [
                372.6335268560689,
                715.5692304521292
              ],
              [
                372.63162633633755,
                715.5732487634881
              ],
              [
                372.62905962842603,
                715.577581638293
              ],
              [
                372.61752375585456,
                715.6022412012545
              ],
              [
                372.608575312187,
                715.6181491354978
              ],
              [
                372.6052722058108,
                715.6256831821937
              ],
              [
                372.6050701712387,
                715.6260481246528
              ],
              [
                372.6009180697652,
                715.6355059442465
              ],
              [
                372.5965426889981,
                715.6435464423513
              ],
              [
                372.58484687998026,
                715.6710874487355
              ],
              [
                372.57570694037116,
                715.6888934389907
              ],
              [
                372.57363655676005,
                715.6941453163341
              ],
              [
                372.5731807744415,
                715.6950425715736
              ],
              [
                372.5696052831145,
                715.7042139934056
              ],
              [
                372.56767219984715,
                715.708253625544
              ],
              [
                372.56400881301204,
                715.7156087425541
              ],
              [
                372.5634833907154,
                715.7170071274111
              ],
              [
                372.5527124628338,
                715.7395155144866
              ],
              [
                372.5518157126608,
                715.7419941494979
              ],
              [
                372.54961031974307,
                715.7466570610511
              ],
              [
                372.5484557688357,
                715.7498838146735
              ],
              [
                372.54668810466706,
                715.7536624474203
              ],
              [
                372.53925849522795,
                715.7746439129918
              ],
              [
                372.5332573979909,
                715.7881800840986
              ],
              [
                372.5307093534157,
                715.7957533972431
              ],
              [
                372.5289327586498,
                715.799805627599
              ],
              [
                372.5248672230249,
                715.8123260849524
              ],
              [
                372.5209251982182,
                715.8216086690131
              ],
              [
                372.511187953434,
                715.852556734959
              ],
              [
                372.5033220728327,
                715.8725098682306
              ],
              [
                372.4986645910765,
                715.8889048887617
              ],
              [
                372.492676550944,
                715.9054559487655
              ],
              [
                372.49180292483953,
                715.9077810604387
              ],
              [
                372.49171719575065,
                715.908107625277
              ],
              [
                372.48525377050595,
                715.9259726590257
              ],
              [
                372.48477858196907,
                715.9278496298446
              ],
              [
                372.4834887133012,
                715.9314545712723
              ],
              [
                372.4829022751824,
                715.9337957634777
              ],
              [
                372.48180009325966,
                715.9369083620949
              ],
              [
                372.4778257192165,
                715.9529344473345
              ],
              [
                372.4741383915178,
                715.9638939445117
              ],
              [
                372.47053064945845,
                715.9791765851204
              ],
              [
                372.4686068724501,
                715.9850528181618
              ],
              [
                372.46823215867903,
                715.9867426866676
              ],
              [
                372.46767532590866,
                715.9884575408954
              ],
              [
                372.46597145681284,
                715.9962691659691
              ],
              [
                372.46286465156874,
                716.0061435827786
              ],
              [
                372.45864063620104,
                716.0261515530932
              ],
              [
                372.45793887666247,
                716.0259761132086
              ],
              [
                372.4545578701577,
                716.044167031025
              ],
              [
                372.44938770361455,
                716.0623667773817
              ],
              [
                372.44610429442616,
                716.0806111203334
              ],
              [
                372.43658971281576,
                716.1181932391138
              ],
              [
                372.4364058711808,
                716.1194198133928
              ],
              [
                372.43579882395915,
                716.121843281749
              ],
              [
                372.43559266391844,
                716.1232330998513
              ],
              [
                372.43500861589325,
                716.1255881885606
              ],
              [
                372.4334288879076,
                716.1363421691345
              ],
              [
                372.4315438992701,
                716.14432710914
              ],
              [
                372.4286993712351,
                716.1646454119915
              ],
              [
                372.4275944181974,
                716.1695531641849
              ],
              [
                372.42756758082066,
                716.1697674824882
              ],
              [
                372.4275333830411,
                716.1699193751224
              ],
              [
                372.42742839360176,
                716.1707578012755
              ],
              [
                372.42611758645853,
                716.1766692245532
              ],
              [
                372.42549279847003,
                716.181849210371
              ],
              [
                372.4254055117107,
                716.1822493886706
              ],
              [
                372.4250022914974,
                716.1854869114385
              ],
              [
                372.42290426586794,
                716.1954246675448
              ],
              [
                372.41874717757196,
                716.2326216049912
              ],
              [
                372.41442908015097,
                716.256615218253
              ],
              [
                372.4139486666045,
                716.262657792103
              ],
              [
                372.4131782460092,
                716.2668029062023
              ],
              [
                372.4125274977594,
                716.2774150045038
              ],
              [
                372.4122259946131,
                716.2792138987471
              ],
              [
                372.41203360824557,
                716.2819902958709
              ],
              [
                372.41174605079885,
                716.2839478399694
              ],
              [
                372.4071986202457,
                716.314287873405
              ],
              [
                372.4071715949781,
                716.3148323834241
              ],
              [
                372.40699993142124,
                716.3159896451222
              ],
              [
                372.40699927521115,
                716.3160030025851
              ],
              [
                372.4068473435306,
                716.3170272427784
              ],
              [
                372.4068275256617,
                716.3174306447676
              ],
              [
                372.4067557294267,
                716.3179193968333
              ],
              [
                372.406497088947,
                716.3232350584897
              ],
              [
                372.40583991887,
                716.3279291871763
              ],
              [
                372.4049957847581,
                716.3461225118688
              ],
              [
                372.40497748973746,
                716.3462694056602
              ],
              [
                372.40488427392694,
                716.3485258654713
              ],
              [
                372.4047173162972,
                716.3521242443609
              ],
              [
                372.4034682199737,
                716.3620992954877
              ],
              [
                372.4034064147867,
                716.3643303347408
              ],
              [
                372.40337470438993,
                716.3645861651794
              ],
              [
                372.40335341245395,
                716.3654022038448
              ],
              [
                372.4026145901872,
                716.3715276238812
              ],
              [
                372.402466561495,
                716.378297860745
              ],
              [
                372.4014179120977,
                716.3876810018417
              ],
              [
                372.40083836095806,
                716.4275573679793
              ],
              [
                372.39878665190935,
                716.4533634751044
              ],
              [
                372.3990865983195,
                716.4688332701456
              ],
              [
                372.39883727240806,
                716.4724313823837
              ],
              [
                372.3989486914743,
                716.476453379924
              ],
              [
                372.3978171827931,
                716.5008403873181
              ],
              [
                372.397216796875,
                716.5130615234375
              ],
              [
                372.39837984011297,
                716.5365019525779
              ],
              [
                372.39853363497275,
                716.5402275943968
              ],
              [
                372.39810485053306,
                716.5557058246476
              ],
              [
                372.3983105790422,
                716.5586747670335
              ],
              [
                372.3983043032557,
                716.5589152939832
              ],
              [
                372.39846739499615,
                716.5612036477405
              ],
              [
                372.3983242303383,
                716.56775142324
              ],
              [
                372.3987247021039,
                716.5729889418046
              ],
              [
                372.39860661745115,
                716.5811138276445
              ],
              [
                372.4010908526743,
                716.6112558928812
              ],
              [
                372.4010908526743,
                716.6164760037735
              ],
              [
                372.4020734673404,
                716.625979143718
              ],
              [
                372.4021867202178,
                716.6287226662038
              ],
              [
                372.40261275487546,
                716.650695487387
              ],
              [
                372.4033503517457,
                716.6569113474724
              ],
              [
                372.4041840327062,
                716.6771070591835
              ],
              [
                372.40549972562377,
                716.6876749727846
              ],
              [
                372.4059619891825,
                716.6976445432924
              ],
              [
                372.40649706258137,
                716.7014665423137
              ],
              [
                372.40687786110874,
                716.7092178744091
              ],
              [
                372.40693405069686,
                716.7095966738432
              ],
              [
                372.4069694138431,
                716.7103165072216
              ],
              [
                372.4070213726241,
                716.7106667848708
              ],
              [
                372.4070460323551,
                716.7111637867513
              ],
              [
                372.4104514960748,
                716.7338847237538
              ],
              [
                372.4114935727381,
                716.7489233082841
              ],
              [
                372.41202083058334,
                716.752069149759
              ],
              [
                372.41229323624356,
                716.7565125234852
              ],
              [
                372.41308174714794,
                716.7607557119218
              ],
              [
                372.4132878254225,
                716.7634508801748
              ],
              [
                372.41393869530816,
                716.767143108074
              ],
              [
                372.4144966845146,
                716.7739133796262
              ],
              [
                372.42007410010416,
                716.8047393183026
              ],
              [
                372.42458153710135,
                716.8409439707044
              ],
              [
                372.4281510301767,
                716.8573012621678
              ],
              [
                372.4282658049161,
                716.8582178319089
              ],
              [
                372.4287316440245,
                716.860286899849
              ],
              [
                372.4316659695826,
                716.8812466213287
              ],
              [
                372.43343793677536,
                716.8887527948112
              ],
              [
                372.435768306381,
                716.9044628705948
              ],
              [
                372.43639029955744,
                716.906946006547
              ],
              [
                372.43643712492513,
                716.9072584210425
              ],
              [
                372.439405306338,
                716.9189825883246
              ],
              [
                372.44119143584544,
                716.9261132170251
              ],
              [
                372.4435088263023,
                716.9399397405728
              ],
              [
                372.4446617838447,
                716.9442230965094
              ],
              [
                372.4447028327151,
                716.9444645665795
              ],
              [
                372.4461069236635,
                716.9496257099211
              ],
              [
                372.4473612678392,
                716.9567413019352
              ],
              [
                372.4479702420924,
                716.9589191079244
              ],
              [
                372.448939445179,
                716.9642758173954
              ],
              [
                372.45465595136596,
                716.9844776435026
              ],
              [
                372.4570233493187,
                716.9972172461664
              ],
              [
                372.46306445089994,
                717.0172928875041
              ],
              [
                372.4670308041114,
                717.0354688004859
              ],
              [
                372.4707431618244,
                717.0468849828351
              ],
              [
                372.47080707698376,
                717.0471688679895
              ],
              [
                372.47090516608813,
                717.0474665251087
              ],
              [
                372.4742604618303,
                717.061679785957
              ],
              [
                372.4777384566569,
                717.0720171027344
              ],
              [
                372.4834581957231,
                717.0948515810715
              ],
              [
                372.4850703816715,
                717.0993573389518
              ],
              [
                372.4851011826153,
                717.0994790011306
              ],
              [
                372.4862566092615,
                717.1026726229715
              ],
              [
                372.4865900327368,
                717.1036044791588
              ],
              [
                372.486683170035,
                717.1039695249914
              ],
              [
                372.4886584914719,
                717.1093854340509
              ],
              [
                372.4905166450133,
                717.1145786253016
              ],
              [
                372.49385037014594,
                717.1269637572886
              ],
              [
                372.4956616725253,
                717.1317785558035
              ],
              [
                372.495733418778,
                717.1320422799555
              ],
              [
                372.49818812519334,
                717.1385076636128
              ],
              [
                372.5002164117115,
                717.1457611960963
              ],
              [
                372.50050258494207,
                717.1464971863506
              ],
              [
                372.5016126515853,
                717.1504201022997
              ],
              [
                372.5081884646054,
                717.1672479085694
              ],
              [
                372.51161615083413,
                717.1786387117897
              ],
              [
                372.5213660698472,
                717.2025597301838
              ],
              [
                372.52854479174243,
                717.2246356195583
              ],
              [
                372.5295155469715,
                717.2268455318768
              ],
              [
                372.52958567558494,
                717.2270603408024
              ],
              [
                372.53093592858323,
                717.2301309431732
              ],
              [
                372.5333794683034,
                717.2373936463702
              ],
              [
                372.538984170099,
                717.2500362834621
              ],
              [
                372.54957980216494,
                717.2796490912926
              ],
              [
                372.5547282234229,
                717.2905345134644
              ],
              [
                372.55513173296833,
                717.2916408503684
              ],
              [
                372.55816668831,
                717.297929200009
              ],
              [
                372.5620460980757,
                717.3082414353332
              ],
              [
                372.5646186883425,
                717.3134772952768
              ],
              [
                372.56473351844204,
                717.3137797431151
              ],
              [
                372.5681160522234,
                717.32060534613
              ],
              [
                372.5720234910879,
                717.330604660895
              ],
              [
                372.579832889848,
                717.3460056269963
              ],
              [
                372.5830775810059,
                717.3539663410052
              ],
              [
                372.59610310727726,
                717.378880603849
              ],
              [
                372.6085150027658,
                717.4068783628749
              ],
              [
                372.61615622295085,
                717.420413106246
              ],
              [
                372.6334963384908,
                717.4570757002145
              ],
              [
                372.6410919418067,
                717.4697481987528
              ],
              [
                372.641960474294,
                717.4715477757942
              ],
              [
                372.6436013824435,
                717.4742266884549
              ],
              [
                372.6474564662271,
                717.4820727411367
              ],
              [
                372.6508742730859,
                717.4876028688012
              ],
              [
                372.65105126155817,
                717.4879600132166
              ],
              [
                372.65514338391966,
                717.4945259423127
              ],
              [
                372.6595131970301,
                717.5031436791771
              ],
              [
                372.66829602666473,
                717.5169658782262
              ],
              [
                372.6707977466307,
                717.5217509830653
              ],
              [
                372.68884325176487,
                717.5495097836772
              ],
              [
                372.70384379194184,
                717.5762162727128
              ],
              [
                372.70457358281,
                717.5772647737058
              ],
              [
                372.7064836195099,
                717.5806536521942
              ],
              [
                372.707189088817,
                717.5816578352283
              ],
              [
                372.707470851057,
                717.582156915155
              ],
              [
                372.70751985296533,
                717.5822263404956
              ],
              [
                372.70792861472887,
                717.5829503721862
              ],
              [
                372.7146529767886,
                717.5924773710784
              ],
              [
                372.7343996425824,
                717.6254226926017
              ],
              [
                372.7443107860667,
                717.6387863225945
              ],
              [
                372.7492804907468,
                717.6468274736808
              ],
              [
                372.7536059751478,
                717.6525120276517
              ],
              [
                372.7538711716222,
                717.6529375430918
              ],
              [
                372.7586568371068,
                717.6591734764744
              ],
              [
                372.7632632121912,
                717.666422875126
              ],
              [
                372.765490669294,
                717.6692762842447
              ],
              [
                372.7655085303267,
                717.6693043232051
              ],
              [
                372.76627874632777,
                717.6702858238634
              ],
              [
                372.7727300237991,
                717.6785500162199
              ],
              [
                372.77399053218164,
                717.6804890143582
              ],
              [
                372.78891125469175,
                717.6992784386534
              ],
              [
                372.7941891229105,
                717.7060394744926
              ],
              [
                372.7944467970462,
                717.7063869078452
              ],
              [
                372.81379892533545,
                717.7341903877372
              ],
              [
                372.8169679708777,
                717.7379199004296
              ],
              [
                372.82046799833745,
                717.7429019289295
              ],
              [
                372.8224399497498,
                717.7451887157183
              ],
              [
                372.82395915354095,
                717.7473411061914
              ],
              [
                372.82984710900564,
                717.7541187030112
              ],
              [
                372.85131796046204,
                717.7830687948898
              ],
              [
                372.8614835447412,
                717.7942847887458
              ],
              [
                372.86656325947047,
                717.8009605526275
              ],
              [
                372.87183557428995,
                717.8066503671339
              ],
              [
                372.87222186989106,
                717.8071537273546
              ],
              [
                372.8776745403951,
                717.8129856649367
              ],
              [
                372.882302847241,
                717.8189146019929
              ],
              [
                372.8858142455207,
                717.8226121465927
              ],
              [
                372.8866750978211,
                717.8237091467828
              ],
              [
                372.9096138185972,
                717.8476733831423
              ],
              [
                372.9152782084485,
                717.8536380537486
              ],
              [
                372.91556497378224,
                717.8539544505373
              ],
              [
                372.9384301700222,
                717.8808635114689
              ],
              [
                372.9445790952713,
                717.8868282016671
              ],
              [
                372.94995811151017,
                717.8930660142188
              ],
              [
                372.95338793442494,
                717.8963259446426
              ],
              [
                372.9559204567612,
                717.8992411187528
              ],
              [
                372.96060257165476,
                717.9036457823051
              ],
              [
                372.9831253048144,
                717.9284957889356
              ],
              [
                372.9932096170549,
                717.9376356767862
              ],
              [
                372.9982048871496,
                717.9430265081802
              ],
              [
                373.0044387016691,
                717.9485670604474
              ],
              [
                373.0049852523665,
                717.9491516271382
              ],
              [
                373.0110663310829,
                717.954504098373
              ],
              [
                373.0155183625486,
                717.9591921410253
              ],
              [
                373.02047614183164,
                717.9634920002001
              ],
              [
                373.022392534435,
                717.9654940684825
              ],
              [
                373.05079479715397,
                717.989861452235
              ],
              [
                373.0765832552131,
                718.0148772325185
              ],
              [
                373.08618896569016,
                718.0225488234619
              ],
              [
                373.09368117021353,
                718.029669909907
              ],
              [
                373.0987723034497,
                718.0336278941294
              ],
              [
                373.10247683189357,
                718.0371129007526
              ],
              [
                373.10565485100466,
                718.0395500962463
              ],
              [
                373.1285522988602,
                718.060303133288
              ],
              [
                373.13823796214115,
                718.0674865107513
              ],
              [
                373.142970830245,
                718.0716930367911
              ],
              [
                373.1501558493825,
                718.0769285366146
              ],
              [
                373.15090705294847,
                718.0775897343503
              ],
              [
                373.1575648263996,
                718.0823883859504
              ],
              [
                373.16166338837496,
                718.085943049905
              ],
              [
                373.1681928190392,
                718.0905816898922
              ],
              [
                373.1713538070631,
                718.0932936220006
              ],
              [
                373.1990842441844,
                718.1127125232861
              ],
              [
                373.22697867775463,
                718.1349903844042
              ],
              [
                373.2404428352102,
                718.1437663846102
              ],
              [
                373.25022448665953,
                718.1513709041362
              ],
              [
                373.25713751827504,
                718.1557208495187
              ],
              [
                373.2621448573158,
                718.1595609347162
              ],
              [
                373.26359132593865,
                718.1604549014888
              ],
              [
                373.2861984011483,
                718.1772214511676
              ],
              [
                373.2951930929884,
                718.1826126619821
              ],
              [
                373.2995034645545,
                718.1857534955891
              ],
              [
                373.3076046500786,
                718.1905309722425
              ],
              [
                373.3086086929632,
                718.191254645409
              ],
              [
                373.31443527823905,
                718.1946473398896
              ],
              [
                373.31560243058533,
                718.1954832643479
              ],
              [
                373.31691967820404,
                718.1962402674287
              ],
              [
                373.3193705859587,
                718.197981442012
              ],
              [
                373.3275573553283,
                718.2026788895653
              ],
              [
                373.3321243372195,
                718.2058770277746
              ],
              [
                373.35859843795976,
                718.2207807538709
              ],
              [
                373.38822355223135,
                718.2400905405998
              ],
              [
                373.40586207414736,
                718.2493040603392
              ],
              [
                373.418049359728,
                718.2569727691757
              ],
              [
                373.4252164724829,
                718.2605456764906
              ],
              [
                373.4545453935355,
                718.2781247552592
              ],
              [
                373.46258800433645,
                718.2819286268743
              ],
              [
                373.4663348170991,
                718.2841382183526
              ],
              [
                373.4738640814847,
                718.2876456889861
              ],
              [
                373.47517491742803,
                718.2884126268688
              ],
              [
                373.4765528512313,
                718.2890448933554
              ],
              [
                373.47660030511975,
                718.2890725247274
              ],
              [
                373.48420212340363,
                718.2925593478167
              ],
              [
                373.4871644403928,
                718.2942590816267
              ],
              [
                373.4886396181325,
                718.2949252236276
              ],
              [
                373.4888028024423,
                718.2950190032811
              ],
              [
                373.49553314823606,
                718.2980381162731
              ],
              [
                373.4970529684141,
                718.2987244173386
              ],
              [
                373.50315581681264,
                718.3021600460623
              ],
              [
                373.52787848783674,
                718.3130395956305
              ],
              [
                373.5588245111581,
                718.32920431726
              ],
              [
                373.5808583222674,
                718.3381353451056
              ],
              [
                373.59550619922214,
                718.345437519427
              ],
              [
                373.60243661128357,
                718.3480720919177
              ],
              [
                373.6319720024573,
                718.3620412915851
              ],
              [
                373.6388380974155,
                718.3644980196442
              ],
              [
                373.6419003328663,
                718.3659245469073
              ],
              [
                373.65141252461024,
                718.3692794525772
              ],
              [
                373.65539347558115,
                718.37110611644
              ],
              [
                373.6683305516479,
                718.375551947153
              ],
              [
                373.67106864579114,
                718.3767802073129
              ],
              [
                373.6778879243776,
                718.3790533001751
              ],
              [
                373.68280111919876,
                718.3812154187642
              ],
              [
                373.70537076026403,
                718.3886043286767
              ],
              [
                373.73720153578483,
                718.4015063882032
              ],
              [
                373.7637487837591,
                718.4093943637045
              ],
              [
                373.780850740079,
                718.4158956140282
              ],
              [
                373.78754035861243,
                718.4177045394729
              ],
              [
                373.81676951267855,
                718.4281628980269
              ],
              [
                373.82227597787124,
                718.4295421957545
              ],
              [
                373.824553547307,
                718.4303454838735
              ],
              [
                373.83496301569414,
                718.4329170926245
              ],
              [
                373.83702290407115,
                718.4336291409741
              ],
              [
                373.8380460063574,
                718.4338747224936
              ],
              [
                373.84291468852894,
                718.4355478468239
              ],
              [
                373.8581886291047,
                718.4391535350841
              ],
              [
                373.8605815976512,
                718.4399511912662
              ],
              [
                373.865820189314,
                718.4411326951372
              ],
              [
                373.8693301619117,
                718.4422817994249
              ],
              [
                373.88944035939056,
                718.4467410623247
              ],
              [
                373.92170258942167,
                718.4563271286601
              ],
              [
                373.9527725150597,
                718.4623846136207
              ],
              [
                373.97226118716156,
                718.4676545037757
              ],
              [
                373.9787199637548,
                718.4687293742186
              ],
              [
                374.0071582231552,
                718.4758527873689
              ],
              [
                374.01116699661776,
                718.4764474327393
              ],
              [
                374.01258152698364,
                718.4767968856155
              ],
              [
                374.0235470830604,
                718.4784016841714
              ],
              [
                374.02604884167897,
                718.4790021966435
              ],
              [
                374.02834387764017,
                718.4793217404668
              ],
              [
                374.03589536611184,
                718.4811044050774
              ],
              [
                374.0534085568356,
                718.4834410857583
              ],
              [
                374.0554509947493,
                718.4839017340502
              ],
              [
                374.058970517561,
                718.484332913202
              ],
              [
                374.0609465683031,
                718.4847710854165
              ],
              [
                374.0783855197693,
                718.4868744980109
              ],
              [
                374.110618917757,
                718.4931588169957
              ],
              [
                374.1461075428121,
                718.4965860369515
              ],
              [
                374.16785612211214,
                718.5002054383546
              ],
              [
                374.16805716323955,
                718.5002186709721
              ],
              [
                374.16834440336214,
                718.5002664735108
              ],
              [
                374.17445204008044,
                718.5006684809117
              ],
              [
                374.20130458652835,
                718.5046516799069
              ],
              [
                374.20372482671587,
                718.5047705231804
              ],
              [
                374.20422093356945,
                718.5048431279399
              ],
              [
                374.21560941490156,
                718.5053952080553
              ],
              [
                374.21858682184745,
                718.5058097601648
              ],
              [
                374.2221615312309,
                718.5059567895689
              ],
              [
                374.2324386558068,
                718.5073280050619
              ],
              [
                374.2520183708718,
                718.5079833380205
              ],
              [
                374.25373273559484,
                718.5081933660177
              ],
              [
                374.25544847753997,
                718.5082310833602
              ],
              [
                374.2558049676312,
                718.5082740816878
              ],
              [
                374.2699368999327,
                718.5085830710924
              ],
              [
                374.27054768535015,
                718.5086035140771
              ],
              [
                374.30220087446514,
                718.511660336967
              ],
              [
                374.3414496214819,
                718.511660336967
              ],
              [
                374.3662012775064,
                718.5132895021194
              ],
              [
                374.37274994117723,
                718.5130703183813
              ],
              [
                374.3974304199219,
                718.5142822265625
              ],
              [
                374.39753589958593,
                718.5142769138188
              ],
              [
                374.39764404296875,
                718.5142822265625
              ],
              [
                374.4067492274711,
                718.5138128618111
              ],
              [
                374.40963341661535,
                718.5136675925035
              ],
              [
                374.41281786514867,
                718.5137985703034
              ],
              [
                374.41765040298884,
                718.5135270412503
              ],
              [
                374.4306126873374,
                718.5139608888381
              ],
              [
                374.45187858509126,
                718.5125611578658
              ],
              [
                374.45202876698994,
                718.5125644415367
              ],
              [
                374.45214977046845,
                718.5125551893544
              ],
              [
                374.4534486756783,
                718.5125837433294
              ],
              [
                374.46370196163747,
                718.5117829378939
              ],
              [
                374.4655646186976,
                718.511660336967
              ],
              [
                374.49467412553486,
                718.511660336967
              ],
              [
                374.53699933395126,
                718.507572892083
              ],
              [
                374.56437530903696,
                718.5066566183432
              ],
              [
                374.57177268838046,
                718.5056696300968
              ],
              [
                374.59373935878415,
                718.5045906447507
              ],
              [
                374.5957400280394,
                718.504293873501
              ],
              [
                374.5983904844112,
                718.5041603767215
              ],
              [
                374.60064198824927,
                718.5038178499101
              ],
              [
                374.6034159946921,
                718.5036748521659
              ],
              [
                374.6155072552886,
                718.5017910450639
              ],
              [
                374.6284695614816,
                718.5009378602296
              ],
              [
                374.6513828832431,
                718.4971246222343
              ],
              [
                374.6526063622977,
                718.49702906568
              ],
              [
                374.66006612291375,
                718.4956880429411
              ],
              [
                374.686256082243,
                718.4931588169957
              ],
              [
                374.73117113101796,
                718.4844020457168
              ],
              [
                374.7609185987319,
                718.4804330183587
              ],
              [
                374.7682257538744,
                718.4787080330229
              ],
              [
                374.7878857221573,
                718.4757917522127
              ],
              [
                374.78801715301915,
                718.4757588304956
              ],
              [
                374.7886181440323,
                718.4756696819002
              ],
              [
                374.7931843455102,
                718.4745259079723
              ],
              [
                374.79731646130375,
                718.473897279043
              ],
              [
                374.80158149939854,
                718.4728008517116
              ],
              [
                374.80694485854974,
                718.4719652453676
              ],
              [
                374.81446098584195,
                718.4699851431354
              ],
              [
                374.8240644964322,
                718.4683869256507
              ],
              [
                374.84812073229085,
                718.461881930346
              ],
              [
                374.84921891212923,
                718.4616845132691
              ],
              [
                374.85251611831944,
                718.4607442666738
              ],
              [
                374.87517241057833,
                718.4563271286601
              ],
              [
                374.9221048756853,
                718.4423820999575
              ],
              [
                374.9538992763148,
                718.4348764601051
              ],
              [
                374.9604205784193,
                718.4326354123572
              ],
              [
                374.97900685450895,
                718.4279797925582
              ],
              [
                374.9868519815527,
                718.4251727612175
              ],
              [
                374.9921948517319,
                718.423799252057
              ],
              [
                374.9983160136504,
                718.4215490620496
              ],
              [
                375.0061327628384,
                718.419489761839
              ],
              [
                375.0092768557737,
                718.4183040475573
              ],
              [
                375.01547494351473,
                718.4166280359032
              ],
              [
                375.0394333792838,
                718.4075203183189
              ],
              [
                375.05967346421517,
                718.4015063882032
              ],
              [
                375.10727135997735,
                718.3822133966123
              ],
              [
                375.1121311640924,
                718.3806260895622
              ],
              [
                375.1134508314533,
                718.3800465124052
              ],
              [
                375.1414204892626,
                718.3704347297213
              ],
              [
                375.1470364285588,
                718.3678578496132
              ],
              [
                375.1530910129553,
                718.3656914846758
              ],
              [
                375.15433379799305,
                718.3652531601886
              ],
              [
                375.15439258314956,
                718.3652257754137
              ],
              [
                375.1638043647302,
                718.3618581861164
              ],
              [
                375.1746629074541,
                718.3567224778905
              ],
              [
                375.18105312589057,
                718.3543733804704
              ],
              [
                375.1875244215287,
                718.351224014064
              ],
              [
                375.2008194843716,
                718.346169941302
              ],
              [
                375.22093804945496,
                718.3361405513918
              ],
              [
                375.2380504888419,
                718.32920431726
              ],
              [
                375.2847033079923,
                718.3048351171541
              ],
              [
                375.2917477179069,
                718.3017413230724
              ],
              [
                375.29450709878824,
                718.3001907655145
              ],
              [
                375.3216390474157,
                718.28774124015
              ],
              [
                375.3252153534581,
                718.2856488314106
              ],
              [
                375.3298993137603,
                718.2834668316339
              ],
              [
                375.33131850410564,
                718.282629898728
              ],
              [
                375.341230973652,
                718.2779416497905
              ],
              [
                375.3547306883035,
                718.2698502322171
              ],
              [
                375.3619796886875,
                718.2663223825303
              ],
              [
                375.36610526252804,
                718.2637726376738
              ],
              [
                375.37827632386575,
                718.2577051910507
              ],
              [
                375.38299594004377,
                718.2547354270249
              ],
              [
                375.3831027080922,
                718.2546820400695
              ],
              [
                375.38504730768545,
                718.2534446276047
              ],
              [
                375.3946314513188,
                718.2474139158039
              ],
              [
                375.40865144776865,
                718.2400905405998
              ],
              [
                375.45359937786606,
                718.2107932715285
              ],
              [
                375.46277187919685,
                718.2056390387945
              ],
              [
                375.4669062449768,
                718.2027489743542
              ],
              [
                375.4927835401282,
                718.1876088051729
              ],
              [
                375.4942340014139,
                718.1865544561203
              ],
              [
                375.49673066630487,
                718.1850821088703
              ],
              [
                375.4993865785203,
                718.1831468282999
              ],
              [
                375.5095779660392,
                718.1770383456989
              ],
              [
                375.5252450845207,
                718.1654188187186
              ],
              [
                375.5331432286217,
                718.1605374972162
              ],
              [
                375.53350215908307,
                718.1602622365358
              ],
              [
                375.5342418614342,
                718.1598050753412
              ],
              [
                375.53598101294756,
                718.1584713350196
              ],
              [
                375.5461011969342,
                718.1521033260112
              ],
              [
                375.5541991033424,
                718.1458077952698
              ],
              [
                375.55688608771175,
                718.1440979790368
              ],
              [
                375.56136686659477,
                718.1405499231123
              ],
              [
                375.56989632224537,
                718.1349903844042
              ],
              [
                375.61241053598235,
                718.1010364506634
              ],
              [
                375.62355818547917,
                718.0932438587357
              ],
              [
                375.62807517854185,
                718.0893754506873
              ],
              [
                375.65326330061436,
                718.0710216500723
              ],
              [
                375.65698501551174,
                718.0677138269333
              ],
              [
                375.6672240683273,
                718.0601200278193
              ],
              [
                375.68370142044694,
                718.0451858263727
              ],
              [
                375.69390988685643,
                718.0373570413776
              ],
              [
                375.6949151535105,
                718.0364113445094
              ],
              [
                375.7026445133802,
                718.030402331782
              ],
              [
                375.71207135405797,
                718.0214424392483
              ],
              [
                375.7202917447869,
                718.0148772325185
              ],
              [
                375.7596946154811,
                717.9766549567403
              ],
              [
                375.7725596750102,
                717.9656371625717
              ],
              [
                375.77674816758383,
                717.9612695300003
              ],
              [
                375.7980292437098,
                717.9423551214614
              ],
              [
                375.80004955186973,
                717.940174830817
              ],
              [
                375.801227177209,
                717.93912573745
              ],
              [
                375.80377246805676,
                717.9363597722904
              ],
              [
                375.8126510623731,
                717.9283126834669
              ],
              [
                375.82779793399726,
                717.911448247662
              ],
              [
                375.8324623883369,
                717.9070148419175
              ],
              [
                375.8404662619888,
                717.8994852593778
              ],
              [
                375.8408541822861,
                717.8990387262155
              ],
              [
                375.8463675720836,
                717.8937984360938
              ],
              [
                375.8527990369695,
                717.8863401443524
              ],
              [
                375.8584448299778,
                717.8808635114689
              ],
              [
                375.86448416860713,
                717.8737560749327
              ],
              [
                375.86585228755735,
                717.8724220468446
              ],
              [
                375.8780868474121,
                717.8577476703272
              ],
              [
                375.89412887944087,
                717.8388684963721
              ],
              [
                375.90834277045747,
                717.8240466834458
              ],
              [
                375.91218800571147,
                717.8191564502325
              ],
              [
                375.9296708713889,
                717.8002891659088
              ],
              [
                375.93293708986727,
                717.7959966997942
              ],
              [
                375.93549455643614,
                717.7932175032898
              ],
              [
                375.93825071610974,
                717.7895517150887
              ],
              [
                375.94445840672546,
                717.7827025839523
              ],
              [
                375.9493249980786,
                717.7761407451219
              ],
              [
                375.95597038054115,
                717.7687418162394
              ],
              [
                375.96494884964596,
                717.7562848557803
              ],
              [
                375.9758576852563,
                717.7436343508045
              ],
              [
                375.9797063178604,
                717.7381561088364
              ],
              [
                375.98307607466455,
                717.7341903877372
              ],
              [
                375.99305904961716,
                717.7198477046375
              ],
              [
                375.99775778762574,
                717.7142119440124
              ],
              [
                376.01373748153065,
                717.690445603231
              ],
              [
                376.02227411625586,
                717.6796955573269
              ],
              [
                376.02431049873366,
                717.6765630578624
              ],
              [
                376.0296010716743,
                717.669834695668
              ],
              [
                376.0330673218927,
                717.6644054939785
              ],
              [
                376.0469536401126,
                717.646156086962
              ],
              [
                376.0510614309252,
                717.6395095418086
              ],
              [
                376.0546541398737,
                717.6347311139839
              ],
              [
                376.056693399711,
                717.6313712142801
              ],
              [
                376.0613767246051,
                717.6250564816642
              ],
              [
                376.07048134640434,
                717.6098663378872
              ],
              [
                376.08133085039555,
                717.5948134551917
              ],
              [
                376.0852574271002,
                717.5879119634735
              ],
              [
                376.0898420640838,
                717.5813860740692
              ],
              [
                376.0915838541627,
                717.5782957067847
              ],
              [
                376.09303120805816,
                717.5762162727128
              ],
              [
                376.10532547704025,
                717.5543288178451
              ],
              [
                376.10698884009696,
                717.5518733372135
              ],
              [
                376.1073315394922,
                717.5512446717329
              ],
              [
                376.11269092955007,
                717.5432737374175
              ],
              [
                376.1128740350188,
                717.5429685616363
              ],
              [
                376.12098201465784,
                717.5278564788318
              ],
              [
                376.12546690180676,
                717.5209575260341
              ],
              [
                376.12915565894986,
                717.5139019443159
              ],
              [
                376.13516792487394,
                717.5044849079636
              ],
              [
                376.13541206549894,
                717.5040576618699
              ],
              [
                376.13835102639916,
                717.4982720094675
              ],
              [
                376.1487776646323,
                717.4814013544179
              ],
              [
                376.153289215097,
                717.4722192290454
              ],
              [
                376.1575346799164,
                717.465224369573
              ],
              [
                376.15895336755733,
                717.4622596880793
              ],
              [
                376.1622800286967,
                717.456709489277
              ],
              [
                376.17358669985674,
                717.432803541654
              ],
              [
                376.1737861663339,
                717.4324484320072
              ],
              [
                376.1820782383354,
                717.4177362411729
              ],
              [
                376.1873529171561,
                717.4084652769374
              ],
              [
                376.1968882820194,
                717.3869571551293
              ],
              [
                376.1991117535003,
                717.3828783041403
              ],
              [
                376.20044568292604,
                717.379747876162
              ],
              [
                376.20357832109863,
                717.3739090988627
              ],
              [
                376.20853118145186,
                717.3620783181693
              ],
              [
                376.2131870674316,
                717.3531728839739
              ],
              [
                376.21777290858313,
                717.341921714565
              ],
              [
                376.2243961298554,
                717.3288832096764
              ],
              [
                376.2270086706774,
                717.3221818330709
              ],
              [
                376.23418803278366,
                717.3075700486145
              ],
              [
                376.23864020247606,
                717.2957353045828
              ],
              [
                376.2431249395099,
                717.2863633917634
              ],
              [
                376.244027059633,
                717.283869914105
              ],
              [
                376.24619656502256,
                717.2792828803551
              ],
              [
                376.25277353095436,
                717.2609014919648
              ],
              [
                376.2625189691966,
                717.2389195252764
              ],
              [
                376.2641570352323,
                717.2340508557247
              ],
              [
                376.2654494966979,
                717.2311190249771
              ],
              [
                376.2668679501927,
                717.2268146449577
              ],
              [
                376.26849348686017,
                717.223105407084
              ],
              [
                376.26989535041736,
                717.2187560130135
              ],
              [
                376.27034694870247,
                717.2177230509417
              ],
              [
                376.27291782898317,
                717.2096722864993
              ],
              [
                376.2745633965068,
                717.205810515017
              ],
              [
                376.2764601420903,
                717.1998180122595
              ],
              [
                376.2776664797476,
                717.1969364619537
              ],
              [
                376.2802020077067,
                717.1887545316936
              ],
              [
                376.28464849760337,
                717.1778452547585
              ],
              [
                376.28928637449394,
                717.162434531176
              ],
              [
                376.29576246468537,
                717.1458228407714
              ],
              [
                376.29788961976624,
                717.1382386824644
              ],
              [
                376.30238376071344,
                717.1262923705699
              ],
              [
                376.3062966871143,
                717.1117554462579
              ],
              [
                376.3105836318378,
                717.0999062472243
              ],
              [
                376.31107981854416,
                717.0979463346924
              ],
              [
                376.3123181714644,
                717.094485370134
              ],
              [
                376.31238026401087,
                717.0942374827932
              ],
              [
                376.3125317945113,
                717.0938139834152
              ],
              [
                376.3127167501182,
                717.0930755992423
              ],
              [
                376.3128674878707,
                717.0926543154465
              ],
              [
                376.31618209146933,
                717.0794216761261
              ],
              [
                376.3216379756697,
                717.0632056648633
              ],
              [
                376.3237034191567,
                717.0544563058488
              ],
              [
                376.3256799867943,
                717.0484718537302
              ],
              [
                376.3257708686865,
                717.0480702967119
              ],
              [
                376.32606792301624,
                717.0471688679895
              ],
              [
                376.32807892970203,
                717.0382367938324
              ],
              [
                376.3305773545451,
                717.0304852304636
              ],
              [
                376.3306711821608,
                717.0300462401809
              ],
              [
                376.3312182236857,
                717.0283489999948
              ],
              [
                376.33202330565837,
                717.0245822714043
              ],
              [
                376.33300436025235,
                717.021510078778
              ],
              [
                376.3359756930168,
                717.007295402004
              ],
              [
                376.33921078154066,
                716.9965458594477
              ],
              [
                376.33827278051945,
                716.9963062739057
              ],
              [
                376.3399548796092,
                716.9882592132908
              ],
              [
                376.3488223089881,
                716.9566432823269
              ],
              [
                376.350307904029,
                716.9482492456233
              ],
              [
                376.35272530455705,
                716.939268353854
              ],
              [
                376.35286850518526,
                716.9384139588375
              ],
              [
                376.3529999627602,
                716.9379255804165
              ],
              [
                376.3557581031908,
                716.9214693576428
              ],
              [
                376.359247689528,
                716.9076856671362
              ],
              [
                376.35931915164923,
                716.9072088785141
              ],
              [
                376.36055737721273,
                716.9022656049698
              ],
              [
                376.3606243249785,
                716.901814279793
              ],
              [
                376.36067944752523,
                716.901594218251
              ],
              [
                376.3621845587039,
                716.8914475828751
              ],
              [
                376.3642324679174,
                716.882772500235
              ],
              [
                376.3659365725979,
                716.8706001768962
              ],
              [
                376.36823533128455,
                716.860443228559
              ],
              [
                376.36839935313304,
                716.8591498645467
              ],
              [
                376.3686091950839,
                716.8582178319089
              ],
              [
                376.3686154509459,
                716.8581678737572
              ],
              [
                376.3692500642245,
                716.8553491795651
              ],
              [
                376.3706296416903,
                716.844332130282
              ],
              [
                376.3728185660048,
                716.8340758912201
              ],
              [
                376.37290782010433,
                716.8332963220125
              ],
              [
                376.3735181453207,
                716.830440799817
              ],
              [
                376.37415298862726,
                716.8246575218935
              ],
              [
                376.3751488653395,
                716.8198933077533
              ],
              [
                376.37813384866064,
                716.7910247031925
              ],
              [
                376.3830635788579,
                716.7631703181992
              ],
              [
                376.38372184395905,
                716.7546259501938
              ],
              [
                376.3850152163244,
                716.7469091481279
              ],
              [
                376.3862341328896,
                716.7293185231314
              ],
              [
                376.38947834006314,
                716.7074478548778
              ],
              [
                376.3898571617977,
                716.6997367613247
              ],
              [
                376.3899364483175,
                716.6991704221987
              ],
              [
                376.39060122114694,
                716.6848428079458
              ],
              [
                376.3933152272919,
                716.6631692591998
              ],
              [
                376.39361185049125,
                716.6524617760156
              ],
              [
                376.39471210341384,
                716.6428518723388
              ],
              [
                376.39482799485006,
                716.6363129243779
              ],
              [
                376.3956010020774,
                716.6292710046056
              ],
              [
                376.39566408778535,
                716.6214848811221
              ],
              [
                376.39633346373193,
                716.6150111600235
              ],
              [
                376.39633346373193,
                716.590925458872
              ],
              [
                376.39815580963864,
                716.5672711681735
              ],
              [
                376.3979923635744,
                716.5596312512511
              ],
              [
                376.39840393852944,
                716.5536916644913
              ],
              [
                376.39790922001987,
                716.5358333508682
              ],
              [
                376.39910888671875,
                716.5114135742188
              ],
              [
                376.39910888671875,
                716.5113525390625
              ],
              [
                376.3980934936719,
                716.4906837387705
              ],
              [
                376.39867859673257,
                716.4695627300399
              ],
              [
                376.3979656912363,
                716.4592745334561
              ],
              [
                376.398122820114,
                716.4504088433954
              ],
              [
                376.39715030562417,
                716.4380538633047
              ],
              [
                376.3972406824012,
                716.4268994391217
              ],
              [
                376.39633346373193,
                716.4171862145868
              ],
              [
                376.39633346373193,
                716.409036691539
              ],
              [
                376.39436286339475,
                716.3899784671668
              ],
              [
                376.39395334525864,
                716.3708364673088
              ],
              [
                376.3931543252933,
                716.3641914987245
              ],
              [
                376.3930405690888,
                716.3600851353315
              ],
              [
                376.3919362003879,
                716.3512658521045
              ],
              [
                376.3917449223719,
                716.3466356165977
              ],
              [
                376.39054261633805,
                716.3369820996608
              ],
              [
                376.38947834006314,
                716.3153182584034
              ],
              [
                376.3894551269414,
                716.3151617682482
              ],
              [
                376.389447822485,
                716.3150130826222
              ],
              [
                376.38667314557824,
                716.2963077303148
              ],
              [
                376.38528987452753,
                716.2763452464034
              ],
              [
                376.3836525605258,
                716.2665763442602
              ],
              [
                376.38301912779326,
                716.258529113211
              ],
              [
                376.37987256711733,
                716.2407146339438
              ],
              [
                376.3791043618149,
                716.2321951065879
              ],
              [
                376.3790091136262,
                716.2317013825432
              ],
              [
                376.37842039722034,
                716.2253982333345
              ],
              [
                376.3761560226861,
                716.2138950428476
              ],
              [
                376.3751488653395,
                716.2041545438092
              ],
              [
                376.3723051375446,
                716.1905503215147
              ],
              [
                376.37143120721254,
                716.1835333882018
              ],
              [
                376.3704967439668,
                716.1757620192985
              ],
              [
                376.3692599320856,
                716.170177387243
              ],
              [
                376.3689754060214,
                716.1679052149661
              ],
              [
                376.365021230272,
                716.1503423737918
              ],
              [
                376.3606489299471,
                716.120866719249
              ],
              [
                376.35636348062127,
                716.1037582465261
              ],
              [
                376.3532746209633,
                716.0853288141147
              ],
              [
                376.3508088033544,
                716.0761680479068
              ],
              [
                376.3495409091182,
                716.0689897736223
              ],
              [
                376.343258719099,
                716.0463873137988
              ],
              [
                376.3409892224888,
                716.0346232575864
              ],
              [
                376.3406326563504,
                716.0334337085937
              ],
              [
                376.33933285185316,
                716.0268306053961
              ],
              [
                376.3352375365482,
                716.0132211535235
              ],
              [
                376.33300436025235,
                716.0025377727845
              ],
              [
                376.33075085463213,
                715.995480873615
              ],
              [
                376.33038313625553,
                715.9937845565019
              ],
              [
                376.3297732340123,
                715.9918813317331
              ],
              [
                376.3280123869024,
                715.9839304999501
              ],
              [
                376.3265445261411,
                715.9794444961036
              ],
              [
                376.32643413395374,
                715.9789541788855
              ],
              [
                376.3208795651718,
                715.9620985153275
              ],
              [
                376.31295904060505,
                715.9304780087723
              ],
              [
                376.3108409531383,
                715.9245583508671
              ],
              [
                376.3107972548847,
                715.9243857449632
              ],
              [
                376.3091580152897,
                715.9198548546724
              ],
              [
                376.30744526337173,
                715.915068033736
              ],
              [
                376.3029330771197,
                715.8983047973989
              ],
              [
                376.2997443104664,
                715.8898284275105
              ],
              [
                376.2979982222125,
                715.8835462409664
              ],
              [
                376.2898266825697,
                715.8623129118635
              ],
              [
                376.28474005033775,
                715.8454091397728
              ],
              [
                376.2759090717435,
                715.8237427032509
              ],
              [
                376.27034694870247,
                715.8063248006208
              ],
              [
                376.2685628602878,
                715.8022437813636
              ],
              [
                376.2669102932763,
                715.797193287362
              ],
              [
                376.25812430431654,
                715.7772251874171
              ],
              [
                376.2468374341632,
                715.7456804985511
              ],
              [
                376.24388367136527,
                715.7394352918286
              ],
              [
                376.2433385625568,
                715.7379286004241
              ],
              [
                376.23988672396604,
                715.7307151718339
              ],
              [
                376.2347373491899,
                715.7170271193543
              ],
              [
                376.23093946932806,
                715.7092974908564
              ],
              [
                376.2288684290573,
                715.7039159983132
              ],
              [
                376.21913333883265,
                715.6844458178639
              ],
              [
                376.21327862016597,
                715.6700815105573
              ],
              [
                376.2099910571481,
                715.6637933032761
              ],
              [
                376.2096898548654,
                715.663060151474
              ],
              [
                376.2079835025518,
                715.6598328589466
              ],
              [
                376.2063663425947,
                715.6559195867734
              ],
              [
                376.20012693472256,
                715.6442927301306
              ],
              [
                376.19497488218525,
                715.6323331559131
              ],
              [
                376.1919746669529,
                715.6268855300098
              ],
              [
                376.18778016324984,
                715.6173525941564
              ],
              [
                376.1775324515739,
                715.5991474243729
              ],
              [
                376.16292089783735,
                715.5682538896292
              ],
              [
                376.1590686597572,
                715.5618268186765
              ],
              [
                376.1577483029633,
                715.5590676226145
              ],
              [
                376.15447807995656,
                715.5536795788198
              ],
              [
                376.14932698103854,
                715.5431958135508
              ],
              [
                376.1450405035072,
                715.536260147213
              ],
              [
                376.1427917744088,
                715.5317626890163
              ],
              [
                376.1317755546948,
                715.5141884776443
              ],
              [
                376.1255584545412,
                715.5022968684972
              ],
              [
                376.1209073151892,
                715.4951421754625
              ],
              [
                376.1194637395533,
                715.4924118829987
              ],
              [
                376.11494066100533,
                715.4855519308851
              ],
              [
                376.11122123460206,
                715.4786209466522
              ],
              [
                376.10629706767594,
                715.4713168547615
              ],
              [
                376.1017641824047,
                715.4630862908492
              ],
              [
                376.0978503293323,
                715.457366111897
              ],
              [
                376.09348897173004,
                715.4496015983809
              ],
              [
                376.09277771645117,
                715.4485797277345
              ],
              [
                376.09151728410774,
                715.4463405561479
              ],
              [
                376.0799271442333,
                715.4297871770478
              ],
              [
                376.06201759374574,
                715.3999068972421
              ],
              [
                376.057225511436,
                715.3934455222268
              ],
              [
                376.0548677629206,
                715.3895608782036
              ],
              [
                376.05210140164786,
                715.3858815215209
              ],
              [
                376.0475029565188,
                715.3784410810067
              ],
              [
                376.042853250994,
                715.3723304354572
              ],
              [
                376.04056545617937,
                715.3686807089001
              ],
              [
                376.03123711937985,
                715.356566399146
              ],
              [
                376.0305424950639,
                715.3554759502324
              ],
              [
                376.0280381133025,
                715.3522845697053
              ],
              [
                376.02236566899023,
                715.3435588372043
              ],
              [
                376.0161928088182,
                715.3357854543262
              ],
              [
                376.0132067206771,
                715.33125658722
              ],
              [
                376.0051454966851,
                715.3212771870401
              ],
              [
                375.9987426757813,
                715.3117797851562
              ],
              [
                375.9958421921355,
                715.3082790642865
              ],
              [
                375.9926568758115,
                715.3036236571837
              ],
              [
                375.9880562439749,
                715.2981248883113
              ],
              [
                375.9835338383364,
                715.2916274833566
              ],
              [
                375.9835271442463,
                715.2916196053714
              ],
              [
                375.98332021528955,
                715.2913223075753
              ],
              [
                375.98137884099077,
                715.289037588094
              ],
              [
                375.97899981983375,
                715.2856398000149
              ],
              [
                375.9662279600247,
                715.2707495276392
              ],
              [
                375.9450992758661,
                715.242260794954
              ],
              [
                375.93934651412764,
                715.2359136004847
              ],
              [
                375.935708179483,
                715.2310744888977
              ],
              [
                375.9337484787306,
                715.2289448839414
              ],
              [
                375.93022018779516,
                715.22430800206
              ],
              [
                375.929997745726,
                715.2240679454329
              ],
              [
                375.9297624241233,
                715.2237586856537
              ],
              [
                375.92508345918657,
                715.2187092067278
              ],
              [
                375.92313624219804,
                715.2161804397821
              ],
              [
                375.9113719253583,
                715.2036146639754
              ],
              [
                375.9093759275695,
                715.2010711266547
              ],
              [
                375.9084365986284,
                715.2000898033724
              ],
              [
                375.90462503890996,
                715.1952899679269
              ],
              [
                375.89680934848786,
                715.1871623456863
              ],
              [
                375.89190862442985,
                715.1810954895122
              ],
              [
                375.88264573947157,
                715.1716573030186
              ],
              [
                375.8750764960874,
                715.1625216513415
              ],
              [
                375.8722674118738,
                715.1597317179111
              ],
              [
                375.86867128097083,
                715.1554335490134
              ],
              [
                375.86367008814364,
                715.1505112457304
              ],
              [
                375.8586889706028,
                715.1446491838436
              ],
              [
                375.85499014817043,
                715.141061186102
              ],
              [
                375.8512798090497,
                715.1367354292474
              ],
              [
                375.83748370566906,
                715.1235253104999
              ],
              [
                375.81329193151373,
                715.0968338009081
              ],
              [
                375.81320727416096,
                715.0967571790442
              ],
              [
                375.81283416784186,
                715.0963455196581
              ],
              [
                375.80616999095764,
                715.0903054618053
              ],
              [
                375.8014408002559,
                715.0851662547375
              ],
              [
                375.8008600133781,
                715.0846488578704
              ],
              [
                375.79812079644415,
                715.081692730101
              ],
              [
                375.792793213878,
                715.0769576277695
              ],
              [
                375.79159170173216,
                715.0756742610888
              ],
              [
                375.7785825586412,
                715.064217009484
              ],
              [
                375.7733917120739,
                715.0588189911734
              ],
              [
                375.7638498406793,
                715.0506131734049
              ],
              [
                375.75669939059463,
                715.0433273999427
              ],
              [
                375.746148404867,
                715.0344725205706
              ],
              [
                375.73765585827636,
                715.0260378714676
              ],
              [
                375.73498126836625,
                715.0238523821424
              ],
              [
                375.73096457824926,
                715.0198990518804
              ],
              [
                375.725637199679,
                715.0155839306926
              ],
              [
                375.7205358854119,
                715.010635462794
              ],
              [
                375.71481228433765,
                715.0060643145931
              ],
              [
                375.70958607512455,
                715.0010600867761
              ],
              [
                375.6955113693719,
                714.9900103334035
              ],
              [
                375.66740717379605,
                714.9645381753057
              ],
              [
                375.665828981605,
                714.9633677082052
              ],
              [
                375.6655872140503,
                714.9631488886922
              ],
              [
                375.66060726153665,
                714.9594720696665
              ],
              [
                375.65335485334873,
                714.9530262014902
              ],
              [
                375.647423390579,
                714.9487041291769
              ],
              [
                375.6471501329771,
                714.9484634691215
              ],
              [
                375.64022375015367,
                714.9434579752761
              ],
              [
                375.63383248955347,
                714.9388008625943
              ],
              [
                375.6298417527896,
                714.935368909124
              ],
              [
                375.6263156307134,
                714.9328751491093
              ],
              [
                375.6246972183275,
                714.9314866514369
              ],
              [
                375.61708156465,
                714.9261536079532
              ],
              [
                375.6088385467077,
                714.9192356828015
              ],
              [
                375.59702971941357,
                714.9111279467127
              ],
              [
                375.5876779490767,
                714.9034863287715
              ],
              [
                375.5852162179846,
                714.901844397202
              ],
              [
                375.5808220096373,
                714.8982851341813
              ],
              [
                375.57523763470897,
                714.8945931620345
              ],
              [
                375.57014046287037,
                714.8905223109083
              ],
              [
                375.5621720836383,
                714.8853284844091
              ],
              [
                375.55528188580666,
                714.8799191360315
              ],
              [
                375.54126840847755,
                714.8709872911012
              ],
              [
                375.50976107150797,
                714.8476198574261
              ],
              [
                375.5063149225021,
                714.845554315202
              ],
              [
                375.5053873920458,
                714.8448694970999
              ],
              [
                375.50287216076634,
                714.8433741469341
              ],
              [
                375.49682221903925,
                714.8389657426922
              ],
              [
                375.49319268845403,
                714.8368253155186
              ],
              [
                375.49299716317506,
                714.8366831870146
              ],
              [
                375.48722919480514,
                714.833308490531
              ],
              [
                375.4770051009975,
                714.8272790804745
              ],
              [
                375.47526160244814,
                714.826046035539
              ],
              [
                375.46898261169224,
                714.8224437769331
              ],
              [
                375.4639266881711,
                714.8189032456629
              ],
              [
                375.4571444917269,
                714.815085174593
              ],
              [
                375.44970347506126,
                714.8099763015564
              ],
              [
                375.4366935561722,
                714.8027823802373
              ],
              [
                375.42654927083936,
                714.7960163193986
              ],
              [
                375.42436543321554,
                714.7948477164338
              ],
              [
                375.41964488335,
                714.7917268409832
              ],
              [
                375.41387435489077,
                714.788667337781
              ],
              [
                375.40889558839365,
                714.7854221547127
              ],
              [
                375.39851538091347,
                714.7800000310805
              ],
              [
                375.3898518369131,
                714.7744781017449
              ],
              [
                375.37607694632413,
                714.7674926763915
              ],
              [
                375.34141407912074,
                714.7467165533345
              ],
              [
                375.33626656802585,
                714.7442819619031
              ],
              [
                375.32999086649465,
                714.7405810199286
              ],
              [
                375.3238582793722,
                714.7377241845012
              ],
              [
                375.3218526704626,
                714.7365507520375
              ],
              [
                375.2990751977527,
                714.7260992828809
              ],
              [
                375.292895208578,
                714.7226202273752
              ],
              [
                375.28715615740606,
                714.7200946794019
              ],
              [
                375.2807765818421,
                714.7165670505943
              ],
              [
                375.26664518740563,
                714.7104493413632
              ],
              [
                375.25578089853525,
                714.7046357039177
              ],
              [
                375.2539256592443,
                714.7038633982528
              ],
              [
                375.2489374951589,
                714.7012187004404
              ],
              [
                375.2430527992073,
                714.6987938182178
              ],
              [
                375.2382946294669,
                714.6963083780525
              ],
              [
                375.2253932671484,
                714.6910790318653
              ],
              [
                375.214887568695,
                714.6857514561683
              ],
              [
                375.2014806861189,
                714.6805329874737
              ],
              [
                375.16398747019895,
                714.6628000170086
              ],
              [
                375.159830276164,
                714.6613125491983
              ],
              [
                375.1544253507274,
                714.6587946913739
              ],
              [
                375.1456472588591,
                714.6556986993069
              ],
              [
                375.1416341123095,
                714.6538572624662
              ],
              [
                375.11883176339586,
                714.6460212272907
              ],
              [
                375.11324990619187,
                714.6435648546733
              ],
              [
                375.10872822989495,
                714.6420845361022
              ],
              [
                375.10363148793095,
                714.6398780740647
              ],
              [
                375.0884807434849,
                714.6349913954339
              ],
              [
                375.07697430879773,
                714.6302014555401
              ],
              [
                375.07548350929227,
                714.6297442368109
              ],
              [
                375.0702930885234,
                714.6276054416796
              ],
              [
                375.0643666882183,
                714.6258096668341
              ],
              [
                375.05991760484017,
                714.6240063071093
              ],
              [
                375.04444730212225,
                714.6194096208933
              ],
              [
                375.0320724523032,
                714.6145928586061
              ],
              [
                375.01911673217865,
                714.6109644380939
              ],
              [
                374.9791899599777,
                714.5966784105668
              ],
              [
                374.9761415242634,
                714.5959148171714
              ],
              [
                374.97177213628675,
                714.5943737544078
              ],
              [
                374.96027813077313,
                714.5915342160122
              ],
              [
                374.9541128993617,
                714.5894155320824
              ],
              [
                374.9316562733748,
                714.5841142418043
              ],
              [
                374.9267208634789,
                714.5824984740126
              ],
              [
                374.92355264373697,
                714.5817959486013
              ],
              [
                374.91991837000126,
                714.5806237601412
              ],
              [
                374.9038720455095,
                714.577112092039
              ],
              [
                374.8918063611736,
                714.5734116233713
              ],
              [
                374.8907009123169,
                714.573186722746
              ],
              [
                374.88537898455616,
                714.5715741107875
              ],
              [
                374.87948299716226,
                714.5703938284704
              ],
              [
                374.87541655120333,
                714.5691855666524
              ],
              [
                374.85739382717634,
                714.5656718028599
              ],
              [
                374.8431653936904,
                714.5616869421636
              ],
              [
                374.8307015110545,
                714.5594839903725
              ],
              [
                374.78880124950103,
                714.5489885212248
              ],
              [
                374.7869456797619,
                714.5487132734552
              ],
              [
                374.7837441566101,
                714.5479223526658
              ],
              [
                374.77353616073566,
                714.5464284223148
              ],
              [
                374.7723186496799,
                714.5461336293966
              ],
              [
                374.7685536540566,
                714.5456109363369
              ],
              [
                374.7611322217788,
                714.5438589738288
              ],
              [
                374.7393737916584,
                714.5409558761518
              ],
              [
                374.7351044570875,
                714.540009188021
              ],
              [
                374.7333854925647,
                714.539801853788
              ],
              [
                374.73134858847027,
                714.5393560862143
              ],
              [
                374.71455073417167,
                714.5373494382226
              ],
              [
                374.7020135724276,
                714.5347987860616
              ],
              [
                374.7012998384688,
                714.5347244117368
              ],
              [
                374.6959210206086,
                714.5336476584836
              ],
              [
                374.6901262454493,
                714.5330608184463
              ],
              [
                374.686500222868,
                714.5323538783168
              ],
              [
                374.6660075311249,
                714.5303748508966
              ],
              [
                374.6499839107755,
                714.527542726736
              ],
              [
                374.6383971709766,
                714.5266509615003
              ],
              [
                374.6246966856624,
                714.5246459086882
              ],
              [
                374.5946548861279,
                714.5201896286868
              ],
              [
                374.59404091501324,
                714.5201594662201
              ],
              [
                374.5921047500243,
                714.5198761103413
              ],
              [
                374.5783975098034,
                714.5192116236075
              ],
              [
                374.5750772465161,
                714.5187506725864
              ],
              [
                374.5720888241095,
                714.5186360397471
              ],
              [
                374.56458893208384,
                714.5176353738443
              ],
              [
                374.5438541066004,
                714.5169413793462
              ],
              [
                374.5402460577594,
                714.5165061917497
              ],
              [
                374.5400303110611,
                714.516501474529
              ],
              [
                374.5396787454991,
                714.5164594770026
              ],
              [
                374.5223783562384,
                714.5160728983196
              ],
              [
                374.51996487543636,
                714.515828483804
              ],
              [
                374.509375831378,
                714.5147250572498
              ],
              [
                374.5090464351107,
                714.514722767404
              ],
              [
                374.50368744271304,
                714.5141800593244
              ],
              [
                374.4980622564474,
                714.5141559808791
              ],
              [
                374.49491826615986,
                714.5138523583455
              ],
              [
                374.47210443090614,
                714.5138523583455
              ],
              [
                374.4543866466892,
                714.5124887216114
              ],
              [
                374.44419647164193,
                714.512705951562
              ],
              [
                374.3986511230469,
                714.510498046875
              ],
              [
                374.3816743265704,
                714.51133193359
              ],
              [
                374.37609047352186,
                714.5111177426751
              ],
              [
                374.373890502298,
                714.5112526984185
              ],
              [
                374.36641490055325,
                714.5110024900681
              ],
              [
                374.3612590347299,
                714.5113418514798
              ],
              [
                374.3611162105085,
                714.5113374318149
              ],
              [
                374.3559927094454,
                714.511688483383
              ],
              [
                374.3484329144899,
                714.5121860724934
              ],
              [
                374.34669432154845,
                714.5121472234848
              ],
              [
                374.34537400844664,
                714.512245387409
              ],
              [
                374.3440222584007,
                714.5122158319008
              ],
              [
                374.3281596847272,
                714.5134287178901
              ],
              [
                374.31047240221767,
                714.5133530079946
              ],
              [
                374.30508154615603,
                714.5138523583455
              ],
              [
                374.30244501509014,
                714.5138523583455
              ],
              [
                374.27752443536457,
                714.5162589973182
              ],
              [
                374.2582554873439,
                714.5166697648083
              ],
              [
                374.2480373090607,
                714.5178960774017
              ],
              [
                374.2025863248096,
                714.5201285935306
              ],
              [
                374.18381850920974,
                714.5229125359915
              ],
              [
                374.17733098594414,
                714.5233105087086
              ],
              [
                374.17590475954717,
                714.5235419533911
              ],
              [
                374.168558026409,
                714.5240255186767
              ],
              [
                374.16339372246364,
                714.5248849628127
              ],
              [
                374.1629706865569,
                714.5249139483475
              ],
              [
                374.15063873454204,
                714.5270023458354
              ],
              [
                374.14832280146584,
                714.527179426985
              ],
              [
                374.13405703678006,
                714.5296942112516
              ],
              [
                374.11807921064155,
                714.5311742235164
              ],
              [
                374.1129825022493,
                714.5321491986397
              ],
              [
                374.110863058382,
                714.5323538783168
              ],
              [
                374.08411366556976,
                714.5375690193684
              ],
              [
                374.06347745538017,
                714.5400456295562
              ],
              [
                374.05360814063874,
                714.5422274196013
              ],
              [
                374.00843996143647,
                714.5489274860686
              ],
              [
                373.9881443359174,
                714.55401127561
              ],
              [
                373.98076918583615,
                714.5552080977086
              ],
              [
                373.9800773637732,
                714.5553924951291
              ],
              [
                373.97296309145844,
                714.5565764532555
              ],
              [
                373.96786712694865,
                714.5579544421231
              ],
              [
                373.96714872159174,
                714.5580761029876
              ],
              [
                373.9564576761588,
                714.5610016166175
              ],
              [
                373.9550323797055,
                714.5612528694018
              ],
              [
                373.9424502747601,
                714.5647711708485
              ],
              [
                373.92830350903654,
                714.5674773772066
              ],
              [
                373.9235545161272,
                714.5688721079041
              ],
              [
                373.92194673004667,
                714.5691855666524
              ],
              [
                373.8937067082128,
                714.5775765155221
              ],
              [
                373.8719265546914,
                714.5823914113258
              ],
              [
                373.86232615896074,
                714.5855270882927
              ],
              [
                373.8180512509598,
                714.5966173754106
              ],
              [
                373.80433703848695,
                714.6015243990967
              ],
              [
                373.8043139373306,
                714.6015303377867
              ],
              [
                373.804076547473,
                714.6016176042718
              ],
              [
                373.7969013345231,
                714.604184936517
              ],
              [
                373.7888691261298,
                714.6063569088152
              ],
              [
                373.7883536884778,
                714.606494292947
              ],
              [
                373.78833489217084,
                714.6065013698778
              ],
              [
                373.7815526443759,
                714.6083353430031
              ],
              [
                373.7765993829135,
                714.6102183084419
              ],
              [
                373.7755814124744,
                714.6104968673923
              ],
              [
                373.7666005220698,
                714.613943582142
              ],
              [
                373.7660124855444,
                714.614108013274
              ],
              [
                373.75515895920984,
                714.6183281624886
              ],
              [
                373.7429165089391,
                714.6219236450531
              ],
              [
                373.7385612300327,
                714.6236748430097
              ],
              [
                373.73744567640983,
                714.6240063071093
              ],
              [
                373.70810897964355,
                714.6358974345417
              ],
              [
                373.6854457402045,
                714.6432996916878
              ],
              [
                373.6760489877843,
                714.6474265976143
              ],
              [
                373.63325374073855,
                714.6627389818524
              ],
              [
                373.6173600195014,
                714.6702561521554
              ],
              [
                373.61545566317193,
                714.6709562093733
              ],
              [
                373.61057083568096,
                714.6733334939947
              ],
              [
                373.596208103519,
                714.6787934376042
              ],
              [
                373.5946276415117,
                714.6795813203207
              ],
              [
                373.59456038130736,
                714.6796069365782
              ],
              [
                373.5914207315015,
                714.6811746406239
              ],
              [
                373.59015789880937,
                714.6816592945803
              ],
              [
                373.57339359545415,
                714.690086485152
              ],
              [
                373.5636484613272,
                714.6940048700216
              ],
              [
                373.5597240590205,
                714.6960427199574
              ],
              [
                373.5590686517831,
                714.6963083780525
              ],
              [
                373.53478764100714,
                714.7089916160893
              ],
              [
                373.5288601734876,
                714.7120696107394
              ],
              [
                373.50582918639,
                714.7221844581776
              ],
              [
                373.4965905099953,
                714.7273758761535
              ],
              [
                373.45582713181676,
                714.7466555181783
              ],
              [
                373.43862140128255,
                714.7569682361876
              ],
              [
                373.43634992729255,
                714.7580727287742
              ],
              [
                373.43596683528614,
                714.7583075090947
              ],
              [
                373.434529100375,
                714.7590072073134
              ],
              [
                373.4313036481547,
                714.7610006464147
              ],
              [
                373.4187512640249,
                714.7672581878555
              ],
              [
                373.41771560195104,
                714.7679098662662
              ],
              [
                373.4171044143977,
                714.768215047181
              ],
              [
                373.4136855371073,
                714.7703695852019
              ],
              [
                373.41270673320724,
                714.7708616168017
              ],
              [
                373.39944029154475,
                714.779274315432
              ],
              [
                373.3921725078695,
                714.7830483047784
              ],
              [
                373.38870614366584,
                714.7852975994211
              ],
              [
                373.38846769285635,
                714.7854221547127
              ],
              [
                373.3781095798368,
                714.7921736207657
              ],
              [
                373.3576503224095,
                714.8054494612205
              ],
              [
                373.3348050251,
                714.8182867424555
              ],
              [
                373.32570752539124,
                714.8246462088895
              ],
              [
                373.28748013942953,
                714.8475588222699
              ],
              [
                373.2738950485875,
                714.8576342123141
              ],
              [
                373.2706048096429,
                714.8596506557299
              ],
              [
                373.26575265638286,
                714.8633167862009
              ],
              [
                373.2633655604408,
                714.8647920926276
              ],
              [
                373.2616165501263,
                714.8661333935788
              ],
              [
                373.26093616306906,
                714.8665615192843
              ],
              [
                373.26061050186456,
                714.8667643255808
              ],
              [
                373.260595034155,
                714.8667761707177
              ],
              [
                373.2509263909564,
                714.872860052895
              ],
              [
                373.2503931334459,
                714.873274621659
              ],
              [
                373.24929795208794,
                714.8739647926348
              ],
              [
                373.2456987873175,
                714.8767669947002
              ],
              [
                373.24497784902746,
                714.8772241660141
              ],
              [
                373.2350280910602,
                714.8850179981232
              ],
              [
                373.2300890651863,
                714.8882228905655
              ],
              [
                373.19639688259826,
                714.9150388133114
              ],
              [
                373.1740187188177,
                714.9306819225143
              ],
              [
                373.1650817251682,
                714.9383356730697
              ],
              [
                373.14967218910635,
                714.9497641639077
              ],
              [
                373.14266565446377,
                714.9548572561777
              ],
              [
                373.14197326221444,
                714.9554740772428
              ],
              [
                373.12983403714145,
                714.9644771401495
              ],
              [
                373.11965114963516,
                714.9737063714133
              ],
              [
                373.11550408827685,
                714.97683975719
              ],
              [
                373.1088177846742,
                714.9829977683514
              ],
              [
                373.10726277369076,
                714.9841885922351
              ],
              [
                373.1053377366346,
                714.9859822700938
              ],
              [
                373.10369753501857,
                714.9872401265911
              ],
              [
                373.10321008640614,
                714.9876986901219
              ],
              [
                373.0943830745104,
                714.9945610471242
              ],
              [
                373.09429094427674,
                714.9946486137885
              ],
              [
                373.0927914555704,
                714.9958160708564
              ],
              [
                373.0891219134709,
                714.9993090447554
              ],
              [
                373.08862530342265,
                714.9996980487243
              ],
              [
                373.0817233502795,
                715.0063085485272
              ],
              [
                373.078910887867,
                715.0085470136246
              ],
              [
                373.06610523712953,
                715.0209366400607
              ],
              [
                373.06416490789076,
                715.0225072620055
              ],
              [
                373.04897096722715,
                715.0375142594019
              ],
              [
                373.04808935648197,
                715.0383672287682
              ],
              [
                373.046391049759,
                715.0399838176762
              ],
              [
                373.03584005151066,
                715.0490198214903
              ],
              [
                373.03311341218443,
                715.0513241924547
              ],
              [
                373.0329366741418,
                715.0515063093429
              ],
              [
                373.0250172292867,
                715.0582886186783
              ],
              [
                373.01630210195424,
                715.0673764881998
              ],
              [
                373.0129220377344,
                715.0704399998365
              ],
              [
                372.99461022513475,
                715.0867531688
              ],
              [
                372.99303724160956,
                715.0884625285107
              ],
              [
                372.98440704309564,
                715.0962844845019
              ],
              [
                372.9773094037567,
                715.1041155227415
              ],
              [
                372.97251305861903,
                715.1085329032027
              ],
              [
                372.9660504849206,
                715.1157649454984
              ],
              [
                372.96603468622754,
                715.1157796661324
              ],
              [
                372.96577935232943,
                715.1160683605864
              ],
              [
                372.9619012990827,
                715.1204081555991
              ],
              [
                372.94912424517474,
                715.1325704130674
              ],
              [
                372.9455018834831,
                715.1367777013497
              ],
              [
                372.94519096586686,
                715.1370754896421
              ],
              [
                372.9409872154022,
                715.1419898829912
              ],
              [
                372.940048949653,
                715.1428976667789
              ],
              [
                372.9282889642578,
                715.1567114146656
              ],
              [
                372.9237426878792,
                715.1612017545508
              ],
              [
                372.90753978512106,
                715.1807195273631
              ],
              [
                372.8956596903846,
                715.1929611809103
              ],
              [
                372.89464828743417,
                715.1942333832252
              ],
              [
                372.8892341338394,
                715.1998790978042
              ],
              [
                372.8817439684767,
                715.2094048232825
              ],
              [
                372.8603428459076,
                715.2326614029602
              ],
              [
                372.8581072107357,
                715.2356348754747
              ],
              [
                372.8525996987433,
                715.2417114785477
              ],
              [
                372.8523933480885,
                715.2419897101971
              ],
              [
                372.85220297022767,
                715.2421997597977
              ],
              [
                372.8518160093363,
                715.2427215161604
              ],
              [
                372.85134847804017,
                715.243237357454
              ],
              [
                372.84748143757184,
                715.2484514579326
              ],
              [
                372.8429826112372,
                715.253485938598
              ],
              [
                372.83139879658484,
                715.2693057649051
              ],
              [
                372.81970936037567,
                715.2828827713381
              ],
              [
                372.81625576520804,
                715.2878071512637
              ],
              [
                372.8160893130207,
                715.2880017421485
              ],
              [
                372.8130560707555,
                715.2923576568243
              ],
              [
                372.8126392573667,
                715.2928481864816
              ],
              [
                372.80321740628114,
                715.3063846948846
              ],
              [
                372.79767456054685,
                715.3130615234375
              ],
              [
                372.7974914550781,
                715.3133056640625
              ]
            ]
          ]
        ]
      }
    }
  ]
}