{
  "type": "FeatureCollection",
  "features": [
    {
      "type": "Feature",
      "properties": {
        "image_id": "0006_top_20250703_t1",
        "zone_type": "parking_spot",
        "generated_at": "2025-11-03T11:20:39",
        "source": "merged_t1_polygons"
      },
      "geometry": {
        "type": "MultiPolygon",
        "coordinates": [
          [
            [
              [
                851.6467096161734,
                960.1946258429332
              ],
              [
                851.655843223606,
                960.2034089096181
              ],
              [
                851.6588928688706,
                960.206919341409
              ],
              [
                851.6714714953492,
                960.2187525874631
              ],
              [
                851.6858230587206,
                960.2345870975294
              ],
              [
                851.6985594411502,
                960.246130681688
              ],
              [
                851.7001397016028,
                960.2478360784927
              ],
              [
                851.7014089214476,
                960.2489641484516
              ],
              [
                851.713734955466,
                960.2620666037857
              ],
              [
                851.7459023809954,
                960.2900116666103
              ],
              [
                851.7485752238969,
                960.2925819278806
              ],
              [
                851.7519310470568,
                960.2959377510406
              ],
              [
                851.7529184639765,
                960.2967584777849
              ],
              [
                851.7618077007718,
                960.3053065525877
              ],
              [
                851.7678697418752,
                960.3112940075257
              ],
              [
                851.7689085896352,
                960.3121349148607
              ],
              [
                851.7831805929269,
                960.3258591697694
              ],
              [
                851.7969360932466,
                960.3367824423525
              ],
              [
                851.805449244003,
                960.3447911234089
              ],
              [
                851.8182215473206,
                960.3545860928543
              ],
              [
                851.8312500527664,
                960.3663944418818
              ],
              [
                851.8488601018446,
                960.3794549444004
              ],
              [
                851.8656349680274,
                960.3940279070059
              ],
              [
                851.8961234558872,
                960.415547341756
              ],
              [
                851.9314494622043,
                960.4435997998496
              ],
              [
                851.9501140548466,
                960.4557333212889
              ],
              [
                851.9651172694251,
                960.4672391573724
              ],
              [
                851.977753288088,
                960.4750486463886
              ],
              [
                851.9888961550546,
                960.4833127597614
              ],
              [
                852.0074075249389,
                960.4944080478809
              ],
              [
                852.0127730160084,
                960.4982735383097
              ],
              [
                852.015983277689,
                960.5001469987242
              ],
              [
                852.0300257020325,
                960.510058445818
              ],
              [
                852.0578160533636,
                960.5257484849259
              ],
              [
                852.0901874934972,
                960.5467925854006
              ],
              [
                852.1138776809823,
                960.5591781478953
              ],
              [
                852.116978834176,
                960.5610947659733
              ],
              [
                852.1222424749624,
                960.564406851207
              ],
              [
                852.1227359188708,
                960.5646528399908
              ],
              [
                852.1362808093594,
                960.5730240426866
              ],
              [
                852.1363904902795,
                960.5730774207773
              ],
              [
                852.1364028796719,
                960.5730850778428
              ],
              [
                852.1484709417517,
                960.578958206105
              ],
              [
                852.1572431474417,
                960.584216063853
              ],
              [
                852.1583901988685,
                960.584758578774
              ],
              [
                852.1596235185355,
                960.5854978021342
              ],
              [
                852.1734050918991,
                960.5920160008916
              ],
              [
                852.1786189739522,
                960.5950587440085
              ],
              [
                852.189333731139,
                960.6000015047273
              ],
              [
                852.2052432191564,
                960.6089837765311
              ],
              [
                852.2240202393483,
                960.616762223193
              ],
              [
                852.2579721355573,
                960.6345127510253
              ],
              [
                852.2647563545918,
                960.6372779170005
              ],
              [
                852.2680048494543,
                960.6389616122419
              ],
              [
                852.2873992214489,
                960.6467398307186
              ],
              [
                852.2996993144565,
                960.6528716014583
              ],
              [
                852.3026614511863,
                960.6539976476259
              ],
              [
                852.3173294424688,
                960.6611360757829
              ],
              [
                852.3272854209768,
                960.6647959762479
              ],
              [
                852.3370501274574,
                960.6694143384601
              ],
              [
                852.3493272758773,
                960.6738071724062
              ],
              [
                852.352982249447,
                960.6754932264598
              ],
              [
                852.3821074624241,
                960.6856704463117
              ],
              [
                852.3824674008041,
                960.6858291353698
              ],
              [
                852.3828264871418,
                960.6859474676891
              ],
              [
                852.3861869337557,
                960.6874282983404
              ],
              [
                852.3945375821044,
                960.6901751823601
              ],
              [
                852.4332997647728,
                960.7059741811971
              ],
              [
                852.439896119755,
                960.7079593626307
              ],
              [
                852.4439404317553,
                960.7095949576502
              ],
              [
                852.4446237829127,
                960.7097955970662
              ],
              [
                852.4475562651835,
                960.7109716850462
              ],
              [
                852.4607810431115,
                960.7148412189481
              ],
              [
                852.4673369484351,
                960.7175570257886
              ],
              [
                852.4677031593726,
                960.717679096101
              ],
              [
                852.4769459512328,
                960.7202513054624
              ],
              [
                852.4850438553134,
                960.7233296960594
              ],
              [
                852.4906035813661,
                960.7248330896942
              ],
              [
                852.5061877166274,
                960.7305619473696
              ],
              [
                852.5124340837905,
                960.7321677214628
              ],
              [
                852.5218476376785,
                960.7355359449019
              ],
              [
                852.5323193825164,
                960.7381589804343
              ],
              [
                852.534255550581,
                960.7388355354204
              ],
              [
                852.5663741421308,
                960.7466995480171
              ],
              [
                852.5708482710526,
                960.7481712796389
              ],
              [
                852.5812944062026,
                960.7505133570342
              ],
              [
                852.6145991600836,
                960.7605364651345
              ],
              [
                852.6148433007086,
                960.7605975002907
              ],
              [
                852.6219388526479,
                960.7619955538617
              ],
              [
                852.6332248765051,
                960.7652978136177
              ],
              [
                852.6508635334991,
                960.7686514468888
              ],
              [
                852.6615514260919,
                960.7716258184636
              ],
              [
                852.667340849173,
                960.7726242364062
              ],
              [
                852.676454302396,
                960.775088585807
              ],
              [
                852.6847899068601,
                960.7764757981888
              ],
              [
                852.7010661070557,
                960.7806599743554
              ],
              [
                852.7034263431632,
                960.7810190428742
              ],
              [
                852.7122363481552,
                960.7832258342439
              ],
              [
                852.7206600338941,
                960.7844753699867
              ],
              [
                852.7207678883808,
                960.7845017774038
              ],
              [
                852.7239614019127,
                960.784965081672
              ],
              [
                852.756452176252,
                960.7897846327695
              ],
              [
                852.7605344230685,
                960.7906998935673
              ],
              [
                852.7732354589151,
                960.7922741975775
              ],
              [
                852.7817584625587,
                960.7935384657397
              ],
              [
                852.7894760550031,
                960.7950058095859
              ],
              [
                852.8127064163482,
                960.7995829432481
              ],
              [
                852.8143734272305,
                960.7997395404983
              ],
              [
                852.8232735603962,
                960.8014317205045
              ],
              [
                852.8265444245827,
                960.801730598461
              ],
              [
                852.8272488558958,
                960.8018637825406
              ],
              [
                852.8470194887284,
                960.8036108088355
              ],
              [
                852.8598392096899,
                960.805821640424
              ],
              [
                852.8620654149414,
                960.8059780113593
              ],
              [
                852.8720492373466,
                960.8076395203858
              ],
              [
                852.8806256028214,
                960.8082040206258
              ],
              [
                852.9063827115284,
                960.8120247267819
              ],
              [
                852.9497665611967,
                960.8141553752708
              ],
              [
                852.9534533526794,
                960.814612356157
              ],
              [
                852.9654394503464,
                960.8149250952897
              ],
              [
                852.9773371438046,
                960.8155094095629
              ],
              [
                853.0159242136982,
                960.8190353354153
              ],
              [
                853.0212356527863,
                960.819005370162
              ],
              [
                853.023851879794,
                960.8192365523105
              ],
              [
                853.0448611721974,
                960.8190140798051
              ],
              [
                853.0699061114907,
                960.8206625489944
              ],
              [
                853.0772556114097,
                960.8204165612714
              ],
              [
                853.1024780273438,
                960.8216552734375
              ],
              [
                853.1444169745099,
                960.8195949450806
              ],
              [
                853.1477824814832,
                960.8196827572912
              ],
              [
                853.1592146908015,
                960.8188679798955
              ],
              [
                853.1739562212344,
                960.8181437749445
              ],
              [
                853.2093743891219,
                960.8179439582179
              ],
              [
                853.2166642194948,
                960.8171948155652
              ],
              [
                853.2212099162897,
                960.8171466800767
              ],
              [
                853.2415068282497,
                960.8149190739216
              ],
              [
                853.2424139232289,
                960.8148887134575
              ],
              [
                853.253562325606,
                960.8145798757294
              ],
              [
                853.2542631190819,
                960.8144921209356
              ],
              [
                853.2680801430213,
                960.8140296652182
              ],
              [
                853.2741290045591,
                960.8132226016671
              ],
              [
                853.2985123080028,
                960.8120247267819
              ],
              [
                853.338537075856,
                960.8060876133164
              ],
              [
                853.3416859083904,
                960.8058631949647
              ],
              [
                853.3528895188615,
                960.8039586295096
              ],
              [
                853.3696342669039,
                960.8014747807727
              ],
              [
                853.4018141590166,
                960.7981677998819
              ],
              [
                853.4109635161356,
                960.7963210348856
              ],
              [
                853.417400966409,
                960.7956145183534
              ],
              [
                853.4354613850919,
                960.7918021031087
              ],
              [
                853.4457422459714,
                960.790514712662
              ],
              [
                853.4478076886285,
                960.7900496897659
              ],
              [
                853.4646234327163,
                960.7878060652337
              ],
              [
                853.4694289338507,
                960.7866716403
              ],
              [
                853.492658671376,
                960.7832258342439
              ],
              [
                853.5302696775966,
                960.7738047676261
              ],
              [
                853.5333317540795,
                960.7732842278317
              ],
              [
                853.5447617855112,
                960.7701746835678
              ],
              [
                853.5624497188195,
                960.7657440869214
              ],
              [
                853.5914430491264,
                960.7598918869428
              ],
              [
                853.6022784768707,
                960.75658830021
              ],
              [
                853.6105143960388,
                960.7548497611239
              ],
              [
                853.6261509437167,
                960.7498967004333
              ],
              [
                853.634693282052,
                960.7479734405944
              ],
              [
                853.63511556213,
                960.7478342835846
              ],
              [
                853.6358529500208,
                960.7476682648131
              ],
              [
                853.6388914401292,
                960.7466669691808
              ],
              [
                853.6576041102992,
                960.7422495069801
              ],
              [
                853.6610229521758,
                960.741074620774
              ],
              [
                853.6758431812086,
                960.7374133549672
              ],
              [
                853.6765559578696,
                960.7371619619628
              ],
              [
                853.6830473818527,
                960.7355359449019
              ],
              [
                853.7178196578044,
                960.7230942256233
              ],
              [
                853.7209094674555,
                960.7222536417688
              ],
              [
                853.7330287140255,
                960.7176523382916
              ],
              [
                853.7505681267263,
                960.7113766360787
              ],
              [
                853.7764868839006,
                960.7034743303872
              ],
              [
                853.7887833251951,
                960.698380977634
              ],
              [
                853.7986695429057,
                960.695249401705
              ],
              [
                853.811054488857,
                960.6899328339402
              ],
              [
                853.8198031070084,
                960.6870498384948
              ],
              [
                853.8244600971924,
                960.6849968617452
              ],
              [
                853.8341309778634,
                960.6815859872307
              ],
              [
                853.8354812459066,
                960.6811219671456
              ],
              [
                853.8363263358644,
                960.6808365573875
              ],
              [
                853.8363721323183,
                960.6808158137188
              ],
              [
                853.845125323247,
                960.6778077765963
              ],
              [
                853.8460620946331,
                960.6773779379846
              ],
              [
                853.8584963956492,
                960.6729924180011
              ],
              [
                853.8606542580845,
                960.6719871884413
              ],
              [
                853.8678448920739,
                960.6694143384601
              ],
              [
                853.8994384001932,
                960.6544717219729
              ],
              [
                853.9026469306151,
                960.6532535421048
              ],
              [
                853.9158916924245,
                960.6466898943
              ],
              [
                853.9322135044528,
                960.6389702521319
              ],
              [
                853.9552143857509,
                960.6294429751517
              ],
              [
                853.9686990184218,
                960.6222597227732
              ],
              [
                853.9800340316699,
                960.6173938665729
              ],
              [
                853.9888658257958,
                960.6125206217296
              ],
              [
                853.9970272886561,
                960.6089227413748
              ],
              [
                853.9971493589686,
                960.6088617062186
              ],
              [
                854.0018549681871,
                960.6062095349077
              ],
              [
                854.0340619114165,
                960.5912060894464
              ],
              [
                854.0375437832128,
                960.5891527404436
              ],
              [
                854.0452715009958,
                960.5854978021342
              ],
              [
                854.0734387917078,
                960.5686149777972
              ],
              [
                854.0768272007166,
                960.5669357989888
              ],
              [
                854.0915703465453,
                960.5577473420558
              ],
              [
                854.1056840655574,
                960.5492879044315
              ],
              [
                854.1259533729549,
                960.5384904615846
              ],
              [
                854.1403102221078,
                960.5289559900289
              ],
              [
                854.1528416187695,
                960.5220413627978
              ],
              [
                854.1602976325006,
                960.5169082204128
              ],
              [
                854.1698870506317,
                960.5115034410369
              ],
              [
                854.1734056540753,
                960.5090315144566
              ],
              [
                854.2008932639611,
                960.4928213666828
              ],
              [
                854.2055312919414,
                960.4894417800448
              ],
              [
                854.2136184933829,
                960.4845944980426
              ],
              [
                854.2382094920195,
                960.4663565704705
              ],
              [
                854.2418047305918,
                960.4641158889247
              ],
              [
                854.2583166345272,
                960.4514440972456
              ],
              [
                854.2693669377827,
                960.4432486337997
              ],
              [
                854.2871064046559,
                960.4314677450744
              ],
              [
                854.3019816517525,
                960.4193649123232
              ],
              [
                854.3154093932324,
                960.410120494138
              ],
              [
                854.3213767232975,
                960.4050773107567
              ],
              [
                854.332135327367,
                960.3975190622094
              ],
              [
                854.3346021398834,
                960.3953918702693
              ],
              [
                854.3574258982707,
                960.3787609078848
              ],
              [
                854.3630073380625,
                960.3738001797791
              ],
              [
                854.371264595671,
                960.367676180163
              ],
              [
                854.3922284076355,
                960.3486756885372
              ],
              [
                854.3960209148546,
                960.3457651906558
              ],
              [
                854.4144286454301,
                960.3285545658605
              ],
              [
                854.4217517630784,
                960.3219172789115
              ],
              [
                854.4371657265835,
                960.3093761344771
              ],
              [
                854.4520391380357,
                960.294669602562
              ],
              [
                854.4524816452512,
                960.2942763065553
              ],
              [
                854.4661541659406,
                960.2827212177016
              ],
              [
                854.4703683335312,
                960.2783787961318
              ],
              [
                854.4726879110757,
                960.2763171787092
              ],
              [
                854.4822994126563,
                960.2680289490366
              ],
              [
                854.4838569005029,
                960.2663902921295
              ],
              [
                854.502191841366,
                960.250094379274
              ],
              [
                854.5084620195164,
                960.243327683464
              ],
              [
                854.5166915897169,
                960.2358688358106
              ],
              [
                854.534075312134,
                960.2166888537779
              ],
              [
                854.5380188146382,
                960.2130018081804
              ],
              [
                854.5582636569156,
                960.190001127917
              ],
              [
                854.5614431090067,
                960.1864931431185
              ],
              [
                854.5747273776644,
                960.1733579238304
              ],
              [
                854.5873805469948,
                960.1581598211799
              ],
              [
                854.5946495778851,
                960.150315176309
              ],
              [
                854.6036078877404,
                960.141084229246
              ],
              [
                854.6060522907786,
                960.1380095148578
              ],
              [
                854.6128073424283,
                960.1307195497888
              ],
              [
                854.6189033083446,
                960.1243058903333
              ],
              [
                854.6197001356043,
                960.1232809358318
              ],
              [
                854.6338334690452,
                960.1080284237213
              ],
              [
                854.64049980836,
                960.0992675169396
              ],
              [
                854.6484989340693,
                960.0904418417648
              ],
              [
                854.6624435608669,
                960.0716396890963
              ],
              [
                854.6664569218503,
                960.0670800075984
              ],
              [
                854.6873978211229,
                960.0380260618562
              ],
              [
                854.6985043255376,
                960.0246857050038
              ],
              [
                854.7091123714912,
                960.0090968488616
              ],
              [
                854.72193391025,
                959.9922467755965
              ],
              [
                854.7264319462452,
                959.9865888804882
              ],
              [
                854.7275066213616,
                959.9849231155989
              ],
              [
                854.7387252092187,
                959.9701796412875
              ],
              [
                854.7406043025737,
                959.9677625738874
              ],
              [
                854.7407949713299,
                959.9674595587863
              ],
              [
                854.7511162377689,
                959.9538953447745
              ],
              [
                854.7578533038987,
                959.942994542792
              ],
              [
                854.7654172519489,
                959.9327957394767
              ],
              [
                854.7761508533735,
                959.9148878073869
              ],
              [
                854.780121832909,
                959.9093783675836
              ],
              [
                854.7988103775547,
                959.8772828164865
              ],
              [
                854.8073385080821,
                959.8647504612784
              ],
              [
                854.8160601861474,
                959.8488138289346
              ],
              [
                854.8329715896692,
                959.8214506032388
              ],
              [
                854.8334302021001,
                959.8207397460938
              ],
              [
                854.8335246936725,
                959.8205556621622
              ],
              [
                854.8529402622886,
                959.7891406122304
              ],
              [
                854.858387346819,
                959.7780544427496
              ],
              [
                854.8598866246368,
                959.7755971768637
              ],
              [
                854.8608937787707,
                959.7735027779754
              ],
              [
                854.8663205560405,
                959.7644487470895
              ],
              [
                854.8741489998259,
                959.7478968933691
              ],
              [
                854.8779397122274,
                959.7413867554271
              ],
              [
                854.8939264318539,
                959.7065332126899
              ],
              [
                854.9002116682925,
                959.6950485532509
              ],
              [
                854.9071763892426,
                959.6787566275431
              ],
              [
                854.9383506304399,
                959.615309306427
              ],
              [
                854.9433270539544,
                959.6020809924688
              ],
              [
                854.9461860133597,
                959.5961357243126
              ],
              [
                854.9470468864029,
                959.5937672619615
              ],
              [
                854.9502370923664,
                959.5870221381676
              ],
              [
                854.9555326493239,
                959.5722220479452
              ],
              [
                854.9589864371469,
                959.5646922516951
              ],
              [
                854.9718636086336,
                959.5274398152693
              ],
              [
                854.9762548811327,
                959.5171677188235
              ],
              [
                854.9815516783736,
                959.5004724112683
              ],
              [
                855.0065463583697,
                959.4340316283824
              ],
              [
                855.0067028010134,
                959.4334504278597
              ],
              [
                855.006851534151,
                959.4330550658824
              ],
              [
                855.0108192129752,
                959.4183147306826
              ],
              [
                855.0142114345723,
                959.4089819385787
              ],
              [
                855.0148760943715,
                959.4063682297626
              ],
              [
                855.0163586988082,
                959.4022246279465
              ],
              [
                855.0164305892655,
                959.4019376251528
              ],
              [
                855.0164807691207,
                959.4017973818527
              ],
              [
                855.0196015954918,
                959.3893383445886
              ],
              [
                855.0224963284741,
                959.3809641564758
              ],
              [
                855.0319115504227,
                959.3417399708799
              ],
              [
                855.0347566832336,
                959.332772218264
              ],
              [
                855.0382629127134,
                959.3163585615481
              ],
              [
                855.0571930779945,
                959.2460310491665
              ],
              [
                855.0601773995621,
                959.2282253348528
              ],
              [
                855.0632885183052,
                959.2159911685974
              ],
              [
                855.063688695117,
                959.2133327769078
              ],
              [
                855.0641706584627,
                959.211408671376
              ],
              [
                855.0643265821855,
                959.21035751902
              ],
              [
                855.0643537639314,
                959.2102490034073
              ],
              [
                855.0657766705539,
                959.200656546135
              ],
              [
                855.0678693841435,
                959.1919382188679
              ],
              [
                855.0735376346613,
                959.1512275625297
              ],
              [
                855.075169729373,
                959.1435872633194
              ],
              [
                855.0768936560012,
                959.1284891369246
              ],
              [
                855.0892083315588,
                959.0550146168779
              ],
              [
                855.0906476509215,
                959.0342432795419
              ],
              [
                855.0929307389198,
                959.0190766282436
              ],
              [
                855.0930416896131,
                959.0168507178149
              ],
              [
                855.0931526564694,
                959.0161026400341
              ],
              [
                855.0935894963625,
                959.0072105597346
              ],
              [
                855.0946769476648,
                958.9994002386994
              ],
              [
                855.0963906797401,
                958.9577344633012
              ],
              [
                855.0971159134599,
                958.9513828760655
              ],
              [
                855.0973507597532,
                958.9375082960854
              ],
              [
                855.1025970537638,
                958.8617971332413
              ],
              [
                855.1023713413449,
                958.8536493823715
              ],
              [
                855.1024618654006,
                958.8522740642906
              ],
              [
                855.1019730273448,
                958.8376688018504
              ],
              [
                855.1028442382812,
                958.8201904296875
              ],
              [
                855.1029663085938,
                958.8201904296875
              ],
              [
                855.1024795589138,
                958.8096962280783
              ],
              [
                855.1026657578034,
                958.8051691953982
              ],
              [
                855.1003954596285,
                958.7647635676652
              ],
              [
                855.100306987255,
                958.7628561253733
              ],
              [
                855.10038990611,
                958.7579573285084
              ],
              [
                855.0996519841268,
                958.7487344214136
              ],
              [
                855.0991875657542,
                958.7387216772146
              ],
              [
                855.0972336843231,
                958.6681906040815
              ],
              [
                855.0959602129833,
                958.6580208986034
              ],
              [
                855.0958289816244,
                958.65410003276
              ],
              [
                855.0949607598131,
                958.6475927961079
              ],
              [
                855.0943737041769,
                958.6349360231138
              ],
              [
                855.0937141618473,
                958.6302249495611
              ],
              [
                855.0936198860129,
                958.6282640240278
              ],
              [
                855.093227702399,
                958.6255616737045
              ],
              [
                855.0931526564694,
                958.6240340787159
              ],
              [
                855.0920830414566,
                958.6168233200146
              ],
              [
                855.0917603412355,
                958.6110800634027
              ],
              [
                855.0852884585497,
                958.5692121074317
              ],
              [
                855.0849610757159,
                958.5651203178795
              ],
              [
                855.0832840689316,
                958.5557233858489
              ],
              [
                855.0820167549293,
                958.5466710336174
              ],
              [
                855.0731685212558,
                958.4760106837161
              ],
              [
                855.0704660623458,
                958.4640074598777
              ],
              [
                855.0696053816399,
                958.457556743065
              ],
              [
                855.0694469458178,
                958.4568855981524
              ],
              [
                855.0686697237768,
                958.4513339450775
              ],
              [
                855.0667821782865,
                958.4433381740703
              ],
              [
                855.0660319178828,
                958.4381684872899
              ],
              [
                855.0648913307879,
                958.4335116967203
              ],
              [
                855.0643537639314,
                958.4298877153427
              ],
              [
                855.0627818945435,
                958.4236124609874
              ],
              [
                855.0620637255736,
                958.4189664764612
              ],
              [
                855.0515437815654,
                958.3778700069668
              ],
              [
                855.0509737750376,
                958.3746760350348
              ],
              [
                855.0484398469729,
                958.36563881176
              ],
              [
                855.0458262839376,
                958.354567581079
              ],
              [
                855.0306272491881,
                958.2870596476355
              ],
              [
                855.0280273621746,
                958.2791701385651
              ],
              [
                855.026075231529,
                958.2709007804492
              ],
              [
                855.0242876253234,
                958.2655876467205
              ],
              [
                855.0240488233864,
                958.2645760654821
              ],
              [
                855.022186902409,
                958.2591579974379
              ],
              [
                855.0203348150272,
                958.2515962925132
              ],
              [
                855.018074109339,
                958.2451289775737
              ],
              [
                855.0166638745894,
                958.239499004866
              ],
              [
                855.0147644483487,
                958.2341904641482
              ],
              [
                855.0138564660251,
                958.2306434045976
              ],
              [
                854.9994412422524,
                958.1908858907236
              ],
              [
                854.9987459906323,
                958.1884062843726
              ],
              [
                854.998684955476,
                958.1882231789039
              ],
              [
                854.9961557087237,
                958.1818243147877
              ],
              [
                854.995457786883,
                958.1798994305334
              ],
              [
                854.9884584144115,
                958.1590958543097
              ],
              [
                854.9700088228698,
                958.1031094906479
              ],
              [
                854.9683742916063,
                958.0994017058174
              ],
              [
                854.9669562250559,
                958.0951869200361
              ],
              [
                854.9619832007628,
                958.083969170425
              ],
              [
                854.9596070930025,
                958.0770548525343
              ],
              [
                854.9584116348635,
                958.074449523587
              ],
              [
                854.9569501036207,
                958.0702684473457
              ],
              [
                854.953220525401,
                958.0621867222245
              ],
              [
                854.9505422681476,
                958.0547014946449
              ],
              [
                854.9484917529763,
                958.0503660445737
              ],
              [
                854.9475939948811,
                958.0478900074002
              ],
              [
                854.9339511384331,
                958.0192881528558
              ],
              [
                854.9330264336681,
                958.0168523625879
              ],
              [
                854.9273853510826,
                958.0055231692922
              ],
              [
                854.9248550649448,
                958.0002184974777
              ],
              [
                854.9204103875803,
                957.9901925505212
              ],
              [
                854.9183441563608,
                957.9849650918742
              ],
              [
                854.9167770914567,
                957.981996852335
              ],
              [
                854.8918206905936,
                957.9257022035314
              ],
              [
                854.8834239701429,
                957.910942656334
              ],
              [
                854.8764624665694,
                957.8958575837072
              ],
              [
                854.8709446284024,
                957.8864064253235
              ],
              [
                854.8666257318217,
                957.877274885723
              ],
              [
                854.8645992113555,
                957.8738938405871
              ],
              [
                854.8639023188739,
                957.8724328256252
              ],
              [
                854.8509189634868,
                957.8508862529819
              ],
              [
                854.8391474170614,
                957.8288891154739
              ],
              [
                854.8389032764364,
                957.8284618693801
              ],
              [
                854.8202582911608,
                957.7991767798925
              ],
              [
                854.8163042108001,
                957.7916872000825
              ],
              [
                854.8161211053314,
                957.7913820243012
              ],
              [
                854.8113885352062,
                957.7843205533268
              ],
              [
                854.7857375886767,
                957.7392319549646
              ],
              [
                854.781961799537,
                957.7339933273693
              ],
              [
                854.779614350191,
                957.7299725288435
              ],
              [
                854.7778686324012,
                957.7275504747912
              ],
              [
                854.7767811684541,
                957.7256918016687
              ],
              [
                854.7710194539436,
                957.7177654476624
              ],
              [
                854.7657224277301,
                957.7089278933358
              ],
              [
                854.7638903759022,
                957.7064576574045
              ],
              [
                854.7635721050543,
                957.7059294699106
              ],
              [
                854.7511811570741,
                957.6892712909807
              ],
              [
                854.7505934934819,
                957.6883204313145
              ],
              [
                854.7452888181592,
                957.6812886766594
              ],
              [
                854.7391718488506,
                957.6715567565858
              ],
              [
                854.7387446027568,
                957.6709464050233
              ],
              [
                854.7380397181057,
                957.6700386639941
              ],
              [
                854.736251530939,
                957.6672300148896
              ],
              [
                854.7125873692602,
                957.6368992690938
              ],
              [
                854.7047716567981,
                957.625237439425
              ],
              [
                854.70205279616,
                957.621946460041
              ],
              [
                854.6951580216017,
                957.6119016401847
              ],
              [
                854.6903079406826,
                957.6060665044414
              ],
              [
                854.6873813638034,
                957.6020060959197
              ],
              [
                854.6747285905997,
                957.5840797922461
              ],
              [
                854.6731565625403,
                957.5822702384137
              ],
              [
                854.6672991156273,
                957.5741434649366
              ],
              [
                854.6642269798837,
                957.5706449908137
              ],
              [
                854.6603771188223,
                957.5653035939168
              ],
              [
                854.6536398584329,
                957.5578020432159
              ],
              [
                854.6488041098505,
                957.5512817910477
              ],
              [
                854.6393146945693,
                957.5408118347157
              ],
              [
                854.6389426779069,
                957.5403186980508
              ],
              [
                854.6351747428764,
                957.5361841012472
              ],
              [
                854.6334362263618,
                957.5338850506683
              ],
              [
                854.6264815320488,
                957.5263755235558
              ],
              [
                854.6172655916716,
                957.5145073587578
              ],
              [
                854.5926494508122,
                957.4885735070317
              ],
              [
                854.5776760322906,
                957.4705589767443
              ],
              [
                854.5666951518082,
                957.4595780962619
              ],
              [
                854.554930499053,
                957.446180793322
              ],
              [
                854.5427672873794,
                957.4321797796847
              ],
              [
                854.5420106409393,
                957.4314679703693
              ],
              [
                854.5405527981671,
                957.4298078141655
              ],
              [
                854.539287620827,
                957.428619423261
              ],
              [
                854.5382944973859,
                957.427488478228
              ],
              [
                854.5329409875009,
                957.4224598848024
              ],
              [
                854.5282981007313,
                957.4172481645879
              ],
              [
                854.5231586666491,
                957.4125187649836
              ],
              [
                854.5171188358106,
                957.4057937618456
              ],
              [
                854.5169357303419,
                957.4056106563769
              ],
              [
                854.5149805788869,
                957.4038386103907
              ],
              [
                854.5148605350294,
                957.4037185665331
              ],
              [
                854.5025729921039,
                957.3925817867884
              ],
              [
                854.4981286263117,
                957.3877828576171
              ],
              [
                854.4909737322049,
                957.3814550506672
              ],
              [
                854.4809086284862,
                957.3708511583293
              ],
              [
                854.4593901888888,
                957.3522659846551
              ],
              [
                854.4575660898133,
                957.3503952710364
              ],
              [
                854.4572427286766,
                957.3501256731304
              ],
              [
                854.4477149490369,
                957.3405978934907
              ],
              [
                854.4309883921977,
                957.3266950199777
              ],
              [
                854.3982862497103,
                957.2959776434806
              ],
              [
                854.396601292314,
                957.2946752447285
              ],
              [
                854.396210912247,
                957.2943079976849
              ],
              [
                854.3871377151694,
                957.2873498409657
              ],
              [
                854.3823898665711,
                957.2829807853608
              ],
              [
                854.3780311484478,
                957.2797036393663
              ],
              [
                854.3694335409836,
                957.2719112221807
              ],
              [
                854.3689700136213,
                957.2715674468593
              ],
              [
                854.3689452597336,
                957.2715450112432
              ],
              [
                854.3679263474048,
                957.270789334358
              ],
              [
                854.3664844308471,
                957.269484337911
              ],
              [
                854.3536690531229,
                957.2600224355114
              ],
              [
                854.3489628572767,
                957.2558602636694
              ],
              [
                854.3417480580306,
                957.250660130592
              ],
              [
                854.3310110452073,
                957.2413867236073
              ],
              [
                854.3203785394867,
                957.2339029222328
              ],
              [
                854.3203551711099,
                957.2338829977145
              ],
              [
                854.3199364402841,
                957.2335917460427
              ],
              [
                854.3136651813064,
                957.22917765422
              ],
              [
                854.3063722855966,
                957.2231159041795
              ],
              [
                854.2853886975589,
                957.2087127480241
              ],
              [
                854.246307557216,
                957.1785047270233
              ],
              [
                854.2401591820128,
                957.1746332693649
              ],
              [
                854.2365428868249,
                957.1718599637213
              ],
              [
                854.2256010323061,
                957.1650975257288
              ],
              [
                854.2239034772651,
                957.1638212019232
              ],
              [
                854.2237475726398,
                957.1637265770626
              ],
              [
                854.2137482644644,
                957.1562887347894
              ],
              [
                854.2126385331031,
                957.1556200420519
              ],
              [
                854.2112991574454,
                957.1546266933636
              ],
              [
                854.2108023103374,
                957.1543288946675
              ],
              [
                854.2106277707267,
                957.1541994472699
              ],
              [
                854.2091008581449,
                957.1532842510886
              ],
              [
                854.2062846088427,
                957.1512049463187
              ],
              [
                854.1918784291942,
                957.1426402138019
              ],
              [
                854.1874176740126,
                957.1394250833763
              ],
              [
                854.1873477518692,
                957.139384590989
              ],
              [
                854.1872345685439,
                957.1393030130638
              ],
              [
                854.1801396336164,
                957.135194288154
              ],
              [
                854.1690429745746,
                957.1273837875653
              ],
              [
                854.1594521675933,
                957.1219655894914
              ],
              [
                854.1590579386001,
                957.121691380271
              ],
              [
                854.1585696573501,
                957.1213862044898
              ],
              [
                854.1563781641446,
                957.1201597867704
              ],
              [
                854.154841672505,
                957.1191051373474
              ],
              [
                854.1353024826677,
                957.1081856729547
              ],
              [
                854.1284177803863,
                957.1035566290436
              ],
              [
                854.128112604605,
                957.1033735235749
              ],
              [
                854.1193521967788,
                957.0985645336877
              ],
              [
                854.0837603249003,
                957.0761533404199
              ],
              [
                854.0726384868218,
                957.0705614736137
              ],
              [
                854.0653793468906,
                957.0660750784072
              ],
              [
                854.0583844413151,
                957.0626708882933
              ],
              [
                854.0472449087498,
                957.0559585209699
              ],
              [
                854.0446873428759,
                957.0547385824508
              ],
              [
                854.0422807783395,
                957.0532961431783
              ],
              [
                854.0389441267848,
                957.0517180245234
              ],
              [
                854.0351167879742,
                957.0494426028667
              ],
              [
                854.0193685547486,
                957.0420906665914
              ],
              [
                854.0149114491221,
                957.0395095265105
              ],
              [
                854.0077700261302,
                957.036274793262
              ],
              [
                853.9965929316139,
                957.0299604432706
              ],
              [
                853.9900355206748,
                957.0270700318383
              ],
              [
                853.9897077461987,
                957.0268866005484
              ],
              [
                853.9710716080315,
                957.0187110147788
              ],
              [
                853.9584194426265,
                957.013134124163
              ],
              [
                853.9121439456937,
                956.9898676089152
              ],
              [
                853.8956579575847,
                956.9834772692788
              ],
              [
                853.8844527840937,
                956.9780240804671
              ],
              [
                853.8818573728753,
                956.9770699857271
              ],
              [
                853.8717877269748,
                956.9722668449626
              ],
              [
                853.8682357388074,
                956.970978970061
              ],
              [
                853.8648541694176,
                956.9693796068524
              ],
              [
                853.8595599743759,
                956.9674853135767
              ],
              [
                853.8546778403245,
                956.9652061284821
              ],
              [
                853.8378328963443,
                956.9593011586651
              ],
              [
                853.8335187186769,
                956.9573470363625
              ],
              [
                853.8264095055737,
                956.9549460626271
              ],
              [
                853.8153522341476,
                956.950072178096
              ],
              [
                853.7997808195964,
                956.9449794424266
              ],
              [
                853.7797343102054,
                956.9384112996431
              ],
              [
                853.7576056835103,
                956.9295707010699
              ],
              [
                853.7531838702137,
                956.9282511098469
              ],
              [
                853.7330414695336,
                956.9204434624927
              ],
              [
                853.7147426409311,
                956.9153256573193
              ],
              [
                853.6890343297774,
                956.9060043738186
              ],
              [
                853.6844589017904,
                956.9048331479974
              ],
              [
                853.6800566591965,
                956.9032580004106
              ],
              [
                853.6727118265969,
                956.9014182156196
              ],
              [
                853.6667565472858,
                956.8993306013998
              ],
              [
                853.6490123779928,
                956.8950342499033
              ],
              [
                853.6448546139258,
                956.8936300604132
              ],
              [
                853.6388256193048,
                956.8922432419918
              ],
              [
                853.6286166340459,
                956.8888983168705
              ],
              [
                853.6276444713029,
                956.888681094061
              ],
              [
                853.6270984150567,
                956.8885025026997
              ],
              [
                853.6116918570905,
                956.8851055169326
              ],
              [
                853.6051800558356,
                956.8836615811495
              ],
              [
                853.5995642164406,
                956.8824067620159
              ],
              [
                853.5850468360102,
                956.8780743747093
              ],
              [
                853.5848026953852,
                956.878013339553
              ],
              [
                853.572994738872,
                956.8756816909078
              ],
              [
                853.5438384699038,
                956.8675272834641
              ],
              [
                853.527406883661,
                956.8646307058555
              ],
              [
                853.5007112579138,
                956.8577971142702
              ],
              [
                853.4951100697925,
                956.856931291433
              ],
              [
                853.4896679487198,
                956.8555681110686
              ],
              [
                853.4802377868142,
                956.8541692786897
              ],
              [
                853.4732158664767,
                956.8524690786154
              ],
              [
                853.4547959283913,
                956.8499118448858
              ],
              [
                853.4507894563505,
                956.8489902568632
              ],
              [
                853.4489837866879,
                956.8487606423347
              ],
              [
                853.4397676539037,
                956.8467013634021
              ],
              [
                853.4368979910597,
                956.8463464842213
              ],
              [
                853.4355133926343,
                956.8460394614585
              ],
              [
                853.4030522732762,
                956.8421241384862
              ],
              [
                853.3885847826225,
                956.8392673270688
              ],
              [
                853.377587921608,
                956.8382204588812
              ],
              [
                853.3505480481434,
                956.8334538410475
              ],
              [
                853.3360660425295,
                956.8323465162167
              ],
              [
                853.3085976709723,
                956.8281004986083
              ],
              [
                853.3019955535499,
                956.8277295409972
              ],
              [
                853.2955215853466,
                956.8267692185306
              ],
              [
                853.2840322733331,
                956.8262047848253
              ],
              [
                853.275974463313,
                956.8250861218052
              ],
              [
                853.2600364196234,
                956.8244747546847
              ],
              [
                853.2477246947899,
                956.8229522152575
              ],
              [
                853.2430938076853,
                956.8228306246664
              ],
              [
                853.2406549933063,
                956.8225364651872
              ],
              [
                853.2278975490999,
                956.8222575284498
              ],
              [
                853.2274281276884,
                956.8222038218967
              ],
              [
                853.2219098830572,
                956.8221266103753
              ],
              [
                853.2045401180023,
                956.8217468269708
              ],
              [
                853.1894781398662,
                956.820312971825
              ],
              [
                853.179365882862,
                956.8203648900252
              ],
              [
                853.1548485912086,
                956.8184902459633
              ],
              [
                853.1424024525877,
                956.8187623761207
              ],
              [
                853.1145085389768,
                956.8171950820404
              ],
              [
                853.1069575069863,
                956.8175056593811
              ],
              [
                853.0994873046875,
                956.817138671875
              ],
              [
                853.0860270415618,
                956.8177999321995
              ],
              [
                853.0769876903187,
                956.8174531918938
              ],
              [
                853.0653887253566,
                956.818164722537
              ],
              [
                853.0542854958193,
                956.8178731913007
              ],
              [
                853.0479262126331,
                956.8183225226123
              ],
              [
                853.0444311939475,
                956.8182461053383
              ],
              [
                853.0289845259131,
                956.8194271903014
              ],
              [
                853.0276834881374,
                956.8194089861237
              ],
              [
                853.0155292340016,
                956.8204560104272
              ],
              [
                853.0050137562918,
                956.8212600461309
              ],
              [
                852.9894739690743,
                956.8213398302763
              ],
              [
                852.9803194738454,
                956.8223062597193
              ],
              [
                852.9586247918498,
                956.8227806058122
              ],
              [
                852.9482323721088,
                956.8240340955425
              ],
              [
                852.9202774956756,
                956.825183892179
              ],
              [
                852.9118563565023,
                956.8263563892785
              ],
              [
                852.9034530240284,
                956.8267692185306
              ],
              [
                852.8881717918812,
                956.8290359751919
              ],
              [
                852.8782282027411,
                956.8296459579274
              ],
              [
                852.870948046825,
                956.830827364595
              ],
              [
                852.8612608664893,
                956.8315118369355
              ],
              [
                852.8532579126412,
                956.8328636194448
              ],
              [
                852.8487317370127,
                956.8332097004225
              ],
              [
                852.8308141506418,
                956.8363682317242
              ],
              [
                852.82865641238,
                956.836554109391
              ],
              [
                852.8120970897072,
                956.8396676952577
              ],
              [
                852.8064742090219,
                956.8406589026828
              ],
              [
                852.7905724480964,
                956.8423376331392
              ],
              [
                852.7824305373498,
                956.8440324118459
              ],
              [
                852.7637663925218,
                956.8462836020835
              ],
              [
                852.7553825831218,
                956.8481426395324
              ],
              [
                852.7277395155071,
                956.8519914557003
              ],
              [
                852.7185530566553,
                956.8541965377867
              ],
              [
                852.7093066606552,
                956.8555681110686
              ],
              [
                852.7089322530022,
                956.8556618953035
              ],
              [
                852.7083300981552,
                956.8557512165373
              ],
              [
                852.6917172436282,
                956.8599125199679
              ],
              [
                852.681666402633,
                956.8615435469274
              ],
              [
                852.6785559217315,
                956.8623726107658
              ],
              [
                852.6704577354569,
                956.8637404790267
              ],
              [
                852.6609466368624,
                956.8663126588538
              ],
              [
                852.6554413152523,
                956.8672831428393
              ],
              [
                852.6353549494363,
                956.8728998413343
              ],
              [
                852.6323324807097,
                956.873468144525
              ],
              [
                852.612828538557,
                956.8791988433163
              ],
              [
                852.6109109130698,
                956.879735063969
              ],
              [
                852.5947627275331,
                956.8830963880919
              ],
              [
                852.5876698479146,
                956.8853314925374
              ],
              [
                852.5721499861305,
                956.8887728880751
              ],
              [
                852.5656737486173,
                956.8908930961643
              ],
              [
                852.5387135778992,
                956.8973645113697
              ],
              [
                852.5295375552821,
                956.9005364171064
              ],
              [
                852.5179413876785,
                956.9034411058793
              ],
              [
                852.5002472141572,
                956.9097721823991
              ],
              [
                852.483662235645,
                956.9142574210641
              ],
              [
                852.4728271480982,
                956.9183470698448
              ],
              [
                852.4664214210912,
                956.9201382867114
              ],
              [
                852.4445459665696,
                956.9286440644075
              ],
              [
                852.4406703056836,
                956.9297828211256
              ],
              [
                852.4200912118407,
                956.9381387830343
              ],
              [
                852.4040030378762,
                956.9432084798407
              ],
              [
                852.3979767488951,
                956.9457941918422
              ],
              [
                852.3856209434175,
                956.9498392687358
              ],
              [
                852.3809035775998,
                956.9519152100931
              ],
              [
                852.3549854826799,
                956.9608744026968
              ],
              [
                852.3463288229178,
                956.9648450634002
              ],
              [
                852.3331438774574,
                956.9695627123211
              ],
              [
                852.3173660182017,
                956.977025083988
              ],
              [
                852.3026229840194,
                956.9825897673841
              ],
              [
                852.2906934805296,
                956.9884661377256
              ],
              [
                852.2834924194391,
                956.9912661081103
              ],
              [
                852.2602767707082,
                957.0030300456312
              ],
              [
                852.2555819921561,
                957.0049363195931
              ],
              [
                852.2357721064058,
                957.0153916658583
              ],
              [
                852.2202011058713,
                957.0220727465503
              ],
              [
                852.215239163197,
                957.024818101792
              ],
              [
                852.2059756410314,
                957.0288946414377
              ],
              [
                852.2028568337004,
                957.030653193241
              ],
              [
                852.1782909789479,
                957.0419211276163
              ],
              [
                852.1702265539769,
                957.0466168677099
              ],
              [
                852.1557172685355,
                957.053479248647
              ],
              [
                852.1419044960944,
                957.0617583058383
              ],
              [
                852.1290347125579,
                957.0680978500063
              ],
              [
                852.1162815851455,
                957.0759959310957
              ],
              [
                852.1084160165807,
                957.0799816072332
              ],
              [
                852.0843680470704,
                957.095300348132
              ],
              [
                852.0789140612924,
                957.0981788760828
              ],
              [
                852.0601109491537,
                957.1106478026788
              ],
              [
                852.045195075951,
                957.1189004918712
              ],
              [
                852.0404647273722,
                957.1221743704449
              ],
              [
                852.0380629216668,
                957.1235728899163
              ],
              [
                852.0323977985091,
                957.1267671919323
              ],
              [
                852.0315366331897,
                957.1273730064248
              ],
              [
                852.0102993667914,
                957.1397390069347
              ],
              [
                852.0028816636897,
                957.145085384837
              ],
              [
                851.9873702761483,
                957.1543825527386
              ],
              [
                851.975527936869,
                957.1631654301343
              ],
              [
                851.9645224036439,
                957.1699812166495
              ],
              [
                851.9512525597103,
                957.1800959338718
              ],
              [
                851.9428782939824,
                957.1854304053268
              ],
              [
                851.918552999999,
                957.2045192673647
              ],
              [
                851.9124290288742,
                957.2085802624739
              ],
              [
                851.8949058742456,
                957.2229099306217
              ],
              [
                851.8947015678569,
                957.223057186335
              ],
              [
                851.88073512754,
                957.2327233724401
              ],
              [
                851.8776771513747,
                957.2353276914807
              ],
              [
                851.8525977267766,
                957.2534039179934
              ],
              [
                851.84586457885,
                957.2593303304405
              ],
              [
                851.8297241738602,
                957.2713008706182
              ],
              [
                851.8198150046089,
                957.2802820181165
              ],
              [
                851.8106260783952,
                957.2872861238689
              ],
              [
                851.7971766337785,
                957.2997673129186
              ],
              [
                851.7884734704047,
                957.3065969728211
              ],
              [
                851.7644597786251,
                957.3295830326425
              ],
              [
                851.7577878216784,
                957.3350390667282
              ],
              [
                851.7426390281136,
                957.3501878602931
              ],
              [
                851.7375659613546,
                957.3546530950263
              ],
              [
                851.728465972069,
                957.3624030819731
              ],
              [
                851.7268514259579,
                957.3640838630165
              ],
              [
                851.7066759261946,
                957.3818420252055
              ],
              [
                851.7006512822803,
                957.3882857204989
              ],
              [
                851.6842971798144,
                957.4031082149706
              ],
              [
                851.6762428219306,
                957.4119948294591
              ],
              [
                851.6687863803263,
                957.418914465173
              ],
              [
                851.6555180707696,
                957.4338627342726
              ],
              [
                851.646688548705,
                957.442314409435
              ],
              [
                851.6235951233446,
                957.4692317650621
              ],
              [
                851.6165332073532,
                957.4762936810534
              ],
              [
                851.6042442706995,
                957.4913213100943
              ],
              [
                851.5786453388845,
                957.51852045313
              ],
              [
                851.5774814925289,
                957.5200227336373
              ],
              [
                851.5739125437192,
                957.5238399249891
              ],
              [
                851.5686101264827,
                957.5307492087157
              ],
              [
                851.552489835462,
                957.5485352090164
              ],
              [
                851.5461730273335,
                957.5570524388091
              ],
              [
                851.5403310892963,
                957.5636340505413
              ],
              [
                851.5276211387913,
                957.5810976244073
              ],
              [
                851.5188889951869,
                957.5912756820632
              ],
              [
                851.4973294128521,
                957.6220630388508
              ],
              [
                851.4900744030989,
                957.6309348882492
              ],
              [
                851.4812718497832,
                957.6442091180576
              ],
              [
                851.4611469147189,
                957.6701861703675
              ],
              [
                851.4590374178038,
                957.6735272850514
              ],
              [
                851.4555618454503,
                957.678056109252
              ],
              [
                851.450989506551,
                957.6853925597205
              ],
              [
                851.4355715175824,
                957.7061813113046
              ],
              [
                851.4308389356225,
                957.7140771472866
              ],
              [
                851.4264626919895,
                957.7200901411148
              ],
              [
                851.4146972897775,
                957.7400627577554
              ],
              [
                851.4063055894129,
                957.7520462122195
              ],
              [
                851.386883271008,
                957.7865468740495
              ],
              [
                851.3796730167078,
                957.7974199206674
              ],
              [
                851.3738563599625,
                957.8084408187467
              ],
              [
                851.358721280243,
                957.8324124286265
              ],
              [
                851.3560024645112,
                957.8378020255147
              ],
              [
                851.3527419353862,
                957.8430336391272
              ],
              [
                851.3489064797028,
                957.8507731916548
              ],
              [
                851.3346682134908,
                957.8745283036917
              ],
              [
                851.3313339199444,
                957.8815780750833
              ],
              [
                851.3282471252813,
                957.8868181310834
              ],
              [
                851.3178136727536,
                957.9092380380204
              ],
              [
                851.3100225711252,
                957.9230776918126
              ],
              [
                851.2933158701755,
                957.9610419723089
              ],
              [
                851.2864304602181,
                957.9740878515311
              ],
              [
                851.283039992829,
                957.9824379071359
              ],
              [
                851.2723109656059,
                958.0037064068945
              ],
              [
                851.2693545224987,
                958.0113008061717
              ],
              [
                851.2664241922702,
                958.0172139092286
              ],
              [
                851.2633364164229,
                958.0253467170364
              ],
              [
                851.2507516771649,
                958.0519549126136
              ],
              [
                851.2486011223401,
                958.0579653107059
              ],
              [
                851.2466037978642,
                958.0622572580506
              ],
              [
                851.23788309199,
                958.0870073287277
              ],
              [
                851.2309671984233,
                958.1027229941988
              ],
              [
                851.2175150433121,
                958.143812994755
              ],
              [
                851.2112769617506,
                958.1591761650586
              ],
              [
                851.2097049494329,
                958.1645263742433
              ],
              [
                851.2027111265043,
                958.1824918421613
              ],
              [
                851.1999158916748,
                958.1923882914124
              ],
              [
                851.1974240926062,
                958.1989513723883
              ],
              [
                851.1951037660189,
                958.207480405447
              ],
              [
                851.1846300707231,
                958.2367524228348
              ],
              [
                851.1834245871471,
                958.2415649830378
              ],
              [
                851.1822969835434,
                958.2447652135339
              ],
              [
                851.1793128358848,
                958.2568559426439
              ],
              [
                851.1791027926197,
                958.2574635778992
              ],
              [
                851.1769750410994,
                958.266327874566
              ],
              [
                851.1756555044843,
                958.2716741782976
              ],
              [
                851.1699008177626,
                958.2892520369118
              ],
              [
                851.1601990771205,
                958.3330045414361
              ],
              [
                851.1601200880092,
                958.3332842001336
              ],
              [
                851.15496228515,
                958.3508383400847
              ],
              [
                851.154564681673,
                958.3529529579408
              ],
              [
                851.1505622270862,
                958.3671235343379
              ],
              [
                851.1483450150972,
                958.3793557503116
              ],
              [
                851.1463935065433,
                958.3865290857642
              ],
              [
                851.144874017149,
                958.3954674854621
              ],
              [
                851.1369401813811,
                958.4271411333115
              ],
              [
                851.1364218982743,
                958.4306351142084
              ],
              [
                851.1359286667708,
                958.4326335168275
              ],
              [
                851.1341722878393,
                958.4446458310669
              ],
              [
                851.1337297369503,
                958.4464895155071
              ],
              [
                851.1315275214189,
                958.4623063251913
              ],
              [
                851.127411531771,
                958.4808684433032
              ],
              [
                851.1223730587742,
                958.5226413633127
              ],
              [
                851.116344146341,
                958.5559024855391
              ],
              [
                851.1151298449292,
                958.5704376438507
              ],
              [
                851.1138145394103,
                958.5781749314533
              ],
              [
                851.1131469313001,
                958.5875421963023
              ],
              [
                851.1131106864017,
                958.58778653956
              ],
              [
                851.1129436962012,
                958.5887892115255
              ],
              [
                851.1129294254644,
                958.5890085015416
              ],
              [
                851.1081412888431,
                958.6212874966847
              ],
              [
                851.1080383873633,
                958.6233821044236
              ],
              [
                851.1079329073895,
                958.6241035083129
              ],
              [
                851.1073636691345,
                958.6358565737331
              ],
              [
                851.106922173429,
                958.6390274956756
              ],
              [
                851.1061910638888,
                958.6568028797807
              ],
              [
                851.1039085354997,
                958.6757268426312
              ],
              [
                851.1030488067638,
                958.7150473763196
              ],
              [
                851.1003717622083,
                958.7470915344193
              ],
              [
                851.1005688870723,
                958.7627162600817
              ],
              [
                851.1004726678383,
                958.7639746509788
              ],
              [
                851.1004961120018,
                958.7650468927009
              ],
              [
                851.0999949770838,
                958.7720783583605
              ],
              [
                851.1002511239899,
                958.781895491911
              ],
              [
                851.0985107421875,
                958.8173217773438
              ],
              [
                851.0990974703618,
                958.8292686221866
              ],
              [
                851.0989333632904,
                958.8332585389768
              ],
              [
                851.1000353440201,
                958.8528710390551
              ],
              [
                851.0996181756508,
                958.87195064199
              ],
              [
                851.1023133242011,
                958.9071987962404
              ],
              [
                851.1023099894584,
                958.9079421390041
              ],
              [
                851.1024150603254,
                958.9090496551279
              ],
              [
                851.1027920540421,
                958.9389313416907
              ],
              [
                851.1046758831559,
                958.9562128100582
              ],
              [
                851.1047630276872,
                958.9601984503375
              ],
              [
                851.1049421132435,
                958.9616832110223
              ],
              [
                851.105065378218,
                958.9664074871644
              ],
              [
                851.1063360283176,
                958.9766587298461
              ],
              [
                851.1081412888431,
                959.0134170931591
              ],
              [
                851.1085973325848,
                959.0164914903391
              ],
              [
                851.1086936271847,
                959.0184039121456
              ],
              [
                851.1097125874134,
                959.0251017611577
              ],
              [
                851.1098387798583,
                959.0273476709723
              ],
              [
                851.1130310963094,
                959.047999430455
              ],
              [
                851.1134283871912,
                959.0537328785966
              ],
              [
                851.1135924994111,
                959.0547120409407
              ],
              [
                851.114581770735,
                959.0676500989248
              ],
              [
                851.1204560331518,
                959.1009733729921
              ],
              [
                851.1235827500936,
                959.1296565797276
              ],
              [
                851.126113367498,
                959.1418555353239
              ],
              [
                851.1264048748433,
                959.1444034513878
              ],
              [
                851.1277009082116,
                959.1503715938535
              ],
              [
                851.1282660239585,
                959.1550568496656
              ],
              [
                851.1286800729213,
                959.1569241103753
              ],
              [
                851.1289778408077,
                959.1593264167752
              ],
              [
                851.1313628034803,
                959.1699638288678
              ],
              [
                851.1369401813811,
                959.2075634565323
              ],
              [
                851.1382918884997,
                959.2129597738398
              ],
              [
                851.1389567248633,
                959.2173298890381
              ],
              [
                851.1443910416173,
                959.2384690628896
              ],
              [
                851.1454436407555,
                959.2447493108853
              ],
              [
                851.1464791985824,
                959.2485965147957
              ],
              [
                851.1486552131518,
                959.2609405206852
              ],
              [
                851.1570298128554,
                959.2908896577733
              ],
              [
                851.1625525324572,
                959.3175121772729
              ],
              [
                851.1649672057521,
                959.3253041199445
              ],
              [
                851.1650130890687,
                959.3255214562839
              ],
              [
                851.1664386359467,
                959.3300522984027
              ],
              [
                851.1673792594962,
                959.333087609552
              ],
              [
                851.1687973297234,
                959.3396177231652
              ],
              [
                851.1700400437501,
                959.3434475784383
              ],
              [
                851.1707553099501,
                959.346673256057
              ],
              [
                851.1714744991513,
                959.3488700404705
              ],
              [
                851.1715064547361,
                959.3490125687912
              ],
              [
                851.1739707766238,
                959.3565042158193
              ],
              [
                851.1798439207001,
                959.3808460156403
              ],
              [
                851.1816857921285,
                959.3861979479778
              ],
              [
                851.1846300707231,
                959.397952167009
              ],
              [
                851.1867234453538,
                959.4038027571644
              ],
              [
                851.1877426550686,
                959.4077843297774
              ],
              [
                851.1883434313382,
                959.4094412843451
              ],
              [
                851.1890547518492,
                959.4122082794663
              ],
              [
                851.1945222965545,
                959.4270815685346
              ],
              [
                851.195785184599,
                959.4317733276011
              ],
              [
                851.1982767159541,
                959.4383963087253
              ],
              [
                851.201510357024,
                959.4499604148463
              ],
              [
                851.2117910915141,
                959.4764007649026
              ],
              [
                851.2193427975961,
                959.5007694697662
              ],
              [
                851.2225985657623,
                959.5085464463847
              ],
              [
                851.2230736357183,
                959.5100563700494
              ],
              [
                851.2274299336507,
                959.5203144743828
              ],
              [
                851.2304524016745,
                959.5296292602862
              ],
              [
                851.2312368813672,
                959.5314159818606
              ],
              [
                851.2318216906108,
                959.53320229877
              ],
              [
                851.2331271808531,
                959.536168892707
              ],
              [
                851.2335311743159,
                959.5373970506193
              ],
              [
                851.2343985050419,
                959.5393654647155
              ],
              [
                851.2414560000349,
                959.5598724529297
              ],
              [
                851.2466961474147,
                959.5714152308849
              ],
              [
                851.2507516771649,
                959.5827496772301
              ],
              [
                851.2512500049171,
                959.5838033027381
              ],
              [
                851.2514993203014,
                959.5844992891493
              ],
              [
                851.2528495733466,
                959.5873506859807
              ],
              [
                851.2540051262126,
                959.5905377269748
              ],
              [
                851.2566434202065,
                959.5960688341404
              ],
              [
                851.2584806234358,
                959.601066553625
              ],
              [
                851.2589359985734,
                959.6020022552109
              ],
              [
                851.2595792562483,
                959.6037521005
              ],
              [
                851.2635592826482,
                959.6119302303704
              ],
              [
                851.2639809125288,
                959.6130510056457
              ],
              [
                851.2685032896917,
                959.6222551660371
              ],
              [
                851.2726381784228,
                959.6328894164984
              ],
              [
                851.2842333763839,
                959.6557720646213
              ],
              [
                851.2934309562451,
                959.6777421066752
              ],
              [
                851.2975253509914,
                959.6853734569244
              ],
              [
                851.298691126498,
                959.6881185967112
              ],
              [
                851.3046375930718,
                959.6990462292447
              ],
              [
                851.3087212935768,
                959.7080416342874
              ],
              [
                851.3119146609689,
                959.7152890074061
              ],
              [
                851.3119756961252,
                959.7154110777186
              ],
              [
                851.3124409540092,
                959.7162351470513
              ],
              [
                851.319720706386,
                959.7322706817729
              ],
              [
                851.3296822571123,
                959.7496343671072
              ],
              [
                851.3346682134908,
                959.760176286152
              ],
              [
                851.3347699141839,
                959.7603459635077
              ],
              [
                851.3355887907454,
                959.7620752260641
              ],
              [
                851.3360083868191,
                959.762774367353
              ],
              [
                851.336194092397,
                959.7631670088083
              ],
              [
                851.3369474419939,
                959.7644238966772
              ],
              [
                851.3376968022199,
                959.7659949087498
              ],
              [
                851.3420673983389,
                959.7732481467584
              ],
              [
                851.3476302541884,
                959.7846786632969
              ],
              [
                851.357539871812,
                959.8007127614275
              ],
              [
                851.3579526568261,
                959.8015337624003
              ],
              [
                851.3586785755563,
                959.8026866151793
              ],
              [
                851.3613536775457,
                959.8079658193568
              ],
              [
                851.3736855690045,
                959.8273249136691
              ],
              [
                851.3841352423249,
                959.8468015694488
              ],
              [
                851.3843183477936,
                959.84710674523
              ],
              [
                851.3886043270943,
                959.8533492263361
              ],
              [
                851.391158081112,
                959.8580421788888
              ],
              [
                851.3958623255172,
                959.8649908928898
              ],
              [
                851.3989998142886,
                959.870459757052
              ],
              [
                851.40047720766,
                959.873103391255
              ],
              [
                851.400716321171,
                959.8734517495839
              ],
              [
                851.413936660539,
                959.8964957333076
              ],
              [
                851.4281771683281,
                959.9166314996188
              ],
              [
                851.4370973964886,
                959.9315140011954
              ],
              [
                851.4447894139964,
                959.9418854861844
              ],
              [
                851.4534151395026,
                959.9558422032311
              ],
              [
                851.4660325146232,
                959.9722948264894
              ],
              [
                851.4668024756393,
                959.9735035419551
              ],
              [
                851.4737075061455,
                959.9823027514992
              ],
              [
                851.4854548147534,
                959.9976208379456
              ],
              [
                851.4900710492241,
                960.0041480924449
              ],
              [
                851.499609375,
                960.0182373046875
              ],
              [
                851.4997924804687,
                960.0184814453125
              ],
              [
                851.5000030545187,
                960.0187339907502
              ],
              [
                851.5011962890625,
                960.0204956054688
              ],
              [
                851.5013793945312,
                960.0207397460938
              ],
              [
                851.5038945700707,
                960.0237694886957
              ],
              [
                851.504487974492,
                960.0246340043466
              ],
              [
                851.5049654800514,
                960.0252084916187
              ],
              [
                851.523259534124,
                960.051075883649
              ],
              [
                851.5415086608484,
                960.0722962939943
              ],
              [
                851.5433706182007,
                960.0748068528575
              ],
              [
                851.5437854788339,
                960.0753824412394
              ],
              [
                851.5438544874626,
                960.0754592750318
              ],
              [
                851.5540157143682,
                960.0891601034836
              ],
              [
                851.5646728948767,
                960.1009184901953
              ],
              [
                851.5758631734661,
                960.1155102286533
              ],
              [
                851.6085785506434,
                960.1502863592048
              ],
              [
                851.618541488068,
                960.1618714407042
              ],
              [
                851.6274475218636,
                960.1725995149804
              ],
              [
                851.629571640563,
                960.1746974989397
              ],
              [
                851.6467096161734,
                960.1946258429332
              ]
            ],
            [
              [
                852.347179396457,
                960.672816346964
              ],
              [
                852.3369890923011,
                960.6691701978351
              ],
              [
                852.3351852741912,
                960.668317055407
              ],
              [
                852.3451723493677,
                960.6718904880444
              ],
              [
                852.347179396457,
                960.672816346964
              ]
            ],
            [
              [
                852.5194672665848,
                960.7342542066207
              ],
              [
                852.5200518278707,
                960.7344006316002
              ],
              [
                852.5220307431473,
                960.7351086988082
              ],
              [
                852.5275377205445,
                960.7364881248362
              ],
              [
                852.5300064115563,
                960.7373507592552
              ],
              [
                852.5217866025223,
                960.7352918042769
              ],
              [
                852.5146409388364,
                960.7327350449275
              ],
              [
                852.5167030946322,
                960.7332651700814
              ],
              [
                852.5194672665848,
                960.7342542066207
              ]
            ],
            [
              [
                852.712419453624,
                960.7827985881502
              ],
              [
                852.7159514933353,
                960.7833225167487
              ],
              [
                852.7182240773025,
                960.7838789430452
              ],
              [
                852.712175312999,
                960.7829816936189
              ],
              [
                852.7057531518749,
                960.7813730260011
              ],
              [
                852.7082366122607,
                960.7817508409321
              ],
              [
                852.712419453624,
                960.7827985881502
              ]
            ],
            [
              [
                852.9065658169972,
                960.8115974806882
              ],
              [
                852.908032843068,
                960.8116695510575
              ],
              [
                852.9100661908526,
                960.8119645423573
              ],
              [
                852.9063216763722,
                960.8117805861569
              ],
              [
                852.9008228836922,
                960.8109649173144
              ],
              [
                852.9030615651885,
                960.8110776740356
              ],
              [
                852.9065658169972,
                960.8115974806882
              ]
            ],
            [
              [
                853.0880677757585,
                960.8207091994776
              ],
              [
                853.0893971865789,
                960.8206545202129
              ],
              [
                853.1026000976562,
                960.8212890625
              ],
              [
                853.1399660612841,
                960.8194788126427
              ],
              [
                853.1410836252845,
                960.8195079719243
              ],
              [
                853.1023559570312,
                960.8214111328125
              ],
              [
                853.0880677757585,
                960.8207091994776
              ]
            ],
            [
              [
                853.2964287584849,
                960.8118739780638
              ],
              [
                853.2981582219832,
                960.8116208727488
              ],
              [
                853.2986343783153,
                960.8115974806882
              ],
              [
                853.3219328572449,
                960.808141477808
              ],
              [
                853.3335270412031,
                960.8064446801679
              ],
              [
                853.3350166780007,
                960.8063385132533
              ],
              [
                853.2983292025341,
                960.8117805861569
              ],
              [
                853.2964287584849,
                960.8118739780638
              ]
            ],
            [
              [
                853.4897579120181,
                960.7833848194923
              ],
              [
                853.4911543062817,
                960.7830398470525
              ],
              [
                853.4927807416885,
                960.7827985881502
              ],
              [
                853.525341577259,
                960.7746425234268
              ],
              [
                853.5266667260645,
                960.7744172538457
              ],
              [
                853.4924755659073,
                960.7829816936189
              ],
              [
                853.4897579120181,
                960.7833848194923
              ]
            ],
            [
              [
                853.6793933589435,
                960.7361612238357
              ],
              [
                853.6804369418535,
                960.7357931570099
              ],
              [
                853.6831694521652,
                960.7351086988082
              ],
              [
                853.7133468333645,
                960.7243110591608
              ],
              [
                853.7142087250816,
                960.7240765812015
              ],
              [
                853.682864276384,
                960.7352918042769
              ],
              [
                853.6793933589435,
                960.7361612238357
              ]
            ],
            [
              [
                853.8635204067275,
                960.6706520072495
              ],
              [
                853.8642045263068,
                960.6703333135217
              ],
              [
                853.8679669623864,
                960.6689870923664
              ],
              [
                853.8954777541604,
                960.6559754569004
              ],
              [
                853.8958932940528,
                960.6558176892421
              ],
              [
                853.8676617866051,
                960.6691701978351
              ],
              [
                853.8635204067275,
                960.6706520072495
              ]
            ],
            [
              [
                854.0403764371337,
                960.5874822518548
              ],
              [
                854.0407084668835,
                960.5872864454047
              ],
              [
                854.0453935713083,
                960.5850705560405
              ],
              [
                854.0700279904431,
                960.5703052534363
              ],
              [
                854.0700298220803,
                960.57030434574
              ],
              [
                854.045088395527,
                960.5852536615092
              ],
              [
                854.0403764371337,
                960.5874822518548
              ]
            ],
            [
              [
                854.2134367243865,
                960.4843493662222
              ],
              [
                854.2134353879142,
                960.4843503574176
              ],
              [
                854.2082684293943,
                960.4874473131717
              ],
              [
                854.208269900056,
                960.4874462415463
              ],
              [
                854.2134367243865,
                960.4843493662222
              ]
            ]
          ]
        ]
      }
    }
  ]
}