{
  "type": "FeatureCollection",
  "features": [
    {
      "type": "Feature",
      "properties": {
        "image_id": "0009_top_20250626_t1",
        "zone_type": "parking_spot",
        "generated_at": "2025-11-03T11:20:40",
        "source": "merged_t1_polygons"
      },
      "geometry": {
        "type": "MultiPolygon",
        "coordinates": [
          [
            [
              [
                1878.1330974324892,
                863.133238995328
              ],
              [
                1878.111287010838,
                863.1370367269849
              ],
              [
                1878.0911189747383,
                863.1425931636254
              ],
              [
                1878.0693201905801,
                863.1468637657117
              ],
              [
                1878.055100035759,
                863.1511210389413
              ],
              [
                1878.0390914861227,
                863.1545376425645
              ],
              [
                1878.0242531809927,
                863.1592342594643
              ],
              [
                1878.0163076945105,
                863.1610231414369
              ],
              [
                1878.0087721083444,
                863.1635063976746
              ],
              [
                1878.005230835293,
                863.164320978382
              ],
              [
                1878.0004493383533,
                863.1659358193498
              ],
              [
                1877.9897694971494,
                863.168485816088
              ],
              [
                1877.9829335559857,
                863.1708530882838
              ],
              [
                1877.9686249814285,
                863.1744371996293
              ],
              [
                1877.9683433870373,
                863.1745379557136
              ],
              [
                1877.968014629866,
                863.1746203050981
              ],
              [
                1877.9450619249067,
                863.1828329142522
              ],
              [
                1877.9254045802468,
                863.1882486517877
              ],
              [
                1877.9049250106182,
                863.1960808950282
              ],
              [
                1877.882718805582,
                863.2027290562769
              ],
              [
                1877.8686368187828,
                863.2084899143532
              ],
              [
                1877.8555908521705,
                863.2126192206807
              ],
              [
                1877.8414460572612,
                863.2186465620802
              ],
              [
                1877.8323575375227,
                863.2216415677552
              ],
              [
                1877.8220443061255,
                863.2261880287602
              ],
              [
                1877.8165667305418,
                863.2280379543313
              ],
              [
                1877.8125573865923,
                863.2298540011042
              ],
              [
                1877.802758556568,
                863.2332473155452
              ],
              [
                1877.7979114962675,
                863.2354841795132
              ],
              [
                1877.7832171196449,
                863.2407419115399
              ],
              [
                1877.7667061109073,
                863.2485510370872
              ],
              [
                1877.7664261221564,
                863.2486539632796
              ],
              [
                1877.764273296426,
                863.2497016726431
              ],
              [
                1877.7623918346092,
                863.2505915378097
              ],
              [
                1877.745317217245,
                863.2571215850157
              ],
              [
                1877.7247785507311,
                863.2673414867311
              ],
              [
                1877.7024367931347,
                863.2764813685192
              ],
              [
                1877.6886934589713,
                863.2837370823355
              ],
              [
                1877.6785230630474,
                863.2880708636872
              ],
              [
                1877.6652254100054,
                863.2953197071434
              ],
              [
                1877.655133355875,
                863.2997686648752
              ],
              [
                1877.6425577806083,
                863.3068559345198
              ],
              [
                1877.6351740000966,
                863.3102004444793
              ],
              [
                1877.6318984435918,
                863.3120973414547
              ],
              [
                1877.6230637270648,
                863.3161744640488
              ],
              [
                1877.620324950445,
                863.31778416984
              ],
              [
                1877.605790510723,
                863.3246584478658
              ],
              [
                1877.5873795133666,
                863.3356935750073
              ],
              [
                1877.5801220830822,
                863.3392594447427
              ],
              [
                1877.5796062849302,
                863.3395782255319
              ],
              [
                1877.5726986060267,
                863.3430154398918
              ],
              [
                1877.5523719459602,
                863.3557072370048
              ],
              [
                1877.5301841735381,
                863.3674211431794
              ],
              [
                1877.5169865728221,
                863.3761279611645
              ],
              [
                1877.509528029974,
                863.3801937770905
              ],
              [
                1877.495164237399,
                863.3899231312444
              ],
              [
                1877.4822735938994,
                863.3971879652131
              ],
              [
                1877.4696492808268,
                863.4060569314214
              ],
              [
                1877.4628508806748,
                863.4099939310325
              ],
              [
                1877.4602568568007,
                863.4118635976567
              ],
              [
                1877.4524445419427,
                863.4164552567129
              ],
              [
                1877.4515600866075,
                863.4171006065526
              ],
              [
                1877.4374435183358,
                863.4255617519574
              ],
              [
                1877.4222522259859,
                863.4368283822273
              ],
              [
                1877.415367350538,
                863.4410834692624
              ],
              [
                1877.414134664932,
                863.4420214430045
              ],
              [
                1877.4091530181881,
                863.4451319417069
              ],
              [
                1877.389325202194,
                863.4603496573421
              ],
              [
                1877.3675948062785,
                863.4746857935876
              ],
              [
                1877.3551493283992,
                863.4847626124855
              ],
              [
                1877.3501708984375,
                863.488134765625
              ],
              [
                1877.3499267578125,
                863.4883178710937
              ],
              [
                1877.3358510996952,
                863.5000542475804
              ],
              [
                1877.3200253171642,
                863.5111723440406
              ],
              [
                1877.3078214777122,
                863.5216960091949
              ],
              [
                1877.3060602968997,
                863.5230021899065
              ],
              [
                1877.301305697411,
                863.5264291113257
              ],
              [
                1877.3006098763249,
                863.5270444973032
              ],
              [
                1877.2797974160478,
                863.542480069837
              ],
              [
                1877.267687522457,
                863.5534558376102
              ],
              [
                1877.2612342715913,
                863.5583662379861
              ],
              [
                1877.2593971043866,
                863.5600685999646
              ],
              [
                1877.2562004030522,
                863.5625220467733
              ],
              [
                1877.2371707313273,
                863.580287185189
              ],
              [
                1877.2162108924592,
                863.5972578875156
              ],
              [
                1877.1993687849492,
                863.6138541009367
              ],
              [
                1877.1917296144377,
                863.620223691646
              ],
              [
                1877.1820475847492,
                863.6301538711568
              ],
              [
                1877.1698612318748,
                863.6406624572134
              ],
              [
                1877.159859311847,
                863.6511856310368
              ],
              [
                1877.134370422002,
                863.6742874141894
              ],
              [
                1877.125124445622,
                863.6844887770842
              ],
              [
                1877.1191683160387,
                863.6900078656652
              ],
              [
                1877.1168694744931,
                863.6925943500287
              ],
              [
                1877.1152622616626,
                863.694094762585
              ],
              [
                1877.0973819298194,
                863.7143456208568
              ],
              [
                1877.0801926343177,
                863.7312156484678
              ],
              [
                1877.0798305775413,
                863.7316470553475
              ],
              [
                1877.0774683466357,
                863.7339747977774
              ],
              [
                1877.0575858263983,
                863.7578055766793
              ],
              [
                1877.0479380130648,
                863.7677006628721
              ],
              [
                1877.0420613778222,
                863.7751226483649
              ],
              [
                1877.0332573361866,
                863.7843855159167
              ],
              [
                1877.0252612670065,
                863.7946708155226
              ],
              [
                1877.0025630776495,
                863.8197144082352
              ],
              [
                1876.9958927614614,
                863.8287082884683
              ],
              [
                1876.9905017874275,
                863.8347738087606
              ],
              [
                1876.9879085105965,
                863.8383327323187
              ],
              [
                1876.9876484357303,
                863.838627287213
              ],
              [
                1876.9800620109922,
                863.8491009973785
              ],
              [
                1876.9721825034742,
                863.8599145613591
              ],
              [
                1876.9561009171766,
                863.8790764923548
              ],
              [
                1876.9546786951803,
                863.8811479428492
              ],
              [
                1876.952683176803,
                863.8835397300409
              ],
              [
                1876.9309444054607,
                863.9154595116905
              ],
              [
                1876.9200770606806,
                863.9291845893875
              ],
              [
                1876.9173287953063,
                863.9335037575147
              ],
              [
                1876.9115563419575,
                863.9409288323627
              ],
              [
                1876.9054722159074,
                863.9505978631297
              ],
              [
                1876.9048502630808,
                863.9514064003021
              ],
              [
                1876.9046297181396,
                863.951762257458
              ],
              [
                1876.88564475977,
                863.9773605105233
              ],
              [
                1876.8812011395974,
                863.9847742428892
              ],
              [
                1876.8764413286297,
                863.9913064430701
              ],
              [
                1876.8605838244348,
                864.0181960738835
              ],
              [
                1876.8468415359314,
                864.0382115640012
              ],
              [
                1876.8446686098118,
                864.0421412139536
              ],
              [
                1876.84303900173,
                864.0445340232493
              ],
              [
                1876.8248243335654,
                864.0778393807351
              ],
              [
                1876.820725179553,
                864.0841655586738
              ],
              [
                1876.8179147042779,
                864.0895880450399
              ],
              [
                1876.8165979378043,
                864.0916366101303
              ],
              [
                1876.8163166673783,
                864.0921850911832
              ],
              [
                1876.812159341608,
                864.098711426737
              ],
              [
                1876.8119691646154,
                864.0990867332408
              ],
              [
                1876.809502897908,
                864.1029627128513
              ],
              [
                1876.8091334480023,
                864.1037016126626
              ],
              [
                1876.805954476918,
                864.1087537054311
              ],
              [
                1876.8013271473776,
                864.1180359480555
              ],
              [
                1876.7847414556784,
                864.1457075029105
              ],
              [
                1876.7842189393045,
                864.146812270962
              ],
              [
                1876.7839010904156,
                864.147343064326
              ],
              [
                1876.7817981119333,
                864.1517933093955
              ],
              [
                1876.7780566058661,
                864.1581377956147
              ],
              [
                1876.7648429062015,
                864.1865028052418
              ],
              [
                1876.7534322849694,
                864.2071384572204
              ],
              [
                1876.7508552592628,
                864.2130911701327
              ],
              [
                1876.7495758240357,
                864.2154306059782
              ],
              [
                1876.7470015085314,
                864.2214683886324
              ],
              [
                1876.7465279924245,
                864.2223409174774
              ],
              [
                1876.736100024753,
                864.2470366569942
              ],
              [
                1876.7351304994768,
                864.2493105752008
              ],
              [
                1876.7317048916643,
                864.2559198885169
              ],
              [
                1876.729387506053,
                864.261698106079
              ],
              [
                1876.7277149981458,
                864.2649595186299
              ],
              [
                1876.7269973561154,
                864.2667751160332
              ],
              [
                1876.7234438424853,
                864.2737878295953
              ],
              [
                1876.7225973794953,
                864.2759647925145
              ],
              [
                1876.7174897266668,
                864.2862105449253
              ],
              [
                1876.7142436532627,
                864.2947495493945
              ],
              [
                1876.7071624611897,
                864.309734505434
              ],
              [
                1876.7008249193525,
                864.3231341118324
              ],
              [
                1876.700807731413,
                864.323182148905
              ],
              [
                1876.7001079811164,
                864.3246629345307
              ],
              [
                1876.698874708291,
                864.3281125448533
              ],
              [
                1876.6962702773114,
                864.333703311382
              ],
              [
                1876.6858502875643,
                864.36324719434
              ],
              [
                1876.6767433084397,
                864.3842835511316
              ],
              [
                1876.6741368250916,
                864.3923647379855
              ],
              [
                1876.6731801655033,
                864.3946084810926
              ],
              [
                1876.6713881915139,
                864.4002886259001
              ],
              [
                1876.670570198314,
                864.4022258151613
              ],
              [
                1876.6620342069305,
                864.4296382252946
              ],
              [
                1876.65969481886,
                864.4354713042461
              ],
              [
                1876.6579197431265,
                864.4415379218223
              ],
              [
                1876.6561138802952,
                864.4461066618469
              ],
              [
                1876.6551969815334,
                864.4493074771016
              ],
              [
                1876.6523160210866,
                864.4567168312476
              ],
              [
                1876.6514804551707,
                864.4597049714622
              ],
              [
                1876.6469147983162,
                864.4716929448175
              ],
              [
                1876.6449452988413,
                864.478959497519
              ],
              [
                1876.6340849469025,
                864.5093371896088
              ],
              [
                1876.6334981757395,
                864.5116815692162
              ],
              [
                1876.6318493403453,
                864.5163565258226
              ],
              [
                1876.6243373245761,
                864.5467639859936
              ],
              [
                1876.6174889945162,
                864.5679966690612
              ],
              [
                1876.615245596609,
                864.5782477206233
              ],
              [
                1876.6145766581974,
                864.5803681013134
              ],
              [
                1876.613476820953,
                864.5855750016605
              ],
              [
                1876.612516035253,
                864.5886604606867
              ],
              [
                1876.606809888076,
                864.6162143815958
              ],
              [
                1876.6053686902885,
                864.6211399155676
              ],
              [
                1876.6041735031845,
                864.6274260815452
              ],
              [
                1876.6024737388911,
                864.6333598134981
              ],
              [
                1876.6016173671642,
                864.6380247134405
              ],
              [
                1876.5994608772141,
                864.6457367254087
              ],
              [
                1876.5989367312657,
                864.6487100789734
              ],
              [
                1876.5950273054707,
                864.6631340729552
              ],
              [
                1876.5938965436717,
                864.6699055320167
              ],
              [
                1876.586466859024,
                864.6995900193965
              ],
              [
                1876.5862935742946,
                864.7007591128677
              ],
              [
                1876.5853979386031,
                864.7043845054992
              ],
              [
                1876.580869640753,
                864.7353262731275
              ],
              [
                1876.5762213205892,
                864.7565664505922
              ],
              [
                1876.574740573266,
                864.7689619369422
              ],
              [
                1876.5743211711467,
                864.7709474898512
              ],
              [
                1876.5738052061158,
                864.7755878376485
              ],
              [
                1876.5729188778882,
                864.7798677514199
              ],
              [
                1876.5699997612755,
                864.8071651475083
              ],
              [
                1876.5692347834017,
                864.8111885994587
              ],
              [
                1876.5686465499045,
                864.8176261163039
              ],
              [
                1876.567303364187,
                864.8249428302722
              ],
              [
                1876.566783543984,
                864.8311073564356
              ],
              [
                1876.5653874347975,
                864.8390271471691
              ],
              [
                1876.5651614166638,
                864.841983096306
              ],
              [
                1876.5623576297353,
                864.858773306607
              ],
              [
                1876.5619880602299,
                864.8643437309754
              ],
              [
                1876.5573516962788,
                864.8960239120851
              ],
              [
                1876.555842210861,
                864.9271620495035
              ],
              [
                1876.5533247113776,
                864.9482362935634
              ],
              [
                1876.5530018973143,
                864.9626830522692
              ],
              [
                1876.5527955377863,
                864.9645389532001
              ],
              [
                1876.5527422379917,
                864.9685446026945
              ],
              [
                1876.5521561679363,
                864.9740250916788
              ],
              [
                1876.5519199653193,
                865.0006787145461
              ],
              [
                1876.551631168491,
                865.0038392527608
              ],
              [
                1876.5516679693603,
                865.0103623271273
              ],
              [
                1876.5509363560452,
                865.0190384989968
              ],
              [
                1876.551033692778,
                865.0263536647982
              ],
              [
                1876.5509811023944,
                865.0274385156832
              ],
              [
                1876.5504238397134,
                865.0347266041039
              ],
              [
                1876.5504872367678,
                865.0376261303275
              ],
              [
                1876.5504752666818,
                865.037873053008
              ],
              [
                1876.5492270938485,
                865.0566864352361
              ],
              [
                1876.549363192305,
                865.0608132711474
              ],
              [
                1876.5479736328125,
                865.0894775390625
              ],
              [
                1876.5494822592723,
                865.1201958972912
              ],
              [
                1876.5490124578598,
                865.1412207175141
              ],
              [
                1876.5502271844703,
                865.15755889339
              ],
              [
                1876.5502039341702,
                865.1593062275657
              ],
              [
                1876.5503939853093,
                865.1615600361191
              ],
              [
                1876.5503826815334,
                865.1624143298249
              ],
              [
                1876.5504769441582,
                865.1635123964272
              ],
              [
                1876.550425816394,
                865.1692817657887
              ],
              [
                1876.552709208215,
                865.1949253174527
              ],
              [
                1876.5527225456883,
                865.1972894281845
              ],
              [
                1876.5533952993057,
                865.2038359246844
              ],
              [
                1876.5535279596613,
                865.2138057733624
              ],
              [
                1876.5545159823628,
                865.2226915867271
              ],
              [
                1876.5545477800722,
                865.2233390454946
              ],
              [
                1876.554714199562,
                865.2309504034627
              ],
              [
                1876.5550640256963,
                865.2338507383714
              ],
              [
                1876.5550815292393,
                865.2342071421062
              ],
              [
                1876.555764843253,
                865.2549268834023
              ],
              [
                1876.5562949000475,
                865.2589135622476
              ],
              [
                1876.5576041794682,
                865.2855728548778
              ],
              [
                1876.5618960756276,
                865.314506468566
              ],
              [
                1876.5633247303842,
                865.3337219961414
              ],
              [
                1876.5664297948083,
                865.351728033916
              ],
              [
                1876.566570942312,
                865.3534018962903
              ],
              [
                1876.5669595912238,
                865.3555189772605
              ],
              [
                1876.5672875969663,
                865.3593399206349
              ],
              [
                1876.5674055322997,
                865.3599718690205
              ],
              [
                1876.5677443170428,
                865.3637765791801
              ],
              [
                1876.5723286517239,
                865.3880744365721
              ],
              [
                1876.5724987040244,
                865.3897291980791
              ],
              [
                1876.5738131584737,
                865.3962413494346
              ],
              [
                1876.5750535930217,
                865.4073972367113
              ],
              [
                1876.5771410671189,
                865.417279853124
              ],
              [
                1876.5773947286013,
                865.4189898999348
              ],
              [
                1876.5782171958335,
                865.4258088027907
              ],
              [
                1876.5787881876647,
                865.4283838378892
              ],
              [
                1876.5791640582818,
                865.4309177517655
              ],
              [
                1876.5819065758863,
                865.4515448563127
              ],
              [
                1876.582762930203,
                865.455179375536
              ],
              [
                1876.586403072006,
                865.479719218251
              ],
              [
                1876.5931377938552,
                865.5066057349941
              ],
              [
                1876.5961282044668,
                865.5239469038326
              ],
              [
                1876.6014390597977,
                865.5433384321765
              ],
              [
                1876.6017413170161,
                865.5449849130644
              ],
              [
                1876.6022912984306,
                865.5469048512024
              ],
              [
                1876.6035473470452,
                865.5536353014495
              ],
              [
                1876.6035986630577,
                865.5538115236045
              ],
              [
                1876.603946589229,
                865.5556555993712
              ],
              [
                1876.6105634243504,
                865.5783117847118
              ],
              [
                1876.6107746169635,
                865.579358088189
              ],
              [
                1876.6127333830557,
                865.5857826413111
              ],
              [
                1876.6153090800724,
                865.5979766252491
              ],
              [
                1876.6187842333563,
                865.6089920607394
              ],
              [
                1876.6192397148884,
                865.6108104449448
              ],
              [
                1876.6207064818252,
                865.6174252091821
              ],
              [
                1876.6215160230108,
                865.6198979763701
              ],
              [
                1876.6224829444861,
                865.6237581432811
              ],
              [
                1876.627395174623,
                865.6446065170364
              ],
              [
                1876.628542700414,
                865.64795004502
              ],
              [
                1876.6340929613482,
                865.6701079287277
              ],
              [
                1876.6428966980795,
                865.69471272459
              ],
              [
                1876.647117302761,
                865.7101234202709
              ],
              [
                1876.654902454806,
                865.7305659040159
              ],
              [
                1876.6553814584202,
                865.7322380647156
              ],
              [
                1876.6559053198519,
                865.7335634071774
              ],
              [
                1876.6586875514201,
                865.743089827727
              ],
              [
                1876.658793400532,
                865.7433534440055
              ],
              [
                1876.6588078057753,
                865.7434029124441
              ],
              [
                1876.6634430879806,
                865.7549334495493
              ],
              [
                1876.667025708066,
                865.7638559332447
              ],
              [
                1876.6671921735192,
                865.7644019229631
              ],
              [
                1876.66891494613,
                865.7685610639645
              ],
              [
                1876.6698956781293,
                865.7710035683511
              ],
              [
                1876.6739125873783,
                865.7837362454699
              ],
              [
                1876.6791191218167,
                865.7959476171014
              ],
              [
                1876.6795014371162,
                865.7970161167837
              ],
              [
                1876.6817728624858,
                865.8039542518951
              ],
              [
                1876.6829020934317,
                865.806520314489
              ],
              [
                1876.6844512826126,
                865.8108500081986
              ],
              [
                1876.6917832361512,
                865.8322130067671
              ],
              [
                1876.6932041925152,
                865.8353127525908
              ],
              [
                1876.70021456779,
                865.8549054389489
              ],
              [
                1876.7106887885766,
                865.877051318136
              ],
              [
                1876.7158170416321,
                865.890517237507
              ],
              [
                1876.7262896800562,
                865.9116322161698
              ],
              [
                1876.7269825762708,
                865.9133852079326
              ],
              [
                1876.7273659845562,
                865.9141328591626
              ],
              [
                1876.731445410535,
                865.9242926335495
              ],
              [
                1876.7317987441108,
                865.9249721644416
              ],
              [
                1876.7325292792846,
                865.926789413652
              ],
              [
                1876.7455011255329,
                865.9516395320637
              ],
              [
                1876.7503082459107,
                865.9629141205843
              ],
              [
                1876.7575624015587,
                865.9761782791697
              ],
              [
                1876.7608282351878,
                865.9835995542812
              ],
              [
                1876.7624179183974,
                865.9864233738529
              ],
              [
                1876.7642697747515,
                865.990338795145
              ],
              [
                1876.7744374714114,
                866.0125191210561
              ],
              [
                1876.7761276021631,
                866.0154100647535
              ],
              [
                1876.7841311041159,
                866.0323320478708
              ],
              [
                1876.795860959707,
                866.0519021296208
              ],
              [
                1876.8015874558173,
                866.0634479157237
              ],
              [
                1876.814898587516,
                866.0848225932309
              ],
              [
                1876.8158655159293,
                866.0867081164322
              ],
              [
                1876.8160255229736,
                866.0869570480778
              ],
              [
                1876.8215266356972,
                866.0975367843141
              ],
              [
                1876.8221990982468,
                866.0985695578582
              ],
              [
                1876.823991776672,
                866.1020037853608
              ],
              [
                1876.8384272318863,
                866.124038896654
              ],
              [
                1876.843771423605,
                866.1338107033132
              ],
              [
                1876.8531080893567,
                866.1475200490459
              ],
              [
                1876.8571112534755,
                866.1546310338744
              ],
              [
                1876.8593533207904,
                866.1578327344128
              ],
              [
                1876.8609288249952,
                866.1604613043763
              ],
              [
                1876.8745449343116,
                866.1837514583295
              ],
              [
                1876.8765085335556,
                866.1864544777618
              ],
              [
                1876.8850344082075,
                866.2006790402579
              ],
              [
                1876.897597500872,
                866.2176184097867
              ],
              [
                1876.9036295599558,
                866.2273045371979
              ],
              [
                1876.9196022362098,
                866.2481621025782
              ],
              [
                1876.9280725690005,
                866.2611709097204
              ],
              [
                1876.9291285925171,
                866.2624906840268
              ],
              [
                1876.9323020417019,
                866.2673348198668
              ],
              [
                1876.9477408239024,
                866.2864725305835
              ],
              [
                1876.953415598678,
                866.2948049965216
              ],
              [
                1876.9649663955377,
                866.3086495435317
              ],
              [
                1876.9696946592494,
                866.3154015640307
              ],
              [
                1876.9728211294716,
                866.3190457315595
              ],
              [
                1876.9732049318127,
                866.3195632291101
              ],
              [
                1876.9911210174637,
                866.3442258621869
              ],
              [
                1876.9933658949583,
                866.3467471410577
              ],
              [
                1876.9940761155892,
                866.3477047627226
              ],
              [
                1877.0006418803832,
                866.3565771160485
              ],
              [
                1877.0007221209362,
                866.3566658635812
              ],
              [
                1877.001952726087,
                866.358325142546
              ],
              [
                1877.0149280597682,
                866.3726412171418
              ],
              [
                1877.0209927914539,
                866.3805607126374
              ],
              [
                1877.039471708548,
                866.4003929249775
              ],
              [
                1877.050067610269,
                866.4136352426208
              ],
              [
                1877.0515656461653,
                866.4151724103958
              ],
              [
                1877.056402276671,
                866.4211678337562
              ],
              [
                1877.0723827323898,
                866.4373965506226
              ],
              [
                1877.0782007685107,
                866.4443699287851
              ],
              [
                1877.0920489977755,
                866.4580159744623
              ],
              [
                1877.0974942127675,
                866.4643628366588
              ],
              [
                1877.101511474968,
                866.4682081858081
              ],
              [
                1877.123019136293,
                866.4923639859287
              ],
              [
                1877.1253678701446,
                866.4945263628827
              ],
              [
                1877.1320567423854,
                866.5019243790425
              ],
              [
                1877.13232193845,
                866.502165402459
              ],
              [
                1877.1337600704394,
                866.5037521365919
              ],
              [
                1877.1467369867382,
                866.5155137279419
              ],
              [
                1877.1525838653513,
                866.5217888001006
              ],
              [
                1877.1656915930566,
                866.5333818430727
              ],
              [
                1877.1666064237097,
                866.5343509950435
              ],
              [
                1877.1735173010159,
                866.540331428124
              ],
              [
                1877.1747362844349,
                866.5416049083261
              ],
              [
                1877.1750001681974,
                866.5418313042641
              ],
              [
                1877.1863488978015,
                866.5534764867851
              ],
              [
                1877.1883424884243,
                866.5551577760641
              ],
              [
                1877.1950804732492,
                866.5620004374936
              ],
              [
                1877.2111503755414,
                866.5753784769263
              ],
              [
                1877.2169433143342,
                866.5810868390469
              ],
              [
                1877.2331201446063,
                866.5941848486673
              ],
              [
                1877.2392791344673,
                866.6000802732727
              ],
              [
                1877.2442876241678,
                866.6040106006503
              ],
              [
                1877.2461258122069,
                866.6057029403124
              ],
              [
                1877.256219502282,
                866.6151528437606
              ],
              [
                1877.257262338822,
                866.6159558552957
              ],
              [
                1877.2689420062763,
                866.6267088163922
              ],
              [
                1877.2713437707678,
                866.6285153806667
              ],
              [
                1877.2770640536255,
                866.6337142591622
              ],
              [
                1877.277550529687,
                866.6340762122628
              ],
              [
                1877.2791870644853,
                866.6355594809443
              ],
              [
                1877.2917739688044,
                866.6448945654082
              ],
              [
                1877.2971769587036,
                866.6496732040471
              ],
              [
                1877.313836463789,
                866.6617587557539
              ],
              [
                1877.3191023390073,
                866.6663156611885
              ],
              [
                1877.3253684250783,
                866.6707182304592
              ],
              [
                1877.3356173928148,
                866.6793616697789
              ],
              [
                1877.3381559536813,
                866.6811094018344
              ],
              [
                1877.346982249396,
                866.6884572083094
              ],
              [
                1877.3627093089656,
                866.699110232251
              ],
              [
                1877.3683272281535,
                866.7036589329749
              ],
              [
                1877.3868092328808,
                866.71585201675
              ],
              [
                1877.393683958045,
                866.7212468407671
              ],
              [
                1877.3955089234262,
                866.7224093577028
              ],
              [
                1877.4087197714002,
                866.7325820577419
              ],
              [
                1877.41408153781,
                866.7359430277207
              ],
              [
                1877.418541178663,
                866.7393364526126
              ],
              [
                1877.419300157626,
                866.7398055274084
              ],
              [
                1877.4274544023888,
                866.7459390044114
              ],
              [
                1877.4298636970448,
                866.7474018773115
              ],
              [
                1877.4342719000583,
                866.7506817154689
              ],
              [
                1877.4350112276466,
                866.7511265566752
              ],
              [
                1877.4368331667733,
                866.7524777988239
              ],
              [
                1877.4486658526441,
                866.7595700377983
              ],
              [
                1877.4534251296088,
                866.7630226306304
              ],
              [
                1877.4736490176715,
                866.774900581769
              ],
              [
                1877.4841125622843,
                866.782252296931
              ],
              [
                1877.4892741787432,
                866.785150305317
              ],
              [
                1877.4964502619355,
                866.7900908489112
              ],
              [
                1877.4995794618785,
                866.7918218424173
              ],
              [
                1877.5106240767507,
                866.7993031230814
              ],
              [
                1877.525605900718,
                866.8074199729102
              ],
              [
                1877.5309165954131,
                866.8109235833831
              ],
              [
                1877.548547884015,
                866.8202319202675
              ],
              [
                1877.5718017515162,
                866.8348083759713
              ],
              [
                1877.578170088366,
                866.8379925443962
              ],
              [
                1877.5832959112072,
                866.8411604771323
              ],
              [
                1877.588456511102,
                866.8436960890859
              ],
              [
                1877.596997275267,
                866.8488818609515
              ],
              [
                1877.599363316657,
                866.850014495795
              ],
              [
                1877.6021712556396,
                866.8517039863323
              ],
              [
                1877.6031890793674,
                866.8521876956144
              ],
              [
                1877.6051801591605,
                866.8533811029155
              ],
              [
                1877.615929547375,
                866.8584651849034
              ],
              [
                1877.619872864503,
                866.8607811850723
              ],
              [
                1877.6435498671506,
                866.8717689532366
              ],
              [
                1877.6599593654078,
                866.8809821258807
              ],
              [
                1877.6637168453738,
                866.8826184518151
              ],
              [
                1877.6673144397055,
                866.8846085491368
              ],
              [
                1877.6710760879178,
                866.8862327841315
              ],
              [
                1877.6844077693152,
                866.8934556200229
              ],
              [
                1877.698281018952,
                866.8992826631951
              ],
              [
                1877.7031692150097,
                866.9018633580433
              ],
              [
                1877.718253502294,
                866.90803425136
              ],
              [
                1877.7439550608133,
                866.9208850306197
              ],
              [
                1877.7513375237766,
                866.9237261342673
              ],
              [
                1877.7571272170105,
                866.9265708452837
              ],
              [
                1877.7672145348283,
                866.930365642243
              ],
              [
                1877.7759030852449,
                866.9345248910978
              ],
              [
                1877.7781692581457,
                866.9353450580916
              ],
              [
                1877.7791504673487,
                866.9358113667325
              ],
              [
                1877.780465445755,
                866.9362848692067
              ],
              [
                1877.7826067680824,
                866.9372976392414
              ],
              [
                1877.7919858905473,
                866.9406535429202
              ],
              [
                1877.7949696368466,
                866.9420382077398
              ],
              [
                1877.8218667969113,
                866.9514903777111
              ],
              [
                1877.8352669395113,
                866.9573872937642
              ],
              [
                1877.835834546996,
                866.9575731186321
              ],
              [
                1877.844854840194,
                866.9615013204666
              ],
              [
                1877.8514106549158,
                866.9636001823828
              ],
              [
                1877.866636091922,
                866.9699951713777
              ],
              [
                1877.8790846144568,
                866.9738293145584
              ],
              [
                1877.883451227457,
                866.9756156702856
              ],
              [
                1877.8956934444477,
                866.9792807824676
              ],
              [
                1877.9235853034666,
                866.990014823775
              ],
              [
                1877.9319648152346,
                866.9923438483859
              ],
              [
                1877.938404895055,
                866.9947665732135
              ],
              [
                1877.9538177872369,
                866.9989152852406
              ],
              [
                1877.9624122034475,
                867.0020257524535
              ],
              [
                1877.9661681637817,
                867.002976956835
              ],
              [
                1877.9674042783035,
                867.0034192456832
              ],
              [
                1877.9707595252225,
                867.0042596912846
              ],
              [
                1877.9713105283035,
                867.0044568433394
              ],
              [
                1877.9757602238244,
                867.0055714340442
              ],
              [
                1877.9770843508927,
                867.0060367573008
              ],
              [
                1877.9978425575089,
                867.0111471083566
              ],
              [
                1878.0041161124805,
                867.0132578487165
              ],
              [
                1878.0106020077387,
                867.0147889608925
              ],
              [
                1878.0217959822241,
                867.0184536744249
              ],
              [
                1878.0236578094111,
                867.0188665185509
              ],
              [
                1878.0307261062792,
                867.0211348314051
              ],
              [
                1878.0319552620992,
                867.0214020294887
              ],
              [
                1878.03691907682,
                867.0229912082741
              ],
              [
                1878.0426404310897,
                867.0242044829575
              ],
              [
                1878.0555293360549,
                867.0281742638646
              ],
              [
                1878.0662910755138,
                867.030354820473
              ],
              [
                1878.0700526124551,
                867.0314809608508
              ],
              [
                1878.0792758819675,
                867.0332878925465
              ],
              [
                1878.1090288361224,
                867.0415575106807
              ],
              [
                1878.118363256446,
                867.0432062436851
              ],
              [
                1878.125428911771,
                867.0451081170571
              ],
              [
                1878.1464227030851,
                867.0486267753429
              ],
              [
                1878.1546902186287,
                867.0507205400022
              ],
              [
                1878.1579667482265,
                867.0512117924686
              ],
              [
                1878.1616992387803,
                867.0521467326814
              ],
              [
                1878.180945970239,
                867.0550017155992
              ],
              [
                1878.1845492771088,
                867.0558523409643
              ],
              [
                1878.2005693100893,
                867.058095118487
              ],
              [
                1878.2134123886156,
                867.0609429604165
              ],
              [
                1878.2143957957803,
                867.0610615748309
              ],
              [
                1878.2192060222615,
                867.0621072382664
              ],
              [
                1878.2241040181264,
                867.062685787512
              ],
              [
                1878.2341992776544,
                867.0648265958296
              ],
              [
                1878.2389810776147,
                867.0653454766511
              ],
              [
                1878.249242701134,
                867.0674246991657
              ],
              [
                1878.2581152283174,
                867.0683243276115
              ],
              [
                1878.2612034088636,
                867.0689293333857
              ],
              [
                1878.267346565389,
                867.0695210752475
              ],
              [
                1878.298568175711,
                867.0750357293558
              ],
              [
                1878.3087903928522,
                867.0758403647511
              ],
              [
                1878.3164453440597,
                867.0771233706213
              ],
              [
                1878.3420293371685,
                867.0788961759088
              ],
              [
                1878.3558456021533,
                867.0809456252194
              ],
              [
                1878.355892791657,
                867.0809479434911
              ],
              [
                1878.3567000943408,
                867.0810676955319
              ],
              [
                1878.3939191697082,
                867.0828961514561
              ],
              [
                1878.411322545756,
                867.084995273094
              ],
              [
                1878.4222721005967,
                867.0852346810079
              ],
              [
                1878.4346896121715,
                867.086582125205
              ],
              [
                1878.4384489848692,
                867.0866092394278
              ],
              [
                1878.445884311514,
                867.0873631431596
              ],
              [
                1878.4527288522406,
                867.0873780937244
              ],
              [
                1878.455090503229,
                867.0876055806438
              ],
              [
                1878.458202172585,
                867.0876012190529
              ],
              [
                1878.4904479058953,
                867.0901394216766
              ],
              [
                1878.5014664542184,
                867.0899441371449
              ],
              [
                1878.5096628276963,
                867.0905120928263
              ],
              [
                1878.534781120128,
                867.0898162553325
              ],
              [
                1878.552734375,
                867.0906982421875
              ],
              [
                1878.552978515625,
                867.0906982421875
              ],
              [
                1878.5734069808725,
                867.0896843311081
              ],
              [
                1878.590190034487,
                867.0889061437143
              ],
              [
                1878.6075463451148,
                867.089285632943
              ],
              [
                1878.6249565391597,
                867.0879544126212
              ],
              [
                1878.63635161107,
                867.0880365988111
              ],
              [
                1878.639029599553,
                867.0877850313876
              ],
              [
                1878.643533693233,
                867.0877948697022
              ],
              [
                1878.648184543194,
                867.087343815174
              ],
              [
                1878.648729356528,
                867.0873341593089
              ],
              [
                1878.6498748276226,
                867.0873325537153
              ],
              [
                1878.6501044157142,
                867.0873097887855
              ],
              [
                1878.682890934839,
                867.0867287049763
              ],
              [
                1878.694591130399,
                867.0853891312622
              ],
              [
                1878.703269356856,
                867.0851487233856
              ],
              [
                1878.722111371212,
                867.0827892877737
              ],
              [
                1878.7381718870424,
                867.0820446026144
              ],
              [
                1878.7441246501367,
                867.0812112258491
              ],
              [
                1878.7510197437825,
                867.0808690067074
              ],
              [
                1878.7858011578676,
                867.075655892311
              ],
              [
                1878.8032458020498,
                867.0743220378588
              ],
              [
                1878.8254655972166,
                867.0704051085861
              ],
              [
                1878.83196982343,
                867.0696604295402
              ],
              [
                1878.8371348922456,
                867.0691752284043
              ],
              [
                1878.8384209913495,
                867.0689218252217
              ],
              [
                1878.8400064313694,
                867.0687403057107
              ],
              [
                1878.8402605300655,
                867.0687156623942
              ],
              [
                1878.8403137549903,
                867.068705119748
              ],
              [
                1878.87411495372,
                867.0648351675674
              ],
              [
                1878.88636052688,
                867.0622216722429
              ],
              [
                1878.8954492772214,
                867.0610835603183
              ],
              [
                1878.9078694132502,
                867.0582872359536
              ],
              [
                1878.9217739650787,
                867.0563406222143
              ],
              [
                1878.9341267155344,
                867.0534245333977
              ],
              [
                1878.9471143780738,
                867.0514779141373
              ],
              [
                1878.9798532326315,
                867.0431894909821
              ],
              [
                1878.9965362238102,
                867.0402485954421
              ],
              [
                1879.0198132541902,
                867.0337396996715
              ],
              [
                1879.0226099228062,
                867.0331428243553
              ],
              [
                1879.0335850828574,
                867.0309926796008
              ],
              [
                1879.035821189829,
                867.03032322709
              ],
              [
                1879.0623489435648,
                867.0246615761855
              ],
              [
                1879.0749841354022,
                867.0206622881944
              ],
              [
                1879.084400313302,
                867.0185422882506
              ],
              [
                1879.0845165714206,
                867.0185039768714
              ],
              [
                1879.084888594552,
                867.0184202179381
              ],
              [
                1879.0911552153948,
                867.0163551330257
              ],
              [
                1879.102207129707,
                867.0137461299665
              ],
              [
                1879.1206107627274,
                867.007554219453
              ],
              [
                1879.1393349581617,
                867.0028138564471
              ],
              [
                1879.169709398218,
                866.9918246288074
              ],
              [
                1879.1836206370606,
                866.9879346650883
              ],
              [
                1879.1837250632836,
                866.9882479437573
              ],
              [
                1879.1840912742211,
                866.9881258734448
              ],
              [
                1879.1905062197288,
                866.9854687160137
              ],
              [
                1879.2067796084077,
                866.9791411754211
              ],
              [
                1879.2201864678555,
                866.9751273890356
              ],
              [
                1879.2247720729595,
                866.9732514449253
              ],
              [
                1879.245849577517,
                866.9665799980693
              ],
              [
                1879.2582995376788,
                866.9612748550264
              ],
              [
                1879.2688387515398,
                866.9578017916198
              ],
              [
                1879.269978209986,
                866.9572994754016
              ],
              [
                1879.2779209901203,
                866.9546271234934
              ],
              [
                1879.299485670454,
                866.945067124127
              ],
              [
                1879.3201764350426,
                866.9376638501789
              ],
              [
                1879.3226678958047,
                866.936485476998
              ],
              [
                1879.325792102701,
                866.9353551641193
              ],
              [
                1879.3535430390718,
                866.9220755215889
              ],
              [
                1879.3684851196233,
                866.916265630171
              ],
              [
                1879.3869870335611,
                866.9068902574598
              ],
              [
                1879.4004684803028,
                866.9013750767933
              ],
              [
                1879.4071549574103,
                866.8978449898615
              ],
              [
                1879.4229173666401,
                866.8911283550628
              ],
              [
                1879.4305855626924,
                866.8869482525591
              ],
              [
                1879.447405706625,
                866.8794915890311
              ],
              [
                1879.4475277769375,
                866.8794305538748
              ],
              [
                1879.4695830095802,
                866.866999803136
              ],
              [
                1879.4976030439645,
                866.853747313853
              ],
              [
                1879.5026404600312,
                866.8507280028573
              ],
              [
                1879.5046530805105,
                866.8497649045258
              ],
              [
                1879.5295883031918,
                866.8346307033206
              ],
              [
                1879.5435615224817,
                866.8275501310482
              ],
              [
                1879.559333980271,
                866.817502954545
              ],
              [
                1879.5727210998994,
                866.8104353021331
              ],
              [
                1879.5811697512945,
                866.8048614958406
              ],
              [
                1879.5919123997135,
                866.7990054416595
              ],
              [
                1879.6002900576034,
                866.7933308121934
              ],
              [
                1879.6202654686006,
                866.7820722886931
              ],
              [
                1879.6381611276117,
                866.7695000406721
              ],
              [
                1879.6486912888631,
                866.7631885049102
              ],
              [
                1879.6488697922662,
                866.7630836657867
              ],
              [
                1879.6488868600447,
                866.7630712840551
              ],
              [
                1879.6659500363517,
                866.7528440097614
              ],
              [
                1879.6732011059328,
                866.7474662500455
              ],
              [
                1879.6741598249214,
                866.7468843644831
              ],
              [
                1879.686809704338,
                866.7373734256042
              ],
              [
                1879.6970682554984,
                866.7297651655322
              ],
              [
                1879.70909924508,
                866.7221013329546
              ],
              [
                1879.7222060183133,
                866.7118160148746
              ],
              [
                1879.735310467159,
                866.7031706517249
              ],
              [
                1879.7451067170116,
                866.6952388521911
              ],
              [
                1879.75126953125,
                866.691064453125
              ],
              [
                1879.751513671875,
                866.6908813476563
              ],
              [
                1879.7594658054104,
                866.6842797928767
              ],
              [
                1879.7825137453358,
                866.6680879098657
              ],
              [
                1879.7831761466434,
                866.6675167052389
              ],
              [
                1879.7841006593983,
                866.6668672067407
              ],
              [
                1879.797771184024,
                866.65507878358
              ],
              [
                1879.7986882355144,
                866.6543986518412
              ],
              [
                1879.8051179631714,
                866.6497342392033
              ],
              [
                1879.8058476804126,
                866.6490888456215
              ],
              [
                1879.8235961386397,
                866.6359256918818
              ],
              [
                1879.832635860278,
                866.6277325657662
              ],
              [
                1879.8326462142272,
                866.6277247810455
              ],
              [
                1879.8327615321334,
                866.6276186634358
              ],
              [
                1879.8538052529232,
                866.6085457466723
              ],
              [
                1879.8635040686577,
                866.6009347654602
              ],
              [
                1879.8740751362984,
                866.5908160717003
              ],
              [
                1879.8866943809783,
                866.5805985577969
              ],
              [
                1879.8991849928475,
                866.568290308356
              ],
              [
                1879.9033734407617,
                866.5648132203239
              ],
              [
                1879.9086874653294,
                866.5594329985624
              ],
              [
                1879.9342647446877,
                866.5373770935679
              ],
              [
                1879.9453928408814,
                866.5256690524874
              ],
              [
                1879.9497110565237,
                866.5218498352568
              ],
              [
                1879.951077499953,
                866.5203833209528
              ],
              [
                1879.9690231326856,
                866.5041183475294
              ],
              [
                1879.9976776977153,
                866.4725029069905
              ],
              [
                1880.0052889903575,
                866.4652173288463
              ],
              [
                1880.0135133282536,
                866.4556311620265
              ],
              [
                1880.0254369268018,
                866.4438816475351
              ],
              [
                1880.039688130805,
                866.4268004481887
              ],
              [
                1880.042067933307,
                866.4243910003123
              ],
              [
                1880.0444430624389,
                866.4214567916598
              ],
              [
                1880.070868640376,
                866.3936540348645
              ],
              [
                1880.0794798565532,
                866.3825774750749
              ],
              [
                1880.0813021304211,
                866.3806217477936
              ],
              [
                1880.08319935589,
                866.378144297952
              ],
              [
                1880.100830477038,
                866.3586913534836
              ],
              [
                1880.1272903469028,
                866.3230143489998
              ],
              [
                1880.1330885438756,
                866.3162560562182
              ],
              [
                1880.1392054322323,
                866.3075210621287
              ],
              [
                1880.1502220966345,
                866.2943167152716
              ],
              [
                1880.1652440517935,
                866.2722594646079
              ],
              [
                1880.1660081963992,
                866.2712765496237
              ],
              [
                1880.166246453704,
                866.2709822091451
              ],
              [
                1880.1662982433081,
                866.2709034638873
              ],
              [
                1880.192569634605,
                866.2371107184185
              ],
              [
                1880.2013512312162,
                866.2231548064082
              ],
              [
                1880.2177487949175,
                866.2010452511954
              ],
              [
                1880.2278694522934,
                866.1841599544698
              ],
              [
                1880.2281361489229,
                866.1837930616126
              ],
              [
                1880.2300503087752,
                866.1805214152479
              ],
              [
                1880.2413986485399,
                866.1615878541998
              ],
              [
                1880.2456719496495,
                866.1554855260619
              ],
              [
                1880.2499611246933,
                866.147866488281
              ],
              [
                1880.2598662717076,
                866.1333224220632
              ],
              [
                1880.2730775510925,
                866.109165716117
              ],
              [
                1880.2981714996445,
                866.0692858453501
              ],
              [
                1880.3053339535188,
                866.0549182421639
              ],
              [
                1880.3186520990091,
                866.0326982588083
              ],
              [
                1880.327570903071,
                866.0138410319776
              ],
              [
                1880.3282685839001,
                866.0126485689001
              ],
              [
                1880.3326149313968,
                866.0031763301164
              ],
              [
                1880.338920585669,
                865.9898441443096
              ],
              [
                1880.3419549679372,
                865.9844540464687
              ],
              [
                1880.3447259733948,
                865.9781572181023
              ],
              [
                1880.3533294494018,
                865.9624258393343
              ],
              [
                1880.3644795053044,
                865.9362745715474
              ],
              [
                1880.3866362498957,
                865.8918290058559
              ],
              [
                1880.3921979014742,
                865.8771987243524
              ],
              [
                1880.402568635335,
                865.8552716498864
              ],
              [
                1880.4099604612322,
                865.8346128804565
              ],
              [
                1880.4109620734714,
                865.832430010747
              ],
              [
                1880.4163168323892,
                865.8168480131606
              ],
              [
                1880.4189464469518,
                865.809498732794
              ],
              [
                1880.4210103406392,
                865.8048087440826
              ],
              [
                1880.4225914510585,
                865.7999791961428
              ],
              [
                1880.4297251079342,
                865.7832479642199
              ],
              [
                1880.438565829472,
                865.7552249131968
              ],
              [
                1880.457094344497,
                865.7064844649991
              ],
              [
                1880.4610818850035,
                865.6917380723531
              ],
              [
                1880.4686902417768,
                865.6704741396652
              ],
              [
                1880.4742611331037,
                865.6482338948132
              ],
              [
                1880.475403803855,
                865.6449087977992
              ],
              [
                1880.4804754863799,
                865.623424805863
              ],
              [
                1880.4807464548621,
                865.6223430390439
              ],
              [
                1880.4820767212998,
                865.6182797013696
              ],
              [
                1880.4828038122628,
                865.6150006969285
              ],
              [
                1880.48832861524,
                865.5974883439991
              ],
              [
                1880.4946134286038,
                865.5677344899119
              ],
              [
                1880.5088532342445,
                865.5150740179165
              ],
              [
                1880.5113025913845,
                865.5003561040793
              ],
              [
                1880.516380131119,
                865.4800854291885
              ],
              [
                1880.5198746603614,
                865.45652722662
              ],
              [
                1880.5209603621086,
                865.4519281202163
              ],
              [
                1880.5239767125652,
                865.4293208717091
              ],
              [
                1880.5245660072915,
                865.4266632949782
              ],
              [
                1880.5247717374766,
                865.4249576292798
              ],
              [
                1880.5285841022908,
                865.4069089554613
              ],
              [
                1880.5320671058862,
                865.37558445264
              ],
              [
                1880.5359105442371,
                865.3524896603108
              ],
              [
                1880.5393364024283,
                865.3326233633289
              ],
              [
                1880.5394330673619,
                865.3313232117781
              ],
              [
                1880.5414041688232,
                865.3194790829659
              ],
              [
                1880.5423616455303,
                865.3049322863634
              ],
              [
                1880.5451790236568,
                865.2859390658153
              ],
              [
                1880.5463852015678,
                865.2613714617028
              ],
              [
                1880.5471839620932,
                865.2553848305214
              ],
              [
                1880.547936380441,
                865.232904446064
              ],
              [
                1880.548069003563,
                865.2318048956502
              ],
              [
                1880.5480726509809,
                865.2316380774196
              ],
              [
                1880.5501097356512,
                865.2133174921124
              ],
              [
                1880.5505245668735,
                865.1821416031805
              ],
              [
                1880.5536486749527,
                865.1401220847016
              ],
              [
                1880.5535373753094,
                865.1351411397117
              ],
              [
                1880.554427197432,
                865.1216222088217
              ],
              [
                1880.5539485237855,
                865.107320633592
              ],
              [
                1880.5548095703125,
                865.0897827148438
              ],
              [
                1880.554800462752,
                865.0896018925625
              ],
              [
                1880.5548095703125,
                865.0894165039062
              ],
              [
                1880.5535657264336,
                865.0647136217003
              ],
              [
                1880.5538168458695,
                865.0572107989908
              ],
              [
                1880.5524610092873,
                865.0366117819663
              ],
              [
                1880.5527013392673,
                865.0185502177468
              ],
              [
                1880.5502943015713,
                864.9900052578361
              ],
              [
                1880.5493364214349,
                864.9471376607509
              ],
              [
                1880.5482955755965,
                864.9384246344443
              ],
              [
                1880.5477943136557,
                864.9234481772911
              ],
              [
                1880.5456395167407,
                864.9072981874127
              ],
              [
                1880.5446877204715,
                864.8883954042607
              ],
              [
                1880.5411936025077,
                864.8654278007223
              ],
              [
                1880.5407938172607,
                864.8593539248466
              ],
              [
                1880.537719412184,
                864.8408801676796
              ],
              [
                1880.5363343311255,
                864.8244545490222
              ],
              [
                1880.5316003519486,
                864.7986672203488
              ],
              [
                1880.5264398122233,
                864.7554678177797
              ],
              [
                1880.5237289721567,
                864.7430808216034
              ],
              [
                1880.521570713671,
                864.7269048875962
              ],
              [
                1880.5174899500196,
                864.7096184953695
              ],
              [
                1880.514424622793,
                864.6894694273682
              ],
              [
                1880.5090280984136,
                864.6684772636393
              ],
              [
                1880.508242882682,
                864.663758989896
              ],
              [
                1880.503855957163,
                864.6475356246157
              ],
              [
                1880.5011639564214,
                864.6328715322481
              ],
              [
                1880.4945808281982,
                864.6098903939578
              ],
              [
                1880.4851721382963,
                864.5668980362487
              ],
              [
                1880.480047311232,
                864.5510089322075
              ],
              [
                1880.4760141554175,
                864.5339242100133
              ],
              [
                1880.471033283896,
                864.5194302002513
              ],
              [
                1880.4699573002797,
                864.5150747875414
              ],
              [
                1880.46861146742,
                864.511258936523
              ],
              [
                1880.4684871440911,
                864.5107753260561
              ],
              [
                1880.4677136792768,
                864.5076874814285
              ],
              [
                1880.467641439539,
                864.5074855848867
              ],
              [
                1880.464326595807,
                864.4945910369399
              ],
              [
                1880.4574129533364,
                864.4757839473737
              ],
              [
                1880.4564839929344,
                864.4723485428134
              ],
              [
                1880.4511965500676,
                864.4584395849284
              ],
              [
                1880.4475238150173,
                864.4456183805969
              ],
              [
                1880.4395406802603,
                864.4254214605128
              ],
              [
                1880.4259178243728,
                864.3831849183191
              ],
              [
                1880.417647660946,
                864.3640815354968
              ],
              [
                1880.411572425034,
                864.3464029970655
              ],
              [
                1880.4067966628452,
                864.3359949107679
              ],
              [
                1880.4055363633136,
                864.3324215731008
              ],
              [
                1880.403234595241,
                864.3274805138063
              ],
              [
                1880.401592072835,
                864.3228899712074
              ],
              [
                1880.3998672549312,
                864.3192431501506
              ],
              [
                1880.3949007242204,
                864.3057327627813
              ],
              [
                1880.38688184903,
                864.2892556352117
              ],
              [
                1880.3860258983332,
                864.2870040019566
              ],
              [
                1880.3802474890176,
                864.2754127381872
              ],
              [
                1880.3759226971667,
                864.2644712373799
              ],
              [
                1880.3669504497248,
                864.2469752361407
              ],
              [
                1880.349228847843,
                864.2060398244079
              ],
              [
                1880.3371113847352,
                864.1841258771767
              ],
              [
                1880.3288789354626,
                864.1661844389124
              ],
              [
                1880.3283864789964,
                864.1653427414934
              ],
              [
                1880.3282685839001,
                864.1650858060999
              ],
              [
                1880.3249083907644,
                864.159342626582
              ],
              [
                1880.3237500347589,
                864.1568560573335
              ],
              [
                1880.3202844632085,
                864.150979474335
              ],
              [
                1880.3176755365091,
                864.1454633622855
              ],
              [
                1880.3135666819448,
                864.1386081525945
              ],
              [
                1880.3068497262802,
                864.1248061999844
              ],
              [
                1880.3061988588709,
                864.1237530743938
              ],
              [
                1880.3061173044052,
                864.1235854968594
              ],
              [
                1880.298061712991,
                864.1105512761519
              ],
              [
                1880.297561148082,
                864.1095471624624
              ],
              [
                1880.291690659181,
                864.1002176486868
              ],
              [
                1880.2870397575082,
                864.0911483288803
              ],
              [
                1880.2774435603455,
                864.076219003976
              ],
              [
                1880.255819596881,
                864.0371129311887
              ],
              [
                1880.2394185735832,
                864.0132250234607
              ],
              [
                1880.2281361489229,
                863.9939413133874
              ],
              [
                1880.2256927573678,
                863.9905799551655
              ],
              [
                1880.2253653119953,
                863.9900247047889
              ],
              [
                1880.2205403476632,
                863.983403090381
              ],
              [
                1880.2167722324175,
                863.9771163698983
              ],
              [
                1880.2097057367162,
                863.9675883034296
              ],
              [
                1880.2003324190912,
                863.9524219569251
              ],
              [
                1880.1851170478333,
                863.9325816360463
              ],
              [
                1880.1817180731134,
                863.927293666544
              ],
              [
                1880.1718121103786,
                863.9147569629316
              ],
              [
                1880.1465602156359,
                863.8779778595423
              ],
              [
                1880.1262507645563,
                863.8537782381277
              ],
              [
                1880.1115489938225,
                863.8335531056356
              ],
              [
                1880.104082424206,
                863.8251717528839
              ],
              [
                1880.099853914538,
                863.8194702676102
              ],
              [
                1880.090228631716,
                863.8088504045478
              ],
              [
                1880.0778843851276,
                863.792753931503
              ],
              [
                1880.0624299116191,
                863.77632597515
              ],
              [
                1880.0609566466885,
                863.774461453117
              ],
              [
                1880.051001144342,
                863.7641149422736
              ],
              [
                1880.0224684984948,
                863.7301170156553
              ],
              [
                1879.9986475501496,
                863.7067385091735
              ],
              [
                1879.9826383245863,
                863.6887261273839
              ],
              [
                1879.982012802493,
                863.6881465040237
              ],
              [
                1879.9796530812,
                863.6854976763067
              ],
              [
                1879.9722728508464,
                863.6787062557032
              ],
              [
                1879.9680465701856,
                863.6740432735644
              ],
              [
                1879.9555715974573,
                863.6627366173485
              ],
              [
                1879.9400126031278,
                863.6461975563707
              ],
              [
                1879.9134342682921,
                863.6231079486531
              ],
              [
                1879.8847004089253,
                863.5949077818201
              ],
              [
                1879.8588937034965,
                863.5740614755084
              ],
              [
                1879.8405723690337,
                863.5570844997048
              ],
              [
                1879.837881796285,
                863.5550371921213
              ],
              [
                1879.8337448470397,
                863.5512302970795
              ],
              [
                1879.8266957812468,
                863.5459303861711
              ],
              [
                1879.8226195761397,
                863.542235929212
              ],
              [
                1879.8070566525032,
                863.5306936783954
              ],
              [
                1879.7881125905665,
                863.5142362531504
              ],
              [
                1879.7621310673742,
                863.4958979316301
              ],
              [
                1879.7345393112175,
                863.4736096855729
              ],
              [
                1879.7070492401278,
                863.4554842309387
              ],
              [
                1879.686439290087,
                863.4398017309811
              ],
              [
                1879.6813924122068,
                863.4366825889141
              ],
              [
                1879.675258457734,
                863.4320707136419
              ],
              [
                1879.6687647859628,
                863.4281294400307
              ],
              [
                1879.6649734738517,
                863.4253176113324
              ],
              [
                1879.6461431587895,
                863.4140311548301
              ],
              [
                1879.6237218565614,
                863.3982057143384
              ],
              [
                1879.5990596576942,
                863.3842817858459
              ],
              [
                1879.573384015439,
                863.3673526666967
              ],
              [
                1879.5445282361159,
                863.3520958762475
              ],
              [
                1879.5216845575428,
                863.3379777064614
              ],
              [
                1879.5140482473341,
                863.3342256776584
              ],
              [
                1879.505751713323,
                863.3291901735992
              ],
              [
                1879.5000123502152,
                863.3264437188703
              ],
              [
                1879.4966264814645,
                863.3244143072408
              ],
              [
                1879.4744137226041,
                863.3139084547245
              ],
              [
                1879.4485043394375,
                863.2992803836252
              ],
              [
                1879.4245467561816,
                863.288658591237
              ],
              [
                1879.4027357469633,
                863.2771265513846
              ],
              [
                1879.3728409762111,
                863.2648448204156
              ],
              [
                1879.3478532517395,
                863.2525673383101
              ],
              [
                1879.3374583526293,
                863.2486568308542
              ],
              [
                1879.3268907355134,
                863.2435999140057
              ],
              [
                1879.3220751329118,
                863.241857667791
              ],
              [
                1879.3191998725426,
                863.2404977709149
              ],
              [
                1879.302199681644,
                863.234415005348
              ],
              [
                1879.2788975526203,
                863.2240838140066
              ],
              [
                1879.252281224828,
                863.2151287386849
              ],
              [
                1879.24857999547,
                863.2135244037845
              ],
              [
                1879.2459297309822,
                863.2127056090546
              ],
              [
                1879.2241841619639,
                863.2037718316171
              ],
              [
                1879.1935801339337,
                863.194530586724
              ],
              [
                1879.166575573695,
                863.1843716103803
              ],
              [
                1879.153321797538,
                863.180804070953
              ],
              [
                1879.1404335909742,
                863.1761412216779
              ],
              [
                1879.1366782522139,
                863.1751904908976
              ],
              [
                1879.1344023623215,
                863.1743761644731
              ],
              [
                1879.1216972176983,
                863.1711936914177
              ],
              [
                1879.103183692207,
                863.1649648075335
              ],
              [
                1879.068741660508,
                863.1568341467693
              ],
              [
                1879.0393925391352,
                863.1479718356468
              ],
              [
                1879.0391483985102,
                863.1479108004905
              ],
              [
                1879.0389205158108,
                863.1488223312886
              ],
              [
                1879.0246639166576,
                863.1461730301652
              ],
              [
                1878.979551556979,
                863.1340300665366
              ],
              [
                1878.9634113274203,
                863.131324888057
              ],
              [
                1878.9482130108863,
                863.1274771639877
              ],
              [
                1878.945618742094,
                863.1270883293084
              ],
              [
                1878.9440136518447,
                863.1266862751311
              ],
              [
                1878.935993967169,
                863.125496667285
              ],
              [
                1878.9227505275787,
                863.1223703152857
              ],
              [
                1878.881777028525,
                863.1166340947165
              ],
              [
                1878.8781143808608,
                863.1158351992107
              ],
              [
                1878.8777481699233,
                863.1157741640544
              ],
              [
                1878.868914742651,
                863.1147365561278
              ],
              [
                1878.861824460097,
                863.113254454973
              ],
              [
                1878.854228291821,
                863.1124690191699
              ],
              [
                1878.8429763817874,
                863.1102318842328
              ],
              [
                1878.8298729563194,
                863.1089326070844
              ],
              [
                1878.8028722539766,
                863.1041634893942
              ],
              [
                1878.8000114935421,
                863.1039383064352
              ],
              [
                1878.7885351246903,
                863.1020148129725
              ],
              [
                1878.769556270685,
                863.1006997011136
              ],
              [
                1878.752118376595,
                863.0980860714176
              ],
              [
                1878.7507483314023,
                863.0980180729662
              ],
              [
                1878.7498672884717,
                863.0978873825931
              ],
              [
                1878.7493873995527,
                863.0978638071622
              ],
              [
                1878.7491348665967,
                863.0978263474368
              ],
              [
                1878.7465150236976,
                863.0976976428083
              ],
              [
                1878.7391484495424,
                863.0966663348856
              ],
              [
                1878.699363067526,
                863.0948203722218
              ],
              [
                1878.6862566821092,
                863.0932808463981
              ],
              [
                1878.6683148645936,
                863.0929132282406
              ],
              [
                1878.6491424057476,
                863.0910121728472
              ],
              [
                1878.6355538435685,
                863.0909931259172
              ],
              [
                1878.6109925237922,
                863.0890597970734
              ],
              [
                1878.603494410779,
                863.0891926880356
              ],
              [
                1878.5953176410537,
                863.0886260907674
              ],
              [
                1878.5821750191649,
                863.0889901732027
              ],
              [
                1878.5761371939366,
                863.0886116955215
              ],
              [
                1878.5702047200214,
                863.0888276815614
              ],
              [
                1878.553955078125,
                863.0880737304688
              ],
              [
                1878.5535888671875,
                863.0880737304688
              ],
              [
                1878.550835211099,
                863.0882104006681
              ],
              [
                1878.550537109375,
                863.0881958007812
              ],
              [
                1878.55029296875,
                863.0881958007812
              ],
              [
                1878.5172659021173,
                863.089818316522
              ],
              [
                1878.4934891042192,
                863.0893311427657
              ],
              [
                1878.4746142889858,
                863.09076753881
              ],
              [
                1878.454358081354,
                863.0907391459187
              ],
              [
                1878.4404052369318,
                863.0920831589034
              ],
              [
                1878.4185494948485,
                863.0924705137737
              ],
              [
                1878.4064226042983,
                863.0938589404655
              ],
              [
                1878.401711111894,
                863.0939894602081
              ],
              [
                1878.398543661455,
                863.0943860948366
              ],
              [
                1878.3974386509565,
                863.0944167063019
              ],
              [
                1878.3895464690343,
                863.0954049814794
              ],
              [
                1878.3783613198038,
                863.0958122038494
              ],
              [
                1878.3717722482363,
                863.0967097572101
              ],
              [
                1878.3687617067076,
                863.0968494403544
              ],
              [
                1878.3658518880616,
                863.0972568100435
              ],
              [
                1878.3542586880908,
                863.0978263474368
              ],
              [
                1878.3535722801157,
                863.0979281664416
              ],
              [
                1878.3531600552783,
                863.0979484177493
              ],
              [
                1878.3246151712096,
                863.1021826513169
              ],
              [
                1878.3012369670018,
                863.1039617606556
              ],
              [
                1878.2816116616173,
                863.1073790097453
              ],
              [
                1878.2604709869886,
                863.1094153931768
              ],
              [
                1878.2463000554205,
                863.1121916218639
              ],
              [
                1878.2273254759675,
                863.1143640511826
              ],
              [
                1878.2119677658447,
                863.1176417502397
              ],
              [
                1878.2052587305911,
                863.1184818693692
              ],
              [
                1878.2007572066982,
                863.1194953623705
              ],
              [
                1878.1992959928682,
                863.119681174832
              ],
              [
                1878.193720282582,
                863.1209637266045
              ],
              [
                1878.1822653777128,
                863.1225240964161
              ],
              [
                1878.1737047125791,
                863.1245681032277
              ],
              [
                1878.1590136919053,
                863.1267473102873
              ],
              [
                1878.1330974324892,
                863.133238995328
              ]
            ]
          ]
        ]
      }
    }
  ]
}