{
  "type": "FeatureCollection",
  "features": [
    {
      "type": "Feature",
      "properties": {
        "image_id": "0010_top_20250708_t1",
        "zone_type": "parking_spot",
        "generated_at": "2025-11-03T11:20:40",
        "source": "merged_t1_polygons"
      },
      "geometry": {
        "type": "MultiPolygon",
        "coordinates": [
          [
            [
              [
                1194.5901339762606,
                881.3864443145748
              ],
              [
                1194.5796416868366,
                881.3859998279631
              ],
              [
                1194.5666884548443,
                881.3843410465447
              ],
              [
                1194.540739650014,
                881.3835289573624
              ],
              [
                1194.5110682889297,
                881.3804609698618
              ],
              [
                1194.4912832041387,
                881.3804609698618
              ],
              [
                1194.4907217282575,
                881.3804082254077
              ],
              [
                1194.4834087374902,
                881.3804609698618
              ],
              [
                1194.4711039918298,
                881.3804609698618
              ],
              [
                1194.4487111957412,
                881.3789092938924
              ],
              [
                1194.4346871187363,
                881.3792977947677
              ],
              [
                1194.4080810546875,
                881.3779907226562
              ],
              [
                1194.4064071624134,
                881.3780729557105
              ],
              [
                1194.405989017068,
                881.3780528519682
              ],
              [
                1194.4057668649684,
                881.3780639985491
              ],
              [
                1194.405517578125,
                881.3780517578125
              ],
              [
                1194.4053955078125,
                881.3780517578125
              ],
              [
                1194.404876664209,
                881.3780776076471
              ],
              [
                1194.4043522405257,
                881.3780521721674
              ],
              [
                1194.3986896388576,
                881.3783341260911
              ],
              [
                1194.3931700853966,
                881.3781003003247
              ],
              [
                1194.3839224788537,
                881.3786212350553
              ],
              [
                1194.3746954704413,
                881.3783324682406
              ],
              [
                1194.3664475442865,
                881.3788676403998
              ],
              [
                1194.3635446636338,
                881.3787872235799
              ],
              [
                1194.3530369413572,
                881.3795153407872
              ],
              [
                1194.3507056080102,
                881.379464367057
              ],
              [
                1194.3420711833853,
                881.3801245734567
              ],
              [
                1194.3159027486456,
                881.3799885004419
              ],
              [
                1194.3109232807515,
                881.3804609698618
              ],
              [
                1194.3050938204453,
                881.3804609698618
              ],
              [
                1194.2917230859464,
                881.3818434897335
              ],
              [
                1194.289059729359,
                881.3818626990137
              ],
              [
                1194.2708770589277,
                881.3838357298914
              ],
              [
                1194.2551046665815,
                881.3842726633331
              ],
              [
                1194.239051481126,
                881.3862828760807
              ],
              [
                1194.2214135600364,
                881.3871611086228
              ],
              [
                1194.2120467740283,
                881.3876212693118
              ],
              [
                1194.211983522206,
                881.3876306518333
              ],
              [
                1194.2082441294058,
                881.3878168447768
              ],
              [
                1194.2076657737896,
                881.3879030519234
              ],
              [
                1194.2066008956203,
                881.3879561063014
              ],
              [
                1194.199653337083,
                881.3890014556331
              ],
              [
                1194.1963415826112,
                881.3891880128699
              ],
              [
                1194.188483105194,
                881.3904149810699
              ],
              [
                1194.1830115724476,
                881.3907700051012
              ],
              [
                1194.1773439996227,
                881.3916897255581
              ],
              [
                1194.1703271799972,
                881.392175945785
              ],
              [
                1194.1584717124267,
                881.3941629779782
              ],
              [
                1194.1550061510752,
                881.3944279621412
              ],
              [
                1194.1448464707064,
                881.39621892147
              ],
              [
                1194.117277376732,
                881.3988347740301
              ],
              [
                1194.1060864380597,
                881.4010381237022
              ],
              [
                1194.1002116727154,
                881.4016455682543
              ],
              [
                1194.093155068352,
                881.4031206295648
              ],
              [
                1194.088569394842,
                881.4036182283892
              ],
              [
                1194.071200151134,
                881.4073015632549
              ],
              [
                1194.0629247462161,
                881.4083378264005
              ],
              [
                1194.048631898333,
                881.4115557813958
              ],
              [
                1194.0146045122178,
                881.4166032673186
              ],
              [
                1194.0142598375471,
                881.4166896038291
              ],
              [
                1194.0129399693567,
                881.4168863375817
              ],
              [
                1194.0108714323023,
                881.417406115621
              ],
              [
                1194.009775214545,
                881.4175710556491
              ],
              [
                1194.0021648349755,
                881.4195054244842
              ],
              [
                1194.0015608731674,
                881.4195997228951
              ],
              [
                1193.9951997934681,
                881.4212476611461
              ],
              [
                1193.9934049206627,
                881.4215389289053
              ],
              [
                1193.991399936436,
                881.4220657674924
              ],
              [
                1193.9910834675325,
                881.4221166620762
              ],
              [
                1193.9900261702776,
                881.4223952440667
              ],
              [
                1193.9793107477085,
                881.4241911993491
              ],
              [
                1193.9663004092772,
                881.4276932122674
              ],
              [
                1193.9617157293148,
                881.4285014045579
              ],
              [
                1193.9500959475615,
                881.4317506140608
              ],
              [
                1193.9215180854844,
                881.4373772218796
              ],
              [
                1193.9042644947574,
                881.4426049427958
              ],
              [
                1193.8985949016908,
                881.4437900733413
              ],
              [
                1193.8975295001935,
                881.444130291928
              ],
              [
                1193.8912891940074,
                881.4454536159446
              ],
              [
                1193.8752169356594,
                881.4505991931744
              ],
              [
                1193.8739737101355,
                881.4508790984681
              ],
              [
                1193.8621359212286,
                881.4547800907063
              ],
              [
                1193.8437185894109,
                881.4594079626619
              ],
              [
                1193.824215801741,
                881.4642931566606
              ],
              [
                1193.8240709639224,
                881.4643449804607
              ],
              [
                1193.8225088633583,
                881.4647375021063
              ],
              [
                1193.818375582604,
                881.4662200723893
              ],
              [
                1193.8168678947236,
                881.4666032890768
              ],
              [
                1193.8029185618207,
                881.4716709568448
              ],
              [
                1193.7922867309926,
                881.4745327431928
              ],
              [
                1193.7783518701717,
                881.4797749659945
              ],
              [
                1193.7726958351539,
                881.4813565484302
              ],
              [
                1193.7617080558944,
                881.4856288988705
              ],
              [
                1193.7380654852695,
                881.4927070836206
              ],
              [
                1193.7356618177998,
                881.4936904098624
              ],
              [
                1193.730573033216,
                881.4952322770614
              ],
              [
                1193.7130490919812,
                881.5025176694558
              ],
              [
                1193.6992249573816,
                881.5069435037522
              ],
              [
                1193.672988327583,
                881.5183691608834
              ],
              [
                1193.6547696953294,
                881.5249040188769
              ],
              [
                1193.6386858696449,
                881.5306589037274
              ],
              [
                1193.638561279402,
                881.5307178305237
              ],
              [
                1193.6376876364386,
                881.5310311983234
              ],
              [
                1193.6316643773623,
                881.5338860689769
              ],
              [
                1193.6297895574774,
                881.5345671742575
              ],
              [
                1193.6192928816997,
                881.5396121374522
              ],
              [
                1193.611009052948,
                881.5427284711226
              ],
              [
                1193.596412473187,
                881.5499003625456
              ],
              [
                1193.5897668335017,
                881.552484369829
              ],
              [
                1193.5806424062412,
                881.5571079404839
              ],
              [
                1193.5577834728222,
                881.5664593958629
              ],
              [
                1193.5523620916633,
                881.5693215827027
              ],
              [
                1193.5463424678708,
                881.5718241773421
              ],
              [
                1193.5298305615208,
                881.5807122119255
              ],
              [
                1193.5143294825953,
                881.5874626983381
              ],
              [
                1193.4915876836237,
                881.6002311643128
              ],
              [
                1193.461259260723,
                881.6145754400533
              ],
              [
                1193.4606349259086,
                881.6149496519398
              ],
              [
                1193.4602576759837,
                881.6151284587496
              ],
              [
                1193.4525868486487,
                881.6197351991626
              ],
              [
                1193.4503930918534,
                881.6207895731877
              ],
              [
                1193.443166320608,
                881.6251964103378
              ],
              [
                1193.4371777471447,
                881.6281388392739
              ],
              [
                1193.4222090716091,
                881.6373899895214
              ],
              [
                1193.4146904306433,
                881.6411998689518
              ],
              [
                1193.4073124200925,
                881.645899718223
              ],
              [
                1193.3855308532256,
                881.6573991705231
              ],
              [
                1193.3774060115995,
                881.6627593506588
              ],
              [
                1193.370659816129,
                881.6663906950581
              ],
              [
                1193.3553429437782,
                881.6767262704013
              ],
              [
                1193.3384826794718,
                881.6861925272877
              ],
              [
                1193.3193754082527,
                881.699617348486
              ],
              [
                1193.2929122683358,
                881.7154787441449
              ],
              [
                1193.2827376976875,
                881.7230247200243
              ],
              [
                1193.2804553029648,
                881.7244165091807
              ],
              [
                1193.2762273321962,
                881.7276116662156
              ],
              [
                1193.2724230146005,
                881.7299628637936
              ],
              [
                1193.2573925775516,
                881.7413998070135
              ],
              [
                1193.249152708045,
                881.7466486670454
              ],
              [
                1193.2433698191203,
                881.7511866910849
              ],
              [
                1193.222941485966,
                881.7646638209313
              ],
              [
                1193.2125274075975,
                881.7730958620891
              ],
              [
                1193.2052734375,
                881.7779907226562
              ],
              [
                1193.205029296875,
                881.778173828125
              ],
              [
                1193.1914366156639,
                881.7895074952849
              ],
              [
                1193.1734724561948,
                881.8021291630303
              ],
              [
                1193.1578544015188,
                881.8156444848481
              ],
              [
                1193.1352661660478,
                881.8323970620245
              ],
              [
                1193.12370387578,
                881.8428765110762
              ],
              [
                1193.1216593138943,
                881.8444216249497
              ],
              [
                1193.1200781887355,
                881.8458849169978
              ],
              [
                1193.1182899356538,
                881.8472456325173
              ],
              [
                1193.1167369846526,
                881.8486846331331
              ],
              [
                1193.1167030215913,
                881.8487104762673
              ],
              [
                1193.1115455883162,
                881.8534894742218
              ],
              [
                1193.1095263924406,
                881.8550379781536
              ],
              [
                1193.1019622720435,
                881.8621538662034
              ],
              [
                1193.0947478844673,
                881.8678152345398
              ],
              [
                1193.0938829017784,
                881.8686432015185
              ],
              [
                1193.0937713219673,
                881.8687307618835
              ],
              [
                1193.0902521044534,
                881.872099379464
              ],
              [
                1193.0715575721467,
                881.8872359148594
              ],
              [
                1193.056863554622,
                881.9017154003221
              ],
              [
                1193.0468321535002,
                881.9100796486772
              ],
              [
                1193.0366013794983,
                881.9205726367844
              ],
              [
                1193.0209765408972,
                881.9340938291753
              ],
              [
                1193.008630634858,
                881.9471728172153
              ],
              [
                1192.989839172002,
                881.9642044063769
              ],
              [
                1192.9781753687614,
                881.9770734301231
              ],
              [
                1192.9746370660387,
                881.9803521039464
              ],
              [
                1192.966057253879,
                881.9900054661091
              ],
              [
                1192.9629700173082,
                881.9929097601535
              ],
              [
                1192.957684254858,
                881.9989941755314
              ],
              [
                1192.9519864002675,
                882.0044481984975
              ],
              [
                1192.9485834904706,
                882.008414579913
              ],
              [
                1192.9328150263232,
                882.0239528251211
              ],
              [
                1192.915086131038,
                882.04520231355
              ],
              [
                1192.9030405521273,
                882.0575566199034
              ],
              [
                1192.8957902414975,
                882.0667135095334
              ],
              [
                1192.8825454234948,
                882.0807447856262
              ],
              [
                1192.8731893851646,
                882.0929076128574
              ],
              [
                1192.8580318276495,
                882.1096314004227
              ],
              [
                1192.8494474876377,
                882.1212060430288
              ],
              [
                1192.8459705374275,
                882.1251180470418
              ],
              [
                1192.8348111393843,
                882.1404328195003
              ],
              [
                1192.8310087140878,
                882.1448097727149
              ],
              [
                1192.8284282120228,
                882.1484657983863
              ],
              [
                1192.8241868467494,
                882.1534094711255
              ],
              [
                1192.8209490829365,
                882.158033038881
              ],
              [
                1192.8080298564905,
                882.1735177573846
              ],
              [
                1192.788386879937,
                882.202360211848
              ],
              [
                1192.775179599743,
                882.2190405464188
              ],
              [
                1192.770468446532,
                882.2264445849738
              ],
              [
                1192.7595865912058,
                882.2405909706146
              ],
              [
                1192.752880257661,
                882.2514118798105
              ],
              [
                1192.74111350977,
                882.2672775027108
              ],
              [
                1192.7352266551557,
                882.2770991262729
              ],
              [
                1192.7319100786297,
                882.2816506813514
              ],
              [
                1192.7191431245687,
                882.3032996544238
              ],
              [
                1192.7149781752757,
                882.30920050672
              ],
              [
                1192.7145110058473,
                882.310027961799
              ],
              [
                1192.7116034409755,
                882.3141800012819
              ],
              [
                1192.708603635144,
                882.3195086795779
              ],
              [
                1192.6983856814174,
                882.334512050593
              ],
              [
                1192.6780750653634,
                882.3716498300092
              ],
              [
                1192.6767944056846,
                882.3736625120877
              ],
              [
                1192.6712121956168,
                882.3823470593491
              ],
              [
                1192.670978477721,
                882.3828028123385
              ],
              [
                1192.6646054369705,
                882.3928186698826
              ],
              [
                1192.6619459604494,
                882.3981376229248
              ],
              [
                1192.661119323715,
                882.3994714308815
              ],
              [
                1192.6532258483871,
                882.4121881851385
              ],
              [
                1192.6486745973923,
                882.4215025106865
              ],
              [
                1192.6402102056784,
                882.435624495098
              ],
              [
                1192.6365744054767,
                882.4433117487517
              ],
              [
                1192.6335253558661,
                882.448482033896
              ],
              [
                1192.6216665088873,
                882.473938667334
              ],
              [
                1192.6153204226878,
                882.485211480875
              ],
              [
                1192.6126517334178,
                882.4912758061001
              ],
              [
                1192.6049225037232,
                882.505408633322
              ],
              [
                1192.589230765599,
                882.542211932723
              ],
              [
                1192.5823292559583,
                882.5556699678486
              ],
              [
                1192.5791193894418,
                882.56379076494
              ],
              [
                1192.5724908543384,
                882.5770478351468
              ],
              [
                1192.5718830085311,
                882.5786597096269
              ],
              [
                1192.5645792642842,
                882.5936071277573
              ],
              [
                1192.5614793332877,
                882.6020078324532
              ],
              [
                1192.5589367668376,
                882.6073382495877
              ],
              [
                1192.5587433626636,
                882.6078716626832
              ],
              [
                1192.5562936693525,
                882.6130511040199
              ],
              [
                1192.5544125686074,
                882.6183084284088
              ],
              [
                1192.5517390273114,
                882.6240475496633
              ],
              [
                1192.5417086605933,
                882.6524867312303
              ],
              [
                1192.5362650499858,
                882.6648567832611
              ],
              [
                1192.5340361530714,
                882.6716650139642
              ],
              [
                1192.5285268451908,
                882.6845865084364
              ],
              [
                1192.5172724659822,
                882.7202602983461
              ],
              [
                1192.5107281381077,
                882.7368171110656
              ],
              [
                1192.5072391965973,
                882.74899670785
              ],
              [
                1192.4946770192748,
                882.7830397694977
              ],
              [
                1192.4933097143953,
                882.7883391476049
              ],
              [
                1192.4926742956936,
                882.7900916467851
              ],
              [
                1192.4919873442127,
                882.7927752428725
              ],
              [
                1192.4901720629107,
                882.797848614241
              ],
              [
                1192.4895149208226,
                882.8004720725143
              ],
              [
                1192.4873180903453,
                882.8067007641039
              ],
              [
                1192.479600552572,
                882.8379401450729
              ],
              [
                1192.4751986693252,
                882.8513858259741
              ],
              [
                1192.473527970657,
                882.8589202730122
              ],
              [
                1192.469923337885,
                882.8703461286572
              ],
              [
                1192.4627514346644,
                882.9042996845723
              ],
              [
                1192.4570879967036,
                882.9240702627169
              ],
              [
                1192.4541249478305,
                882.940210831214
              ],
              [
                1192.4442316103336,
                882.9785552684507
              ],
              [
                1192.4432113466585,
                882.9852379361702
              ],
              [
                1192.4408666886031,
                882.9947287437805
              ],
              [
                1192.4359226856982,
                883.0285110156417
              ],
              [
                1192.4327093833335,
                883.0430022323656
              ],
              [
                1192.431718555847,
                883.0512169746822
              ],
              [
                1192.4296678508342,
                883.060925517195
              ],
              [
                1192.4261401599977,
                883.0926519161284
              ],
              [
                1192.4219176219995,
                883.115653279491
              ],
              [
                1192.4203148961576,
                883.1346599385815
              ],
              [
                1192.4147704204834,
                883.1705283055902
              ],
              [
                1192.4146818641382,
                883.1721043869867
              ],
              [
                1192.4137572155284,
                883.1781607815893
              ],
              [
                1192.4136177406174,
                883.1809202542759
              ],
              [
                1192.4128204462788,
                883.1863681503663
              ],
              [
                1192.4110754382925,
                883.2223647210105
              ],
              [
                1192.409206387062,
                883.2378606316936
              ],
              [
                1192.409013539091,
                883.246680722066
              ],
              [
                1192.4081422174738,
                883.2545169805438
              ],
              [
                1192.4077551640528,
                883.2836052791565
              ],
              [
                1192.4055506138577,
                883.3097489482155
              ],
              [
                1192.4058181627092,
                883.3298560974215
              ],
              [
                1192.4038650039154,
                883.3646174375857
              ],
              [
                1192.4040093342708,
                883.3681265252992
              ],
              [
                1192.4034423828125,
                883.3798217773438
              ],
              [
                1192.4052752565265,
                883.4176547274525
              ],
              [
                1192.4049160272134,
                883.4340844310524
              ],
              [
                1192.4056288224253,
                883.4434066317062
              ],
              [
                1192.4055506138577,
                883.4492842549095
              ],
              [
                1192.4077551640526,
                883.4754279239673
              ],
              [
                1192.4081422174738,
                883.5045162225812
              ],
              [
                1192.410486139253,
                883.5255963571178
              ],
              [
                1192.411853814054,
                883.5588484808869
              ],
              [
                1192.41225529551,
                883.5617320114463
              ],
              [
                1192.4128204462788,
                883.5733974746337
              ],
              [
                1192.4184891516866,
                883.6121316240392
              ],
              [
                1192.418604168441,
                883.6137914723465
              ],
              [
                1192.4187009694087,
                883.6143690275251
              ],
              [
                1192.4198796222975,
                883.6297838879872
              ],
              [
                1192.4215886712766,
                883.639478910696
              ],
              [
                1192.4219176219995,
                883.643379923634
              ],
              [
                1192.4261401599974,
                883.6663812869944
              ],
              [
                1192.4296678508342,
                883.69810768593
              ],
              [
                1192.4342383389737,
                883.7197455022565
              ],
              [
                1192.4345999867237,
                883.722216634018
              ],
              [
                1192.4386613775753,
                883.7513864610554
              ],
              [
                1192.4391932325432,
                883.753602189807
              ],
              [
                1192.4408666886031,
                883.7650368812195
              ],
              [
                1192.4489840532108,
                883.7978946984271
              ],
              [
                1192.44921166624,
                883.7992900466526
              ],
              [
                1192.4505062745043,
                883.8041328191811
              ],
              [
                1192.4506194220055,
                883.8048079046353
              ],
              [
                1192.4509486657887,
                883.8060310791764
              ],
              [
                1192.4539530647141,
                883.8230743097475
              ],
              [
                1192.4567258953086,
                883.8329904712996
              ],
              [
                1192.4570879967036,
                883.8349629404081
              ],
              [
                1192.4581321716162,
                883.8386080658332
              ],
              [
                1192.4581600302492,
                883.8387589146797
              ],
              [
                1192.4624385322725,
                883.8536412030314
              ],
              [
                1192.4627514346637,
                883.8547335185505
              ],
              [
                1192.469923337885,
                883.8886870744678
              ],
              [
                1192.476794563769,
                883.9104672778956
              ],
              [
                1192.4786259279244,
                883.9178803524048
              ],
              [
                1192.4840344332447,
                883.9404123986633
              ],
              [
                1192.4845879401773,
                883.94201364175
              ],
              [
                1192.4873180903453,
                883.9530648608961
              ],
              [
                1192.4997203337282,
                883.9882290439532
              ],
              [
                1192.5005948789376,
                883.9915004764254
              ],
              [
                1192.5023522535216,
                883.996158874004
              ],
              [
                1192.5068082085866,
                884.0120942039086
              ],
              [
                1192.510684097046,
                884.0220623484751
              ],
              [
                1192.5107281381077,
                884.0222160920594
              ],
              [
                1192.5113659474077,
                884.0238297167638
              ],
              [
                1192.5119167351802,
                884.0257455701175
              ],
              [
                1192.5148305908394,
                884.0330993775499
              ],
              [
                1192.5150568268998,
                884.0338753638785
              ],
              [
                1192.5182284471896,
                884.0418031450184
              ],
              [
                1192.5285268451908,
                884.0744466946886
              ],
              [
                1192.537798479072,
                884.0961923238203
              ],
              [
                1192.542063238194,
                884.1082842305684
              ],
              [
                1192.5475443245718,
                884.1241404938826
              ],
              [
                1192.548026187914,
                884.1251910311398
              ],
              [
                1192.5517390273114,
                884.1357180753367
              ],
              [
                1192.5688895561566,
                884.172534026066
              ],
              [
                1192.570821266548,
                884.1776545479462
              ],
              [
                1192.5724963832881,
                884.1810333332427
              ],
              [
                1192.5779360299853,
                884.1950232055609
              ],
              [
                1192.582774034936,
                884.2045708101188
              ],
              [
                1192.583587657492,
                884.2066241800518
              ],
              [
                1192.5862078337382,
                884.211724399567
              ],
              [
                1192.5869980018545,
                884.2136995035572
              ],
              [
                1192.5921250393799,
                884.2236094810935
              ],
              [
                1192.6049225037232,
                884.253624569803
              ],
              [
                1192.6166809761064,
                884.2751248311677
              ],
              [
                1192.6243079184724,
                884.2914971038186
              ],
              [
                1192.6285910494914,
                884.3008349976146
              ],
              [
                1192.6289255172367,
                884.3014094097375
              ],
              [
                1192.6335253558661,
                884.311283591104
              ],
              [
                1192.6557823902262,
                884.3490249298164
              ],
              [
                1192.65919584971,
                884.355910030082
              ],
              [
                1192.6605830587566,
                884.3581237308051
              ],
              [
                1192.666651529108,
                884.3700996084192
              ],
              [
                1192.671403943937,
                884.3775601384759
              ],
              [
                1192.6724945431272,
                884.3796830091344
              ],
              [
                1192.6744153989728,
                884.3826673407173
              ],
              [
                1192.6759956583762,
                884.3857218015268
              ],
              [
                1192.68355745303,
                884.3974078698269
              ],
              [
                1192.6983856814174,
                884.424521152532
              ],
              [
                1192.7126956754223,
                884.4455330062771
              ],
              [
                1192.7245651757225,
                884.465660163558
              ],
              [
                1192.7264089288099,
                884.4688266097712
              ],
              [
                1192.7265386397266,
                884.4690065740549
              ],
              [
                1192.7319100786297,
                884.4781149436486
              ],
              [
                1192.7361340941202,
                884.4839118366215
              ],
              [
                1192.7364128590089,
                884.484381787315
              ],
              [
                1192.7435181057788,
                884.4940453991978
              ],
              [
                1192.7595158714219,
                884.516000180246
              ],
              [
                1192.7648440496025,
                884.5245028582806
              ],
              [
                1192.7657625470922,
                884.5256880314083
              ],
              [
                1192.7721003272018,
                884.5356373310176
              ],
              [
                1192.7764039106096,
                884.5411214678597
              ],
              [
                1192.7777960263822,
                884.543284324108
              ],
              [
                1192.778647103162,
                884.5443603059815
              ],
              [
                1192.7812151707942,
                884.548329021759
              ],
              [
                1192.7916663257888,
                884.5614883138114
              ],
              [
                1192.8080298564905,
                884.5855154457404
              ],
              [
                1192.8249261924323,
                884.6057670457022
              ],
              [
                1192.8459705374275,
                884.6346475779582
              ],
              [
                1192.8513335829189,
                884.6406816751456
              ],
              [
                1192.853193302857,
                884.6432110189215
              ],
              [
                1192.8786828962616,
                884.671544507237
              ],
              [
                1192.8825648336224,
                884.6766064200596
              ],
              [
                1192.8834614461662,
                884.6775595105499
              ],
              [
                1192.8867203430125,
                884.6817645922314
              ],
              [
                1192.8870154202048,
                884.6820757837068
              ],
              [
                1192.8932668946961,
                884.6900421545952
              ],
              [
                1192.8961873982732,
                884.6930932243864
              ],
              [
                1192.9016697838426,
                884.6999962234224
              ],
              [
                1192.915421416027,
                884.7142327552513
              ],
              [
                1192.9328150263232,
                884.7350803780039
              ],
              [
                1192.950692167304,
                884.7526965134488
              ],
              [
                1192.9518243622672,
                884.7540130499644
              ],
              [
                1192.9534553582312,
                884.7555814495722
              ],
              [
                1192.9746370660387,
                884.7794135210536
              ],
              [
                1192.981174912466,
                884.7854716420289
              ],
              [
                1192.9850432368648,
                884.7897715585641
              ],
              [
                1193.0131270848785,
                884.8153928344777
              ],
              [
                1193.0204366156222,
                884.8231627951918
              ],
              [
                1193.02170895324,
                884.8242681231465
              ],
              [
                1193.0261219954573,
                884.8288367747178
              ],
              [
                1193.0289843313099,
                884.8318270762949
              ],
              [
                1193.0291367998832,
                884.8319578848952
              ],
              [
                1193.0362298665157,
                884.8393010618743
              ],
              [
                1193.0362533959824,
                884.8393211166684
              ],
              [
                1193.0363519368282,
                884.8394231321868
              ],
              [
                1193.053766990399,
                884.8542664482923
              ],
              [
                1193.0715575721467,
                884.8717972882656
              ],
              [
                1193.0935759549661,
                884.8896250694279
              ],
              [
                1193.1167030215913,
                884.9110551487327
              ],
              [
                1193.1244217898734,
                884.9169285051947
              ],
              [
                1193.130681593991,
                884.9226394094977
              ],
              [
                1193.1571832513723,
                884.9424108944653
              ],
              [
                1193.1837555761308,
                884.9650591978108
              ],
              [
                1193.2052854112208,
                884.9800736621435
              ],
              [
                1193.222941485966,
                884.9943693821937
              ],
              [
                1193.2474038174648,
                885.0105078510285
              ],
              [
                1193.270836100538,
                885.0283379174564
              ],
              [
                1193.2797152138867,
                885.0338255112958
              ],
              [
                1193.2886933375078,
                885.0405236144996
              ],
              [
                1193.2936578435233,
                885.0435154096302
              ],
              [
                1193.2951095339608,
                885.0445920566364
              ],
              [
                1193.3142610656587,
                885.0560710429808
              ],
              [
                1193.342620411378,
                885.0758482676098
              ],
              [
                1193.3684683698427,
                885.0903774458643
              ],
              [
                1193.3855308532256,
                885.1016340326019
              ],
              [
                1193.4122914904235,
                885.1157621562975
              ],
              [
                1193.4355908330822,
                885.1301619419761
              ],
              [
                1193.4455862786076,
                885.1350731096062
              ],
              [
                1193.4575432096372,
                885.1422787989377
              ],
              [
                1193.4601860484129,
                885.1435351116916
              ],
              [
                1193.463456526348,
                885.145495360728
              ],
              [
                1193.4828079289205,
                885.1546478925089
              ],
              [
                1193.5114565980625,
                885.1707513546561
              ],
              [
                1193.5418209049208,
                885.1841464618242
              ],
              [
                1193.5577834728222,
                885.1925738072621
              ],
              [
                1193.5866439074593,
                885.2043804415342
              ],
              [
                1193.6094221388855,
                885.2155723101274
              ],
              [
                1193.6201729595628,
                885.219616713442
              ],
              [
                1193.6284992193252,
                885.2235547410245
              ],
              [
                1193.632215709799,
                885.225333191463
              ],
              [
                1193.632401738649,
                885.2254004952018
              ],
              [
                1193.632439868798,
                885.2254185294192
              ],
              [
                1193.6355906482684,
                885.2269162993437
              ],
              [
                1193.635657311626,
                885.2269402665453
              ],
              [
                1193.6408831352699,
                885.2294118970539
              ],
              [
                1193.6596552309995,
                885.236128660307
              ],
              [
                1193.687964908047,
                885.2486173747609
              ],
              [
                1193.6951090336274,
                885.2509769637661
              ],
              [
                1193.700184663902,
                885.2531960697962
              ],
              [
                1193.7265523129943,
                885.2616161483596
              ],
              [
                1193.7380654852695,
                885.2663261195044
              ],
              [
                1193.7687749027607,
                885.2755199983774
              ],
              [
                1193.79069981693,
                885.2837680380572
              ],
              [
                1193.7919979782637,
                885.2841174661512
              ],
              [
                1193.7920425903676,
                885.2841342489947
              ],
              [
                1193.7992253060493,
                885.2860676316841
              ],
              [
                1193.825680645491,
                885.2955335034957
              ],
              [
                1193.8436118108177,
                885.300025026591
              ],
              [
                1193.871022775176,
                885.3090784242943
              ],
              [
                1193.885300721497,
                885.3123098627188
              ],
              [
                1193.8963976360658,
                885.3158534813462
              ],
              [
                1193.9199216360037,
                885.3207707673934
              ],
              [
                1193.9246668702676,
                885.3221914100695
              ],
              [
                1193.956627938183,
                885.3284529062307
              ],
              [
                1193.9570238653673,
                885.3285425139578
              ],
              [
                1193.9616022355642,
                885.3297748809449
              ],
              [
                1193.962666531435,
                885.3300706942745
              ],
              [
                1193.9627674061567,
                885.3300885117154
              ],
              [
                1193.9790666070835,
                885.3344757928384
              ],
              [
                1193.985353913237,
                885.3355295749571
              ],
              [
                1194.0160693559678,
                885.3432233928377
              ],
              [
                1194.0329627967828,
                885.3457292980639
              ],
              [
                1194.0590514003472,
                885.3516337687845
              ],
              [
                1194.0807059906508,
                885.3543799608047
              ],
              [
                1194.0980144070904,
                885.3579979864332
              ],
              [
                1194.1538658147817,
                885.3637729631928
              ],
              [
                1194.1700830393722,
                885.3664910464025
              ],
              [
                1194.1754204463205,
                885.3668608941905
              ],
              [
                1194.2102157193408,
                885.3720222853757
              ],
              [
                1194.2258952213065,
                885.3727925699133
              ],
              [
                1194.2503037286942,
                885.3758880082141
              ],
              [
                1194.2793972688607,
                885.3767527833955
              ],
              [
                1194.3028965548203,
                885.3791825848257
              ],
              [
                1194.3532392121604,
                885.3791825848257
              ],
              [
                1194.3633005230088,
                885.3798797686076
              ],
              [
                1194.3676856887134,
                885.3797582889042
              ],
              [
                1194.40625,
                885.3816528320312
              ],
              [
                1194.420574308657,
                885.3809491238718
              ],
              [
                1194.443002752537,
                885.3816157860076
              ],
              [
                1194.479420632948,
                885.3791825848257
              ],
              [
                1194.5088710233047,
                885.3791825848257
              ],
              [
                1194.5529347542404,
                885.3746264414335
              ],
              [
                1194.5569070521685,
                885.3745163991669
              ],
              [
                1194.560387869788,
                885.3740805240585
              ],
              [
                1194.6022842806592,
                885.3720222853757
              ],
              [
                1194.6151473906377,
                885.3701142232542
              ],
              [
                1194.6353580223256,
                885.368763882917
              ],
              [
                1194.6788153335854,
                885.3616105220458
              ],
              [
                1194.7137531710346,
                885.3579979864332
              ],
              [
                1194.7551153377508,
                885.3493519395954
              ],
              [
                1194.7964306440322,
                885.3432233928377
              ],
              [
                1194.8077618609566,
                885.340385070755
              ],
              [
                1194.8255822824763,
                885.3374517115041
              ],
              [
                1194.8315256008623,
                885.3358733775025
              ],
              [
                1194.8329451116665,
                885.3356354608071
              ],
              [
                1194.8714953382682,
                885.3252588366884
              ],
              [
                1194.875636853605,
                885.3241589974992
              ],
              [
                1194.9153699420592,
                885.3158534813462
              ],
              [
                1194.9505616190283,
                885.3046155934396
              ],
              [
                1194.986819354509,
                885.2955335034957
              ],
              [
                1194.9965831416118,
                885.2920399646085
              ],
              [
                1195.0119080775332,
                885.2879702066274
              ],
              [
                1195.0168410001563,
                885.2861359200763
              ],
              [
                1195.0199691283824,
                885.2852939169635
              ],
              [
                1195.0391640332286,
                885.2780728927169
              ],
              [
                1195.0399262351586,
                885.2778597601636
              ],
              [
                1195.0457527253325,
                885.2755942607145
              ],
              [
                1195.0699589515536,
                885.2664880032017
              ],
              [
                1195.111582914223,
                885.2531960697962
              ],
              [
                1195.1406105630547,
                885.2405061291901
              ],
              [
                1195.1716168647301,
                885.2294118970539
              ],
              [
                1195.1793037497146,
                885.22577627122
              ],
              [
                1195.180528430826,
                885.225333191463
              ],
              [
                1195.1811260357945,
                885.2250472198385
              ],
              [
                1195.1926041743573,
                885.2207791222407
              ],
              [
                1195.196514672928,
                885.2188783932602
              ],
              [
                1195.201246806427,
                885.2170981890337
              ],
              [
                1195.2204082547337,
                885.2076833926216
              ],
              [
                1195.2228552368108,
                885.2067319387647
              ],
              [
                1195.2391610530133,
                885.1984693825357
              ],
              [
                1195.251492379181,
                885.1924105020429
              ],
              [
                1195.2641417516159,
                885.1871641678333
              ],
              [
                1195.2708998564176,
                885.1835479027776
              ],
              [
                1195.3003109800625,
                885.1706903194998
              ],
              [
                1195.3226821642315,
                885.1579633315303
              ],
              [
                1195.349043473652,
                885.145495360728
              ],
              [
                1195.3495917133512,
                885.1451667584981
              ],
              [
                1195.3516069502145,
                885.1442136224467
              ],
              [
                1195.3577846121623,
                885.1405108743712
              ],
              [
                1195.3593894086355,
                885.1397429318696
              ],
              [
                1195.3596466937904,
                885.1395867750407
              ],
              [
                1195.3659916477577,
                885.1365027596222
              ],
              [
                1195.3689067317277,
                885.1347200703284
              ],
              [
                1195.3750781122303,
                885.1316878208823
              ],
              [
                1195.3750864556978,
                885.1316826643358
              ],
              [
                1195.3752001825428,
                885.1316267857261
              ],
              [
                1195.393992470078,
                885.1200125133029
              ],
              [
                1195.3979316396692,
                885.1180164396419
              ],
              [
                1195.4210408692525,
                885.103295683272
              ],
              [
                1195.4221056622114,
                885.1026376050323
              ],
              [
                1195.4371946358551,
                885.0945634881439
              ],
              [
                1195.4525173915752,
                885.0843149901407
              ],
              [
                1195.4766964397722,
                885.0706815385364
              ],
              [
                1195.4792010600086,
                885.0689195827272
              ],
              [
                1195.4867812286293,
                885.064607217583
              ],
              [
                1195.4984298776003,
                885.0562113464359
              ],
              [
                1195.5199539426017,
                885.0433103183551
              ],
              [
                1195.527344553817,
                885.03782906751
              ],
              [
                1195.5304594801098,
                885.0359241667215
              ],
              [
                1195.5323360944683,
                885.034511451303
              ],
              [
                1195.539954915087,
                885.0298027612064
              ],
              [
                1195.5581634097314,
                885.0159475739825
              ],
              [
                1195.5634693622676,
                885.0125676415483
              ],
              [
                1195.584713021577,
                884.9958970400742
              ],
              [
                1195.6003377693407,
                884.9854465571985
              ],
              [
                1195.6151261740777,
                884.9732986814481
              ],
              [
                1195.6395657549083,
                884.9561058708192
              ],
              [
                1195.6508580374177,
                884.9463473448511
              ],
              [
                1195.6607095896768,
                884.9392467477286
              ],
              [
                1195.6628054680834,
                884.9373644064457
              ],
              [
                1195.6776000448897,
                884.9263920004755
              ],
              [
                1195.6862358656094,
                884.9185649488142
              ],
              [
                1195.6873825423522,
                884.9177028083892
              ],
              [
                1195.6878879511785,
                884.9172377221046
              ],
              [
                1195.6940879940337,
                884.9125199924827
              ],
              [
                1195.6941836825054,
                884.912431325313
              ],
              [
                1195.6954307674712,
                884.9114823948264
              ],
              [
                1195.7128331489414,
                884.8953569422974
              ],
              [
                1195.7178741858452,
                884.891401074054
              ],
              [
                1195.736320906929,
                884.8737437542951
              ],
              [
                1195.751999994514,
                884.8608642306917
              ],
              [
                1195.7658416370862,
                884.8470098960788
              ],
              [
                1195.7747233747502,
                884.839462896384
              ],
              [
                1195.7756655673197,
                884.8384916017337
              ],
              [
                1195.7902340081187,
                884.825901896532
              ],
              [
                1195.8009480834833,
                884.8145958548922
              ],
              [
                1195.8230270389356,
                884.7945846561231
              ],
              [
                1195.8305872649335,
                884.7862432321563
              ],
              [
                1195.8374967230238,
                884.7798407671473
              ],
              [
                1195.8550239730043,
                884.7601204179572
              ],
              [
                1195.859659107545,
                884.75568363744
              ],
              [
                1195.8753101925465,
                884.7374409638495
              ],
              [
                1195.89072072124,
                884.7220163045313
              ],
              [
                1195.9020244403423,
                884.708229804564
              ],
              [
                1195.9087370957998,
                884.701309811193
              ],
              [
                1195.9110233679098,
                884.698447136668
              ],
              [
                1195.924872546626,
                884.6838762028333
              ],
              [
                1195.925096725938,
                884.6835878422229
              ],
              [
                1195.9272075497718,
                884.6813603926906
              ],
              [
                1195.9363605824915,
                884.6695403602619
              ],
              [
                1195.954834383288,
                884.6491576620773
              ],
              [
                1195.9608215300718,
                884.6410849291522
              ],
              [
                1195.966163251635,
                884.6350748240519
              ],
              [
                1195.9832386000708,
                884.6116412055957
              ],
              [
                1195.987458661063,
                884.606722364812
              ],
              [
                1196.0003770136393,
                884.5882747936254
              ],
              [
                1196.0151639930878,
                884.5702399601482
              ],
              [
                1196.0240624419196,
                884.556909269811
              ],
              [
                1196.0288502476856,
                884.5509143886516
              ],
              [
                1196.0320132337465,
                884.546061728971
              ],
              [
                1196.046573540855,
                884.5273328863873
              ],
              [
                1196.0469737649332,
                884.5266968412274
              ],
              [
                1196.0491284927496,
                884.5239142714012
              ],
              [
                1196.056744610006,
                884.5117476281597
              ],
              [
                1196.0717527011675,
                884.4915115597892
              ],
              [
                1196.076292891363,
                884.4839367100739
              ],
              [
                1196.0802237104328,
                884.4785421897424
              ],
              [
                1196.0962477390758,
                884.451370182782
              ],
              [
                1196.100042066837,
                884.4459518346556
              ],
              [
                1196.1103457412687,
                884.4276489946049
              ],
              [
                1196.1241313533214,
                884.4069968867084
              ],
              [
                1196.1308120798485,
                884.3944843373207
              ],
              [
                1196.133950403881,
                884.3896695141749
              ],
              [
                1196.1376340902625,
                884.3826174011056
              ],
              [
                1196.1521754058945,
                884.3595080133189
              ],
              [
                1196.152688968968,
                884.3584778258186
              ],
              [
                1196.154788173862,
                884.3551243746866
              ],
              [
                1196.1609022801422,
                884.3427744730498
              ],
              [
                1196.1726560052591,
                884.323164567402
              ],
              [
                1196.1759052052512,
                884.3162947112145
              ],
              [
                1196.1786084331964,
                884.3117108371978
              ],
              [
                1196.192974438476,
                884.2808722463108
              ],
              [
                1196.1963250851247,
                884.2749203550625
              ],
              [
                1196.2041791962595,
                884.2570726854915
              ],
              [
                1196.2165733866948,
                884.2338592042465
              ],
              [
                1196.2212749671742,
                884.2224938563361
              ],
              [
                1196.2230641805413,
                884.2190685552481
              ],
              [
                1196.2268821807877,
                884.2096491359273
              ],
              [
                1196.2406401561457,
                884.1820511738247
              ],
              [
                1196.2411960715744,
                884.1805888026026
              ],
              [
                1196.2431391359278,
                884.1766640010801
              ],
              [
                1196.2477978230445,
                884.1642905420715
              ],
              [
                1196.256572541585,
                884.1457379584801
              ],
              [
                1196.258713502056,
                884.1397543748104
              ],
              [
                1196.260394761751,
                884.1361453214305
              ],
              [
                1196.2725046882304,
                884.101809946904
              ],
              [
                1196.2753804578267,
                884.0952750526764
              ],
              [
                1196.2809877969712,
                884.0781472715395
              ],
              [
                1196.2915998258923,
                884.0524943232917
              ],
              [
                1196.2946069208404,
                884.0425648814014
              ],
              [
                1196.2953662514844,
                884.0406915306214
              ],
              [
                1196.295519999107,
                884.040174087805
              ],
              [
                1196.2958545327344,
                884.0393487571839
              ],
              [
                1196.2993139213777,
                884.0277060678607
              ],
              [
                1196.311098250747,
                883.9967066329679
              ],
              [
                1196.3116181878343,
                883.9947838446158
              ],
              [
                1196.3133055117405,
                883.9903023173815
              ],
              [
                1196.3165682425279,
                883.9780612071904
              ],
              [
                1196.3226941480268,
                883.960940448259
              ],
              [
                1196.323932865156,
                883.9559952122751
              ],
              [
                1196.3248156987172,
                883.9534921069899
              ],
              [
                1196.32884276878,
                883.9371911597732
              ],
              [
                1196.3295297804175,
                883.9351920009242
              ],
              [
                1196.3336830879668,
                883.9175983078133
              ],
              [
                1196.334096191263,
                883.9159261305435
              ],
              [
                1196.3364468384873,
                883.9087460099634
              ],
              [
                1196.3400375851438,
                883.8925526107444
              ],
              [
                1196.3484881252907,
                883.8646488867914
              ],
              [
                1196.349945978828,
                883.8573021683603
              ],
              [
                1196.3506752731914,
                883.8548477035471
              ],
              [
                1196.3538208696896,
                883.8387133755343
              ],
              [
                1196.3628571404945,
                883.8052961858853
              ],
              [
                1196.3632566022986,
                883.8028958644624
              ],
              [
                1196.364591706979,
                883.7978868200231
              ],
              [
                1196.366532121058,
                883.7859294496918
              ],
              [
                1196.370384037369,
                883.7705517377823
              ],
              [
                1196.370945777957,
                883.7667647903432
              ],
              [
                1196.3712671004594,
                883.7654641273133
              ],
              [
                1196.3739912019441,
                883.7468503969615
              ],
              [
                1196.375086338671,
                883.7422113233413
              ],
              [
                1196.3776725185517,
                883.7228281607782
              ],
              [
                1196.378936124479,
                883.717129603572
              ],
              [
                1196.380757073339,
                883.7020324995254
              ],
              [
                1196.3866904194686,
                883.672131948986
              ],
              [
                1196.387087189508,
                883.6680844611034
              ],
              [
                1196.387506961527,
                883.6659313752117
              ],
              [
                1196.3895210271685,
                883.6450758651154
              ],
              [
                1196.3954080750732,
                883.6097012509347
              ],
              [
                1196.3955978136848,
                883.6068185813405
              ],
              [
                1196.3964892959789,
                883.6013250199152
              ],
              [
                1196.3971964778225,
                883.5897969465918
              ],
              [
                1196.3991829299068,
                883.5764053744091
              ],
              [
                1196.3993077562654,
                883.5738628932938
              ],
              [
                1196.3993133427837,
                883.5738247207274
              ],
              [
                1196.399596884683,
                883.5679738843517
              ],
              [
                1196.4003322612618,
                883.5529956290699
              ],
              [
                1196.4013099386557,
                883.5456680336464
              ],
              [
                1196.4019601078278,
                883.5262425996469
              ],
              [
                1196.4024391207504,
                883.5222712042439
              ],
              [
                1196.4027428564802,
                883.5083795538873
              ],
              [
                1196.4058387994496,
                883.476797553227
              ],
              [
                1196.405838484245,
                883.476109728277
              ],
              [
                1196.4060084814982,
                883.4743494185036
              ],
              [
                1196.4060084814982,
                883.448650903668
              ],
              [
                1196.408431103682,
                883.4118443767904
              ],
              [
                1196.4083187609958,
                883.4084878573993
              ],
              [
                1196.4086820620123,
                883.4025655323375
              ],
              [
                1196.408259132867,
                883.3915399750715
              ],
              [
                1196.4088134765625,
                883.3802490234375
              ],
              [
                1196.4088119775633,
                883.3802185106094
              ],
              [
                1196.4088134765625,
                883.3801879882812
              ],
              [
                1196.4086917429368,
                883.377771078558
              ],
              [
                1196.4076435678196,
                883.3564349838964
              ],
              [
                1196.407942822432,
                883.3474940021158
              ],
              [
                1196.4079103211616,
                883.3470002153032
              ],
              [
                1196.407942822432,
                883.3460291583658
              ],
              [
                1196.4067040798575,
                883.3272091326223
              ],
              [
                1196.406729480599,
                883.3260474048851
              ],
              [
                1196.4060084814982,
                883.316617910724
              ],
              [
                1196.4060084814982,
                883.2818761674339
              ],
              [
                1196.403058753087,
                883.2513319342203
              ],
              [
                1196.4017982199057,
                883.2136703452599
              ],
              [
                1196.401290173296,
                883.2098625861406
              ],
              [
                1196.4010491321012,
                883.2035787593433
              ],
              [
                1196.3996331618105,
                883.1933794237156
              ],
              [
                1196.3991829299068,
                883.1842147427784
              ],
              [
                1196.3988193449327,
                883.1817636519802
              ],
              [
                1196.3986916267215,
                883.1792279237919
              ],
              [
                1196.3956463397321,
                883.1592105846643
              ],
              [
                1196.3949197938232,
                883.1481722842216
              ],
              [
                1196.3905753143908,
                883.1220667919233
              ],
              [
                1196.387506961527,
                883.0902942107258
              ],
              [
                1196.3806318655718,
                883.0550306118118
              ],
              [
                1196.375574619921,
                883.017127055565
              ],
              [
                1196.3745780036502,
                883.0129053212945
              ],
              [
                1196.3736661752907,
                883.0063373561794
              ],
              [
                1196.3714231614595,
                882.9970735850042
              ],
              [
                1196.370384037369,
                882.9900683794052
              ],
              [
                1196.369187773167,
                882.9852926250059
              ],
              [
                1196.368428529043,
                882.9803019468994
              ],
              [
                1196.3683275501887,
                882.9799091450707
              ],
              [
                1196.3680623181056,
                882.9781657164307
              ],
              [
                1196.363992847783,
                882.9623357152495
              ],
              [
                1196.3623688592445,
                882.952577349271
              ],
              [
                1196.356234231914,
                882.9298907776356
              ],
              [
                1196.3506752731914,
                882.9013778823904
              ],
              [
                1196.3388734992745,
                882.8616586136557
              ],
              [
                1196.3300180616675,
                882.8241463779821
              ],
              [
                1196.3284429267324,
                882.8195628385296
              ],
              [
                1196.3268046525063,
                882.8127966753705
              ],
              [
                1196.3239148775158,
                882.8045530942278
              ],
              [
                1196.3226941480268,
                882.7996796689285
              ],
              [
                1196.3221382058803,
                882.7981259147168
              ],
              [
                1196.3219617261518,
                882.7974213681473
              ],
              [
                1196.3215571821045,
                882.7962907432766
              ],
              [
                1196.321353392645,
                882.7954807657381
              ],
              [
                1196.3204569421093,
                882.792983592343
              ],
              [
                1196.3179642911196,
                882.7832873260024
              ],
              [
                1196.3127724713925,
                882.7691640879215
              ],
              [
                1196.310609969497,
                882.7611669021884
              ],
              [
                1196.303303752338,
                882.7419474289347
              ],
              [
                1196.2958545327344,
                882.7168768287536
              ],
              [
                1196.27811412945,
                882.6731093361727
              ],
              [
                1196.265576331284,
                882.6366251650343
              ],
              [
                1196.2633378990101,
                882.6317468240791
              ],
              [
                1196.2609291254241,
                882.6248753823318
              ],
              [
                1196.2579091903224,
                882.6184065229007
              ],
              [
                1196.25584011971,
                882.6126238579261
              ],
              [
                1196.2553014403416,
                882.6114849160939
              ],
              [
                1196.2550385207053,
                882.6107525210597
              ],
              [
                1196.252817288644,
                882.6060688025187
              ],
              [
                1196.248538419533,
                882.5944290518438
              ],
              [
                1196.2425383751045,
                882.5821002033304
              ],
              [
                1196.2401518748957,
                882.5758223613316
              ],
              [
                1196.2322802232127,
                882.5600321349954
              ],
              [
                1196.2235524617913,
                882.5384998041269
              ],
              [
                1196.1988660522754,
                882.4912397137829
              ],
              [
                1196.1828828417126,
                882.4564066068812
              ],
              [
                1196.1799038001056,
                882.4513148844566
              ],
              [
                1196.1766926510395,
                882.4444364346821
              ],
              [
                1196.174739874425,
                882.4411517961174
              ],
              [
                1196.1719235833841,
                882.4351972490042
              ],
              [
                1196.1712465384603,
                882.4340676677912
              ],
              [
                1196.170936438718,
                882.4334137874794
              ],
              [
                1196.1669418450006,
                882.4267649922477
              ],
              [
                1196.1604874215927,
                882.4135024890469
              ],
              [
                1196.1540014456227,
                882.4030079594771
              ],
              [
                1196.1516871246445,
                882.3983655218374
              ],
              [
                1196.1438332608084,
                882.3858839837424
              ],
              [
                1196.134438685131,
                882.3678988452001
              ],
              [
                1196.1233485469716,
                882.3508843325659
              ],
              [
                1196.1231889764251,
                882.3505861258637
              ],
              [
                1196.1218227199863,
                882.348543405686
              ],
              [
                1196.1018181942095,
                882.317852421347
              ],
              [
                1196.0827504067354,
                882.2852621141686
              ],
              [
                1196.0789631936248,
                882.2800520691799
              ],
              [
                1196.0749303075877,
                882.2732686138136
              ],
              [
                1196.0745954749805,
                882.2728151102629
              ],
              [
                1196.0710202792925,
                882.2668502566171
              ],
              [
                1196.070203345635,
                882.2657487490924
              ],
              [
                1196.0698570957077,
                882.2651724339452
              ],
              [
                1196.0636689106616,
                882.25684684762
              ],
              [
                1196.0547025362787,
                882.2423389491126
              ],
              [
                1196.048054248534,
                882.2336698105216
              ],
              [
                1196.046085259605,
                882.230540648769
              ],
              [
                1196.0387995184526,
                882.2211690401804
              ],
              [
                1196.0293385289356,
                882.2066539707234
              ],
              [
                1196.0144654184744,
                882.188031133031
              ],
              [
                1196.0140720454797,
                882.1874429923781
              ],
              [
                1196.0113211027237,
                882.1840940895974
              ],
              [
                1195.9878285778238,
                882.1546787578586
              ],
              [
                1195.966163251635,
                882.1248739064168
              ],
              [
                1195.9635372773266,
                882.121926205113
              ],
              [
                1195.954101961413,
                882.109204154329
              ],
              [
                1195.9531465307566,
                882.1081499990458
              ],
              [
                1195.9527739410032,
                882.1076487166615
              ],
              [
                1195.9440090780638,
                882.0979984862386
              ],
              [
                1195.9322545023151,
                882.0826709236904
              ],
              [
                1195.925761783085,
                882.0757692257408
              ],
              [
                1195.924384265376,
                882.073997332323
              ],
              [
                1195.9181748383069,
                882.0674642986443
              ],
              [
                1195.9092253770498,
                882.056258548182
              ],
              [
                1195.8902004494128,
                882.0366459859159
              ],
              [
                1195.889489718973,
                882.0357807672046
              ],
              [
                1195.8853224233985,
                882.031617289315
              ],
              [
                1195.8618508112888,
                882.0074206951009
              ],
              [
                1195.843051637016,
                881.9866790026069
              ],
              [
                1195.8342673390125,
                881.9768184770879
              ],
              [
                1195.8333468848002,
                881.9759714585801
              ],
              [
                1195.8222946170606,
                881.9637771602831
              ],
              [
                1195.8212051155954,
                881.9627896937146
              ],
              [
                1195.8208145493884,
                881.962359675137
              ],
              [
                1195.8091356357418,
                881.9517967554331
              ],
              [
                1195.7943827203153,
                881.9361145485582
              ],
              [
                1195.794343136496,
                881.9360801605927
              ],
              [
                1195.7942606500028,
                881.9359924782457
              ],
              [
                1195.788263195102,
                881.9307822616606
              ],
              [
                1195.7877803696877,
                881.9302742736196
              ],
              [
                1195.7831048576015,
                881.9262424667598
              ],
              [
                1195.7752116560002,
                881.918105462991
              ],
              [
                1195.7517658469958,
                881.8981830649091
              ],
              [
                1195.7506417928125,
                881.8970600404787
              ],
              [
                1195.7450095199806,
                881.8924420714401
              ],
              [
                1195.7222645299098,
                881.8731151739773
              ],
              [
                1195.698853909194,
                881.8518970241665
              ],
              [
                1195.6939659237212,
                881.8473677028298
              ],
              [
                1195.693284422638,
                881.8468491357938
              ],
              [
                1195.6768676230147,
                881.8319698159307
              ],
              [
                1195.6756515363481,
                881.8310679045901
              ],
              [
                1195.6752497619411,
                881.8307045222647
              ],
              [
                1195.6604978421249,
                881.8197876527668
              ],
              [
                1195.6423606374415,
                881.8040311750254
              ],
              [
                1195.6341050287645,
                881.7982041877027
              ],
              [
                1195.6285385322685,
                881.7934742183043
              ],
              [
                1195.6005123389457,
                881.7739670742075
              ],
              [
                1195.5988654484295,
                881.772616768631
              ],
              [
                1195.5917111599126,
                881.7678411667166
              ],
              [
                1195.570396922167,
                881.753005762485
              ],
              [
                1195.5529613165963,
                881.7400746360889
              ],
              [
                1195.5398328447745,
                881.7300849341061
              ],
              [
                1195.5377864871539,
                881.7288202155434
              ],
              [
                1195.5192215207267,
                881.7150514980511
              ],
              [
                1195.5178893214222,
                881.714253008517
              ],
              [
                1195.517481447138,
                881.7139511691369
              ],
              [
                1195.4995186354158,
                881.703210197734
              ],
              [
                1195.4779699034364,
                881.6880006362134
              ],
              [
                1195.4728506555787,
                881.685110381314
              ],
              [
                1195.470564417244,
                881.6835190849107
              ],
              [
                1195.4379150694826,
                881.6651798186099
              ],
              [
                1195.4356223749896,
                881.6636494083972
              ],
              [
                1195.4268902345173,
                881.6589871257012
              ],
              [
                1195.4076953552428,
                881.6482052869582
              ],
              [
                1195.3962151174194,
                881.6413242972136
              ],
              [
                1195.3750781122303,
                881.6282609095864
              ],
              [
                1195.3714279137507,
                881.6264674190841
              ],
              [
                1195.3508745283395,
                881.6141481939595
              ],
              [
                1195.3494395067667,
                881.6134694793029
              ],
              [
                1195.3490290000957,
                881.6132240143678
              ],
              [
                1195.3277329522261,
                881.6031789795219
              ],
              [
                1195.3027523863125,
                881.5890753055002
              ],
              [
                1195.3025082456875,
                881.5889532351877
              ],
              [
                1195.2650568571194,
                881.5725807105199
              ],
              [
                1195.2624846925278,
                881.571207375024
              ],
              [
                1195.2526007519973,
                881.567118618373
              ],
              [
                1195.2352379990293,
                881.5594561887896
              ],
              [
                1195.2300352953707,
                881.5569954932196
              ],
              [
                1195.201246806427,
                881.5428505414351
              ],
              [
                1195.19578012317,
                881.5407940033765
              ],
              [
                1195.1734479194176,
                881.5302316576336
              ],
              [
                1195.1719259221356,
                881.5296870782984
              ],
              [
                1195.1715147099644,
                881.5294931155211
              ],
              [
                1195.1634284870722,
                881.5266093563617
              ],
              [
                1195.162805588566,
                881.5263185553958
              ],
              [
                1195.1497285541914,
                881.521719655821
              ],
              [
                1195.1268954558664,
                881.511643085106
              ],
              [
                1195.1218347239585,
                881.5099686686759
              ],
              [
                1195.113780179848,
                881.5064474848913
              ],
              [
                1195.0522520189634,
                881.4867994705121
              ],
              [
                1195.0199691283824,
                881.4746548135053
              ],
              [
                1195.0125086358782,
                881.472646661199
              ],
              [
                1194.9886504091965,
                881.4641100511918
              ],
              [
                1194.9870594925517,
                881.4637115473175
              ],
              [
                1194.986648136398,
                881.4635648469246
              ],
              [
                1194.9787979930936,
                881.4616072127213
              ],
              [
                1194.9768303178569,
                881.46091522549
              ],
              [
                1194.9644003128656,
                881.4578792141457
              ],
              [
                1194.9445311245004,
                881.451305205473
              ],
              [
                1194.9326370676301,
                881.4486023872583
              ],
              [
                1194.9175672076842,
                881.4437900733413
              ],
              [
                1194.8626765854551,
                881.432316136446
              ],
              [
                1194.8329451116665,
                881.4243132696616
              ],
              [
                1194.8233575961765,
                881.422706356917
              ],
              [
                1194.7982616987197,
                881.4164201618498
              ],
              [
                1194.7966217084224,
                881.4161768922695
              ],
              [
                1194.7962096455574,
                881.416074133845
              ],
              [
                1194.788736622086,
                881.4149736032167
              ],
              [
                1194.7853195344974,
                881.4141389843496
              ],
              [
                1194.773757914936,
                881.4124985185349
              ],
              [
                1194.7572195147354,
                881.4087403147705
              ],
              [
                1194.7383016911576,
                881.4063177121146
              ],
              [
                1194.7159504366596,
                881.4016455682543
              ],
              [
                1194.6683091837165,
                881.3967195128527
              ],
              [
                1194.6419286793778,
                881.3922980160975
              ],
              [
                1194.6301333352621,
                881.3914806750231
              ],
              [
                1194.6041153353467,
                881.3876212693118
              ],
              [
                1194.6024474255635,
                881.3875393301585
              ],
              [
                1194.602033264214,
                881.3874783378102
              ],
              [
                1194.5950579948767,
                881.3871429783017
              ],
              [
                1194.5901339762606,
                881.3864443145748
              ]
            ],
            [
              [
                1195.3515109865543,
                885.1441369395652
              ],
              [
                1195.351484879902,
                885.1441525872905
              ],
              [
                1195.3505312599607,
                885.1446036159324
              ],
              [
                1195.3505573666134,
                885.1445879682068
              ],
              [
                1195.3515109865543,
                885.1441369395652
              ]
            ],
            [
              [
                1195.3561690504234,
                885.1412839683702
              ],
              [
                1195.351484879902,
                885.1440915521342
              ],
              [
                1195.3510140865915,
                885.1443142207868
              ],
              [
                1195.3556765781298,
                885.1415196309052
              ],
              [
                1195.3561690504234,
                885.1412839683702
              ]
            ],
            [
              [
                1195.5173904660392,
                885.0445920566364
              ],
              [
                1195.5225834976288,
                885.040740641921
              ],
              [
                1195.5257105342553,
                885.038828335184
              ],
              [
                1195.5198318722892,
                885.0431882480426
              ],
              [
                1195.500038320216,
                885.055052046591
              ],
              [
                1195.5005286223836,
                885.0546986567829
              ],
              [
                1195.5173904660392,
                885.0445920566364
              ]
            ],
            [
              [
                1195.6750365683272,
                884.9276737387568
              ],
              [
                1195.6788608933987,
                884.9242075725547
              ],
              [
                1195.6841293292696,
                884.9202414936675
              ],
              [
                1195.6774779745772,
                884.926269930163
              ],
              [
                1195.6641642616162,
                884.9361440526534
              ],
              [
                1195.6667645959374,
                884.9338086515984
              ],
              [
                1195.6750365683272,
                884.9276737387568
              ]
            ],
            [
              [
                1195.8218310322127,
                884.7943569616084
              ],
              [
                1195.8291342684447,
                884.7875896125897
              ],
              [
                1195.822904968623,
                884.7944625858106
              ],
              [
                1195.8025108906356,
                884.8129467006593
              ],
              [
                1195.807853782982,
                884.8073086067232
              ],
              [
                1195.8085133985248,
                884.8066973915776
              ],
              [
                1195.820463562373,
                884.7958663944044
              ],
              [
                1195.8218310322127,
                884.7943569616084
              ]
            ],
            [
              [
                1196.3694456935123,
                882.9869879919906
              ],
              [
                1196.3693765886867,
                882.9865337508198
              ],
              [
                1196.3702619670564,
                882.9900683794052
              ],
              [
                1196.3711080308337,
                882.9957720780917
              ],
              [
                1196.3703971641376,
                882.9928361593215
              ],
              [
                1196.369651615494,
                882.987810078624
              ],
              [
                1196.3694456935123,
                882.9869879919906
              ]
            ],
            [
              [
                1196.3225720777143,
                882.7996796689285
              ],
              [
                1196.3234872250378,
                882.8033331418392
              ],
              [
                1196.3233307079788,
                882.8028866499569
              ],
              [
                1196.3224231236447,
                882.7992633701928
              ],
              [
                1196.3225720777143,
                882.7996796689285
              ]
            ],
            [
              [
                1195.9547123129755,
                884.6490355917648
              ],
              [
                1195.9377259414377,
                884.6677771646614
              ],
              [
                1195.9419773277411,
                884.6622870145096
              ],
              [
                1195.9595373054444,
                884.6425298425366
              ],
              [
                1195.9547123129755,
                884.6490355917648
              ]
            ],
            [
              [
                1196.071630630855,
                884.4913894894767
              ],
              [
                1196.057895209225,
                884.5099095616305
              ],
              [
                1196.0611135158656,
                884.5047683607512
              ],
              [
                1196.075192569752,
                884.4854467534504
              ],
              [
                1196.071630630855,
                884.4913894894767
              ]
            ],
            [
              [
                1196.1725339349466,
                884.3230424970895
              ],
              [
                1196.161828962378,
                884.3409026648189
              ],
              [
                1196.164107853111,
                884.3362995265832
              ],
              [
                1196.1749970602677,
                884.3178346561535
              ],
              [
                1196.1725339349466,
                884.3230424970895
              ]
            ],
            [
              [
                1196.2564504712725,
                884.1456158881676
              ],
              [
                1196.248499658193,
                884.1624264700225
              ],
              [
                1196.2499655854026,
                884.1585329717506
              ],
              [
                1196.2579988292416,
                884.1412885175391
              ],
              [
                1196.2564504712725,
                884.1456158881676
              ]
            ],
            [
              [
                1196.3225720777143,
                883.9608183779465
              ],
              [
                1196.3170522975279,
                883.9762451301128
              ],
              [
                1196.3178612392655,
                883.973210143289
              ],
              [
                1196.3234061176943,
                883.9574887037014
              ],
              [
                1196.3225720777143,
                883.9608183779465
              ]
            ],
            [
              [
                1196.3702619670564,
                883.7704296674698
              ],
              [
                1196.3668129446469,
                883.7841989367644
              ],
              [
                1196.3671464078598,
                883.7821440438568
              ],
              [
                1196.3705949470238,
                883.7681848988676
              ],
              [
                1196.3702619670564,
                883.7704296674698
              ]
            ],
            [
              [
                1196.3990608595943,
                883.5762833040966
              ],
              [
                1196.397295327614,
                883.5881855539119
              ],
              [
                1196.3973557151644,
                883.5872011506597
              ],
              [
                1196.3991150930203,
                883.5751793573515
              ],
              [
                1196.3990608595943,
                883.5762833040966
              ]
            ],
            [
              [
                1196.3990608595943,
                883.1842147427784
              ],
              [
                1196.399444238186,
                883.1920185932902
              ],
              [
                1196.3992741536008,
                883.1907934618151
              ],
              [
                1196.3988821035903,
                883.1830096676846
              ],
              [
                1196.3990608595943,
                883.1842147427784
              ]
            ]
          ]
        ]
      }
    }
  ]
}