{
  "type": "FeatureCollection",
  "features": [
    {
      "type": "Feature",
      "properties": {
        "image_id": "0011_top_20250623_t1",
        "zone_type": "parking_spot",
        "generated_at": "2025-11-03T11:20:40",
        "source": "merged_t1_polygons"
      },
      "geometry": {
        "type": "MultiPolygon",
        "coordinates": [
          [
            [
              [
                1275.673440135032,
                423.7415165609759
              ],
              [
                1275.6699681046766,
                423.7456536407923
              ],
              [
                1275.6676087490275,
                423.74909001601213
              ],
              [
                1275.6553682334747,
                423.76401907305484
              ],
              [
                1275.6410079467973,
                423.7855320961077
              ],
              [
                1275.6167643255808,
                423.8171900917083
              ],
              [
                1275.61437009251,
                423.8210346904192
              ],
              [
                1275.6081408321872,
                423.8292604905026
              ],
              [
                1275.6048828322225,
                423.8345931784192
              ],
              [
                1275.5976808925825,
                423.8443038698983
              ],
              [
                1275.5803702756446,
                423.8731848894457
              ],
              [
                1275.576469910553,
                423.8787028364525
              ],
              [
                1275.565580841777,
                423.89769252634306
              ],
              [
                1275.5607087234314,
                423.90478871243874
              ],
              [
                1275.557361200721,
                423.9108425733318
              ],
              [
                1275.546400873241,
                423.92726214649474
              ],
              [
                1275.535486756579,
                423.9477035495668
              ],
              [
                1275.5147222214423,
                423.98104671318254
              ],
              [
                1275.5117671434161,
                423.98700475421697
              ],
              [
                1275.5042114487087,
                423.99937190041294
              ],
              [
                1275.5020665613515,
                424.00382674416664
              ],
              [
                1275.4967775884909,
                424.0126508622855
              ],
              [
                1275.4831998584918,
                424.0413585603872
              ],
              [
                1275.482326682914,
                424.04288131075145
              ],
              [
                1275.4787108168523,
                424.05084984148954
              ],
              [
                1275.471423864781,
                424.06625680717246
              ],
              [
                1275.4672994724694,
                424.0737156056579
              ],
              [
                1275.4634134686198,
                424.082691948126
              ],
              [
                1275.4539588398677,
                424.10039982895654
              ],
              [
                1275.4460856275302,
                424.1194321092245
              ],
              [
                1275.4289518072571,
                424.1539773913992
              ],
              [
                1275.425844112848,
                424.1621376677922
              ],
              [
                1275.4177328505607,
                424.17898442946995
              ],
              [
                1275.4164822817174,
                424.1824210246026
              ],
              [
                1275.412861052165,
                424.1900774712073
              ],
              [
                1275.393503710437,
                424.24417761711004
              ],
              [
                1275.3906104959397,
                424.25086069956905
              ],
              [
                1275.386695808879,
                424.2629978642414
              ],
              [
                1275.3789324006702,
                424.28176470991144
              ],
              [
                1275.3736746988986,
                424.2991256662897
              ],
              [
                1275.360252068386,
                424.3343712086354
              ],
              [
                1275.357404785758,
                424.344767492914
              ],
              [
                1275.3495641855043,
                424.3663136627368
              ],
              [
                1275.3489758447136,
                424.36862466496615
              ],
              [
                1275.3467394457232,
                424.37487498142855
              ],
              [
                1275.3332787916702,
                424.4286129246842
              ],
              [
                1275.3313561820162,
                424.43457381749874
              ],
              [
                1275.328385679172,
                424.44814732477613
              ],
              [
                1275.3276280919458,
                424.4511717825186
              ],
              [
                1275.3220441012718,
                424.4696101464117
              ],
              [
                1275.3189680935257,
                424.4851114037232
              ],
              [
                1275.3092629700918,
                424.5205477250737
              ],
              [
                1275.307088066396,
                424.5331598299294
              ],
              [
                1275.3003826957386,
                424.5594985213473
              ],
              [
                1275.300215127538,
                424.56061047101105
              ],
              [
                1275.299049556381,
                424.5652636919052
              ],
              [
                1275.291253585576,
                424.6178198580425
              ],
              [
                1275.2900885080892,
                424.62314359902973
              ],
              [
                1275.28853567489,
                424.6361425235743
              ],
              [
                1275.2871665880994,
                424.6453721570116
              ],
              [
                1275.283841807094,
                424.6621270842171
              ],
              [
                1275.2825160792106,
                424.6756509570087
              ],
              [
                1275.2764594960092,
                424.7107726327648
              ],
              [
                1275.275448727255,
                424.72436755818774
              ],
              [
                1275.2702506638432,
                424.75941005527835
              ],
              [
                1275.2677662156923,
                424.810005777571
              ],
              [
                1275.2671918988776,
                424.8148134420009
              ],
              [
                1275.266909448615,
                424.82745381692456
              ],
              [
                1275.266181200985,
                424.8422845610591
              ],
              [
                1275.264693427113,
                424.85746147997605
              ],
              [
                1275.2646986948116,
                424.86895640577126
              ],
              [
                1275.2621472234848,
                424.9032739113922
              ],
              [
                1275.2624722126657,
                424.91781801219423
              ],
              [
                1275.2606201171875,
                424.9555358886719
              ],
              [
                1275.2629759195684,
                425.0034893477677
              ],
              [
                1275.2628796453598,
                425.00779786595155
              ],
              [
                1275.2637873755823,
                425.0200069143887
              ],
              [
                1275.263806230677,
                425.0203907186543
              ],
              [
                1275.26477748592,
                425.0408906750451
              ],
              [
                1275.2647833706953,
                425.05373215667686
              ],
              [
                1275.2657209410506,
                425.06320695404514
              ],
              [
                1275.2664594770026,
                425.09625833534284
              ],
              [
                1275.2680193959693,
                425.10931657556614
              ],
              [
                1275.2697038158922,
                425.1448690579985
              ],
              [
                1275.2700353408302,
                425.1471871687115
              ],
              [
                1275.2702506638432,
                425.151570169331
              ],
              [
                1275.276903507163,
                425.1964199959332
              ],
              [
                1275.2771919178842,
                425.20029914457893
              ],
              [
                1275.2792447418615,
                425.21220331822246
              ],
              [
                1275.2817229254142,
                425.2289098746947
              ],
              [
                1275.2830050479117,
                425.23787481686503
              ],
              [
                1275.2841107716358,
                425.2490489204103
              ],
              [
                1275.2856096217272,
                425.2565661432948
              ],
              [
                1275.2893560862142,
                425.287928178314
              ],
              [
                1275.2916860870819,
                425.29857495611327
              ],
              [
                1275.296508390285,
                425.33229378518286
              ],
              [
                1275.297936424743,
                425.3382124087452
              ],
              [
                1275.299049556381,
                425.34571653270416
              ],
              [
                1275.309381403339,
                425.3869635778604
              ],
              [
                1275.3099953919668,
                425.39052405227005
              ],
              [
                1275.3132491860802,
                425.40240463210955
              ],
              [
                1275.3180207048665,
                425.42145360289317
              ],
              [
                1275.320702687383,
                425.4325693325068
              ],
              [
                1275.3224894964976,
                425.44153076397066
              ],
              [
                1275.324211904731,
                425.447199430056
              ],
              [
                1275.3306237601412,
                425.476497959845
              ],
              [
                1275.3333146887649,
                425.48484096231766
              ],
              [
                1275.340915698044,
                425.5163440625152
              ],
              [
                1275.3441264282292,
                425.5256734925938
              ],
              [
                1275.3467394457232,
                425.5361052431808
              ],
              [
                1275.352384588361,
                425.5518823599275
              ],
              [
                1275.3524842461745,
                425.552269114637
              ],
              [
                1275.3538176019313,
                425.5558873645571
              ],
              [
                1275.3600701827365,
                425.5733621572524
              ],
              [
                1275.360984490261,
                425.57670056870836
              ],
              [
                1275.3656186424707,
                425.5888690633854
              ],
              [
                1275.372342084687,
                425.60765982556654
              ],
              [
                1275.3776811565695,
                425.6231735856581
              ],
              [
                1275.3795499371804,
                425.62932398198325
              ],
              [
                1275.3810061663778,
                425.63283507844295
              ],
              [
                1275.381676993291,
                425.6347843025817
              ],
              [
                1275.3898780740647,
                425.6602110777747
              ],
              [
                1275.392558334399,
                425.66640225400494
              ],
              [
                1275.4025277773785,
                425.69537049980465
              ],
              [
                1275.407518374341,
                425.7063635785152
              ],
              [
                1275.4079492635378,
                425.70759357210954
              ],
              [
                1275.4086103369339,
                425.70902280018214
              ],
              [
                1275.412861052165,
                425.7209027534021
              ],
              [
                1275.4208578127095,
                425.73781048300924
              ],
              [
                1275.4222162584306,
                425.74149681810536
              ],
              [
                1275.4291774135152,
                425.75576357442645
              ],
              [
                1275.4296842291321,
                425.7570943859445
              ],
              [
                1275.4360236675116,
                425.76987598888854
              ],
              [
                1275.4441893575913,
                425.7871408899889
              ],
              [
                1275.4536243600378,
                425.8079239196165
              ],
              [
                1275.454742570448,
                425.81062002310034
              ],
              [
                1275.455440147999,
                425.8119236615577
              ],
              [
                1275.4579570004657,
                425.81746767913273
              ],
              [
                1275.4665670505944,
                425.8373561716858
              ],
              [
                1275.4689069884607,
                425.8415878557002
              ],
              [
                1275.4807924837296,
                425.8677687286479
              ],
              [
                1275.4872127203002,
                425.8789596537006
              ],
              [
                1275.4887507843391,
                425.8822849188143
              ],
              [
                1275.491035469988,
                425.8861886727937
              ],
              [
                1275.4967775884909,
                425.89832936232386
              ],
              [
                1275.50732781644,
                425.9159313542528
              ],
              [
                1275.510650022725,
                425.92274015350273
              ],
              [
                1275.533251136786,
                425.9592078599401
              ],
              [
                1275.5524619688374,
                425.9926936948185
              ],
              [
                1275.5599763015564,
                426.006283064905
              ],
              [
                1275.5616908506026,
                426.0087802864911
              ],
              [
                1275.5750084378826,
                426.0319937801825
              ],
              [
                1275.5828940107672,
                426.04314380763833
              ],
              [
                1275.5859703657406,
                426.0484002563647
              ],
              [
                1275.5904030587144,
                426.0545340224671
              ],
              [
                1275.5976808925825,
                426.0666763547111
              ],
              [
                1275.6109119835091,
                426.0845164156308
              ],
              [
                1275.6168863958933,
                426.09415634383856
              ],
              [
                1275.6427508812822,
                426.12778011237253
              ],
              [
                1275.6647875244414,
                426.1589394434519
              ],
              [
                1275.6692356828016,
                426.16541813655147
              ],
              [
                1275.670085800821,
                426.1664310902814
              ],
              [
                1275.6843313114678,
                426.186573930524
              ],
              [
                1275.6936828457879,
                426.1974480615786
              ],
              [
                1275.6987076097466,
                426.2044011095396
              ],
              [
                1275.7057815546395,
                426.2124332244398
              ],
              [
                1275.714599210462,
                426.2243224569992
              ],
              [
                1275.7305636605709,
                426.2419365133504
              ],
              [
                1275.7398452281823,
                426.25400252882696
              ],
              [
                1275.7676492140026,
                426.2834574750141
              ],
              [
                1275.8077813935172,
                426.33012388980825
              ],
              [
                1275.8185671623519,
                426.3404957092263
              ],
              [
                1275.8259184017138,
                426.34884267829466
              ],
              [
                1275.836081825861,
                426.35835786809935
              ],
              [
                1275.8464065548144,
                426.369749451045
              ],
              [
                1275.846480906371,
                426.3698168393679
              ],
              [
                1275.8471389766894,
                426.37054290807623
              ],
              [
                1275.8645360195173,
                426.3863106685926
              ],
              [
                1275.8664510528513,
                426.3883659485381
              ],
              [
                1275.8678225593853,
                426.3895789684103
              ],
              [
                1275.8782763455847,
                426.4006534852778
              ],
              [
                1275.9067441637899,
                426.42528854594804
              ],
              [
                1275.9442523702705,
                426.46135721664433
              ],
              [
                1275.9564116708343,
                426.47101294354565
              ],
              [
                1275.966424580407,
                426.48038721876054
              ],
              [
                1275.9791162623926,
                426.49016014734804
              ],
              [
                1275.9925659707353,
                426.5023502524286
              ],
              [
                1276.0096732711877,
                426.51503789115435
              ],
              [
                1276.0110441462036,
                426.5162503524846
              ],
              [
                1276.0160771924234,
                426.51990154980535
              ],
              [
                1276.0307722608823,
                426.53261815142287
              ],
              [
                1276.0586992392766,
                426.55223972308795
              ],
              [
                1276.092521239548,
                426.5790978467246
              ],
              [
                1276.1059682467455,
                426.58783950818236
              ],
              [
                1276.1189248495252,
                426.59781643274187
              ],
              [
                1276.1341852050198,
                426.6073822348984
              ],
              [
                1276.1502120730233,
                426.61926857030824
              ],
              [
                1276.166549031612,
                426.62906056645284
              ],
              [
                1276.1672923171088,
                426.629599779068
              ],
              [
                1276.1750659702516,
                426.63416542301894
              ],
              [
                1276.1766752129397,
                426.6351299659669
              ],
              [
                1276.1957824841593,
                426.64855478716544
              ],
              [
                1276.2220565173752,
                426.66330643893934
              ],
              [
                1276.2512592708408,
                426.6822906322755
              ],
              [
                1276.2658871767082,
                426.68993830675686
              ],
              [
                1276.2820068296412,
                426.7000427509713
              ],
              [
                1276.2999128315687,
                426.70899575193505
              ],
              [
                1276.3185590654105,
                426.72017187439985
              ],
              [
                1276.333684199456,
                426.72732553003397
              ],
              [
                1276.333740052003,
                426.7273583335098
              ],
              [
                1276.334458072213,
                426.72769154458905
              ],
              [
                1276.3488874883117,
                426.7345161501404
              ],
              [
                1276.3716292872828,
                426.74728461611505
              ],
              [
                1276.3952508525547,
                426.75757145203005
              ],
              [
                1276.419043912901,
                426.77001079790034
              ],
              [
                1276.43472915532,
                426.77640391381055
              ],
              [
                1276.4541601389383,
                426.7861194056198
              ],
              [
                1276.4747343968945,
                426.79403730505487
              ],
              [
                1276.4959856743324,
                426.8040884107257
              ],
              [
                1276.5300805202592,
                426.81628774166563
              ],
              [
                1276.556524762069,
                426.827803810701
              ],
              [
                1276.576625060862,
                426.8342389760362
              ],
              [
                1276.5943715421165,
                426.8414722280721
              ],
              [
                1276.6109779282388,
                426.84646994112694
              ],
              [
                1276.6337903815916,
                426.855249198775
              ],
              [
                1276.6569985783485,
                426.86169974898814
              ],
              [
                1276.6807831845535,
                426.87021001716755
              ],
              [
                1276.718456418883,
                426.8796466711153
              ],
              [
                1276.748588998695,
                426.8892936985085
              ],
              [
                1276.7644459248622,
                426.8926563301808
              ],
              [
                1276.7756709374273,
                426.8960345120094
              ],
              [
                1276.7765093600035,
                426.8961903431891
              ],
              [
                1276.7764033593023,
                426.8966143459938
              ],
              [
                1276.7951576489552,
                426.9001000621049
              ],
              [
                1276.8192339142474,
                426.9067918856807
              ],
              [
                1276.8449830174445,
                426.91133993417236
              ],
              [
                1276.8711718950303,
                426.9178999065096
              ],
              [
                1276.9121479111843,
                426.9239781243312
              ],
              [
                1276.9458691995294,
                426.9311290860639
              ],
              [
                1276.9700155895734,
                426.93374924976996
              ],
              [
                1276.976463740567,
                426.93501995496683
              ],
              [
                1276.9819862692934,
                426.9355387355111
              ],
              [
                1277.008773253836,
                426.94027010435576
              ],
              [
                1277.0131312145188,
                426.94061313849096
              ],
              [
                1277.0172301522962,
                426.94137497664707
              ],
              [
                1277.0380240608602,
                426.9426500873009
              ],
              [
                1277.0653182584033,
                426.9466987990475
              ],
              [
                1277.1092369837831,
                426.9488563876713
              ],
              [
                1277.1463595340465,
                426.9528846154395
              ],
              [
                1277.1683231534741,
                426.9530430265676
              ],
              [
                1277.1772470217425,
                426.9538813253736
              ],
              [
                1277.181319258639,
                426.9538519546388
              ],
              [
                1277.2006529840203,
                426.9553737966765
              ],
              [
                1277.2309660094008,
                426.9548365512254
              ],
              [
                1277.2600776579964,
                426.9562667148125
              ],
              [
                1277.2615966796875,
                426.95635986328125
              ],
              [
                1277.2661214027376,
                426.9560825396654
              ],
              [
                1277.3029575260455,
                426.9542728969695
              ],
              [
                1277.3254700628547,
                426.9546718923796
              ],
              [
                1277.3312360668547,
                426.95421802500005
              ],
              [
                1277.348021532945,
                426.95433908904545
              ],
              [
                1277.3675018882432,
                426.95250912494294
              ],
              [
                1277.378909020641,
                426.9524268517676
              ],
              [
                1277.3812477799995,
                426.95217306921967
              ],
              [
                1277.393096012964,
                426.95196307997634
              ],
              [
                1277.4249824096999,
                426.9483123564749
              ],
              [
                1277.4550147251266,
                426.946861361958
              ],
              [
                1277.455620112777,
                426.94677306500574
              ],
              [
                1277.4577530306592,
                426.9466682814694
              ],
              [
                1277.4845320422537,
                426.9426959903392
              ],
              [
                1277.5060852773913,
                426.94137497664707
              ],
              [
                1277.5146750504932,
                426.9397787407367
              ],
              [
                1277.517349793039,
                426.9395682000589
              ],
              [
                1277.5310832999812,
                426.9371424590513
              ],
              [
                1277.5488048141206,
                426.9354777186387
              ],
              [
                1277.5646246475708,
                426.93236069901343
              ],
              [
                1277.5679867539216,
                426.9320113376173
              ],
              [
                1277.5687841887916,
                426.9318482655701
              ],
              [
                1277.5729772584677,
                426.9313681944559
              ],
              [
                1277.579399355158,
                426.930671322392
              ],
              [
                1277.5797929614416,
                426.9305878539479
              ],
              [
                1277.584320031845,
                426.9300695425673
              ],
              [
                1277.6058989427781,
                426.92546409192045
              ],
              [
                1277.6090723240964,
                426.92506671461507
              ],
              [
                1277.6175844723402,
                426.92315025190686
              ],
              [
                1277.646026339011,
                426.91900195099447
              ],
              [
                1277.6486975737491,
                426.9183443341051
              ],
              [
                1277.6518993940322,
                426.9178693889315
              ],
              [
                1277.6533114242804,
                426.9175156937669
              ],
              [
                1277.6542187299697,
                426.9173811076815
              ],
              [
                1277.6604592387782,
                426.9158179416
              ],
              [
                1277.6620540392921,
                426.91557709786093
              ],
              [
                1277.6820252037332,
                426.9104816820749
              ],
              [
                1277.7068891326276,
                426.90608998138384
              ],
              [
                1277.7286415265644,
                426.90004406102156
              ],
              [
                1277.7310222324813,
                426.89957498484017
              ],
              [
                1277.7467900000727,
                426.8966448635719
              ],
              [
                1277.7589731886087,
                426.8929554221217
              ],
              [
                1277.7602779628544,
                426.8926886013249
              ],
              [
                1277.7620803005163,
                426.89213129133327
              ],
              [
                1277.7725540216898,
                426.88989595118557
              ],
              [
                1277.7743265105696,
                426.88933492341624
              ],
              [
                1277.7766795559926,
                426.8888359348366
              ],
              [
                1277.7925208441088,
                426.8837643033549
              ],
              [
                1277.798023360177,
                426.8825254425475
              ],
              [
                1277.8093345739012,
                426.8787979764396
              ],
              [
                1277.8334625241073,
                426.8728580463632
              ],
              [
                1277.8371796018603,
                426.87155179504765
              ],
              [
                1277.8446074404465,
                426.8696912183394
              ],
              [
                1277.8513335249359,
                426.86728458682705
              ],
              [
                1277.8556174742102,
                426.86619158582437
              ],
              [
                1277.8722056330319,
                426.860141457331
              ],
              [
                1277.8923326652834,
                426.85454729447815
              ],
              [
                1277.9164405390334,
                426.8452695008219
              ],
              [
                1277.934821439157,
                426.8397032030824
              ],
              [
                1277.9442556618396,
                426.8357999216709
              ],
              [
                1277.9477889348966,
                426.8347073803456
              ],
              [
                1277.9504500951175,
                426.83358832726714
              ],
              [
                1277.956054655642,
                426.8318143730693
              ],
              [
                1277.9598848452554,
                426.83018226312544
              ],
              [
                1277.9687437926184,
                426.82734604702915
              ],
              [
                1277.9693567083004,
                426.8270791314807
              ],
              [
                1277.9694762144934,
                426.8270408712479
              ],
              [
                1277.979061400472,
                426.8228666671153
              ],
              [
                1277.9819735171648,
                426.8219070162291
              ],
              [
                1277.9958244897991,
                426.81580098558385
              ],
              [
                1278.0155772381534,
                426.80885949680226
              ],
              [
                1278.018798007813,
                426.80736483673655
              ],
              [
                1278.0294049506676,
                426.80356961189756
              ],
              [
                1278.0298157639213,
                426.8033753116991
              ],
              [
                1278.0303815131676,
                426.80317288338193
              ],
              [
                1278.0370541603995,
                426.8000169562793
              ],
              [
                1278.0432887995871,
                426.79774302289104
              ],
              [
                1278.0564852589832,
                426.79137399648147
              ],
              [
                1278.0719629079367,
                426.7854175013229
              ],
              [
                1278.0962034895838,
                426.7732972104993
              ],
              [
                1278.105614290224,
                426.7694614814941
              ],
              [
                1278.1083683491188,
                426.7680216208523
              ],
              [
                1278.1136732469633,
                426.7658421986154
              ],
              [
                1278.1148603162264,
                426.7652145646572
              ],
              [
                1278.1162451575847,
                426.764641605367
              ],
              [
                1278.1172526656353,
                426.7641035646828
              ],
              [
                1278.1194189857097,
                426.7632072791951
              ],
              [
                1278.1253440922226,
                426.7600430877426
              ],
              [
                1278.128713836883,
                426.75862606553324
              ],
              [
                1278.1320504587468,
                426.756819521819
              ],
              [
                1278.1331224447651,
                426.7563627300628
              ],
              [
                1278.1384794595122,
                426.7534425033752
              ],
              [
                1278.1543716892797,
                426.7465216766619
              ],
              [
                1278.1756524287987,
                426.7345735278454
              ],
              [
                1278.190674010497,
                426.7276024741348
              ],
              [
                1278.1927927579225,
                426.72635808540434
              ],
              [
                1278.2078081220895,
                426.7192563470561
              ],
              [
                1278.2156501756508,
                426.7145560010388
              ],
              [
                1278.2231957250128,
                426.71091428156535
              ],
              [
                1278.2330883026284,
                426.70485480397707
              ],
              [
                1278.2441162172338,
                426.69934084667443
              ],
              [
                1278.2661310581782,
                426.6855410624521
              ],
              [
                1278.2733989322842,
                426.6817413158693
              ],
              [
                1278.2762844991844,
                426.6798654598825
              ],
              [
                1278.284321515439,
                426.6756160833033
              ],
              [
                1278.288087180883,
                426.6731332087429
              ],
              [
                1278.292608636723,
                426.6707186104752
              ],
              [
                1278.2991819332253,
                426.6663297009782
              ],
              [
                1278.3013102631044,
                426.66517736153975
              ],
              [
                1278.3113953973566,
                426.6583601430764
              ],
              [
                1278.3302184924032,
                426.6477918477123
              ],
              [
                1278.3486775681995,
                426.63482245039717
              ],
              [
                1278.350259823531,
                426.6338740830483
              ],
              [
                1278.3571217453912,
                426.629843919693
              ],
              [
                1278.357777854804,
                426.62936794851646
              ],
              [
                1278.3761551144767,
                426.6183530429645
              ],
              [
                1278.384911277808,
                426.61185902964655
              ],
              [
                1278.3935434210937,
                426.60657160297063
              ],
              [
                1278.400314445364,
                426.601429539954
              ],
              [
                1278.4071981973498,
                426.597114528445
              ],
              [
                1278.4268219225623,
                426.58200374444164
              ],
              [
                1278.432136963577,
                426.57854853031836
              ],
              [
                1278.435059990737,
                426.5762273481225
              ],
              [
                1278.4454768112175,
                426.5693590644271
              ],
              [
                1278.450535103961,
                426.5652730442166
              ],
              [
                1278.4558951566248,
                426.5616942027584
              ],
              [
                1278.4629071657198,
                426.55594317976454
              ],
              [
                1278.4637388204112,
                426.555381008595
              ],
              [
                1278.4640380859375,
                426.5557800292969
              ],
              [
                1278.4780280289106,
                426.5441160266666
              ],
              [
                1278.4906826213257,
                426.5352604608576
              ],
              [
                1278.4920501988925,
                426.53408844658827
              ],
              [
                1278.4952287156802,
                426.53185521196974
              ],
              [
                1278.509884777595,
                426.51917236525986
              ],
              [
                1278.5338012167647,
                426.50143472508483
              ],
              [
                1278.543179722585,
                426.49293454288505
              ],
              [
                1278.5526324254472,
                426.4857559548524
              ],
              [
                1278.5565551539785,
                426.4821057476674
              ],
              [
                1278.559698466468,
                426.47968531446367
              ],
              [
                1278.5768227671176,
                426.4636532204966
              ],
              [
                1278.5804058328545,
                426.4608079002381
              ],
              [
                1278.5832833941972,
                426.458040777461
              ],
              [
                1278.5956379089253,
                426.44806096817985
              ],
              [
                1278.6017104469586,
                426.4421012193185
              ],
              [
                1278.607704920196,
                426.43718474631373
              ],
              [
                1278.6148049707776,
                426.43008855091057
              ],
              [
                1278.6152092527839,
                426.42975311928
              ],
              [
                1278.6152704605695,
                426.4296912511733
              ],
              [
                1278.6223572996248,
                426.42378265601036
              ],
              [
                1278.6304663257736,
                426.4154657960228
              ],
              [
                1278.6393850179925,
                426.4078224748692
              ],
              [
                1278.6434079535593,
                426.4036260484659
              ],
              [
                1278.6477246309778,
                426.3998905458247
              ],
              [
                1278.65889870968,
                426.3880529665297
              ],
              [
                1278.6792282108106,
                426.3696273807325
              ],
              [
                1278.6889057332971,
                426.35894988008226
              ],
              [
                1278.6988755972748,
                426.34967264643365
              ],
              [
                1278.7147851964892,
                426.3315859120365
              ],
              [
                1278.7168768096078,
                426.329574573402
              ],
              [
                1278.7196369029896,
                426.3263650875435
              ],
              [
                1278.7334059984948,
                426.31285173434463
              ],
              [
                1278.7401727646784,
                426.30478882908926
              ],
              [
                1278.746574906039,
                426.29839016395687
              ],
              [
                1278.7570220095815,
                426.28566649786313
              ],
              [
                1278.7661489009977,
                426.2763056847842
              ],
              [
                1278.769395994935,
                426.2722047183126
              ],
              [
                1278.7749108323271,
                426.26645205117256
              ],
              [
                1278.781030873669,
                426.2586687717153
              ],
              [
                1278.7861557483802,
                426.25323958937383
              ],
              [
                1278.79423316429,
                426.2427389682008
              ],
              [
                1278.811035555163,
                426.2242003866867
              ],
              [
                1278.8199725888537,
                426.21215019170535
              ],
              [
                1278.8274154371284,
                426.20369920524274
              ],
              [
                1278.8280485394614,
                426.20282314600456
              ],
              [
                1278.8308139513658,
                426.19967930372786
              ],
              [
                1278.8449495655916,
                426.17994257375693
              ],
              [
                1278.8574977156359,
                426.1649908904577
              ],
              [
                1278.8646027547193,
                426.15464248018225
              ],
              [
                1278.8711667960122,
                426.1466480471512
              ],
              [
                1278.8828154311323,
                426.1292223168733
              ],
              [
                1278.895960614258,
                426.1125046791855
              ],
              [
                1278.903528999753,
                426.1006546460854
              ],
              [
                1278.9091145806692,
                426.09339340438544
              ],
              [
                1278.914534334842,
                426.0846484370529
              ],
              [
                1278.9279538730425,
                426.0665542843986
              ],
              [
                1278.9348950460123,
                426.05497363692984
              ],
              [
                1278.9401526811344,
                426.0476983520678
              ],
              [
                1278.9423366355306,
                426.0439667136828
              ],
              [
                1278.9471312135668,
                426.03727232527405
              ],
              [
                1278.9571160235691,
                426.0198979346896
              ],
              [
                1278.966757096881,
                426.00585581881126
              ],
              [
                1278.9738150533394,
                425.9930917869333
              ],
              [
                1278.9802798728706,
                425.9834207653685
              ],
              [
                1278.9899294584254,
                425.9653750285499
              ],
              [
                1279.0013737129634,
                425.947456438757
              ],
              [
                1279.0096624265343,
                425.9311558564472
              ],
              [
                1279.0153509538375,
                425.9219772140496
              ],
              [
                1279.018594743652,
                425.91532912788006
              ],
              [
                1279.0288571771341,
                425.89820729201136
              ],
              [
                1279.0339719904018,
                425.8873929279646
              ],
              [
                1279.0373722625359,
                425.88158301451745
              ],
              [
                1279.0405425406059,
                425.8747289338022
              ],
              [
                1279.0466669525,
                425.86407195341707
              ],
              [
                1279.0531545991435,
                425.84960939258735
              ],
              [
                1279.060166347843,
                425.8369289255921
              ],
              [
                1279.0667697392385,
                425.82167564615344
              ],
              [
                1279.0728625918234,
                425.81028137293856
              ],
              [
                1279.080507650972,
                425.79183165344017
              ],
              [
                1279.0901394054358,
                425.77288984720207
              ],
              [
                1279.095424092963,
                425.7593634811881
              ],
              [
                1279.0966985987866,
                425.75681446954064
              ],
              [
                1279.0992848862275,
                425.7499561994437
              ],
              [
                1279.103784718132,
                425.74073387865224
              ],
              [
                1279.1053657810787,
                425.73644344014656
              ],
              [
                1279.11277371346,
                425.7207806830896
              ],
              [
                1279.116272537385,
                425.7110021252958
              ],
              [
                1279.1181737833372,
                425.70689166781267
              ],
              [
                1279.1217337260332,
                425.6967296429953
              ],
              [
                1279.1284281565315,
                425.68180611006824
              ],
              [
                1279.1321323846487,
                425.670693425717
              ],
              [
                1279.1368553243728,
                425.65978383168095
              ],
              [
                1279.1425824259818,
                425.64202742503926
              ],
              [
                1279.1480227144814,
                425.62889844920613
              ],
              [
                1279.1536807091359,
                425.61025337598886
              ],
              [
                1279.1614065875074,
                425.59047868579245
              ],
              [
                1279.1672512347025,
                425.5697242700862
              ],
              [
                1279.1693765998941,
                425.5640882652443
              ],
              [
                1279.1706213256045,
                425.55936326664084
              ],
              [
                1279.173516730388,
                425.5515061751839
              ],
              [
                1279.1739687058232,
                425.5497521368202
              ],
              [
                1279.1788953199018,
                425.5359831728683
              ],
              [
                1279.18102598134,
                425.52747709559924
              ],
              [
                1279.1818089012156,
                425.5252422137811
              ],
              [
                1279.1851398277727,
                425.5116710963444
              ],
              [
                1279.1915991404849,
                425.49229315820816
              ],
              [
                1279.193277549553,
                425.48485137154415
              ],
              [
                1279.1961096382963,
                425.47607071375126
              ],
              [
                1279.2005328379437,
                425.45585920891455
              ],
              [
                1279.2050359075406,
                425.4410200180947
              ],
              [
                1279.2087452559615,
                425.42237847866494
              ],
              [
                1279.214491934416,
                425.4019719511891
              ],
              [
                1279.2195121260822,
                425.37383179321375
              ],
              [
                1279.2198117223618,
                425.3726357378211
              ],
              [
                1279.221847169676,
                425.3649091474276
              ],
              [
                1279.2220117494674,
                425.36385273728564
              ],
              [
                1279.226585209244,
                425.34559446239166
              ],
              [
                1279.2276287589946,
                425.33855942141446
              ],
              [
                1279.2276882602844,
                425.33831699667866
              ],
              [
                1279.228863486408,
                425.33023556532396
              ],
              [
                1279.230235601877,
                425.3209855141945
              ],
              [
                1279.235549683269,
                425.29742376111005
              ],
              [
                1279.2359870757628,
                425.2938535215648
              ],
              [
                1279.2373773122233,
                425.28750093222027
              ],
              [
                1279.2400717803118,
                425.2649452659804
              ],
              [
                1279.2433527233275,
                425.24845670204604
              ],
              [
                1279.2451706006827,
                425.230005904355
              ],
              [
                1279.2488864526674,
                425.2091770856935
              ],
              [
                1279.2512238598117,
                425.17949417225515
              ],
              [
                1279.2553841017818,
                425.1514480990185
              ],
              [
                1279.2566093507824,
                425.12650758265625
              ],
              [
                1279.2602739214349,
                425.0958310892491
              ],
              [
                1279.260826430361,
                425.0711048952945
              ],
              [
                1279.2626038949381,
                425.0530642726858
              ],
              [
                1279.2626038949381,
                425.03497822928256
              ],
              [
                1279.264260360371,
                425.0139426471097
              ],
              [
                1279.2636603942585,
                424.98298029545805
              ],
              [
                1279.2650146484375,
                424.9554138183594
              ],
              [
                1279.2639034822935,
                424.9333989157741
              ],
              [
                1279.2645861749527,
                424.90284666529845
              ],
              [
                1279.2626038949381,
                424.876184831076
              ],
              [
                1279.2626038949381,
                424.8567257663767
              ],
              [
                1279.2608736297198,
                424.83916420018784
              ],
              [
                1279.2604662492602,
                424.81814058438283
              ],
              [
                1279.2564495396336,
                424.7840645330081
              ],
              [
                1279.256114935946,
                424.7759293511443
              ],
              [
                1279.2559880959486,
                424.7750183576146
              ],
              [
                1279.2553125410393,
                424.7611397491751
              ],
              [
                1279.2551548221238,
                424.7600666896025
              ],
              [
                1279.2548472291141,
                424.75397252431304
              ],
              [
                1279.2522522089957,
                424.73695377769616
              ],
              [
                1279.2502739024283,
                424.71034538667107
              ],
              [
                1279.2487936152404,
                424.70176131130927
              ],
              [
                1279.2486770148987,
                424.70026839356166
              ],
              [
                1279.24538403222,
                424.6819503876217
              ],
              [
                1279.2433527233275,
                424.66133333701646
              ],
              [
                1279.2399914351845,
                424.6444409941194
              ],
              [
                1279.2375404980714,
                424.6236482889579
              ],
              [
                1279.2303068224273,
                424.5905696467868
              ],
              [
                1279.2293073724247,
                424.58339137097585
              ],
              [
                1279.2289968256937,
                424.5820976210592
              ],
              [
                1279.227028093855,
                424.568703117682
              ],
              [
                1279.2264762654004,
                424.56647924694596
              ],
              [
                1279.2262189983064,
                424.5647448930771
              ],
              [
                1279.2256433874493,
                424.56244692572284
              ],
              [
                1279.22444834756,
                424.55460957566544
              ],
              [
                1279.2213331077212,
                424.542519869538
              ],
              [
                1279.2174704283457,
                424.52012047897995
              ],
              [
                1279.2140417074331,
                424.5076011888432
              ],
              [
                1279.2133324624879,
                424.50365584373014
              ],
              [
                1279.2088493599585,
                424.4879347408985
              ],
              [
                1279.2050359075406,
                424.4687700209678
              ],
              [
                1279.2001521600178,
                424.4526763631091
              ],
              [
                1279.1957029237392,
                424.432330593955
              ],
              [
                1279.1854478396544,
                424.4006708293986
              ],
              [
                1279.1839343167553,
                424.39436543336797
              ],
              [
                1279.1833454483067,
                424.3926618927676
              ],
              [
                1279.1801846796216,
                424.37992398314674
              ],
              [
                1279.1792943415978,
                424.3774111625205
              ],
              [
                1279.1785291089643,
                424.3743561826004
              ],
              [
                1279.1769773975388,
                424.3700194396894
              ],
              [
                1279.1759485098082,
                424.3659779693774
              ],
              [
                1279.175584687697,
                424.3649781769201
              ],
              [
                1279.1741270819505,
                424.3593214615349
              ],
              [
                1279.1714188061221,
                424.3519721710332
              ],
              [
                1279.1664813300515,
                424.33394396254164
              ],
              [
                1279.1603322229355,
                424.3177974542216
              ],
              [
                1279.1585506478762,
                424.3115499226235
              ],
              [
                1279.1533441382257,
                424.298427544093
              ],
              [
                1279.1480227144814,
                424.28089158985637
              ],
              [
                1279.141732222097,
                424.2657108283028
              ],
              [
                1279.1353546737437,
                424.24602189375634
              ],
              [
                1279.1223359464943,
                424.21616718739165
              ],
              [
                1279.1204244254282,
                424.2106373381487
              ],
              [
                1279.1194527724758,
                424.2085189831331
              ],
              [
                1279.115225341794,
                424.1965878123513
              ],
              [
                1279.1139403815084,
                424.19384278214767
              ],
              [
                1279.1124075025225,
                424.1895586723792
              ],
              [
                1279.109556032713,
                424.18352974600936
              ],
              [
                1279.1077798447518,
                424.1786487361106
              ],
              [
                1279.1067902007032,
                424.1765932856959
              ],
              [
                1279.1043950696944,
                424.1700937580665
              ],
              [
                1279.102968405618,
                424.16716983689486
              ],
              [
                1279.0977815911804,
                424.1535501453055
              ],
              [
                1279.0881843022958,
                424.13420005015166
              ],
              [
                1279.0848780981682,
                424.1258671620992
              ],
              [
                1279.0793968328678,
                424.11527766307455
              ],
              [
                1279.0728625918234,
                424.09950866612394
              ],
              [
                1279.0652862376396,
                424.08534008936317
              ],
              [
                1279.0570743798255,
                424.0665085554461
              ],
              [
                1279.0416605418443,
                424.0388983777845
              ],
              [
                1279.0411949021043,
                424.0378804512379
              ],
              [
                1279.0411413368513,
                424.0377878367736
              ],
              [
                1279.0393777005086,
                424.03394283441656
              ],
              [
                1279.0379131934208,
                424.03142770212764
              ],
              [
                1279.0327644636316,
                424.02042859270733
              ],
              [
                1279.0310352316276,
                424.01751146074156
              ],
              [
                1279.0284909661966,
                424.0121320634574
              ],
              [
                1279.0239949358554,
                424.00463089000766
              ],
              [
                1279.0213012466038,
                423.99903620705356
              ],
              [
                1279.0204738001903,
                423.99768184439563
              ],
              [
                1279.0120111769952,
                423.9806194670888
              ],
              [
                1278.9982978677826,
                423.958598983135
              ],
              [
                1278.993049802623,
                423.9484600137832
              ],
              [
                1278.9877155030229,
                423.9402746817598
              ],
              [
                1278.9802798728706,
                423.926369273694
              ],
              [
                1278.9715419516838,
                423.91329781457256
              ],
              [
                1278.9616126099406,
                423.8955117907466
              ],
              [
                1278.9440546037172,
                423.87023574101687
              ],
              [
                1278.9415598211901,
                423.8659512222601
              ],
              [
                1278.939491603227,
                423.86308172311874
              ],
              [
                1278.9335819573794,
                423.85311243226107
              ],
              [
                1278.9313644753495,
                423.850086303287
              ],
              [
                1278.927587662105,
                423.84378507107016
              ],
              [
                1278.9226571777972,
                423.83713708256334
              ],
              [
                1278.9099690728567,
                423.81676284561456
              ],
              [
                1278.891546820545,
                423.79270655561436
              ],
              [
                1278.8839818800816,
                423.7810983682104
              ],
              [
                1278.8791814537458,
                423.7751314878907
              ],
              [
                1278.8711667960122,
                423.7631419919113
              ],
              [
                1278.8613935086269,
                423.7512389754605
              ],
              [
                1278.8498846716589,
                423.7346711526774
              ],
              [
                1278.8306365089875,
                423.71205334746895
              ],
              [
                1278.8278949101316,
                423.70824958224534
              ],
              [
                1278.8251163876432,
                423.7050928321713
              ],
              [
                1278.8186158878866,
                423.6962218016986
              ],
              [
                1278.8158711278634,
                423.6931527620896
              ],
              [
                1278.8106693442255,
                423.6861389687821
              ],
              [
                1278.8059506457414,
                423.68093268729797
              ],
              [
                1278.7926058413586,
                423.66350667017514
              ],
              [
                1278.7706137666717,
                423.6399040157139
              ],
              [
                1278.7700835094329,
                423.63923363298136
              ],
              [
                1278.769847816546,
                423.63898887544724
              ],
              [
                1278.766920435414,
                423.63530841221433
              ],
              [
                1278.7655716828199,
                423.63391571686174
              ],
              [
                1278.758762439369,
                423.6254518976303
              ],
              [
                1278.7548411950104,
                423.6214674981822
              ],
              [
                1278.746574906039,
                423.61139987510563
              ],
              [
                1278.7358931173915,
                423.60072388644494
              ],
              [
                1278.7229618360002,
                423.5855288151752
              ],
              [
                1278.702449676276,
                423.56572806121113
              ],
              [
                1278.6994568029195,
                423.5623277816633
              ],
              [
                1278.6958707299216,
                423.5589749209398
              ],
              [
                1278.6889536004182,
                423.5512405673908
              ],
              [
                1278.6856469282634,
                423.5481979896126
              ],
              [
                1278.678861999873,
                423.54071197473627
              ],
              [
                1278.6745424733306,
                423.5367969840829
              ],
              [
                1278.6610147674612,
                423.5222785827119
              ],
              [
                1278.6499001548411,
                423.5124483371789
              ],
              [
                1278.6477246309778,
                423.5101436338628
              ],
              [
                1278.6360243579209,
                423.5000186241223
              ],
              [
                1278.6351280952767,
                423.4990878916022
              ],
              [
                1278.6343748221602,
                423.4984444236678
              ],
              [
                1278.6313845772409,
                423.4953567556843
              ],
              [
                1278.6273980475657,
                423.49197176675005
              ],
              [
                1278.6186407238506,
                423.4830733986337
              ],
              [
                1278.6158967654287,
                423.4807926899815
              ],
              [
                1278.607704920196,
                423.47260529274877
              ],
              [
                1278.5962411814598,
                423.46320310513386
              ],
              [
                1278.5820610658636,
                423.4495147864057
              ],
              [
                1278.560726732199,
                423.4326197122626
              ],
              [
                1278.5574589031357,
                423.4295643991879
              ],
              [
                1278.5529823007425,
                423.4261289036098
              ],
              [
                1278.5458214365813,
                423.41953995703454
              ],
              [
                1278.5419223026788,
                423.416597067858
              ],
              [
                1278.5334350058272,
                423.4089046303839
              ],
              [
                1278.529675174515,
                423.40611614943725
              ],
              [
                1278.5164216741089,
                423.3943941787654
              ],
              [
                1278.5012384820063,
                423.383379610668
              ],
              [
                1278.4952287156802,
                423.37817896771776
              ],
              [
                1278.4845331806362,
                423.3706642554421
              ],
              [
                1278.4828749778458,
                423.36925626439375
              ],
              [
                1278.4758009345308,
                423.36434858823645
              ],
              [
                1278.4650146484375,
                423.3553833007812
              ],
              [
                1278.4636693935408,
                423.3544720138958
              ],
              [
                1278.4558951566248,
                423.3480958363041
              ],
              [
                1278.4437749795215,
                423.3400033426256
              ],
              [
                1278.4285333475295,
                423.3279331975432
              ],
              [
                1278.406822377515,
                423.31396085162754
              ],
              [
                1278.403242718873,
                423.31121370091904
              ],
              [
                1278.397811434156,
                423.30782872960475
              ],
              [
                1278.390573135625,
                423.30236559062655
              ],
              [
                1278.3860550814281,
                423.29960022894375
              ],
              [
                1278.3757889035392,
                423.29198631250426
              ],
              [
                1278.3727226905323,
                423.29014849515414
              ],
              [
                1278.3601735032037,
                423.281044752182
              ],
              [
                1278.3407073839594,
                423.2696118559691
              ],
              [
                1278.3302184924032,
                423.2622423319752
              ],
              [
                1278.3144457058363,
                423.2533866434318
              ],
              [
                1278.3055354465885,
                423.2473507595124
              ],
              [
                1278.3026656266304,
                423.24578635746656
              ],
              [
                1278.292608636723,
                423.2390714285873
              ],
              [
                1278.2799559973023,
                423.2323145249908
              ],
              [
                1278.263850737119,
                423.2219497984865
              ],
              [
                1278.2422003930217,
                423.210846351056
              ],
              [
                1278.2382651889977,
                423.208393790855
              ],
              [
                1278.231837909409,
                423.2052086524455
              ],
              [
                1278.2246770308216,
                423.200825699431
              ],
              [
                1278.2195180619663,
                423.19832117465836
              ],
              [
                1278.207441911152,
                423.19108300841265
              ],
              [
                1278.205177154705,
                423.1900118583873
              ],
              [
                1278.1937257683096,
                423.1832861977402
              ],
              [
                1278.169884209979,
                423.1722220643483
              ],
              [
                1278.1543716892797,
                423.1635125030256
              ],
              [
                1278.1412779063623,
                423.1578103577686
              ],
              [
                1278.1365404135151,
                423.1552278461091
              ],
              [
                1278.1319229393082,
                423.1532602606031
              ],
              [
                1278.1194189857097,
                423.1465827598674
              ],
              [
                1278.106356025527,
                423.14117813763437
              ],
              [
                1278.0895922462096,
                423.1325807804029
              ],
              [
                1278.0684198633294,
                423.124224296905
              ],
              [
                1278.0640849188962,
                423.12207604773886
              ],
              [
                1278.059297629051,
                423.1202584616962
              ],
              [
                1278.056471415802,
                423.11886982854446
              ],
              [
                1278.0537527229626,
                423.11784707031416
              ],
              [
                1278.0497021620183,
                423.115880644365
              ],
              [
                1278.0438855179004,
                423.11372659553297
              ],
              [
                1278.0300153022301,
                423.1071664720868
              ],
              [
                1278.028634421116,
                423.10667238492374
              ],
              [
                1278.0186289959659,
                423.10202917507274
              ],
              [
                1277.9981793759682,
                423.09484279243605
              ],
              [
                1277.995861747394,
                423.09379645096544
              ],
              [
                1277.9898822434807,
                423.0917859207898
              ],
              [
                1277.9807528140398,
                423.0877609525209
              ],
              [
                1277.9794017211718,
                423.0873157171115
              ],
              [
                1277.9694762144934,
                423.0829933084396
              ],
              [
                1277.9596087902537,
                423.0798342257279
              ],
              [
                1277.959472624392,
                423.0797762031026
              ],
              [
                1277.9555009908072,
                423.07851910256113
              ],
              [
                1277.9528849924666,
                423.0776815835763
              ],
              [
                1277.937995267282,
                423.07152116215195
              ],
              [
                1277.9282023301002,
                423.0685552256948
              ],
              [
                1277.9278272563106,
                423.06840221740555
              ],
              [
                1277.9244125457462,
                423.06738635004865
              ],
              [
                1277.9074287019394,
                423.0606830322735
              ],
              [
                1277.8871207397506,
                423.05488821653597
              ],
              [
                1277.8823474557366,
                423.0530759480749
              ],
              [
                1277.8795691579858,
                423.05232011114765
              ],
              [
                1277.8751937377574,
                423.05067410061463
              ],
              [
                1277.8694429853597,
                423.04912616169725
              ],
              [
                1277.8673034357103,
                423.04833383293686
              ],
              [
                1277.861445741454,
                423.0467920111965
              ],
              [
                1277.8521598301809,
                423.04352876662045
              ],
              [
                1277.845217792009,
                423.04104486564495
              ],
              [
                1277.8447785091025,
                423.0409348310051
              ],
              [
                1277.8365142819198,
                423.0380306255118
              ],
              [
                1277.8122248608624,
                423.03205094379643
              ],
              [
                1277.8069098584613,
                423.03026384358435
              ],
              [
                1277.8048374602588,
                423.02979029304413
              ],
              [
                1277.796802657052,
                423.0271425262025
              ],
              [
                1277.7913787786342,
                423.0259213702236
              ],
              [
                1277.7888423112663,
                423.02509718417065
              ],
              [
                1277.7881852429973,
                423.0249525107688
              ],
              [
                1277.7774119778676,
                423.02150342063214
              ],
              [
                1277.7621846086397,
                423.0182742932772
              ],
              [
                1277.7500858985102,
                423.0146100192406
              ],
              [
                1277.748703002579,
                423.014337754445
              ],
              [
                1277.7478886328852,
                423.01409122041247
              ],
              [
                1277.7478263389642,
                423.0140787989336
              ],
              [
                1277.7477665625727,
                423.01406070283434
              ],
              [
                1277.7459806200645,
                423.0137107604816
              ],
              [
                1277.7399399807807,
                423.0125062501245
              ],
              [
                1277.739704940634,
                423.01243632630286
              ],
              [
                1277.7359003911163,
                423.0117007513419
              ],
              [
                1277.735467618911,
                423.01161445607096
              ],
              [
                1277.7191067267634,
                423.00694592486064
              ],
              [
                1277.7000088609623,
                423.00347066615865
              ],
              [
                1277.6947697423607,
                423.002045362012
              ],
              [
                1277.69412711919,
                423.0019361188448
              ],
              [
                1277.6881697210415,
                423.00033255677107
              ],
              [
                1277.679269458456,
                422.99884083084964
              ],
              [
                1277.6792059729903,
                422.99882412064477
              ],
              [
                1277.6782171188509,
                422.9986644537763
              ],
              [
                1277.6731796227743,
                422.99782014571184
              ],
              [
                1277.6490780968236,
                422.99188672088053
              ],
              [
                1277.6238998725587,
                422.98821442848504
              ],
              [
                1277.6078516209714,
                422.98460125413493
              ],
              [
                1277.6010552623882,
                422.9837502001993
              ],
              [
                1277.59857561554,
                422.9832042311397
              ],
              [
                1277.5945090948262,
                422.98271689788595
              ],
              [
                1277.580131777033,
                422.97966803307673
              ],
              [
                1277.5694344048734,
                422.97850724398023
              ],
              [
                1277.5587983686983,
                422.97638640624604
              ],
              [
                1277.552943102668,
                422.9757965107152
              ],
              [
                1277.5513962002592,
                422.9754919562953
              ],
              [
                1277.550504739707,
                422.97540869355873
              ],
              [
                1277.5455029231753,
                422.9744286242469
              ],
              [
                1277.5353559660361,
                422.97350860590205
              ],
              [
                1277.5264319914713,
                422.9718847008759
              ],
              [
                1277.5107386885072,
                422.9705942801805
              ],
              [
                1277.4971532887528,
                422.96831730320685
              ],
              [
                1277.478724315933,
                422.96704029455856
              ],
              [
                1277.458066482939,
                422.964027309917
              ],
              [
                1277.434433676462,
                422.9628855040945
              ],
              [
                1277.415671700606,
                422.96053609106747
              ],
              [
                1277.4075439789542,
                422.9603109335063
              ],
              [
                1277.4051356151515,
                422.9600223143523
              ],
              [
                1277.3987440731748,
                422.9598828228596
              ],
              [
                1277.396513981714,
                422.95962749619554
              ],
              [
                1277.3952376734499,
                422.9596048758599
              ],
              [
                1277.379641442516,
                422.95791250370115
              ],
              [
                1277.3751026372693,
                422.9578797678735
              ],
              [
                1277.3670817217599,
                422.95707169148767
              ],
              [
                1277.3535964991015,
                422.9570173929797
              ],
              [
                1277.349894994472,
                422.9566716711144
              ],
              [
                1277.349679316385,
                422.9566734186085
              ],
              [
                1277.3403602130363,
                422.95582846125615
              ],
              [
                1277.3323889194025,
                422.955929028793
              ],
              [
                1277.3312519020333,
                422.9558355347244
              ],
              [
                1277.3196820297196,
                422.9560196925463
              ],
              [
                1277.3039358051162,
                422.9549285810018
              ],
              [
                1277.2822038967663,
                422.9555306074605
              ],
              [
                1277.2652587890625,
                422.9547119140625
              ],
              [
                1277.2631775221466,
                422.9548140965207
              ],
              [
                1277.26171875,
                422.9547424316406
              ],
              [
                1277.2418122915878,
                422.9557197646484
              ],
              [
                1277.2220651714463,
                422.9551727216268
              ],
              [
                1277.2126905907417,
                422.95582231945036
              ],
              [
                1277.2103578833019,
                422.9557714095379
              ],
              [
                1277.2044026972928,
                422.95622265908787
              ],
              [
                1277.2040709527703,
                422.9562167794954
              ],
              [
                1277.2016713411635,
                422.9564056634143
              ],
              [
                1277.1743961515347,
                422.9562958393396
              ],
              [
                1277.1653386947694,
                422.9571347214336
              ],
              [
                1277.16327834137,
                422.9571356656173
              ],
              [
                1277.1525426389273,
                422.9581980077405
              ],
              [
                1277.1343923873742,
                422.95842699517664
              ],
              [
                1277.1208470124213,
                422.96000058368645
              ],
              [
                1277.1103292759565,
                422.96029195044247
              ],
              [
                1277.0855920437928,
                422.9633895972971
              ],
              [
                1277.0655623990283,
                422.96437297829624
              ],
              [
                1277.0447587248336,
                422.9674589118523
              ],
              [
                1277.0288476878097,
                422.96856144383185
              ],
              [
                1277.0183527160282,
                422.9703204505241
              ],
              [
                1277.0160906870715,
                422.97049185399453
              ],
              [
                1277.0158465464465,
                422.97052237157266
              ],
              [
                1277.0158732525351,
                422.9707360202816
              ],
              [
                1277.0126477841254,
                422.97127662397605
              ],
              [
                1276.9825301814267,
                422.9740660513256
              ],
              [
                1276.972151634985,
                422.9760484430672
              ],
              [
                1276.9679615776365,
                422.97646306655776
              ],
              [
                1276.9523581874407,
                422.97957420789015
              ],
              [
                1276.9297842240296,
                422.9821966623862
              ],
              [
                1276.9225332890524,
                422.98380814838697
              ],
              [
                1276.9181493555911,
                422.98435711350993
              ],
              [
                1276.8936400144007,
                422.9898752549999
              ],
              [
                1276.8714160356553,
                422.99317187083415
              ],
              [
                1276.8499897443303,
                422.9985388774163
              ],
              [
                1276.837831255521,
                423.00057669739607
              ],
              [
                1276.8233986501662,
                423.00446154410196
              ],
              [
                1276.7932647272432,
                423.01021738286795
              ],
              [
                1276.781758516579,
                423.01358987247653
              ],
              [
                1276.7754797340763,
                423.01484179141954
              ],
              [
                1276.7552802820042,
                423.0209793380731
              ],
              [
                1276.7287060783958,
                423.0268853291254
              ],
              [
                1276.7046296237916,
                423.0349102264537
              ],
              [
                1276.6902191165177,
                423.03845787160554
              ],
              [
                1276.6892138379537,
                423.0388111454766
              ],
              [
                1276.6810273251785,
                423.0408617601762
              ],
              [
                1276.6593416302244,
                423.04862102590147
              ],
              [
                1276.650807238805,
                423.05091824123963
              ],
              [
                1276.6381266541614,
                423.05568861180967
              ],
              [
                1276.608356566588,
                423.06441427431645
              ],
              [
                1276.5959476058006,
                423.0693921232394
              ],
              [
                1276.5876865160635,
                423.0719022321023
              ],
              [
                1276.5725914570628,
                423.07816291616683
              ],
              [
                1276.57026766078,
                423.078880849097
              ],
              [
                1276.566502759314,
                423.0805126308143
              ],
              [
                1276.5452481625227,
                423.0875168118959
              ],
              [
                1276.5404431320985,
                423.0896350503616
              ],
              [
                1276.5332908616465,
                423.09201896597483
              ],
              [
                1276.5175650944923,
                423.09913175533524
              ],
              [
                1276.5081044024716,
                423.1024564211665
              ],
              [
                1276.505486851736,
                423.10367114589627
              ],
              [
                1276.4962298149574,
                423.10698336661807
              ],
              [
                1276.4746724515799,
                423.11717924015664
              ],
              [
                1276.4695295607605,
                423.11911396916946
              ],
              [
                1276.4585451523578,
                423.12451105435656
              ],
              [
                1276.4295220323058,
                423.1361536656409
              ],
              [
                1276.4164617737717,
                423.142917788615
              ],
              [
                1276.4063904749466,
                423.1470948653698
              ],
              [
                1276.3890384805397,
                423.1563799257322
              ],
              [
                1276.368023980875,
                423.1656439090158
              ],
              [
                1276.3579960447114,
                423.17130508897253
              ],
              [
                1276.3456114161484,
                423.1769066760627
              ],
              [
                1276.3375565344093,
                423.1816024373696
              ],
              [
                1276.333007630128,
                423.18371344383394
              ],
              [
                1276.3289128869756,
                423.1861183799638
              ],
              [
                1276.3188032060355,
                423.1908999029439
              ],
              [
                1276.297772929532,
                423.2035049655891
              ],
              [
                1276.2956982549572,
                423.2045243373208
              ],
              [
                1276.2863206111192,
                423.210320039947
              ],
              [
                1276.2584210813388,
                423.2247696658761
              ],
              [
                1276.2449824145292,
                423.2334643943594
              ],
              [
                1276.2333375907074,
                423.2396955450593
              ],
              [
                1276.2143124484983,
                423.25242035354063
              ],
              [
                1276.1926843934386,
                423.2646302748852
              ],
              [
                1276.1831805008003,
                423.27133832805066
              ],
              [
                1276.1753419511813,
                423.27586592705427
              ],
              [
                1276.1731188479168,
                423.2774648163145
              ],
              [
                1276.1676585280463,
                423.2806480236664
              ],
              [
                1276.1622193292744,
                423.2846208393771
              ],
              [
                1276.1611736428167,
                423.28537942720357
              ],
              [
                1276.1504562136483,
                423.2918032070355
              ],
              [
                1276.149636839922,
                423.29241089600714
              ],
              [
                1276.1494796511483,
                423.2925051113324
              ],
              [
                1276.120438649692,
                423.3140433859269
              ],
              [
                1276.0966418868688,
                423.3294397339767
              ],
              [
                1276.0831140118576,
                423.3401713391029
              ],
              [
                1276.0701944572218,
                423.34881247600464
              ],
              [
                1276.050528636612,
                423.3649668854592
              ],
              [
                1276.0282936594335,
                423.38066081369726
              ],
              [
                1276.021843453857,
                423.3862643519693
              ],
              [
                1276.0135048331535,
                423.3922616132303
              ],
              [
                1276.0119579195111,
                423.39362720108744
              ],
              [
                1276.0103117243286,
                423.3948214248592
              ],
              [
                1276.005420584027,
                423.39914736151064
              ],
              [
                1276.0013198102495,
                423.4021425854715
              ],
              [
                1275.9997890106167,
                423.4035232566545
              ],
              [
                1275.9918335488603,
                423.40942342921204
              ],
              [
                1275.9638789442429,
                423.4347600059679
              ],
              [
                1275.945686096763,
                423.44919231371125
              ],
              [
                1275.945441956138,
                423.4494059367581
              ],
              [
                1275.9320616168823,
                423.46228114360997
              ],
              [
                1275.9185322320484,
                423.4733948025114
              ],
              [
                1275.898711180911,
                423.49323402848506
              ],
              [
                1275.8763936468722,
                423.5126221169175
              ],
              [
                1275.87279647171,
                423.5164458794369
              ],
              [
                1275.8657186309763,
                423.52270582880567
              ],
              [
                1275.8656198353804,
                423.52281185965296
              ],
              [
                1275.8640587714542,
                423.524189939129
              ],
              [
                1275.8579909943985,
                423.5307312495426
              ],
              [
                1275.8464065548144,
                423.5412307735644
              ],
              [
                1275.8217981665148,
                423.5683819460297
              ],
              [
                1275.8090689371643,
                423.58063062357223
              ],
              [
                1275.7957122149678,
                423.5961710947208
              ],
              [
                1275.7940598218177,
                423.59779279690537
              ],
              [
                1275.7930707202786,
                423.59897135572953
              ],
              [
                1275.7798115053224,
                423.6122427286718
              ],
              [
                1275.7616322340332,
                423.6344149465735
              ],
              [
                1275.742358306796,
                423.6551003912698
              ],
              [
                1275.7385218648724,
                423.6591784920499
              ],
              [
                1275.7383515312556,
                423.65940060122847
              ],
              [
                1275.7341275570789,
                423.6639339162689
              ],
              [
                1275.732691323284,
                423.6658093903473
              ],
              [
                1275.7284884831356,
                423.6703402229369
              ],
              [
                1275.7239158059926,
                423.6763784884895
              ],
              [
                1275.714599210462,
                423.6866577676102
              ],
              [
                1275.6935666903996,
                423.7150168380214
              ],
              [
                1275.685710054545,
                423.72415798964727
              ],
              [
                1275.673440135032,
                423.7415165609759
              ]
            ],
            [
              [
                1275.7148882223191,
                423.6868829180378
              ],
              [
                1275.714843351087,
                423.6869324258133
              ],
              [
                1275.696833367368,
                423.71121607774273
              ],
              [
                1275.6944571051906,
                423.71398084542045
              ],
              [
                1275.7147212807745,
                423.6866577676102
              ],
              [
                1275.7232956574237,
                423.67719740082987
              ],
              [
                1275.7221865193649,
                423.67866202864496
              ],
              [
                1275.715575772962,
                423.6859558633133
              ],
              [
                1275.7148882223191,
                423.6868829180378
              ]
            ],
            [
              [
                1275.597802962895,
                423.8443038698983
              ],
              [
                1275.6043122292924,
                423.83552714017014
              ],
              [
                1275.6027894534188,
                423.8380196167167
              ],
              [
                1275.5979250332075,
                423.8445785281014
              ],
              [
                1275.5830587015173,
                423.86938150408326
              ],
              [
                1275.5811731268052,
                423.8720490752195
              ],
              [
                1275.597802962895,
                423.8443038698983
              ]
            ],
            [
              [
                1275.4968996588034,
                424.0126508622855
              ],
              [
                1275.5015680740714,
                424.004862081961
              ],
              [
                1275.5003973277921,
                424.0072936743389
              ],
              [
                1275.4970217291159,
                424.01292552048864
              ],
              [
                1275.4853349828638,
                424.0376350693766
              ],
              [
                1275.4838966618192,
                424.040143389524
              ],
              [
                1275.4968996588034,
                424.0126508622855
              ]
            ],
            [
              [
                1275.4758253175703,
                424.0572088131253
              ],
              [
                1275.473072673744,
                424.0632750021291
              ],
              [
                1275.4722676952742,
                424.0647307734855
              ],
              [
                1275.4758253175703,
                424.0572088131253
              ]
            ],
            [
              [
                1275.4020605856276,
                424.22121973857463
              ],
              [
                1275.3954772965571,
                424.2396187989539
              ],
              [
                1275.394207290431,
                424.24255240642475
              ],
              [
                1275.4129831224775,
                424.1900774712073
              ],
              [
                1275.4160749995795,
                424.1835402463237
              ],
              [
                1275.4152342997054,
                424.1858505110574
              ],
              [
                1275.41310519279,
                424.1903521294104
              ],
              [
                1275.4045148049613,
                424.21436065503485
              ],
              [
                1275.4041233658324,
                424.2152232961495
              ],
              [
                1275.4020605856276,
                424.22121973857463
              ]
            ],
            [
              [
                1275.9648575965923,
                423.4339836452639
              ],
              [
                1275.9919556191728,
                423.40942342921204
              ],
              [
                1275.9923962006308,
                423.4090966717331
              ],
              [
                1275.9654994483194,
                423.4334744670463
              ],
              [
                1275.9648575965923,
                423.4339836452639
              ]
            ],
            [
              [
                1275.8244602132515,
                423.56582039645093
              ],
              [
                1275.822752817091,
                423.5674633352678
              ],
              [
                1275.846528625127,
                423.5412307735644
              ],
              [
                1275.8573466014275,
                423.5314259313699
              ],
              [
                1275.856923974597,
                423.53188154027936
              ],
              [
                1275.8473831173144,
                423.5405288692675
              ],
              [
                1275.8244602132515,
                423.56582039645093
              ]
            ],
            [
              [
                1275.4129831224775,
                425.7208112006677
              ],
              [
                1275.4092941147887,
                425.710501114861
              ],
              [
                1275.4093509827983,
                425.71062406241316
              ],
              [
                1275.4130360077004,
                425.72092301707687
              ],
              [
                1275.4129831224775,
                425.7208112006677
              ]
            ],
            [
              [
                1275.3681793516032,
                425.5955930495725
              ],
              [
                1275.3682825848482,
                425.5958641224971
              ],
              [
                1275.3684398988137,
                425.5963212302443
              ],
              [
                1275.3681793516032,
                425.5955930495725
              ]
            ],
            [
              [
                1275.3591485275817,
                425.5703535872508
              ],
              [
                1275.3595289110713,
                425.57138581178924
              ],
              [
                1275.35956496074,
                425.5715174399605
              ],
              [
                1275.3591485275817,
                425.5703535872508
              ]
            ],
            [
              [
                1275.351953006175,
                425.5502074642319
              ],
              [
                1275.351986143766,
                425.5503360654815
              ],
              [
                1275.3468615160357,
                425.53601369044645
              ],
              [
                1275.3446592160394,
                425.52722161602236
              ],
              [
                1275.344826867057,
                425.52770876017837
              ],
              [
                1275.3469835863482,
                425.5363188662277
              ],
              [
                1275.351953006175,
                425.5502074642319
              ]
            ],
            [
              [
                1275.3089601711638,
                425.3845208837885
              ],
              [
                1275.3090609936767,
                425.385105546046
              ],
              [
                1275.2991716266936,
                425.3456249799698
              ],
              [
                1275.2982885748877,
                425.3396719282495
              ],
              [
                1275.2984879525247,
                425.3404982676794
              ],
              [
                1275.299293697006,
                425.34593015575103
              ],
              [
                1275.3089601711638,
                425.3845208837885
              ]
            ],
            [
              [
                1275.2760125627565,
                425.18898149726317
              ],
              [
                1275.2767163266165,
                425.1939024017158
              ],
              [
                1275.2767671926526,
                425.1945865542124
              ],
              [
                1275.2703727341557,
                425.15147861659665
              ],
              [
                1275.2702281352813,
                425.14853523889025
              ],
              [
                1275.2703912415977,
                425.1496757217203
              ],
              [
                1275.2704948044682,
                425.1517837923779
              ],
              [
                1275.2760125627565,
                425.18898149726317
              ]
            ],
            [
              [
                1275.2704948044682,
                424.7596847134815
              ],
              [
                1275.2686333653205,
                424.79757517778813
              ],
              [
                1275.2681901921187,
                424.8064566278105
              ],
              [
                1275.2679715815755,
                424.8082866388887
              ],
              [
                1275.2703727341557,
                424.75941005527835
              ],
              [
                1275.2706214085997,
                424.7577336283487
              ],
              [
                1275.2705388776953,
                424.7593875959181
              ],
              [
                1275.2704948044682,
                424.7596847134815
              ]
            ],
            [
              [
                1275.266631775407,
                424.8376882096971
              ],
              [
                1275.266422093403,
                424.83982719521936
              ],
              [
                1275.2668089024478,
                424.83195351623107
              ],
              [
                1275.2667204852664,
                424.8359104122575
              ],
              [
                1275.266631775407,
                424.8376882096971
              ]
            ],
            [
              [
                1275.2625092411588,
                424.91947513239535
              ],
              [
                1275.2625220677219,
                424.92004915405386
              ],
              [
                1275.2607489866348,
                424.9555827355053
              ],
              [
                1275.2607421875,
                424.9554443359375
              ],
              [
                1275.2625092411588,
                424.91947513239535
              ]
            ],
            [
              [
                1275.2921377943835,
                424.6137795270565
              ],
              [
                1275.291632463581,
                424.61608860120486
              ],
              [
                1275.2991716266936,
                424.5652636919052
              ],
              [
                1275.3000307820503,
                424.5618337514562
              ],
              [
                1275.2997425402457,
                424.5637464674521
              ],
              [
                1275.299293697006,
                424.56553835010834
              ],
              [
                1275.2921377943835,
                424.6137795270565
              ]
            ],
            [
              [
                1275.2876500837613,
                424.64293562522005
              ],
              [
                1275.2880307004555,
                424.6403697158907
              ],
              [
                1275.2878362568395,
                424.6419974231647
              ],
              [
                1275.2876500837613,
                424.64293562522005
              ]
            ],
            [
              [
                1275.3346796815044,
                424.42426958118205
              ],
              [
                1275.3338252467354,
                424.42691868578083
              ],
              [
                1275.3468615160357,
                424.37487498142855
              ],
              [
                1275.3486747789555,
                424.36980725106065
              ],
              [
                1275.3481313363332,
                424.37194189331416
              ],
              [
                1275.3469835863482,
                424.3751496396317
              ],
              [
                1275.3346796815044,
                424.42426958118205
              ]
            ]
          ]
        ]
      }
    }
  ]
}