{
  "type": "FeatureCollection",
  "features": [
    {
      "type": "Feature",
      "properties": {
        "image_id": "0013_top_20250704_t1",
        "zone_type": "parking_spot",
        "generated_at": "2025-11-03T11:20:41",
        "source": "merged_t1_polygons"
      },
      "geometry": {
        "type": "MultiPolygon",
        "coordinates": [
          [
            [
              [
                886.5249971464258,
                428.909068729199
              ],
              [
                886.4994191257372,
                428.8990735890853
              ],
              [
                886.497161842424,
                428.89843484613414
              ],
              [
                886.49482125469,
                428.8975247613209
              ],
              [
                886.4895745978105,
                428.89605765223456
              ],
              [
                886.4763900268199,
                428.89109768459906
              ],
              [
                886.4758115519666,
                428.89094197562804
              ],
              [
                886.4756576049449,
                428.8908840615522
              ],
              [
                886.46187073905,
                428.8871730295356
              ],
              [
                886.4492104464431,
                428.88259263769345
              ],
              [
                886.4428055836655,
                428.8809711327975
              ],
              [
                886.4413193038843,
                428.88043961237173
              ],
              [
                886.4231755798473,
                428.87589713800855
              ],
              [
                886.4101294929883,
                428.8715077762834
              ],
              [
                886.4073523746337,
                428.87085218757016
              ],
              [
                886.3935206434986,
                428.86629971388703
              ],
              [
                886.3922434567077,
                428.8660129787195
              ],
              [
                886.3915268286628,
                428.8657777665823
              ],
              [
                886.3724506349959,
                428.8615225379086
              ],
              [
                886.369654610028,
                428.8606296729508
              ],
              [
                886.3553880358259,
                428.857647491925
              ],
              [
                886.3476811133539,
                428.8553082614281
              ],
              [
                886.3455929087174,
                428.85489551729717
              ],
              [
                886.3455448828852,
                428.85488101533434
              ],
              [
                886.3343375850735,
                428.85236050267645
              ],
              [
                886.313274840833,
                428.846400382679
              ],
              [
                886.3096371163614,
                428.8457421999261
              ],
              [
                886.3058013605289,
                428.8446696174486
              ],
              [
                886.3004835270779,
                428.84373218407643
              ],
              [
                886.288633588229,
                428.84054251770857
              ],
              [
                886.2723037264068,
                428.8378055559685
              ],
              [
                886.256989866355,
                428.83392858000326
              ],
              [
                886.2533851492084,
                428.8333882971152
              ],
              [
                886.251017060571,
                428.8327954209282
              ],
              [
                886.2379083897747,
                428.830851888765
              ],
              [
                886.22969632836,
                428.8289132840357
              ],
              [
                886.2225133999733,
                428.82790768621004
              ],
              [
                886.2040694201995,
                428.82376691551895
              ],
              [
                886.2020869184003,
                428.82352037749484
              ],
              [
                886.2009476688911,
                428.8232662509504
              ],
              [
                886.1767267100022,
                428.82030142633334
              ],
              [
                886.1680378390033,
                428.8184851678636
              ],
              [
                886.1540790734715,
                428.81704184620224
              ],
              [
                886.1519436101903,
                428.81661976116294
              ],
              [
                886.1450183335631,
                428.81595730431735
              ],
              [
                886.1229124030637,
                428.8119576220146
              ],
              [
                886.1178823947787,
                428.81154306104617
              ],
              [
                886.1125109387685,
                428.8105961750319
              ],
              [
                886.107822052396,
                428.810237652846
              ],
              [
                886.0976171559404,
                428.80852726414435
              ],
              [
                886.078828089732,
                428.8072253033527
              ],
              [
                886.0608952320638,
                428.8045374874332
              ],
              [
                886.060186712141,
                428.8045023219819
              ],
              [
                886.056962594917,
                428.80402430436897
              ],
              [
                886.0491893744069,
                428.8036426157725
              ],
              [
                886.0460942503237,
                428.80320930363564
              ],
              [
                886.0343920769222,
                428.8026663460444
              ],
              [
                886.0113866406838,
                428.79980545845467
              ],
              [
                886.0087027435121,
                428.7997340493611
              ],
              [
                886.0071312857597,
                428.7995416913025
              ],
              [
                885.9780394648997,
                428.7988395359957
              ],
              [
                885.9631556912735,
                428.7973005694712
              ],
              [
                885.9450734328152,
                428.7973005694712
              ],
              [
                885.930112851082,
                428.79606755495115
              ],
              [
                885.923716119025,
                428.7961605231354
              ],
              [
                885.9168114818337,
                428.79563257994766
              ],
              [
                885.9127962610656,
                428.79572037124524
              ],
              [
                885.9043996723038,
                428.7951385419393
              ],
              [
                885.8875223580409,
                428.7956060843923
              ],
              [
                885.879844928223,
                428.7951776741203
              ],
              [
                885.8781411145989,
                428.7952436297763
              ],
              [
                885.8610229492188,
                428.7944030761719
              ],
              [
                885.8425104333621,
                428.79531225468503
              ],
              [
                885.8172883789232,
                428.794641184249
              ],
              [
                885.8139278668069,
                428.7948785660012
              ],
              [
                885.8119251198362,
                428.7948302280364
              ],
              [
                885.792571162318,
                428.7962560734136
              ],
              [
                885.7922358297884,
                428.79625074146594
              ],
              [
                885.7892689117551,
                428.79649935692265
              ],
              [
                885.7783935153933,
                428.7973005694712
              ],
              [
                885.757181222789,
                428.7973005694712
              ],
              [
                885.7427737697989,
                428.79879028494344
              ],
              [
                885.7366800252792,
                428.7988788495977
              ],
              [
                885.728979454109,
                428.7997394568542
              ],
              [
                885.720587682475,
                428.7999229397966
              ],
              [
                885.7172766498567,
                428.8003223025521
              ],
              [
                885.710793143144,
                428.80050191137997
              ],
              [
                885.7107056028382,
                428.8005128733563
              ],
              [
                885.7099996861127,
                428.8005324289581
              ],
              [
                885.6958968438897,
                428.8022984157332
              ],
              [
                885.6911869238302,
                428.8024807395877
              ],
              [
                885.6880828165486,
                428.8028964356863
              ],
              [
                885.6649276334034,
                428.8040336228275
              ],
              [
                885.6472937694114,
                428.80664935945686
              ],
              [
                885.6236040500945,
                428.8083227672255
              ],
              [
                885.6196122214839,
                428.8089983100337
              ],
              [
                885.6171898589748,
                428.8091767704019
              ],
              [
                885.5976390746341,
                428.81255714447923
              ],
              [
                885.5940132403372,
                428.81286097439283
              ],
              [
                885.5779815948492,
                428.8158296223537
              ],
              [
                885.5522990750592,
                428.8184851678636
              ],
              [
                885.5326644689833,
                428.82258944327407
              ],
              [
                885.5257292831469,
                428.8234259360679
              ],
              [
                885.52385183544,
                428.82384224390944
              ],
              [
                885.5178197657474,
                428.8245975920255
              ],
              [
                885.5057602537014,
                428.82731272391146
              ],
              [
                885.5040581514153,
                428.8275406661878
              ],
              [
                885.4997848724233,
                428.8285302373622
              ],
              [
                885.4707812700302,
                428.8328325153654
              ],
              [
                885.470140970337,
                428.8329929020892
              ],
              [
                885.469987812999,
                428.83301562083415
              ],
              [
                885.4667154179851,
                428.8338353131137
              ],
              [
                885.4667039813013,
                428.8338370272689
              ],
              [
                885.4662747899652,
                428.833945684687
              ],
              [
                885.4539416499052,
                428.83703497545025
              ],
              [
                885.4321591679733,
                428.84072125571146
              ],
              [
                885.4276010606911,
                428.8419570951142
              ],
              [
                885.424781702404,
                428.84244456843
              ],
              [
                885.4103452295451,
                428.8464225751492
              ],
              [
                885.4100532016719,
                428.8464751071193
              ],
              [
                885.406424408723,
                428.84750296727316
              ],
              [
                885.4053773796734,
                428.8477914787839
              ],
              [
                885.398421049553,
                428.8490796120103
              ],
              [
                885.3791054980196,
                428.8546882949721
              ],
              [
                885.3779041647606,
                428.85493941294897
              ],
              [
                885.3777827538336,
                428.8544537692406
              ],
              [
                885.3726664466144,
                428.8560342674987
              ],
              [
                885.3506823040345,
                428.8606296729508
              ],
              [
                885.3341705367449,
                428.86590243645395
              ],
              [
                885.3341128767555,
                428.86591522205947
              ],
              [
                885.3336927643984,
                428.86605275957504
              ],
              [
                885.3288687296667,
                428.86713886409314
              ],
              [
                885.3170602239251,
                428.87103020643804
              ],
              [
                885.3105125968555,
                428.8725758915178
              ],
              [
                885.3104448285932,
                428.87259869217974
              ],
              [
                885.3100243156055,
                428.8726979618303
              ],
              [
                885.305665309951,
                428.8741645512211
              ],
              [
                885.2997491806849,
                428.8755986425974
              ],
              [
                885.2991246553761,
                428.8758146137958
              ],
              [
                885.2795991025223,
                428.8807055101762
              ],
              [
                885.274816477475,
                428.882416760781
              ],
              [
                885.2744834012132,
                428.8825010849591
              ],
              [
                885.2657401776745,
                428.88566431277803
              ],
              [
                885.263685213881,
                428.8863995905804
              ],
              [
                885.2447581390994,
                428.89153128743305
              ],
              [
                885.2397173327387,
                428.8934395249689
              ],
              [
                885.2365346676007,
                428.89431651642155
              ],
              [
                885.2235395915272,
                428.899305321111
              ],
              [
                885.2214752721209,
                428.8998900421718
              ],
              [
                885.2159006024272,
                428.9020783224124
              ],
              [
                885.2073940600229,
                428.9045483786966
              ],
              [
                885.18511880842,
                428.9134996741946
              ],
              [
                885.1544693318708,
                428.92328708450066
              ],
              [
                885.1371195076147,
                428.93087186136677
              ],
              [
                885.1343104551923,
                428.9318169683034
              ],
              [
                885.124124636836,
                428.9363325194511
              ],
              [
                885.1200116160418,
                428.93775487018263
              ],
              [
                885.1197064402605,
                428.93787694049513
              ],
              [
                885.1193192834197,
                428.93805454646235
              ],
              [
                885.0948015923011,
                428.94682711661807
              ],
              [
                885.0886724075789,
                428.9497260050966
              ],
              [
                885.0880262566741,
                428.94995977728695
              ],
              [
                885.0789875150335,
                428.9542850820733
              ],
              [
                885.0631672558818,
                428.96027396761656
              ],
              [
                885.0577442822719,
                428.96295407634886
              ],
              [
                885.0542431085988,
                428.9642981755707
              ],
              [
                885.0428065839642,
                428.97002462976064
              ],
              [
                885.0390311588408,
                428.9715066347316
              ],
              [
                885.0326107102585,
                428.97478495513457
              ],
              [
                885.022821915255,
                428.9787185760969
              ],
              [
                884.9980446939671,
                428.99166827529046
              ],
              [
                884.9925454657888,
                428.9940036264981
              ],
              [
                884.991879234839,
                428.9943661679783
              ],
              [
                884.9657412660314,
                429.00579283479703
              ],
              [
                884.9430851284145,
                429.0185836599591
              ],
              [
                884.9173749833792,
                429.0307436529439
              ],
              [
                884.9101112948988,
                429.0350973402725
              ],
              [
                884.9091652788645,
                429.03555003688047
              ],
              [
                884.9017682588828,
                429.0400395892759
              ],
              [
                884.8890980489376,
                429.04630138266765
              ],
              [
                884.8834084470294,
                429.04983787358066
              ],
              [
                884.8796446123647,
                429.05172248691156
              ],
              [
                884.8698287599465,
                429.0579024168053
              ],
              [
                884.8644729999428,
                429.06063710069355
              ],
              [
                884.8573699729747,
                429.06519126238493
              ],
              [
                884.8465304072799,
                429.0708565108607
              ],
              [
                884.8234002431715,
                429.08604702284424
              ],
              [
                884.8226218836112,
                429.0864705811121
              ],
              [
                884.8215348849469,
                429.08720647373684
              ],
              [
                884.7904627137513,
                429.10474868308825
              ],
              [
                884.7713237937869,
                429.1182573471208
              ],
              [
                884.76476546164,
                429.122109205307
              ],
              [
                884.7639319835135,
                429.12271384769844
              ],
              [
                884.7490279909921,
                429.1316469570355
              ],
              [
                884.7481220156968,
                429.13231887410814
              ],
              [
                884.7478683230233,
                429.1324709316449
              ],
              [
                884.7406172534421,
                429.1378486913609
              ],
              [
                884.7396585344536,
                429.13843057692316
              ],
              [
                884.7338402640474,
                429.1428051019594
              ],
              [
                884.7241911555714,
                429.1488027068876
              ],
              [
                884.7183632154105,
                429.1532631054814
              ],
              [
                884.7144034362733,
                429.15575612966506
              ],
              [
                884.714098260492,
                429.15596975271194
              ],
              [
                884.7055167564191,
                429.162553148332
              ],
              [
                884.6994771992161,
                429.16642545800653
              ],
              [
                884.6918809415861,
                429.1724210544951
              ],
              [
                884.6802634158731,
                429.1800507523534
              ],
              [
                884.6563881344324,
                429.19938142363486
              ],
              [
                884.6412155303789,
                429.21009057603425
              ],
              [
                884.6397109794503,
                429.21113779252295
              ],
              [
                884.6396376502979,
                429.2112001018493
              ],
              [
                884.6361580745041,
                429.21363010433765
              ],
              [
                884.635955028732,
                429.21380355197664
              ],
              [
                884.6260719797461,
                429.22077922190033
              ],
              [
                884.6125022295698,
                429.23256777864526
              ],
              [
                884.6085172907349,
                429.2354586318904
              ],
              [
                884.6059816664329,
                429.23770124801393
              ],
              [
                884.5902222207352,
                429.24938924952454
              ],
              [
                884.5811824990977,
                429.2575823756394
              ],
              [
                884.5811721451477,
                429.25759016036073
              ],
              [
                884.5810568272328,
                429.2576962779784
              ],
              [
                884.5786307268513,
                429.25989516719096
              ],
              [
                884.5755544228899,
                429.2622551877483
              ],
              [
                884.5739282613788,
                429.26374518607577
              ],
              [
                884.5728797794037,
                429.2645429957986
              ],
              [
                884.5724738119698,
                429.2649191746908
              ],
              [
                884.5700008564384,
                429.2668118446686
              ],
              [
                884.5573648421724,
                429.27859231573706
              ],
              [
                884.5456283264525,
                429.2878557472668
              ],
              [
                884.537752272925,
                429.29543519567864
              ],
              [
                884.5256656580543,
                429.30522114855
              ],
              [
                884.5054606008395,
                429.3252131688444
              ],
              [
                884.4930378557186,
                429.3357690372097
              ],
              [
                884.4923668134473,
                429.3364608063759
              ],
              [
                884.4882239555046,
                429.3399997568365
              ],
              [
                884.4859983459465,
                429.34231096238153
              ],
              [
                884.4796146498437,
                429.3478157775258
              ],
              [
                884.4785431837838,
                429.34894308343934
              ],
              [
                884.4741719671847,
                429.35274052512057
              ],
              [
                884.465552731166,
                429.36190268991595
              ],
              [
                884.4639241973824,
                429.3633430358369
              ],
              [
                884.4608318749331,
                429.36666182314065
              ],
              [
                884.4447952266894,
                429.3811965938769
              ],
              [
                884.4332929113347,
                429.3938874431981
              ],
              [
                884.430813823851,
                429.3961846234777
              ],
              [
                884.4287894951618,
                429.39846224653166
              ],
              [
                884.4279804261366,
                429.39921653613936
              ],
              [
                884.4170757001083,
                429.41156719693794
              ],
              [
                884.4044038997177,
                429.4237617886847
              ],
              [
                884.3964832429292,
                429.43304149755437
              ],
              [
                884.384266418508,
                429.44512951092474
              ],
              [
                884.3686822979778,
                429.4639656414676
              ],
              [
                884.359024134669,
                429.4739221224006
              ],
              [
                884.3578707570398,
                429.4753662832869
              ],
              [
                884.3532685413485,
                429.4801454982157
              ],
              [
                884.3504357383714,
                429.4837268961892
              ],
              [
                884.3430107541554,
                429.49153883622915
              ],
              [
                884.3402128034768,
                429.4951378247277
              ],
              [
                884.3363001851849,
                429.49929690025294
              ],
              [
                884.3282979918946,
                429.5097314851161
              ],
              [
                884.312987882337,
                429.5266235879227
              ],
              [
                884.3034458461916,
                429.53948953428153
              ],
              [
                884.3021472952402,
                429.54095056657314
              ],
              [
                884.2900805888814,
                429.55751049762796
              ],
              [
                884.2890024768063,
                429.55896416348247
              ],
              [
                884.2771601957139,
                429.57283838172276
              ],
              [
                884.2694492799806,
                429.58390606913105
              ],
              [
                884.2574644218633,
                429.5983918626408
              ],
              [
                884.2460434953825,
                429.61538682229184
              ],
              [
                884.2389109827833,
                429.62431754494213
              ],
              [
                884.2374085189125,
                429.626622628084
              ],
              [
                884.2325689756011,
                429.63274106651704
              ],
              [
                884.2293581594269,
                429.63772954086716
              ],
              [
                884.2213097599263,
                429.64808215267516
              ],
              [
                884.2172491841815,
                429.6545353115157
              ],
              [
                884.2138521512213,
                429.65896492567515
              ],
              [
                884.2089290115576,
                429.66693073298234
              ],
              [
                884.1960695644574,
                429.6842696902108
              ],
              [
                884.1884410744628,
                429.6969970568574
              ],
              [
                884.1880868364422,
                429.69748320088263
              ],
              [
                884.1842462285944,
                429.70399573437203
              ],
              [
                884.1747873669409,
                429.7197768916403
              ],
              [
                884.1651192245085,
                429.7336538398473
              ],
              [
                884.1578886529214,
                429.746566021561
              ],
              [
                884.1465139964764,
                429.7634921288826
              ],
              [
                884.1387095892645,
                429.7780467277061
              ],
              [
                884.1338108265877,
                429.78556241941885
              ],
              [
                884.13210910322,
                429.78882022813514
              ],
              [
                884.1272674923459,
                429.79634238149055
              ],
              [
                884.1239260795181,
                429.8028465007984
              ],
              [
                884.1157078948868,
                429.8159070257436
              ],
              [
                884.1109166779979,
                429.8255180199986
              ],
              [
                884.1080672659072,
                429.8301284656094
              ],
              [
                884.1055719103149,
                429.8352559044893
              ],
              [
                884.0951662603658,
                429.852616682598
              ],
              [
                884.0770333917925,
                429.890955412029
              ],
              [
                884.0693569937192,
                429.904663740013
              ],
              [
                884.0628904388371,
                429.91944341391957
              ],
              [
                884.0525126665848,
                429.93879713390317
              ],
              [
                884.047702916743,
                429.950408894804
              ],
              [
                884.0446970499275,
                429.9561633783456
              ],
              [
                884.0429608803298,
                429.9604466964173
              ],
              [
                884.0383606067107,
                429.9694012105732
              ],
              [
                884.0351517732323,
                429.97749946465393
              ],
              [
                884.0272431446355,
                429.99336386523777
              ],
              [
                884.0223081497908,
                430.00634568597525
              ],
              [
                884.0200162679671,
                430.0110550284063
              ],
              [
                884.0192687597915,
                430.01308846494425
              ],
              [
                884.0112497240399,
                430.0300432915198
              ],
              [
                883.9966640092091,
                430.0708076336248
              ],
              [
                883.9907931748613,
                430.0842257548349
              ],
              [
                883.9853838851633,
                430.10086031495746
              ],
              [
                883.976390295572,
                430.1225727564379
              ],
              [
                883.9738930581337,
                430.13084447977343
              ],
              [
                883.9723949789843,
                430.13454040297233
              ],
              [
                883.9708022530693,
                430.1399007758354
              ],
              [
                883.9666896843988,
                430.1502798205075
              ],
              [
                883.963889798154,
                430.1600189100813
              ],
              [
                883.9567850500343,
                430.17870840609464
              ],
              [
                883.95285121403,
                430.1932561931899
              ],
              [
                883.9451281175981,
                430.21484080174105
              ],
              [
                883.9344269504126,
                430.25756225589316
              ],
              [
                883.9301822711016,
                430.27061542500434
              ],
              [
                883.9261292691453,
                430.2890548453255
              ],
              [
                883.9188998877361,
                430.3130010836728
              ],
              [
                883.9179885009563,
                430.31764724241265
              ],
              [
                883.9175742385274,
                430.31904145660917
              ],
              [
                883.9163136787765,
                430.32550709341706
              ],
              [
                883.912932979468,
                430.33726647594517
              ],
              [
                883.9108288991314,
                430.3486596441027
              ],
              [
                883.9050261602868,
                430.3701188531772
              ],
              [
                883.9026370985902,
                430.3844744584215
              ],
              [
                883.8974382282561,
                430.4052295122177
              ],
              [
                883.8908880280302,
                430.4493873752862
              ],
              [
                883.8881063712367,
                430.46204272047447
              ],
              [
                883.8857103451998,
                430.4821980553009
              ],
              [
                883.8806101395542,
                430.50819839408155
              ],
              [
                883.8798190160559,
                430.51657186982754
              ],
              [
                883.8775992157085,
                430.5285916383661
              ],
              [
                883.8766148717305,
                430.5401030405214
              ],
              [
                883.8746650624155,
                430.55140983979607
              ],
              [
                883.874511126976,
                430.5534802845048
              ],
              [
                883.872475225708,
                430.56571378812777
              ],
              [
                883.8715519913148,
                430.5797403465116
              ],
              [
                883.8686393357181,
                430.59937587559085
              ],
              [
                883.8664275650438,
                430.64440451067406
              ],
              [
                883.8649695594899,
                430.6566692313681
              ],
              [
                883.8645941524941,
                430.6751733236368
              ],
              [
                883.8622410302205,
                430.69953974165264
              ],
              [
                883.8622410302205,
                430.6996096311377
              ],
              [
                883.8621799950643,
                430.7002416459495
              ],
              [
                883.8621799950643,
                430.7032682766001
              ],
              [
                883.8618998141227,
                430.70623379124294
              ],
              [
                883.8619295286416,
                430.7118406585296
              ],
              [
                883.861022772362,
                430.7224447120141
              ],
              [
                883.8611516140135,
                430.7331668662653
              ],
              [
                883.8603527898911,
                430.74391111842345
              ],
              [
                883.8604524968623,
                430.74837326155534
              ],
              [
                883.8594521970994,
                430.763570662272
              ],
              [
                883.8599069061386,
                430.7771562347809
              ],
              [
                883.8590087890625,
                430.7954406738281
              ],
              [
                883.8612337297664,
                430.84081107923816
              ],
              [
                883.8609940348065,
                430.85262582351015
              ],
              [
                883.8621799950643,
                430.86784804941516
              ],
              [
                883.8621799950643,
                430.89271489701923
              ],
              [
                883.8629292170845,
                430.9004730390992
              ],
              [
                883.8629539944243,
                430.9051483043146
              ],
              [
                883.8632522884706,
                430.9079842123695
              ],
              [
                883.8633605197408,
                430.91699117837624
              ],
              [
                883.8644400203692,
                430.92682518322187
              ],
              [
                883.8646650434089,
                430.9368955423741
              ],
              [
                883.8654823825987,
                430.94373757180773
              ],
              [
                883.8660850808756,
                430.9617446938026
              ],
              [
                883.867791401688,
                430.97453339962334
              ],
              [
                883.8686051900347,
                430.9911279574656
              ],
              [
                883.8691537955942,
                430.9948330309528
              ],
              [
                883.869252709216,
                430.9967974668331
              ],
              [
                883.8753478446172,
                431.03686212831786
              ],
              [
                883.876217976924,
                431.0480305890274
              ],
              [
                883.8783244834841,
                431.0598899554105
              ],
              [
                883.8806815150356,
                431.0842968537274
              ],
              [
                883.8830719511552,
                431.09655782886176
              ],
              [
                883.8834402185365,
                431.09991266082454
              ],
              [
                883.8837622524824,
                431.10297426621855
              ],
              [
                883.8837921243629,
                431.10311844274975
              ],
              [
                883.8845903346937,
                431.11038995705354
              ],
              [
                883.8864502306833,
                431.1192615593413
              ],
              [
                883.8875616526205,
                431.12856538534527
              ],
              [
                883.8895633510214,
                431.13771200773056
              ],
              [
                883.8923086808601,
                431.15828798349753
              ],
              [
                883.8947126060763,
                431.16847117412584
              ],
              [
                883.8953853434101,
                431.1731751328391
              ],
              [
                883.8958392276188,
                431.17505629877087
              ],
              [
                883.8973023020399,
                431.1849373474641
              ],
              [
                883.8987647499391,
                431.19078658167183
              ],
              [
                883.8995158068946,
                431.1957234437256
              ],
              [
                883.9090156057697,
                431.2326771048888
              ],
              [
                883.9104951797043,
                431.2410069196226
              ],
              [
                883.9129110270028,
                431.24960779493114
              ],
              [
                883.9175132033712,
                431.2732131820627
              ],
              [
                883.9216308990324,
                431.28707142588985
              ],
              [
                883.9245113099676,
                431.30081082872994
              ],
              [
                883.9269769487818,
                431.30867085480503
              ],
              [
                883.9288293265474,
                431.31713516687626
              ],
              [
                883.9324776726909,
                431.32844656348055
              ],
              [
                883.9378652391136,
                431.35126866108044
              ],
              [
                883.9395107060714,
                431.3560568621102
              ],
              [
                883.9397926511689,
                431.35722541017145
              ],
              [
                883.9419343715399,
                431.3634486146441
              ],
              [
                883.9448247360845,
                431.37500897120503
              ],
              [
                883.9476111236853,
                431.38281140880565
              ],
              [
                883.9496138338804,
                431.39060183415376
              ],
              [
                883.9619070047302,
                431.424042783148
              ],
              [
                883.9634964552542,
                431.42970152895344
              ],
              [
                883.9656550928677,
                431.43523633720696
              ],
              [
                883.9723339438281,
                431.45771423569954
              ],
              [
                883.9785127871152,
                431.47295811000083
              ],
              [
                883.9827456554823,
                431.48645175535785
              ],
              [
                883.9856413318969,
                431.49327610831176
              ],
              [
                883.9880836404709,
                431.50084828480595
              ],
              [
                883.9936285295814,
                431.5136565128807
              ],
              [
                884.0014047305036,
                431.5362518474609
              ],
              [
                884.0015283627544,
                431.5365241794233
              ],
              [
                884.0023069694975,
                431.5387898740282
              ],
              [
                884.0068479870715,
                431.54868636822624
              ],
              [
                884.010716447836,
                431.5595188251735
              ],
              [
                884.0152045948707,
                431.56902750801686
              ],
              [
                884.0190397054671,
                431.57946010831245
              ],
              [
                884.0334615289199,
                431.60909396832113
              ],
              [
                884.0347127953454,
                431.61230225103435
              ],
              [
                884.0361036451868,
                431.61504098224106
              ],
              [
                884.0446360147713,
                431.6360912603263
              ],
              [
                884.0531820481633,
                431.6524519348073
              ],
              [
                884.0587422735281,
                431.66555593365194
              ],
              [
                884.0618944986604,
                431.67134516711326
              ],
              [
                884.0647726170006,
                431.6779933787171
              ],
              [
                884.0702440979162,
                431.68788833304836
              ],
              [
                884.0796694368547,
                431.70865007630414
              ],
              [
                884.082557086274,
                431.71368345285873
              ],
              [
                884.0850004590687,
                431.71900843218134
              ],
              [
                884.0901536872201,
                431.7278162337493
              ],
              [
                884.0943451140079,
                431.73669627882754
              ],
              [
                884.1008726322929,
                431.74760982291616
              ],
              [
                884.1070907034072,
                431.76038667110936
              ],
              [
                884.1229410675156,
                431.7860330989708
              ],
              [
                884.1234602597764,
                431.78705544373054
              ],
              [
                884.1236379232591,
                431.78733388352333
              ],
              [
                884.1337497914315,
                431.806692219253
              ],
              [
                884.1449317258579,
                431.8238475659077
              ],
              [
                884.1517819740498,
                431.83642842050585
              ],
              [
                884.1550226245012,
                431.8412069065322
              ],
              [
                884.1581818679626,
                431.84692027193626
              ],
              [
                884.1631280745772,
                431.8541243667701
              ],
              [
                884.1738853910077,
                431.87287512783877
              ],
              [
                884.1804782234233,
                431.8821972485675
              ],
              [
                884.1851328940459,
                431.8901529248938
              ],
              [
                884.1856604754194,
                431.8908787152338
              ],
              [
                884.1856822104521,
                431.89091586434694
              ],
              [
                884.1907811627246,
                431.89793046055775
              ],
              [
                884.1949692355431,
                431.904932619013
              ],
              [
                884.1966226463708,
                431.9071666217461
              ],
              [
                884.1969850918011,
                431.9077713254142
              ],
              [
                884.1974604271543,
                431.9084122409445
              ],
              [
                884.1975135861293,
                431.9085008310083
              ],
              [
                884.2041819053482,
                431.9174835358583
              ],
              [
                884.2128755887213,
                431.9315502110436
              ],
              [
                884.2279167870023,
                431.95116341635014
              ],
              [
                884.238849947627,
                431.96793709372974
              ],
              [
                884.2528902613624,
                431.9855171745426
              ],
              [
                884.2609842806647,
                431.99745217299835
              ],
              [
                884.2641535787062,
                432.0012668881214
              ],
              [
                884.2674412492078,
                432.0060553435827
              ],
              [
                884.2714616908941,
                432.01084588008456
              ],
              [
                884.2832082645928,
                432.02745527818024
              ],
              [
                884.294357684018,
                432.04042002213157
              ],
              [
                884.3022693655527,
                432.05130407209873
              ],
              [
                884.3083625820212,
                432.0581438123327
              ],
              [
                884.3118551453904,
                432.06286278234427
              ],
              [
                884.3127073461737,
                432.0638047227526
              ],
              [
                884.3139034096807,
                432.0654174277023
              ],
              [
                884.3144414635565,
                432.0660110786719
              ],
              [
                884.3144464863816,
                432.0660178447781
              ],
              [
                884.3158132839521,
                432.06752464923585
              ],
              [
                884.3245217246737,
                432.07713293292585
              ],
              [
                884.3353236226849,
                432.0912182364658
              ],
              [
                884.3484634164619,
                432.1051857105785
              ],
              [
                884.3589630995127,
                432.11833251627127
              ],
              [
                884.3760299964459,
                432.1359265689362
              ],
              [
                884.3853157630055,
                432.14710335119537
              ],
              [
                884.3882650431744,
                432.15002231050937
              ],
              [
                884.3915329663489,
                432.15391618746963
              ],
              [
                884.3942839896241,
                432.15661611421217
              ],
              [
                884.4066583466422,
                432.1710052374645
              ],
              [
                884.4223376244173,
                432.1860827567566
              ],
              [
                884.434165278175,
                432.19935950142775
              ],
              [
                884.4410110842791,
                432.20565913523245
              ],
              [
                884.4457107540331,
                432.2108444217481
              ],
              [
                884.4603026990875,
                432.22406978983867
              ],
              [
                884.4731954046847,
                432.2377746115982
              ],
              [
                884.4835650012488,
                432.24678307350285
              ],
              [
                884.4929768205624,
                432.2564856014622
              ],
              [
                884.513177305534,
                432.2736503793113
              ],
              [
                884.5235998165343,
                432.2839657389301
              ],
              [
                884.5261940390914,
                432.28607611310855
              ],
              [
                884.5293010559185,
                432.28912542130485
              ],
              [
                884.5304997890345,
                432.2900937416428
              ],
              [
                884.5431293233956,
                432.3022385643006
              ],
              [
                884.5638118239997,
                432.31866258280576
              ],
              [
                884.5658577663249,
                432.3205452957016
              ],
              [
                884.5662382857008,
                432.32090155508473
              ],
              [
                884.5662784642809,
                432.3209324295211
              ],
              [
                884.5800735123352,
                432.3336268806549
              ],
              [
                884.5865669550079,
                432.3385090407404
              ],
              [
                884.591137748079,
                432.34265176610046
              ],
              [
                884.6101496004276,
                432.35675191678047
              ],
              [
                884.6250954172461,
                432.3697359148184
              ],
              [
                884.6319499063625,
                432.37457396162364
              ],
              [
                884.6396499442941,
                432.3811168461489
              ],
              [
                884.6623995888822,
                432.39695134033144
              ],
              [
                884.666183957576,
                432.39995651570393
              ],
              [
                884.6745277972793,
                432.40674414609117
              ],
              [
                884.6757635344052,
                432.4075636784028
              ],
              [
                884.6913981926731,
                432.41997919438086
              ],
              [
                884.7159104940118,
                432.43591420777875
              ],
              [
                884.7204665928925,
                432.43941525198807
              ],
              [
                884.7222848293255,
                432.44054988752566
              ],
              [
                884.7385599016411,
                432.45278646409247
              ],
              [
                884.7444909988839,
                432.4563862883325
              ],
              [
                884.7487838503671,
                432.4595700839801
              ],
              [
                884.7725726824892,
                432.47382856123335
              ],
              [
                884.7894861512513,
                432.4857664536305
              ],
              [
                884.7922151907698,
                432.48730723072475
              ],
              [
                884.7976240593184,
                432.49107197954254
              ],
              [
                884.8206752665718,
                432.50401993279013
              ],
              [
                884.8501362239659,
                432.52317197993176
              ],
              [
                884.8781837926172,
                432.5378356424533
              ],
              [
                884.8854776260575,
                432.54238721917693
              ],
              [
                884.8889429091923,
                432.54410672991287
              ],
              [
                884.8921948369883,
                432.5461165318198
              ],
              [
                884.8929108775661,
                432.54646835158593
              ],
              [
                884.908066646052,
                432.5556670041352
              ],
              [
                884.9132507581513,
                432.55814775486004
              ],
              [
                884.9171308427542,
                432.5604733880717
              ],
              [
                884.9427563010742,
                432.5725933272231
              ],
              [
                884.9654360902501,
                432.5853326534842
              ],
              [
                884.9654971254064,
                432.58536317106234
              ],
              [
                884.9885510744998,
                432.59553720635944
              ],
              [
                885.0179208660261,
                432.6108921455566
              ],
              [
                885.0179450351757,
                432.6109019966109
              ],
              [
                885.0180429363386,
                432.61095318071284
              ],
              [
                885.0494753674797,
                432.62376466110055
              ],
              [
                885.0597107163269,
                432.628843551207
              ],
              [
                885.0634867798022,
                432.63027920798146
              ],
              [
                885.0660261427918,
                432.63152689997116
              ],
              [
                885.068680298113,
                432.6325253795199
              ],
              [
                885.0869276238616,
                432.6412572637287
              ],
              [
                885.0912090576855,
                432.6428062519842
              ],
              [
                885.0945574516761,
                432.64438992439756
              ],
              [
                885.1193525074568,
                432.6532617372162
              ],
              [
                885.14123198554,
                432.662917461769
              ],
              [
                885.1556102047493,
                432.66767470378824
              ],
              [
                885.1613912638924,
                432.67018760446877
              ],
              [
                885.1698710377457,
                432.6728364863582
              ],
              [
                885.193370565554,
                432.6824146108846
              ],
              [
                885.2281181160947,
                432.6928719304773
              ],
              [
                885.2415179729221,
                432.6979665469626
              ],
              [
                885.2455729734305,
                432.69907149203
              ],
              [
                885.2473038208364,
                432.69972262790094
              ],
              [
                885.2520819099443,
                432.70100875353626
              ],
              [
                885.2733847684007,
                432.70871595605655
              ],
              [
                885.2766397503507,
                432.7095400126135
              ],
              [
                885.2793549618973,
                432.7105115308394
              ],
              [
                885.3029197889459,
                432.71641421273426
              ],
              [
                885.3235963169061,
                432.723255341402
              ],
              [
                885.3459694037774,
                432.72833942561095
              ],
              [
                885.3746699608648,
                432.7369768948219
              ],
              [
                885.4061592640041,
                432.74282957030636
              ],
              [
                885.4291798688512,
                432.74910244344676
              ],
              [
                885.4334704557975,
                432.7498333889715
              ],
              [
                885.4343278375522,
                432.75006417174455
              ],
              [
                885.4413707828222,
                432.7512446025376
              ],
              [
                885.4656053484888,
                432.75738001374674
              ],
              [
                885.4677443099703,
                432.7577006059707
              ],
              [
                885.469743672374,
                432.7582014201815
              ],
              [
                885.4917371514098,
                432.7614638446137
              ],
              [
                885.5109079266708,
                432.7658202321045
              ],
              [
                885.5529109640929,
                432.7711991103669
              ],
              [
                885.5725941116607,
                432.7750773280137
              ],
              [
                885.5731139426935,
                432.77512616039456
              ],
              [
                885.5763491820567,
                432.7757669072442
              ],
              [
                885.5767764281504,
                432.77582794240044
              ],
              [
                885.5904566682243,
                432.7770835166306
              ],
              [
                885.6154967538586,
                432.7817375254752
              ],
              [
                885.6368545043252,
                432.7830472116786
              ],
              [
                885.66169998278,
                432.7867711063168
              ],
              [
                885.6626691181715,
                432.7868192067051
              ],
              [
                885.6638900357472,
                432.7870003127194
              ],
              [
                885.6840250271132,
                432.7879894814153
              ],
              [
                885.701438986562,
                432.79021950033035
              ],
              [
                885.7499458275031,
                432.79173756180006
              ],
              [
                885.7733773928362,
                432.79393869842045
              ],
              [
                885.7740511168524,
                432.7939338392313
              ],
              [
                885.7773415958308,
                432.79423583982395
              ],
              [
                885.7930974631613,
                432.7940905201326
              ],
              [
                885.8149293927663,
                432.7956530678143
              ],
              [
                885.8247583354911,
                432.7953990254096
              ],
              [
                885.8307093341471,
                432.7957907228226
              ],
              [
                885.8379142521586,
                432.79554957425523
              ],
              [
                885.8521096909473,
                432.79624695144406
              ],
              [
                885.85986328125,
                432.7967224121094
              ],
              [
                885.8714221382096,
                432.7961864573911
              ],
              [
                885.8719802943757,
                432.7962110207285
              ],
              [
                885.8789111178979,
                432.79583921250236
              ],
              [
                885.8797554797463,
                432.7958000615968
              ],
              [
                885.893431970965,
                432.7962280786344
              ],
              [
                885.9438573771192,
                432.7929561927101
              ],
              [
                885.9489126462263,
                432.7929926534986
              ],
              [
                885.9496230408433,
                432.79292591977486
              ],
              [
                885.9519293117412,
                432.79293776059677
              ],
              [
                885.9551896094339,
                432.79262739003445
              ],
              [
                885.9750393917348,
                432.7924842248145
              ],
              [
                885.9757624722419,
                432.7924057621831
              ],
              [
                885.9787411655407,
                432.7923782890658
              ],
              [
                885.9900829430331,
                432.7911259858735
              ],
              [
                886.0093686145724,
                432.79062752143926
              ],
              [
                886.0184122488806,
                432.78950830726956
              ],
              [
                886.0288833656776,
                432.7891578390463
              ],
              [
                886.032013021795,
                432.78874026767954
              ],
              [
                886.0451787229799,
                432.7881298076925
              ],
              [
                886.0517805067016,
                432.78720556913703
              ],
              [
                886.0559585970653,
                432.7870003127194
              ],
              [
                886.0629172708977,
                432.7859680909645
              ],
              [
                886.0667705171498,
                432.7857613812352
              ],
              [
                886.0756960505046,
                432.7844017529421
              ],
              [
                886.0851158689586,
                432.7837905417737
              ],
              [
                886.1172361985472,
                432.7785781298443
              ],
              [
                886.1181682563392,
                432.77850355618466
              ],
              [
                886.122905718659,
                432.77765809338626
              ],
              [
                886.137687475947,
                432.77525934440035
              ],
              [
                886.1496959274018,
                432.77413128309183
              ],
              [
                886.1498953784767,
                432.7740919847695
              ],
              [
                886.1510359544975,
                432.773983405353
              ],
              [
                886.1577457230961,
                432.77265846628796
              ],
              [
                886.1755297262519,
                432.7707286954389
              ],
              [
                886.176305260587,
                432.7705642350453
              ],
              [
                886.1789326819523,
                432.7702741281229
              ],
              [
                886.1859374314524,
                432.7687758725279
              ],
              [
                886.2024001698568,
                432.76673849137484
              ],
              [
                886.209768631179,
                432.76508749891445
              ],
              [
                886.2195192212613,
                432.76372243279405
              ],
              [
                886.2254266553725,
                432.76293423906174
              ],
              [
                886.2258309146204,
                432.7628388063987
              ],
              [
                886.2287808010162,
                432.7624258272924
              ],
              [
                886.2366283932316,
                432.7605732620699
              ],
              [
                886.2430903055291,
                432.7596382733521
              ],
              [
                886.2472255209198,
                432.7586285446861
              ],
              [
                886.2501049604385,
                432.7582014201815
              ],
              [
                886.250292164265,
                432.75815452806404
              ],
              [
                886.2505932416885,
                432.7581098674471
              ],
              [
                886.2506589571195,
                432.75809340658856
              ],
              [
                886.250959452626,
                432.75804883229085
              ],
              [
                886.2520070176877,
                432.75778643090297
              ],
              [
                886.252912577626,
                432.75765210377523
              ],
              [
                886.2553810948268,
                432.7570337724054
              ],
              [
                886.2561654891109,
                432.7569161964365
              ],
              [
                886.2562189247911,
                432.7569026671523
              ],
              [
                886.2596162153524,
                432.75638515719703
              ],
              [
                886.2695603654938,
                432.7538593204451
              ],
              [
                886.2747225207437,
                432.7530216179697
              ],
              [
                886.3038708557093,
                432.7453624716257
              ],
              [
                886.308612539184,
                432.74451625550637
              ],
              [
                886.3284932698792,
                432.73894193915663
              ],
              [
                886.3472538672602,
                432.7352373928688
              ],
              [
                886.3475522483774,
                432.73514717890333
              ],
              [
                886.3475590430414,
                432.7351458401344
              ],
              [
                886.3476679712794,
                432.735112190691
              ],
              [
                886.3574954129914,
                432.7321409152444
              ],
              [
                886.3728099270865,
                432.7288933078835
              ],
              [
                886.3736366894857,
                432.7286286176524
              ],
              [
                886.3758859409797,
                432.7281475221278
              ],
              [
                886.3787528004227,
                432.7272245615734
              ],
              [
                886.3921983725834,
                432.7242119192737
              ],
              [
                886.3956964011052,
                432.72306158561673
              ],
              [
                886.4044092491454,
                432.7210231675364
              ],
              [
                886.4050013693792,
                432.7208257941251
              ],
              [
                886.4092139656445,
                432.7198313350447
              ],
              [
                886.4120371141182,
                432.7188814854853
              ],
              [
                886.4184073329554,
                432.7173776808082
              ],
              [
                886.4239161043447,
                432.71548458959455
              ],
              [
                886.4291441622183,
                432.71420801282545
              ],
              [
                886.4362862703551,
                432.7117193849044
              ],
              [
                886.4433012881027,
                432.7099622144332
              ],
              [
                886.4455505724695,
                432.70915740761785
              ],
              [
                886.4486828273252,
                432.7083618077608
              ],
              [
                886.4593946875593,
                432.70449633674946
              ],
              [
                886.4605029277717,
                432.70420513061435
              ],
              [
                886.4677007048688,
                432.7015529437738
              ],
              [
                886.4684195726443,
                432.70136274436715
              ],
              [
                886.4724013438122,
                432.6998807405315
              ],
              [
                886.4763900268199,
                432.6988071005572
              ],
              [
                886.4903099222969,
                432.6935705076407
              ],
              [
                886.4948822898461,
                432.69228847110105
              ],
              [
                886.5212599761747,
                432.6826275586788
              ],
              [
                886.5336087231889,
                432.6788939798009
              ],
              [
                886.5454377845051,
                432.6740183525141
              ],
              [
                886.5565023587511,
                432.67060035207487
              ],
              [
                886.5592488695321,
                432.6694099607408
              ],
              [
                886.5787703390962,
                432.6629028042194
              ],
              [
                886.5799285292877,
                432.662394344193
              ],
              [
                886.5849278260577,
                432.6607123285716
              ],
              [
                886.5905412467141,
                432.6582238011699
              ],
              [
                886.6059285459032,
                432.6529359504245
              ],
              [
                886.6088946201955,
                432.6515749638753
              ],
              [
                886.6099995488624,
                432.65118995761685
              ],
              [
                886.6185508212395,
                432.6472569288191
              ],
              [
                886.6280987983239,
                432.6438406079913
              ],
              [
                886.6283224311421,
                432.64373483754554
              ],
              [
                886.6287091498864,
                432.6435964673663
              ],
              [
                886.6304822575279,
                432.64275784990804
              ],
              [
                886.63217174226,
                432.64214818416247
              ],
              [
                886.6432458500647,
                432.6368819917099
              ],
              [
                886.6461715340937,
                432.6358064859392
              ],
              [
                886.6540496521486,
                432.63197246540676
              ],
              [
                886.6576677048645,
                432.6306113726274
              ],
              [
                886.6936832003814,
                432.61291549951045
              ],
              [
                886.7134886578642,
                432.60475221196396
              ],
              [
                886.7242570585191,
                432.59903230889944
              ],
              [
                886.7470597855034,
                432.5890216256363
              ],
              [
                886.7487392423003,
                432.5880918671857
              ],
              [
                886.7544125425624,
                432.5855767941092
              ],
              [
                886.7550065962454,
                432.58524141316633
              ],
              [
                886.7577084409999,
                432.58405091520297
              ],
              [
                886.7649593904088,
                432.5799644672631
              ],
              [
                886.7861471040563,
                432.57024246085314
              ],
              [
                886.7960355518734,
                432.5644569731499
              ],
              [
                886.8061357588083,
                432.5596799310405
              ],
              [
                886.8082253922154,
                432.5584274529764
              ],
              [
                886.808337410574,
                432.5583741836526
              ],
              [
                886.8133450572357,
                432.5553624810052
              ],
              [
                886.8137416182631,
                432.55517269800094
              ],
              [
                886.8205045040883,
                432.5510676365536
              ],
              [
                886.8214206983967,
                432.55051849081843
              ],
              [
                886.8270980968906,
                432.5477554879991
              ],
              [
                886.8301932543072,
                432.54584257551505
              ],
              [
                886.8314990106679,
                432.54520100447604
              ],
              [
                886.8675679414363,
                432.52290917932334
              ],
              [
                886.885313457162,
                432.5134832085562
              ],
              [
                886.8944362553196,
                432.5074330319395
              ],
              [
                886.9078563938239,
                432.500003554024
              ],
              [
                886.912748547252,
                432.4966743129054
              ],
              [
                886.9305682029755,
                432.4866316148651
              ],
              [
                886.9321354993325,
                432.4855305412186
              ],
              [
                886.933231133905,
                432.484911961443
              ],
              [
                886.9377781970173,
                432.4817025458629
              ],
              [
                886.9495440239565,
                432.4748579427633
              ],
              [
                886.9511619856745,
                432.47369631062645
              ],
              [
                886.9572915967689,
                432.47011002587595
              ],
              [
                886.9653636175317,
                432.464242425322
              ],
              [
                886.9744827511954,
                432.45877662694886
              ],
              [
                886.9831981992419,
                432.45231281014424
              ],
              [
                886.9832571303291,
                432.4522770390636
              ],
              [
                886.984028463546,
                432.45169704416946
              ],
              [
                886.9901273016533,
                432.4471738375556
              ],
              [
                886.9931279130874,
                432.4453274386915
              ],
              [
                886.9932597216637,
                432.44522738703625
              ],
              [
                886.996253743212,
                432.4433769799563
              ],
              [
                886.9974115337911,
                432.4424959952537
              ],
              [
                886.9982616368249,
                432.44197060268493
              ],
              [
                887.0185992720917,
                432.4263738453047
              ],
              [
                887.0317469474983,
                432.4163695309518
              ],
              [
                887.0474570660019,
                432.4059506890599
              ],
              [
                887.0545952936482,
                432.4001438120578
              ],
              [
                887.0598022460938,
                432.3966003417969
              ],
              [
                887.0657567609832,
                432.3916575164084
              ],
              [
                887.0928164797108,
                432.37264723603755
              ],
              [
                887.0952066424729,
                432.3705861410296
              ],
              [
                887.0976218679101,
                432.3688814226309
              ],
              [
                887.0998601295685,
                432.36693695982007
              ],
              [
                887.10511949414,
                432.3631609453211
              ],
              [
                887.1085637064728,
                432.36014941740206
              ],
              [
                887.1176798045207,
                432.35352287077546
              ],
              [
                887.1240362967112,
                432.34786015822016
              ],
              [
                887.1321288534836,
                432.3418583090692
              ],
              [
                887.1449961216847,
                432.330196096962
              ],
              [
                887.1503868221588,
                432.32609421123266
              ],
              [
                887.1553144742652,
                432.32152813386807
              ],
              [
                887.157929662247,
                432.3195225687214
              ],
              [
                887.1849644240089,
                432.294089824655
              ],
              [
                887.1983850467469,
                432.2831722818988
              ],
              [
                887.2084658366665,
                432.27319513020683
              ],
              [
                887.211784085293,
                432.27044066173016
              ],
              [
                887.2143289087754,
                432.267864137195
              ],
              [
                887.242980565,
                432.24315712286483
              ],
              [
                887.2460033717582,
                432.23997678140415
              ],
              [
                887.2495218804715,
                432.2369201194107
              ],
              [
                887.25445645556,
                432.2316747136628
              ],
              [
                887.2657352338496,
                432.22162695815314
              ],
              [
                887.2705170728948,
                432.2164305381803
              ],
              [
                887.2775558475294,
                432.21005096471686
              ],
              [
                887.28771131249,
                432.1988461358081
              ],
              [
                887.2924527777114,
                432.1944525835535
              ],
              [
                887.3004882360117,
                432.185411687591
              ],
              [
                887.3044860373794,
                432.18165078672155
              ],
              [
                887.3261044848816,
                432.15676589723495
              ],
              [
                887.3366691002758,
                432.1463098941641
              ],
              [
                887.3480457549986,
                432.132616421271
              ],
              [
                887.3795844606883,
                432.09943406416147
              ],
              [
                887.3830291516696,
                432.0950031771851
              ],
              [
                887.3873936624714,
                432.0903637442783
              ],
              [
                887.3917334264605,
                432.0847048412766
              ],
              [
                887.4000026130767,
                432.07571872399296
              ],
              [
                887.4033856298947,
                432.07121919399316
              ],
              [
                887.4093631918818,
                432.06462397067105
              ],
              [
                887.4170248700345,
                432.05429339356675
              ],
              [
                887.4211193063223,
                432.0496866404581
              ],
              [
                887.4314769566053,
                432.0354721589355
              ],
              [
                887.4364473405997,
                432.0297507741601
              ],
              [
                887.4530495713274,
                432.00622892445233
              ],
              [
                887.4610005826165,
                431.9966587159671
              ],
              [
                887.4713578236215,
                431.9813864944933
              ],
              [
                887.5012854549175,
                431.94289074771547
              ],
              [
                887.5049242231636,
                431.93710793489487
              ],
              [
                887.5098416964349,
                431.9306957188561
              ],
              [
                887.5135458557276,
                431.9247022632209
              ],
              [
                887.5191621965143,
                431.917232334687
              ],
              [
                887.5213515164132,
                431.9136251949074
              ],
              [
                887.5262815097614,
                431.90697786838297
              ],
              [
                887.5317275237389,
                431.8978917429892
              ],
              [
                887.5351797651203,
                431.8931540061486
              ],
              [
                887.5469618223749,
                431.87317512637617
              ],
              [
                887.5524778794118,
                431.86536004015505
              ],
              [
                887.5645748653783,
                431.84393373982886
              ],
              [
                887.5702028892315,
                431.8356349634746
              ],
              [
                887.5793782571391,
                431.8187838996452
              ],
              [
                887.606887319957,
                431.775065874647
              ],
              [
                887.6104789055993,
                431.76786129389546
              ],
              [
                887.6156265817491,
                431.75953217892186
              ],
              [
                887.618660295915,
                431.7532985246831
              ],
              [
                887.6220427365571,
                431.7477255902761
              ],
              [
                887.6232666448344,
                431.7451679460736
              ],
              [
                887.627184813853,
                431.73863087599574
              ],
              [
                887.6307445814382,
                431.7311043798026
              ],
              [
                887.6335644878839,
                431.72632265360403
              ],
              [
                887.6457746241288,
                431.70011192981536
              ],
              [
                887.6514032101248,
                431.69014252303117
              ],
              [
                887.6596778658882,
                431.6713092865131
              ],
              [
                887.6632425897532,
                431.6647624766207
              ],
              [
                887.671062570916,
                431.64633282361154
              ],
              [
                887.6953520702083,
                431.59760903515286
              ],
              [
                887.698645428918,
                431.58894564365227
              ],
              [
                887.7036775796892,
                431.57860561612495
              ],
              [
                887.7060171676352,
                431.5722412661838
              ],
              [
                887.7076329961506,
                431.56886461246654
              ],
              [
                887.7081365029064,
                431.56747290994866
              ],
              [
                887.7111013501789,
                431.56120426707395
              ],
              [
                887.7131456550649,
                431.55549081766765
              ],
              [
                887.7153508164386,
                431.5507571378368
              ],
              [
                887.7263652325929,
                431.5195278727791
              ],
              [
                887.7314044876989,
                431.50805845507756
              ],
              [
                887.7368928329213,
                431.49118809103646
              ],
              [
                887.739239207799,
                431.4856582983266
              ],
              [
                887.7455148928525,
                431.46565251001954
              ],
              [
                887.7658101648094,
                431.412264494296
              ],
              [
                887.7685481872646,
                431.4021389660083
              ],
              [
                887.7731034512758,
                431.38974734196626
              ],
              [
                887.7747415289995,
                431.3833753155734
              ],
              [
                887.7750916884784,
                431.3824074679274
              ],
              [
                887.7751299658877,
                431.38225627408605
              ],
              [
                887.7772229566207,
                431.3764067568527
              ],
              [
                887.7781531964404,
                431.37269303132
              ],
              [
                887.7797717534047,
                431.3681039233961
              ],
              [
                887.7887239074561,
                431.3318670096127
              ],
              [
                887.7928900977686,
                431.319060754833
              ],
              [
                887.7960809357999,
                431.304456793202
              ],
              [
                887.7974735533137,
                431.3000173716987
              ],
              [
                887.8019964831747,
                431.27844324329254
              ],
              [
                887.817569054557,
                431.22085404721344
              ],
              [
                887.8194923199015,
                431.2092973602913
              ],
              [
                887.8232014782617,
                431.1948689515381
              ],
              [
                887.8239836347328,
                431.18972766554793
              ],
              [
                887.8249128459627,
                431.18601804637603
              ],
              [
                887.8251497685231,
                431.1844208442107
              ],
              [
                887.8262231551467,
                431.1800759437195
              ],
              [
                887.8322402199907,
                431.1389614613319
              ],
              [
                887.8353138956999,
                431.12489373314173
              ],
              [
                887.8367149430713,
                431.1128380858176
              ],
              [
                887.8373945285875,
                431.1095965000223
              ],
              [
                887.8399330032204,
                431.0864715743087
              ],
              [
                887.8452399475373,
                431.0545827378781
              ],
              [
                887.846045866212,
                431.0500456566688
              ],
              [
                887.8460919153322,
                431.0494633584324
              ],
              [
                887.8501199891358,
                431.02525911226286
              ],
              [
                887.8509705404432,
                431.0123368168403
              ],
              [
                887.8534645759403,
                430.9959429746456
              ],
              [
                887.8536187186396,
                430.9928826124305
              ],
              [
                887.8542693974712,
                430.9884365371337
              ],
              [
                887.8564858728096,
                430.9427143904592
              ],
              [
                887.8582569400083,
                430.9274748189992
              ],
              [
                887.8584085533602,
                430.9181635207361
              ],
              [
                887.8586243435404,
                430.91619772134504
              ],
              [
                887.8589054747831,
                430.8928020840114
              ],
              [
                887.859093040344,
                430.8889329229446
              ],
              [
                887.8606123754454,
                430.8658498980223
              ],
              [
                887.8613147978738,
                430.85696765794546
              ],
              [
                887.861289544315,
                430.8555617753563
              ],
              [
                887.8631430177444,
                430.8274022381186
              ],
              [
                887.8627071567677,
                430.8143797987316
              ],
              [
                887.8636474609375,
                430.79498291015625
              ],
              [
                887.8630568789763,
                430.7827963570273
              ],
              [
                887.863059509522,
                430.7827346623507
              ],
              [
                887.8630128544497,
                430.78188791879734
              ],
              [
                887.8620830699138,
                430.7627019812121
              ],
              [
                887.8620888241203,
                430.7625274996891
              ],
              [
                887.8620361067221,
                430.76173290415386
              ],
              [
                887.8612273918742,
                430.74504521792403
              ],
              [
                887.8614926646272,
                430.72875355433547
              ],
              [
                887.8609543739478,
                430.722293458463
              ],
              [
                887.8609620909192,
                430.7216512549829
              ],
              [
                887.8589577436883,
                430.6982114335902
              ],
              [
                887.8585092539716,
                430.68895692850947
              ],
              [
                887.8580508296168,
                430.6752603516327
              ],
              [
                887.8578363134592,
                430.66331809298015
              ],
              [
                887.8575754187968,
                430.6610562615248
              ],
              [
                887.8573804337608,
                430.65523059474293
              ],
              [
                887.8573341402815,
                430.6531133172406
              ],
              [
                887.8573001312313,
                430.6528313553582
              ],
              [
                887.8565101339682,
                430.62922820658804
              ],
              [
                887.8551039428897,
                430.6186889434565
              ],
              [
                887.8542693974712,
                430.60146824802257
              ],
              [
                887.8523487114192,
                430.58834423907354
              ],
              [
                887.8523184927737,
                430.58779580045933
              ],
              [
                887.8512982280113,
                430.5811663071933
              ],
              [
                887.8499875824365,
                430.5722106924874
              ],
              [
                887.8499707482555,
                430.57194029753293
              ],
              [
                887.8497496246805,
                430.5705847319533
              ],
              [
                887.8490266367131,
                430.5656445697938
              ],
              [
                887.8489582882335,
                430.56461437106
              ],
              [
                887.8482914738233,
                430.56062121663615
              ],
              [
                887.8464139846554,
                430.5477923711229
              ],
              [
                887.8449891162819,
                430.53069234199097
              ],
              [
                887.8397884486429,
                430.5025202175469
              ],
              [
                887.8377026866318,
                430.4882682479081
              ],
              [
                887.8372761928653,
                430.4850717192865
              ],
              [
                887.8356430344157,
                430.4709130196832
              ],
              [
                887.8349933071955,
                430.46789016847464
              ],
              [
                887.8338311440102,
                430.4582549179125
              ],
              [
                887.8334973238993,
                430.45674946992654
              ],
              [
                887.8302865339837,
                430.4326849168931
              ],
              [
                887.8283962464658,
                430.42467753047026
              ],
              [
                887.8262231551467,
                430.40982884143676
              ],
              [
                887.8227928152678,
                430.395943364296
              ],
              [
                887.8226219320954,
                430.39483299678943
              ],
              [
                887.8195734150846,
                430.3829117379183
              ],
              [
                887.818285461726,
                430.3776983049785
              ],
              [
                887.8179392126663,
                430.37557567600356
              ],
              [
                887.8164781850658,
                430.37011037462884
              ],
              [
                887.816288612498,
                430.36897513740837
              ],
              [
                887.8145017432024,
                430.3623824065781
              ],
              [
                887.8121943706315,
                430.353042524753
              ],
              [
                887.8089092700328,
                430.3352470666886
              ],
              [
                887.801359528095,
                430.3091847836332
              ],
              [
                887.7976805887718,
                430.2942930149815
              ],
              [
                887.794943090723,
                430.2815568250433
              ],
              [
                887.793979819657,
                430.2785350806807
              ],
              [
                887.7913418580187,
                430.2666385115211
              ],
              [
                887.7904327802627,
                430.26386170697265
              ],
              [
                887.7847299757301,
                430.2397042393102
              ],
              [
                887.7828258438735,
                430.2341633403734
              ],
              [
                887.7797717534047,
                430.22180086176013
              ],
              [
                887.7746880175663,
                430.2073869035662
              ],
              [
                887.7742528099435,
                430.20568501943166
              ],
              [
                887.76985916321,
                430.1935738762292
              ],
              [
                887.7696105880897,
                430.19262641760054
              ],
              [
                887.7675468554398,
                430.18707176332015
              ],
              [
                887.7665559999687,
                430.18336524623084
              ],
              [
                887.7645158154019,
                430.1779571841519
              ],
              [
                887.7644011196526,
                430.17753400927063
              ],
              [
                887.7611268393417,
                430.16893678298453
              ],
              [
                887.7598294008626,
                430.16525814495316
              ],
              [
                887.7552951788824,
                430.1494863634762
              ],
              [
                887.754561841537,
                430.14763561235736
              ],
              [
                887.7536094198723,
                430.1443477803736
              ],
              [
                887.7440230831809,
                430.12044236193265
              ],
              [
                887.7394471228818,
                430.1074681039174
              ],
              [
                887.7361181690359,
                430.0970253034715
              ],
              [
                887.7348341535063,
                430.0940340782051
              ],
              [
                887.730275477358,
                430.08010946880813
              ],
              [
                887.7284940122021,
                430.0760612702395
              ],
              [
                887.7202882453463,
                430.0521830263624
              ],
              [
                887.7188190012184,
                430.04898102025925
              ],
              [
                887.7153508164386,
                430.03914764731945
              ],
              [
                887.7085079915432,
                430.0244585898293
              ],
              [
                887.7076720420835,
                430.02215428449205
              ],
              [
                887.7013858536677,
                430.00899564879643
              ],
              [
                887.7005767907327,
                430.0068180097037
              ],
              [
                887.697852197323,
                430.00124719877465
              ],
              [
                887.6963296123585,
                429.99721117471
              ],
              [
                887.6894979329321,
                429.98343137212
              ],
              [
                887.6836242565705,
                429.96860775354196
              ],
              [
                887.6813978571043,
                429.96427402751016
              ],
              [
                887.6796356602671,
                429.9598796426553
              ],
              [
                887.6683055942096,
                429.9381586574604
              ],
              [
                887.6634333027064,
                429.9276996188185
              ],
              [
                887.6597199332034,
                429.91904900328865
              ],
              [
                887.6581048952055,
                429.91610915344614
              ],
              [
                887.6512201046561,
                429.900464166422
              ],
              [
                887.648470526843,
                429.8955799784314
              ],
              [
                887.6458217338795,
                429.8898939828498
              ],
              [
                887.637594755775,
                429.8719644682093
              ],
              [
                887.6369794163038,
                429.8709127414469
              ],
              [
                887.6335644878839,
                429.8635821315522
              ],
              [
                887.6248973942911,
                429.8488853076339
              ],
              [
                887.6235140854628,
                429.8459896806304
              ],
              [
                887.6151238871024,
                429.8320976394105
              ],
              [
                887.6134893658228,
                429.8287556328656
              ],
              [
                887.6100871874909,
                429.8232563511028
              ],
              [
                887.6079550291963,
                429.8189556925742
              ],
              [
                887.6012244538043,
                429.80821507662523
              ],
              [
                887.5947173709353,
                429.7955489244593
              ],
              [
                887.5904996154921,
                429.78899602211254
              ],
              [
                887.5877184933917,
                429.7836643045688
              ],
              [
                887.5749201170526,
                429.7641386465265
              ],
              [
                887.5705101679108,
                429.7566606788165
              ],
              [
                887.56646485073,
                429.74929699753335
              ],
              [
                887.5645017703131,
                429.746422827728
              ],
              [
                887.5549370863683,
                429.7294326868289
              ],
              [
                887.5518713978166,
                429.72505484472714
              ],
              [
                887.5351797651203,
                429.69675077900763
              ],
              [
                887.5246650742492,
                429.68232078040563
              ],
              [
                887.5225808923869,
                429.6788699036685
              ],
              [
                887.5119257480011,
                429.66458817991173
              ],
              [
                887.5092037389448,
                429.66018832390756
              ],
              [
                887.5051185665363,
                429.65484981950283
              ],
              [
                887.5023068293037,
                429.65036286437555
              ],
              [
                887.4961819995749,
                429.6424597577387
              ],
              [
                887.4894158876801,
                429.6319476094858
              ],
              [
                887.482748314462,
                429.62351806694255
              ],
              [
                887.478765615308,
                429.6174419194919
              ],
              [
                887.4647591656087,
                429.6001079803781
              ],
              [
                887.4617019178341,
                429.5959123191215
              ],
              [
                887.4572274736975,
                429.5893612312891
              ],
              [
                887.4548910729163,
                429.58656535078467
              ],
              [
                887.4548845855566,
                429.58655644775615
              ],
              [
                887.4423536805944,
                429.5686621566725
              ],
              [
                887.4389814534437,
                429.56473153849635
              ],
              [
                887.4367492580179,
                429.56166815058816
              ],
              [
                887.4349420733425,
                429.55912432587496
              ],
              [
                887.4346516461586,
                429.5587894605184
              ],
              [
                887.4211193063223,
                429.54021814469814
              ],
              [
                887.4097789227029,
                429.5274587942481
              ],
              [
                887.4093631918818,
                429.5268982461258
              ],
              [
                887.4084382449813,
                429.5258777244846
              ],
              [
                887.4058342686089,
                429.5223874600759
              ],
              [
                887.3928072507654,
                429.50808136177716
              ],
              [
                887.3887442668697,
                429.502771853327
              ],
              [
                887.3839818450903,
                429.49768352316437
              ],
              [
                887.3804305358938,
                429.4931011304248
              ],
              [
                887.3753710493614,
                429.48776534331665
              ],
              [
                887.3687163219328,
                429.4793520411844
              ],
              [
                887.3591921131923,
                429.46946153546946
              ],
              [
                887.3538529523281,
                429.4628539588654
              ],
              [
                887.3388857534508,
                429.44769510887784
              ],
              [
                887.3381705895414,
                429.4468904600005
              ],
              [
                887.3330322371605,
                429.4407415923222
              ],
              [
                887.3304102168298,
                429.43815906974305
              ],
              [
                887.3298309203456,
                429.4375072887183
              ],
              [
                887.3145541270762,
                429.4197008840444
              ],
              [
                887.3114133545506,
                429.4166945164346
              ],
              [
                887.3081911644628,
                429.4129793000486
              ],
              [
                887.307162170906,
                429.41200210934613
              ],
              [
                887.2924527777114,
                429.3954522016027
              ],
              [
                887.278558110805,
                429.3825770791955
              ],
              [
                887.2775558475294,
                429.38147125208
              ],
              [
                887.2773340656981,
                429.38127024074515
              ],
              [
                887.2743867081557,
                429.37803349176465
              ],
              [
                887.2589370730457,
                429.36408152091803
              ],
              [
                887.2532941756998,
                429.35805246131355
              ],
              [
                887.2478710739234,
                429.3533025434096
              ],
              [
                887.2435322697902,
                429.3487267954535
              ],
              [
                887.2430582669682,
                429.34831735267477
              ],
              [
                887.2426876213999,
                429.347926228468
              ],
              [
                887.239531246254,
                429.3451985630204
              ],
              [
                887.2337609077766,
                429.33920629980526
              ],
              [
                887.2210359462557,
                429.328336265385
              ],
              [
                887.2142140360777,
                429.3214270024117
              ],
              [
                887.199525638416,
                429.3092461185139
              ],
              [
                887.1950438519298,
                429.3048318450393
              ],
              [
                887.1919604399243,
                429.3023336577255
              ],
              [
                887.1913142486603,
                429.3017348818298
              ],
              [
                887.1727692053765,
                429.2839834474305
              ],
              [
                887.1703955523881,
                429.28212076349115
              ],
              [
                887.1679136254304,
                429.279763784741
              ],
              [
                887.1659441237654,
                429.2782263324198
              ],
              [
                887.1503868221588,
                429.2638105739236
              ],
              [
                887.1439177404391,
                429.2588881275521
              ],
              [
                887.1430710189148,
                429.25810895918886
              ],
              [
                887.1426062666108,
                429.2577595305017
              ],
              [
                887.1425217025086,
                429.2576817130951
              ],
              [
                887.1341251753003,
                429.2513686997894
              ],
              [
                887.1294907922253,
                429.2471835668012
              ],
              [
                887.1116248308645,
                429.2339689044804
              ],
              [
                887.1041839385038,
                429.227451669639
              ],
              [
                887.0989647708993,
                429.22372430847287
              ],
              [
                887.0920193681893,
                429.2177222541808
              ],
              [
                887.0896690061307,
                429.2160688162571
              ],
              [
                887.0870201919025,
                429.2137984725527
              ],
              [
                887.086646988012,
                429.2135372854891
              ],
              [
                887.0858267887771,
                429.2128366473064
              ],
              [
                887.069629680162,
                429.20152520689805
              ],
              [
                887.0612278221824,
                429.1945576629267
              ],
              [
                887.0476192305076,
                429.18538808652784
              ],
              [
                887.0445563818395,
                429.18290655967604
              ],
              [
                887.0408067065097,
                429.18042811376154
              ],
              [
                887.0183643817988,
                429.1628168799361
              ],
              [
                887.0169421752516,
                429.16191092346475
              ],
              [
                887.0154218985635,
                429.1607241496912
              ],
              [
                887.0123218666688,
                429.1587543435918
              ],
              [
                886.996253743212,
                429.1465278051999
              ],
              [
                886.9874297980122,
                429.1410743071515
              ],
              [
                886.9840353132026,
                429.13852212965753
              ],
              [
                886.9759394364087,
                429.13360841262767
              ],
              [
                886.9725272531743,
                429.1310845714356
              ],
              [
                886.9523078334199,
                429.11898665394085
              ],
              [
                886.9428782066017,
                429.1122523186068
              ],
              [
                886.9386194293371,
                429.1098081243332
              ],
              [
                886.9291500530534,
                429.10314658646354
              ],
              [
                886.9279265791534,
                429.102456670904
              ],
              [
                886.9265274626904,
                429.10147749804463
              ],
              [
                886.9056403533411,
                429.0897215993328
              ],
              [
                886.8964050728712,
                429.0834987945152
              ],
              [
                886.8843520958853,
                429.0770153496161
              ],
              [
                886.8829811079349,
                429.0761091592968
              ],
              [
                886.8797092913823,
                429.07437586844753
              ],
              [
                886.8795363591888,
                429.0742618463842
              ],
              [
                886.878424507124,
                429.0736739816874
              ],
              [
                886.8783457299822,
                429.0736239255268
              ],
              [
                886.8528266592006,
                429.0573680818426
              ],
              [
                886.8525107938033,
                429.05720802511354
              ],
              [
                886.8521427026146,
                429.0569741345301
              ],
              [
                886.8477434533401,
                429.0547433983799
              ],
              [
                886.8314990106679,
                429.0447037806802
              ],
              [
                886.8207908874261,
                429.0394424455941
              ],
              [
                886.8145285687917,
                429.0356415896148
              ],
              [
                886.8069545888887,
                429.0320172165738
              ],
              [
                886.8049918173374,
                429.03084282835806
              ],
              [
                886.7825366673302,
                429.020229221889
              ],
              [
                886.7709614228705,
                429.0135859662156
              ],
              [
                886.7680297135147,
                429.01227015708554
              ],
              [
                886.7558163511561,
                429.0053961062814
              ],
              [
                886.7557531990226,
                429.0053682950202
              ],
              [
                886.7556942808436,
                429.00533507112516
              ],
              [
                886.7302450629207,
                428.9941192768894
              ],
              [
                886.7213734379676,
                428.9893471204656
              ],
              [
                886.7099448395769,
                428.9845944612934
              ],
              [
                886.7088880907135,
                428.9840357310721
              ],
              [
                886.7057916607529,
                428.9827636182984
              ],
              [
                886.6796036843325,
                428.9694844285879
              ],
              [
                886.6786780445461,
                428.9691227157145
              ],
              [
                886.6777502563422,
                428.9686525827197
              ],
              [
                886.6727928245458,
                428.9667249970432
              ],
              [
                886.6576677048645,
                428.95929341252884
              ],
              [
                886.6451047928733,
                428.954567309804
              ],
              [
                886.6356675909822,
                428.9500513300213
              ],
              [
                886.6288210702521,
                428.9475743139939
              ],
              [
                886.6284809520524,
                428.9474135544032
              ],
              [
                886.6263906498351,
                428.94666500038613
              ],
              [
                886.6260383835473,
                428.9464984830613
              ],
              [
                886.6094886634914,
                428.94058000501826
              ],
              [
                886.605429026356,
                428.9391112610173
              ],
              [
                886.577954694677,
                428.9270029733752
              ],
              [
                886.5773659238328,
                428.92680918969415
              ],
              [
                886.577052181433,
                428.92667102220327
              ],
              [
                886.546709211775,
                428.916711832367
              ],
              [
                886.5378613816,
                428.91303240293934
              ],
              [
                886.5309647535709,
                428.910939115681
              ],
              [
                886.530336505714,
                428.9106810113047
              ],
              [
                886.5249971464258,
                428.909068729199
              ]
            ]
          ]
        ]
      }
    }
  ]
}