{
  "type": "FeatureCollection",
  "features": [
    {
      "type": "Feature",
      "properties": {
        "image_id": "0013_top_20250711_t1",
        "zone_type": "parking_spot",
        "generated_at": "2025-11-03T11:20:41",
        "source": "merged_t1_polygons"
      },
      "geometry": {
        "type": "MultiPolygon",
        "coordinates": [
          [
            [
              [
                1512.472656648913,
                371.5041626504227
              ],
              [
                1512.4603832803018,
                371.4906210749308
              ],
              [
                1512.4521519632526,
                371.4798877205655
              ],
              [
                1512.437710156356,
                371.4645362190586
              ],
              [
                1512.4368491213163,
                371.46345704987084
              ],
              [
                1512.4340035216885,
                371.4598557402265
              ],
              [
                1512.4338409189977,
                371.45968675121463
              ],
              [
                1512.425387550999,
                371.4490918115697
              ],
              [
                1512.4079765315266,
                371.431387496002
              ],
              [
                1512.3809393096078,
                371.3999481316761
              ],
              [
                1512.3668394799197,
                371.38638944248214
              ],
              [
                1512.3596472246243,
                371.3782554481774
              ],
              [
                1512.3526879503183,
                371.3717975891135
              ],
              [
                1512.3408493045606,
                371.3587356563769
              ],
              [
                1512.3227290722975,
                371.34231243516325
              ],
              [
                1512.3142801812528,
                371.3333313454331
              ],
              [
                1512.3019729523228,
                371.3226395887883
              ],
              [
                1512.298947805782,
                371.3194956277509
              ],
              [
                1512.292616469698,
                371.3140841444223
              ],
              [
                1512.2801601945348,
                371.3014180379579
              ],
              [
                1512.2797939835973,
                371.3010823445985
              ],
              [
                1512.2671659323107,
                371.2905412880873
              ],
              [
                1512.2444683328545,
                371.26871480484004
              ],
              [
                1512.2245921685208,
                371.2529310997128
              ],
              [
                1512.2150456625402,
                371.24407241884114
              ],
              [
                1512.210686005096,
                371.24076251839705
              ],
              [
                1512.1954223105147,
                371.22692831202454
              ],
              [
                1512.1706622436473,
                371.20856499490645
              ],
              [
                1512.1623801686915,
                371.2013700422129
              ],
              [
                1512.1529822777995,
                371.1947368073747
              ],
              [
                1512.1508788378794,
                371.1929389672491
              ],
              [
                1512.1469588376403,
                371.1902004081518
              ],
              [
                1512.1374126929395,
                371.18223192208274
              ],
              [
                1512.1235274074463,
                371.1726753541486
              ],
              [
                1512.096199463577,
                371.15097417475977
              ],
              [
                1512.0961620828637,
                371.15094987421935
              ],
              [
                1512.0960773932645,
                371.1508826220254
              ],
              [
                1512.070233521379,
                371.1340819781748
              ],
              [
                1512.0675313506124,
                371.1320779117497
              ],
              [
                1512.0579285813192,
                371.1247873824468
              ],
              [
                1512.0566068943174,
                371.1239757827708
              ],
              [
                1512.0377762082267,
                371.1100099941449
              ],
              [
                1512.005723181004,
                371.09079814897297
              ],
              [
                1511.9979894346864,
                371.0853395034008
              ],
              [
                1511.9921018034674,
                371.0820154301289
              ],
              [
                1511.9912010894384,
                371.0813861805249
              ],
              [
                1511.9894887181815,
                371.08042303132885
              ],
              [
                1511.9846340661754,
                371.0770818100255
              ],
              [
                1511.969708708204,
                371.06873257574097
              ],
              [
                1511.9373393619717,
                371.04768983647443
              ],
              [
                1511.9096414984745,
                371.0332090047153
              ],
              [
                1511.8694292158395,
                371.0091066900533
              ],
              [
                1511.8295963163512,
                370.99026713167365
              ],
              [
                1511.8227719175625,
                370.98641417268766
              ],
              [
                1511.8218102485748,
                370.9859973276423
              ],
              [
                1511.8208187925625,
                370.98543761018766
              ],
              [
                1511.8172239173236,
                370.98385285372666
              ],
              [
                1511.8163589939672,
                370.9833672393537
              ],
              [
                1511.8147731530014,
                370.9826766294971
              ],
              [
                1511.8142468521648,
                370.9823820492669
              ],
              [
                1511.8035414865708,
                370.97773842944287
              ],
              [
                1511.7695547199114,
                370.95996967084966
              ],
              [
                1511.7404939511594,
                370.9481248514894
              ],
              [
                1511.6920026069176,
                370.92519015372744
              ],
              [
                1511.6531621924098,
                370.9112928311983
              ],
              [
                1511.6518223573078,
                370.91069880424095
              ],
              [
                1511.6495346306608,
                370.9099290975933
              ],
              [
                1511.6435946109148,
                370.9073105130678
              ],
              [
                1511.635850795598,
                370.90475863757115
              ],
              [
                1511.631463519181,
                370.9028480447677
              ],
              [
                1511.6292729765003,
                370.9021467365698
              ],
              [
                1511.6290046956767,
                370.90203036556505
              ],
              [
                1511.6287605550517,
                370.9019388128307
              ],
              [
                1511.6253913352105,
                370.90085758423805
              ],
              [
                1511.62211515172,
                370.899437489722
              ],
              [
                1511.6176789156302,
                370.8980669220873
              ],
              [
                1511.594227090696,
                370.8885082406779
              ],
              [
                1511.5643741238343,
                370.87952395227757
              ],
              [
                1511.5072050966965,
                370.8590685472856
              ],
              [
                1511.465503253263,
                370.84862277928954
              ],
              [
                1511.459644453927,
                370.8466920867494
              ],
              [
                1511.449463071162,
                370.8443998051974
              ],
              [
                1511.4451039718458,
                370.84300091078245
              ],
              [
                1511.4433172714016,
                370.8426125117471
              ],
              [
                1511.439399282555,
                370.84135815696027
              ],
              [
                1511.4331617485739,
                370.84003542081956
              ],
              [
                1511.4129276953852,
                370.8339459567406
              ],
              [
                1511.4128056250727,
                370.83391543916247
              ],
              [
                1511.4125007834466,
                370.8338553754877
              ],
              [
                1511.4115849219477,
                370.8335797458031
              ],
              [
                1511.3828103130586,
                370.8279092760685
              ],
              [
                1511.3168163862197,
                370.8113786579435
              ],
              [
                1511.2757208239584,
                370.80528270713205
              ],
              [
                1511.2706934178464,
                370.8041508146818
              ],
              [
                1511.260535851858,
                370.8028788634737
              ],
              [
                1511.2566240558638,
                370.80202850392106
              ],
              [
                1511.250554286594,
                370.80131154528556
              ],
              [
                1511.2421190817206,
                370.79952276940486
              ],
              [
                1511.2355265420301,
                370.7988074022963
              ],
              [
                1511.2169826160514,
                370.79513658653985
              ],
              [
                1511.216048315838,
                370.79504631477624
              ],
              [
                1511.2135997359956,
                370.79456378526754
              ],
              [
                1511.1859488017813,
                370.79196628556906
              ],
              [
                1511.1226700228467,
                370.7825797654056
              ],
              [
                1511.0827984165899,
                370.78062221795744
              ],
              [
                1511.078513497481,
                370.78008565161434
              ],
              [
                1511.0685097906464,
                370.7798085247232
              ],
              [
                1511.0650738313257,
                370.77940267062945
              ],
              [
                1511.0546790011306,
                370.7791833441191
              ],
              [
                1511.0416287472035,
                370.7777672400293
              ],
              [
                1511.0368560195272,
                370.77773281705186
              ],
              [
                1511.0197714419714,
                370.7760821110744
              ],
              [
                1511.0169422677495,
                370.7760899893911
              ],
              [
                1511.01281645482,
                370.7757024148608
              ],
              [
                1510.9864626408619,
                370.7758924899718
              ],
              [
                1510.926513671875,
                370.77294921875
              ],
              [
                1510.888433525986,
                370.7748199763563
              ],
              [
                1510.8849069683213,
                370.7747222821737
              ],
              [
                1510.8751833950614,
                370.7753960629246
              ],
              [
                1510.872234878945,
                370.7753338504845
              ],
              [
                1510.8615555614751,
                370.7761404060809
              ],
              [
                1510.855732480476,
                370.7764264757064
              ],
              [
                1510.839966748305,
                370.7763127664233
              ],
              [
                1510.837004282934,
                370.77659105730663
              ],
              [
                1510.8216426560298,
                370.77663383436885
              ],
              [
                1510.8169346583848,
                370.7771151991452
              ],
              [
                1510.8111544559215,
                370.7771568884668
              ],
              [
                1510.7865763469638,
                370.77982389868805
              ],
              [
                1510.7304793912158,
                370.7825797654056
              ],
              [
                1510.707439338614,
                370.78599743436126
              ],
              [
                1510.707059424967,
                370.78602049262696
              ],
              [
                1510.704044297136,
                370.78650104119157
              ],
              [
                1510.6945069594435,
                370.7879157715967
              ],
              [
                1510.6916894846847,
                370.7881110043787
              ],
              [
                1510.6916709275563,
                370.7881141146408
              ],
              [
                1510.6908349924972,
                370.78817203953497
              ],
              [
                1510.6814731041613,
                370.789741136106
              ],
              [
                1510.6799007657041,
                370.78985988698923
              ],
              [
                1510.6710838286715,
                370.791390264831
              ],
              [
                1510.6572567933365,
                370.7934413117722
              ],
              [
                1510.6530382097676,
                370.79387263686823
              ],
              [
                1510.6391834671294,
                370.79517413683004
              ],
              [
                1510.6379695506287,
                370.79541331770184
              ],
              [
                1510.6245406604608,
                370.79678634190446
              ],
              [
                1510.618027180587,
                370.7981134404217
              ],
              [
                1510.6106641214044,
                370.79891241784236
              ],
              [
                1510.5880627988786,
                370.8037052712718
              ],
              [
                1510.5363330278428,
                370.8113786579435
              ],
              [
                1510.5160047360525,
                370.81647062995995
              ],
              [
                1510.5147026844406,
                370.81667814986235
              ],
              [
                1510.5038621569593,
                370.81950956724216
              ],
              [
                1510.4998185602085,
                370.8201872930992
              ],
              [
                1510.4900913362537,
                370.8228055850159
              ],
              [
                1510.4898603631507,
                370.82284567559583
              ],
              [
                1510.4860525123966,
                370.82389272148026
              ],
              [
                1510.4817414758968,
                370.8250531298427
              ],
              [
                1510.4640257549825,
                370.8294906869221
              ],
              [
                1510.4303997807522,
                370.8363418603972
              ],
              [
                1510.4222101985629,
                370.83887609825763
              ],
              [
                1510.41338392057,
                370.84074780539777
              ],
              [
                1510.392886036319,
                370.8473102587989
              ],
              [
                1510.345944317366,
                370.8590685472856
              ],
              [
                1510.3284807306688,
                370.86531711852047
              ],
              [
                1510.3262404961856,
                370.8659022412335
              ],
              [
                1510.3160818706945,
                370.86964398199547
              ],
              [
                1510.3127945434926,
                370.87052883694275
              ],
              [
                1510.290994205987,
                370.87873001152377
              ],
              [
                1510.2754765443558,
                370.8842823196369
              ],
              [
                1510.2728502209504,
                370.88509502632377
              ],
              [
                1510.2549654955612,
                370.8905029928554
              ],
              [
                1510.253735052689,
                370.8910101489755
              ],
              [
                1510.2411252825038,
                370.8949121987109
              ],
              [
                1510.2314435602295,
                370.8989965066736
              ],
              [
                1510.221319683944,
                370.9022376932052
              ],
              [
                1510.2030102702408,
                370.9102111671176
              ],
              [
                1510.1611468071449,
                370.92519015372744
              ],
              [
                1510.1466076858317,
                370.93206664598097
              ],
              [
                1510.1434604715303,
                370.93322586383465
              ],
              [
                1510.1340872834562,
                370.93775758686934
              ],
              [
                1510.131516865448,
                370.9387245648726
              ],
              [
                1510.1054223034484,
                370.95154588112985
              ],
              [
                1510.0956367664562,
                370.9561740954404
              ],
              [
                1510.0750855608858,
                370.9646447606923
              ],
              [
                1510.0722264161636,
                370.9661634663184
              ],
              [
                1510.0585746734755,
                370.97192255749906
              ],
              [
                1510.047636897828,
                370.97787393074793
              ],
              [
                1510.0364242091578,
                370.9827568877912
              ],
              [
                1510.0203469158002,
                370.9917835427827
              ],
              [
                1509.983720198223,
                371.0091066900533
              ],
              [
                1509.9720725484442,
                371.01608802266225
              ],
              [
                1509.9680963250496,
                371.018010436147
              ],
              [
                1509.9595940058123,
                371.0231972360481
              ],
              [
                1509.9576855596447,
                371.0241349330239
              ],
              [
                1509.929327754535,
                371.041661020428
              ],
              [
                1509.9248991727648,
                371.04436265592847
              ],
              [
                1509.9240585914126,
                371.0448664810018
              ],
              [
                1509.903260761588,
                371.05591376410007
              ],
              [
                1509.8989197587484,
                371.0587926871475
              ],
              [
                1509.8845394743205,
                371.0666171701881
              ],
              [
                1509.8726304139832,
                371.0747195114691
              ],
              [
                1509.8605774060343,
                371.0814867167408
              ],
              [
                1509.8467347199037,
                371.09121262600723
              ],
              [
                1509.8153732058358,
                371.1100099941449
              ],
              [
                1509.8064946593872,
                371.11659477296865
              ],
              [
                1509.8018114298457,
                371.11945175514546
              ],
              [
                1509.7942448487677,
                371.1251468474913
              ],
              [
                1509.7929308271005,
                371.1259589575436
              ],
              [
                1509.771500546693,
                371.1422656623593
              ],
              [
                1509.7627521273146,
                371.14885028171733
              ],
              [
                1509.757560302048,
                371.1522253954629
              ],
              [
                1509.7559114039836,
                371.15353478898544
              ],
              [
                1509.7454411575325,
                371.16043829885416
              ],
              [
                1509.7444706101776,
                371.1612222938319
              ],
              [
                1509.741117152748,
                371.16344628359633
              ],
              [
                1509.7354958961066,
                371.1680191198145
              ],
              [
                1509.7207276369065,
                371.1780667199421
              ],
              [
                1509.7081763499073,
                371.1885641170382
              ],
              [
                1509.6955671827573,
                371.1974233524834
              ],
              [
                1509.6839206762409,
                371.2075018345279
              ],
              [
                1509.6672012271033,
                371.2199018231142
              ],
              [
                1509.6635885844873,
                371.2225546728796
              ],
              [
                1509.663419990184,
                371.22270617954103
              ],
              [
                1509.6577271035478,
                371.22692831202454
              ],
              [
                1509.657708538132,
                371.22694513873654
              ],
              [
                1509.6573608926103,
                371.22720297022767
              ],
              [
                1509.6510395273554,
                371.23293232173086
              ],
              [
                1509.6461830400358,
                371.236587624367
              ],
              [
                1509.6395944729045,
                371.2426354833679
              ],
              [
                1509.6387977481538,
                371.24324172626734
              ],
              [
                1509.624403876796,
                371.2565794231617
              ],
              [
                1509.6132129243774,
                371.2668519605685
              ],
              [
                1509.6092914327705,
                371.26996602554317
              ],
              [
                1509.606352084754,
                371.27279256366955
              ],
              [
                1509.5952800598247,
                371.2817363951014
              ],
              [
                1509.5932143412863,
                371.2837637457149
              ],
              [
                1509.590189172003,
                371.2862246907574
              ],
              [
                1509.5835432780425,
                371.2928022598469
              ],
              [
                1509.568746782767,
                371.3051774598201
              ],
              [
                1509.55592132618,
                371.3182680243278
              ],
              [
                1509.5430712674597,
                371.32938801862844
              ],
              [
                1509.533931182806,
                371.3390708282572
              ],
              [
                1509.5168616559813,
                371.35441029684085
              ],
              [
                1509.5161528636143,
                371.35518646755094
              ],
              [
                1509.5119338985644,
                371.35901031458
              ],
              [
                1509.507570619291,
                371.36382445139486
              ],
              [
                1509.5026873300988,
                371.36830698058634
              ],
              [
                1509.4970949389708,
                371.3745468540511
              ],
              [
                1509.4967317926012,
                371.3748833539465
              ],
              [
                1509.4893819578733,
                371.38315283760664
              ],
              [
                1509.4756257775668,
                371.3985016968883
              ],
              [
                1509.4728204560172,
                371.40119935237925
              ],
              [
                1509.4688394249445,
                371.4058285663815
              ],
              [
                1509.4575119702552,
                371.4169456289366
              ],
              [
                1509.4545775530332,
                371.4204421186036
              ],
              [
                1509.4519051184743,
                371.42308707849213
              ],
              [
                1509.444542332091,
                371.4319492720117
              ],
              [
                1509.430088426176,
                371.4467019466228
              ],
              [
                1509.4173897382025,
                371.462532334875
              ],
              [
                1509.4046401500573,
                371.4760389750793
              ],
              [
                1509.3984885487034,
                371.4840360419808
              ],
              [
                1509.383838084545,
                371.5000791904363
              ],
              [
                1509.3827229230974,
                371.50157265700636
              ],
              [
                1509.380126554212,
                371.5044373086258
              ],
              [
                1509.3774587755152,
                371.50803439179424
              ],
              [
                1509.3726853929893,
                371.5133604325305
              ],
              [
                1509.3680822874396,
                371.5196301435311
              ],
              [
                1509.36806526399,
                371.51964929704184
              ],
              [
                1509.36767383104,
                371.5201864861032
              ],
              [
                1509.35121536139,
                371.5426039273516
              ],
              [
                1509.3493703739678,
                371.5447493116635
              ],
              [
                1509.3446414182902,
                371.5514359514822
              ],
              [
                1509.3334202531141,
                371.56480647282353
              ],
              [
                1509.3298823833434,
                371.5699593407332
              ],
              [
                1509.3275736361336,
                371.5727382566891
              ],
              [
                1509.3198507469813,
                371.58412600691094
              ],
              [
                1509.3061133366807,
                371.6012512830883
              ],
              [
                1509.2939683780469,
                371.6199120113831
              ],
              [
                1509.2816813177683,
                371.6358851600677
              ],
              [
                1509.2780128492136,
                371.6418043653762
              ],
              [
                1509.2658120131762,
                371.6581441884475
              ],
              [
                1509.264428679175,
                371.6604378342357
              ],
              [
                1509.2632082363325,
                371.6620834109139
              ],
              [
                1509.2624797792394,
                371.66329876814945
              ],
              [
                1509.2624758144575,
                371.6633041140389
              ],
              [
                1509.261925774917,
                371.6642217995713
              ],
              [
                1509.2574103298273,
                371.67037211166974
              ],
              [
                1509.2410898316575,
                371.69785562839724
              ],
              [
                1509.2400475003826,
                371.699329462005
              ],
              [
                1509.235284035184,
                371.7076325177326
              ],
              [
                1509.2348081500222,
                371.70843390244914
              ],
              [
                1509.224160871869,
                371.72394154447
              ],
              [
                1509.2203170093462,
                371.73089301605563
              ],
              [
                1509.2183713295185,
                371.73376200918165
              ],
              [
                1509.210689850577,
                371.7478694644087
              ],
              [
                1509.1980381847404,
                371.76730874829343
              ],
              [
                1509.1868924421562,
                371.78883040338746
              ],
              [
                1509.1754449446,
                371.8073013504035
              ],
              [
                1509.1737165561829,
                371.8108436499322
              ],
              [
                1509.1639316790802,
                371.82706752799385
              ],
              [
                1509.1624385782482,
                371.83020615945946
              ],
              [
                1509.1615725103659,
                371.83165110642614
              ],
              [
                1509.1613152550358,
                371.83219502712205
              ],
              [
                1509.1579555536239,
                371.8378527226773
              ],
              [
                1509.1462315886035,
                371.86285721147374
              ],
              [
                1509.1458315462296,
                371.8635545135396
              ],
              [
                1509.1436041854497,
                371.86846085090883
              ],
              [
                1509.1400142628218,
                371.87611732036896
              ],
              [
                1509.130751620907,
                371.8928684376892
              ],
              [
                1509.1269237901524,
                371.90171040519465
              ],
              [
                1509.1253316289967,
                371.9046344960355
              ],
              [
                1509.1181322296602,
                371.9216015997769
              ],
              [
                1509.1069236015294,
                371.9432446824955
              ],
              [
                1509.0980149867742,
                371.96563030964927
              ],
              [
                1509.0911285773655,
                371.98010615802536
              ],
              [
                1509.0870111803056,
                371.9885446858009
              ],
              [
                1509.0866569849188,
                371.98950584520867
              ],
              [
                1509.0791882428423,
                372.0052058089265
              ],
              [
                1509.0782378114523,
                372.00784752349864
              ],
              [
                1509.07765597404,
                372.0090777153479
              ],
              [
                1509.0776026212784,
                372.0092268263274
              ],
              [
                1509.0752644179836,
                372.0142136697705
              ],
              [
                1509.0618285210353,
                372.05207500885314
              ],
              [
                1509.0540626443772,
                372.0700135316003
              ],
              [
                1509.0505889059918,
                372.0807835712375
              ],
              [
                1509.049335010951,
                372.0837386743296
              ],
              [
                1509.0430907298107,
                372.1036443524434
              ],
              [
                1509.0336637700825,
                372.1273324803358
              ],
              [
                1509.0274794550662,
                372.1488680728987
              ],
              [
                1509.025871612547,
                372.1533988512345
              ],
              [
                1509.0124061457516,
                372.19082598193364
              ],
              [
                1509.0119573890522,
                372.19260807826544
              ],
              [
                1509.0101212691568,
                372.1977821249421
              ],
              [
                1509.000952234935,
                372.2346779799256
              ],
              [
                1508.9948083304537,
                372.25372664953
              ],
              [
                1508.9920336144507,
                372.26640552237916
              ],
              [
                1508.9911006654363,
                372.2693796009575
              ],
              [
                1508.9863089625746,
                372.292235761898
              ],
              [
                1508.9789776499356,
                372.3177655354511
              ],
              [
                1508.9753087450383,
                372.3378664359428
              ],
              [
                1508.969999141923,
                372.359232082731
              ],
              [
                1508.9642350890783,
                372.38212220881223
              ],
              [
                1508.9641216997732,
                372.3828826928166
              ],
              [
                1508.9631440063197,
                372.38681689515505
              ],
              [
                1508.9579297980413,
                372.4222405525056
              ],
              [
                1508.9535406565267,
                372.442296431061
              ],
              [
                1508.951807224119,
                372.4568071699357
              ],
              [
                1508.9511796901625,
                372.4598004726339
              ],
              [
                1508.948353434184,
                372.48554702085846
              ],
              [
                1508.943401921378,
                372.51267497020194
              ],
              [
                1508.941888326019,
                372.53122116432445
              ],
              [
                1508.9347782206432,
                372.5795249379973
              ],
              [
                1508.9331444751137,
                372.6130349387818
              ],
              [
                1508.9306440473151,
                372.63396627403216
              ],
              [
                1508.930281863968,
                372.6501749093395
              ],
              [
                1508.9299498752096,
                372.6531992513112
              ],
              [
                1508.9296422611521,
                372.67879877861657
              ],
              [
                1508.9295661273566,
                372.6822059615726
              ],
              [
                1508.927285718564,
                372.71014797651964
              ],
              [
                1508.927584820537,
                372.7270698517226
              ],
              [
                1508.92529296875,
                372.7740783691406
              ],
              [
                1508.92529296875,
                372.774658203125
              ],
              [
                1508.9267929512193,
                372.8063127185358
              ],
              [
                1508.9263317937973,
                372.8269506979828
              ],
              [
                1508.927649103408,
                372.8446686239074
              ],
              [
                1508.9276121278308,
                372.8477457176733
              ],
              [
                1508.9296481450674,
                372.8715559036739
              ],
              [
                1508.9298464018457,
                372.8742224741469
              ],
              [
                1508.9299948160972,
                372.8906597946804
              ],
              [
                1508.9305736366962,
                372.8961639353813
              ],
              [
                1508.930787203169,
                372.9082465878799
              ],
              [
                1508.932189707325,
                372.92020184910547
              ],
              [
                1508.9342545971422,
                372.96377774940476
              ],
              [
                1508.9349511576584,
                372.9686482861572
              ],
              [
                1508.9350455857182,
                372.97057041347165
              ],
              [
                1508.935921393944,
                372.97647463294226
              ],
              [
                1508.9359486693234,
                372.9770150245151
              ],
              [
                1508.937894510871,
                372.9897763067963
              ],
              [
                1508.9389835680247,
                372.99711813376496
              ],
              [
                1508.9406440663217,
                373.0194519766102
              ],
              [
                1508.9439184538348,
                373.0384399063908
              ],
              [
                1508.9441885711774,
                373.04159879132135
              ],
              [
                1508.9480883144302,
                373.0627151098758
              ],
              [
                1508.9500144171989,
                373.08103087241415
              ],
              [
                1508.9501364875114,
                373.0818243294454
              ],
              [
                1508.9525018360146,
                373.0933470076977
              ],
              [
                1508.9538720122182,
                373.10502669817674
              ],
              [
                1508.9555488964465,
                373.11267316476284
              ],
              [
                1508.961059171535,
                373.1512024765891
              ],
              [
                1508.9622913072167,
                373.1563091791878
              ],
              [
                1508.9624654102006,
                373.1575049135256
              ],
              [
                1508.9632456440183,
                373.1606797643324
              ],
              [
                1508.963844478256,
                373.1647167768448
              ],
              [
                1508.9656973699489,
                373.17211393512906
              ],
              [
                1508.9663475508776,
                373.1763779731627
              ],
              [
                1508.9704523445976,
                373.19230796647196
              ],
              [
                1508.9734475404043,
                373.2096768843013
              ],
              [
                1508.9789177579248,
                373.2296502918767
              ],
              [
                1508.9795223349367,
                373.2329239537423
              ],
              [
                1508.9852276922377,
                373.25276939778763
              ],
              [
                1508.990188622946,
                373.2769363263841
              ],
              [
                1508.9948580587181,
                373.29192000288134
              ],
              [
                1508.9963135953187,
                373.29855714084977
              ],
              [
                1508.9974658791339,
                373.3020935116118
              ],
              [
                1509.005466479294,
                373.33525275392145
              ],
              [
                1509.0078492525315,
                373.3421763865627
              ],
              [
                1509.0084559420525,
                373.3446450679648
              ],
              [
                1509.0100586018132,
                373.34921390005485
              ],
              [
                1509.0115343675982,
                373.35510548732145
              ],
              [
                1509.0146331367769,
                373.3637659670011
              ],
              [
                1509.016668816487,
                373.37166608729325
              ],
              [
                1509.0211217581104,
                373.38374977582896
              ],
              [
                1509.0244366386985,
                373.3958534007396
              ],
              [
                1509.0322954485484,
                373.4164892973393
              ],
              [
                1509.0332790398677,
                373.41991060917996
              ],
              [
                1509.0401420219494,
                373.4372309759182
              ],
              [
                1509.0494492810585,
                373.46709688828474
              ],
              [
                1509.0567760969027,
                373.4843432916597
              ],
              [
                1509.0670785586285,
                373.5142791912109
              ],
              [
                1509.0704191335228,
                373.5216376701725
              ],
              [
                1509.0724078065357,
                373.5273267674981
              ],
              [
                1509.0753680210496,
                373.53374133734775
              ],
              [
                1509.0756648085614,
                373.53458282143055
              ],
              [
                1509.076042419713,
                373.53539341530075
              ],
              [
                1509.07765597404,
                373.5399029975427
              ],
              [
                1509.0777168980376,
                373.540031810513
              ],
              [
                1509.077900114665,
                373.5405438666833
              ],
              [
                1509.0793051657333,
                373.54351459757066
              ],
              [
                1509.0794870287275,
                373.5440228705896
              ],
              [
                1509.0821567533371,
                373.54966752902027
              ],
              [
                1509.086422517967,
                373.5612716317499
              ],
              [
                1509.0880825014056,
                373.5646825538844
              ],
              [
                1509.088213384506,
                373.565036412641
              ],
              [
                1509.0911501771739,
                373.57103179391373
              ],
              [
                1509.0931363775696,
                373.5762472179758
              ],
              [
                1509.102844869748,
                373.59582152168906
              ],
              [
                1509.1030746663905,
                373.5964083891982
              ],
              [
                1509.1037058691525,
                373.5976494546168
              ],
              [
                1509.1049499621795,
                373.60078921911423
              ],
              [
                1509.1124389910465,
                373.6153667465735
              ],
              [
                1509.1163309323929,
                373.624527887211
              ],
              [
                1509.1163410398278,
                373.624552580981
              ],
              [
                1509.1163429882179,
                373.6245562651075
              ],
              [
                1509.1273307018275,
                373.65041996157686
              ],
              [
                1509.1363738910086,
                373.6669200573997
              ],
              [
                1509.1453432649796,
                373.68667742005414
              ],
              [
                1509.1484216897388,
                373.69204333147815
              ],
              [
                1509.1528954435869,
                373.70173763113655
              ],
              [
                1509.1560506166338,
                373.70714192885094
              ],
              [
                1509.1574511371161,
                373.71014833719784
              ],
              [
                1509.1605188685069,
                373.7153503011083
              ],
              [
                1509.1634035650534,
                373.72144947951136
              ],
              [
                1509.1685737871267,
                373.73007547391126
              ],
              [
                1509.1744735159073,
                373.7421981945468
              ],
              [
                1509.1756921995661,
                373.74417006612856
              ],
              [
                1509.1760552961625,
                373.74491422576835
              ],
              [
                1509.1870200220937,
                373.76260620348893
              ],
              [
                1509.1870663744705,
                373.76269890824244
              ],
              [
                1509.1874935189974,
                373.7633702076894
              ],
              [
                1509.190267329237,
                373.7678458497864
              ],
              [
                1509.191248090751,
                373.7697742146043
              ],
              [
                1509.1913701610636,
                373.7699878376512
              ],
              [
                1509.1993370509542,
                373.782480170385
              ],
              [
                1509.2025508384088,
                373.7876657314652
              ],
              [
                1509.2041016897547,
                373.7904953964543
              ],
              [
                1509.207899777411,
                373.7976770360576
              ],
              [
                1509.2087041288833,
                373.79889295235176
              ],
              [
                1509.223060440482,
                373.8250873083805
              ],
              [
                1509.2334070150612,
                373.84017874608224
              ],
              [
                1509.2395592191326,
                373.85090247158877
              ],
              [
                1509.2403552567569,
                373.8520280513655
              ],
              [
                1509.2413902738201,
                373.85383215908877
              ],
              [
                1509.2431211638934,
                373.85627959976586
              ],
              [
                1509.2497435599653,
                373.8676226860003
              ],
              [
                1509.252902179054,
                373.87200503589014
              ],
              [
                1509.2558358598797,
                373.87697968974237
              ],
              [
                1509.2602821198216,
                373.88308158332455
              ],
              [
                1509.264306869145,
                373.8897964718986
              ],
              [
                1509.2726307145347,
                373.90101987816655
              ],
              [
                1509.2802584012213,
                373.9133617344811
              ],
              [
                1509.2812664739092,
                373.9146762265996
              ],
              [
                1509.2822916693308,
                373.9163304161042
              ],
              [
                1509.2969294762886,
                373.935359529794
              ],
              [
                1509.297640537243,
                373.9364770317062
              ],
              [
                1509.3028555433439,
                373.9430634026526
              ],
              [
                1509.3107106392115,
                373.9532750083078
              ],
              [
                1509.3100180657686,
                373.9537786980845
              ],
              [
                1509.3102622063936,
                373.95411439144385
              ],
              [
                1509.3188113055708,
                373.9647488170573
              ],
              [
                1509.335689028775,
                373.98936654018235
              ],
              [
                1509.3453194967356,
                374.0007858054419
              ],
              [
                1509.3507131474053,
                374.00841230943024
              ],
              [
                1509.3538377197112,
                374.0120456178887
              ],
              [
                1509.3620587945288,
                374.0234517499072
              ],
              [
                1509.3650356967462,
                374.02684177438624
              ],
              [
                1509.3698963186775,
                374.0335123240519
              ],
              [
                1509.3759216201775,
                374.04029154210883
              ],
              [
                1509.3812251870245,
                374.0474425741867
              ],
              [
                1509.3933049113598,
                374.0607704961444
              ],
              [
                1509.4027064351849,
                374.07302975990325
              ],
              [
                1509.403383372486,
                374.0737493377284
              ],
              [
                1509.4052505016198,
                374.0761766010926
              ],
              [
                1509.4238761625206,
                374.09590822673346
              ],
              [
                1509.4255014896273,
                374.0979609582217
              ],
              [
                1509.4277814968543,
                374.100299401893
              ],
              [
                1509.431322287803,
                374.1047038750632
              ],
              [
                1509.4432876381793,
                374.11695089718313
              ],
              [
                1509.4640993920145,
                374.14162830004017
              ],
              [
                1509.471223121761,
                374.1485434590005
              ],
              [
                1509.4741632294547,
                374.1519622687145
              ],
              [
                1509.474262014321,
                374.1520572622946
              ],
              [
                1509.4742852997672,
                374.152084339027
              ],
              [
                1509.4789803404472,
                374.15659918769836
              ],
              [
                1509.488805111989,
                374.1677874006782
              ],
              [
                1509.491430306077,
                374.17025326588004
              ],
              [
                1509.4985628472887,
                374.1782782671473
              ],
              [
                1509.5063358149716,
                374.18548088028354
              ],
              [
                1509.513032531377,
                374.1928695682325
              ],
              [
                1509.529410632952,
                374.2077151006558
              ],
              [
                1509.5405782171847,
                374.2195861350356
              ],
              [
                1509.5408208456051,
                374.2197969155486
              ],
              [
                1509.5436816190222,
                374.22282755754344
              ],
              [
                1509.5634024088636,
                374.23989324381097
              ],
              [
                1509.5663486585195,
                374.24290885000477
              ],
              [
                1509.5690353788482,
                374.2451736121493
              ],
              [
                1509.5692930910002,
                374.24543792944786
              ],
              [
                1509.5744439552777,
                374.24973275402294
              ],
              [
                1509.5766951013495,
                374.25163035026725
              ],
              [
                1509.5772440581584,
                374.25218487428333
              ],
              [
                1509.5823755687932,
                374.2564415499463
              ],
              [
                1509.6070179284523,
                374.2803624228967
              ],
              [
                1509.6175751255591,
                374.2887420748221
              ],
              [
                1509.6288133596647,
                374.29929823542574
              ],
              [
                1509.6309400762693,
                374.30094209482417
              ],
              [
                1509.6406288028413,
                374.3099198948264
              ],
              [
                1509.6502076311726,
                374.317208606085
              ],
              [
                1509.6585815957353,
                374.32479898289733
              ],
              [
                1509.679120609738,
                374.3400317538523
              ],
              [
                1509.6961775343198,
                374.3547922236885
              ],
              [
                1509.7135957782727,
                374.36703032969393
              ],
              [
                1509.7140810925848,
                374.3674394238116
              ],
              [
                1509.7193354183387,
                374.3710630165567
              ],
              [
                1509.7232896157395,
                374.37384124650276
              ],
              [
                1509.727490234375,
                374.37734375
              ],
              [
                1509.727734375,
                374.3775268554688
              ],
              [
                1509.7390117605385,
                374.38516562338185
              ],
              [
                1509.759025145798,
                374.40105829594336
              ],
              [
                1509.7593169490406,
                374.4012479920685
              ],
              [
                1509.763027141141,
                374.40419291372365
              ],
              [
                1509.7718860787584,
                374.4098872219577
              ],
              [
                1509.7807920521589,
                374.4167711518829
              ],
              [
                1509.7823036679483,
                374.41772297351565
              ],
              [
                1509.794761881788,
                374.42720266355013
              ],
              [
                1509.8061316945257,
                374.4342295942677
              ],
              [
                1509.8162276980233,
                374.441717300777
              ],
              [
                1509.8381601017682,
                374.45486307768186
              ],
              [
                1509.8488422408498,
                374.46247099976836
              ],
              [
                1509.852093934731,
                374.4643395145277
              ],
              [
                1509.8611877575968,
                374.47072885943106
              ],
              [
                1509.885407021672,
                374.48432685357693
              ],
              [
                1509.8870915065365,
                374.4854678440032
              ],
              [
                1509.8981039843468,
                374.4914709881266
              ],
              [
                1509.9177631770908,
                374.50425108149426
              ],
              [
                1509.9227450409637,
                374.50685566984447
              ],
              [
                1509.9305796969768,
                374.5118915949377
              ],
              [
                1509.9372954386165,
                374.5153168999947
              ],
              [
                1509.9433392844749,
                374.5191225384864
              ],
              [
                1509.9441548071932,
                374.5195325691293
              ],
              [
                1509.9595166143322,
                374.52902668806985
              ],
              [
                1509.97270953936,
                374.53550890701433
              ],
              [
                1509.9845746904105,
                374.5426206048686
              ],
              [
                1510.005761500267,
                374.5526412196443
              ],
              [
                1510.0175350765005,
                374.55940664768445
              ],
              [
                1510.0256962152764,
                374.5630927329788
              ],
              [
                1510.0370345607203,
                374.5694586883807
              ],
              [
                1510.0371536643615,
                374.56951055622267
              ],
              [
                1510.0372787013453,
                374.5695807586932
              ],
              [
                1510.069859867825,
                374.58376936599495
              ],
              [
                1510.085547819151,
                374.5919712471191
              ],
              [
                1510.095694124957,
                374.5961067591721
              ],
              [
                1510.108013773481,
                374.6023902877313
              ],
              [
                1510.1119772316956,
                374.6039367705628
              ],
              [
                1510.1142499312639,
                374.60505344000234
              ],
              [
                1510.1149556636813,
                374.60540826999096
              ],
              [
                1510.115033519356,
                374.6054384486009
              ],
              [
                1510.1333479201355,
                374.61443705622116
              ],
              [
                1510.1483521066468,
                374.62008155383484
              ],
              [
                1510.1620012993324,
                374.62653714119443
              ],
              [
                1510.18203627551,
                374.6337057702972
              ],
              [
                1510.1948484672637,
                374.6394925646293
              ],
              [
                1510.2082565299916,
                374.64403902799677
              ],
              [
                1510.2221741761316,
                374.65009995327915
              ],
              [
                1510.2500971115453,
                374.6590395570076
              ],
              [
                1510.2608754483665,
                374.66343267729087
              ],
              [
                1510.2744370375585,
                374.66751405483143
              ],
              [
                1510.2878654452247,
                374.6725657525672
              ],
              [
                1510.2935695411174,
                374.6747914065012
              ],
              [
                1510.2943933773224,
                374.6750215269686
              ],
              [
                1510.31462559818,
                374.682632784151
              ],
              [
                1510.3313888345176,
                374.68714497040315
              ],
              [
                1510.3467988095535,
                374.6926587476363
              ],
              [
                1510.3653344683512,
                374.6973016884637
              ],
              [
                1510.3791044170578,
                374.70197086167957
              ],
              [
                1510.3979545550258,
                374.70637651973857
              ],
              [
                1510.4142384127574,
                374.7115898410866
              ],
              [
                1510.4367648223963,
                374.716366808433
              ],
              [
                1510.4421748436773,
                374.71799496122816
              ],
              [
                1510.456453021587,
                374.7208086910694
              ],
              [
                1510.501649614896,
                374.73297432799455
              ],
              [
                1510.5172732303188,
                374.7355929195123
              ],
              [
                1510.518186115619,
                374.7358316532288
              ],
              [
                1510.520819573423,
                374.73624867978805
              ],
              [
                1510.5371875200303,
                374.74034863697835
              ],
              [
                1510.5374915070386,
                374.74039372919145
              ],
              [
                1510.5382861528428,
                374.74059277760335
              ],
              [
                1510.5548925998298,
                374.74305611131666
              ],
              [
                1510.5685592292537,
                374.7462502787102
              ],
              [
                1510.5915722129505,
                374.7493123201932
              ],
              [
                1510.5916723762907,
                374.7493344196294
              ],
              [
                1510.5924057321033,
                374.74942322585656
              ],
              [
                1510.593052401392,
                374.7495092698139
              ],
              [
                1510.611518613592,
                374.753425228642
              ],
              [
                1510.6347647913333,
                374.75594770886
              ],
              [
                1510.6401600296294,
                374.7570109217637
              ],
              [
                1510.6513130537935,
                374.75805862513164
              ],
              [
                1510.6926660471847,
                374.7649895815588
              ],
              [
                1510.7098201499107,
                374.7661782499534
              ],
              [
                1510.7131450472154,
                374.7667047708192
              ],
              [
                1510.7150808365755,
                374.76681779160634
              ],
              [
                1510.7324325162158,
                374.76939167014126
              ],
              [
                1510.748361008399,
                374.7701741867838
              ],
              [
                1510.761420008058,
                374.77191177975345
              ],
              [
                1510.791616278286,
                374.7729679165435
              ],
              [
                1510.812008948109,
                374.7751807580176
              ],
              [
                1510.8353758439143,
                374.77534929018225
              ],
              [
                1510.840943310805,
                374.77587229217045
              ],
              [
                1510.8488911230256,
                374.77581496910926
              ],
              [
                1510.8858835308213,
                374.7783783037638
              ],
              [
                1510.9043324946442,
                374.77786722281417
              ],
              [
                1510.9101977604591,
                374.7782096655267
              ],
              [
                1510.9111462275123,
                374.77817131178784
              ],
              [
                1510.928466796875,
                374.7790222167969
              ],
              [
                1510.9435418692983,
                374.77828162597865
              ],
              [
                1510.9558616254885,
                374.7787125185246
              ],
              [
                1510.991672292531,
                374.7764765678075
              ],
              [
                1511.0136709470075,
                374.7766352316236
              ],
              [
                1511.0368325589488,
                374.7744594541411
              ],
              [
                1511.0426053097035,
                374.7744178185645
              ],
              [
                1511.0473212012907,
                374.77390608956665
              ],
              [
                1511.079490059981,
                374.77301493432316
              ],
              [
                1511.0980459574805,
                374.77069132684977
              ],
              [
                1511.1069987592246,
                374.77025150390347
              ],
              [
                1511.1074248567759,
                374.77023427353777
              ],
              [
                1511.1074655753755,
                374.7702285706966
              ],
              [
                1511.1245010775342,
                374.76939167014126
              ],
              [
                1511.1385722291157,
                374.76730441197566
              ],
              [
                1511.1500439933784,
                374.76658813658486
              ],
              [
                1511.1912261061877,
                374.7599558865839
              ],
              [
                1511.214454228183,
                374.75777386121683
              ],
              [
                1511.237088979083,
                374.7533140821053
              ],
              [
                1511.2430956442206,
                374.7526622891889
              ],
              [
                1511.2446431231556,
                374.7523341296437
              ],
              [
                1511.2716699803464,
                374.7489497712557
              ],
              [
                1511.2897480160805,
                374.7448796023243
              ],
              [
                1511.3186474409072,
                374.74059277760335
              ],
              [
                1511.33159126614,
                374.73735051816755
              ],
              [
                1511.3421294769562,
                374.7356533723941
              ],
              [
                1511.3882828804972,
                374.7235239860582
              ],
              [
                1511.4123173438227,
                374.7187884182594
              ],
              [
                1511.4315224676573,
                374.71295987517243
              ],
              [
                1511.460621016427,
                374.7064084991881
              ],
              [
                1511.4780561351272,
                374.7006629783601
              ],
              [
                1511.509036151384,
                374.6929028882613
              ],
              [
                1511.5207579948192,
                374.6887087456158
              ],
              [
                1511.5303002852054,
                374.6862009754896
              ],
              [
                1511.5753850078102,
                374.66952305112864
              ],
              [
                1511.593494668821,
                374.6640735464315
              ],
              [
                1511.596092641758,
                374.6630146439501
              ],
              [
                1511.6026196823814,
                374.66103375917004
              ],
              [
                1511.6190598673397,
                374.65419699816357
              ],
              [
                1511.6445711734148,
                374.6457900728697
              ],
              [
                1511.6554430291467,
                374.64099734920893
              ],
              [
                1511.6568697956382,
                374.6405201128286
              ],
              [
                1511.6624498664135,
                374.63801058329557
              ],
              [
                1511.6938336616051,
                374.62678128181943
              ],
              [
                1511.7042687569435,
                374.6218458492913
              ],
              [
                1511.7127756734376,
                374.6186989360658
              ],
              [
                1511.7546295461639,
                374.5983969109976
              ],
              [
                1511.7688222980364,
                374.5926121162597
              ],
              [
                1511.7753186057876,
                374.5892157553957
              ],
              [
                1511.7861317387487,
                374.5847190416438
              ],
              [
                1511.7998758012009,
                374.5773259410261
              ],
              [
                1511.8217953550625,
                374.56766297574984
              ],
              [
                1511.8332487183948,
                374.56119708387786
              ],
              [
                1511.8389059978335,
                374.5586528312331
              ],
              [
                1511.8436264885368,
                374.5559345509996
              ],
              [
                1511.871260270527,
                374.5428647454936
              ],
              [
                1511.8803743361393,
                374.5374019847935
              ],
              [
                1511.8878287952755,
                374.5337860561734
              ],
              [
                1511.9260086728632,
                374.51043287348483
              ],
              [
                1511.9366069400967,
                374.50489195063494
              ],
              [
                1511.9465505517908,
                374.4984277846075
              ],
              [
                1511.9611633736524,
                374.49056736759417
              ],
              [
                1511.9756539003051,
                374.4808035364515
              ],
              [
                1511.9971349424989,
                374.46867660988045
              ],
              [
                1512.0059015405707,
                374.462488955181
              ],
              [
                1512.0118755709673,
                374.45904882792263
              ],
              [
                1512.0158208599623,
                374.45621846266664
              ],
              [
                1512.0396072629142,
                374.441961441402
              ],
              [
                1512.0473965364752,
                374.43618452241043
              ],
              [
                1512.0538030445755,
                374.4322659044494
              ],
              [
                1512.0879614138805,
                374.40649908518145
              ],
              [
                1512.0953449713895,
                374.401699165084
              ],
              [
                1512.1081836228552,
                374.39150396416073
              ],
              [
                1512.1259861229637,
                374.3795084991827
              ],
              [
                1512.1403857492999,
                374.3675670893288
              ],
              [
                1512.161525676504,
                374.35264607106836
              ],
              [
                1512.1678480776832,
                374.34715356132443
              ],
              [
                1512.1740557627086,
                374.3427001445942
              ],
              [
                1512.1773057952755,
                374.3398372496552
              ],
              [
                1512.1972533652022,
                374.32504312352233
              ],
              [
                1512.2037440717181,
                374.31916029004674
              ],
              [
                1512.2091277326338,
                374.3150992115867
              ],
              [
                1512.2390285458632,
                374.28759972753403
              ],
              [
                1512.243613840667,
                374.2839585350037
              ],
              [
                1512.2573474373417,
                374.27075202308504
              ],
              [
                1512.2593344601958,
                374.2689245776952
              ],
              [
                1512.278972336859,
                374.25263915969765
              ],
              [
                1512.2930176110888,
                374.23841403936416
              ],
              [
                1512.3134256890653,
                374.2206847678481
              ],
              [
                1512.3175609837972,
                374.21628898941384
              ],
              [
                1512.3238312814299,
                374.2107655975745
              ],
              [
                1512.3264601880014,
                374.2079368854604
              ],
              [
                1512.342680359248,
                374.19323577917
              ],
              [
                1512.3479276186265,
                374.1874463206073
              ],
              [
                1512.352332952317,
                374.1833947785092
              ],
              [
                1512.3778558377612,
                374.1548686413214
              ],
              [
                1512.3800848174203,
                374.1527252081676
              ],
              [
                1512.387788846119,
                374.1437668260616
              ],
              [
                1512.4005438422162,
                374.1295109626604
              ],
              [
                1512.4186112531095,
                374.11121220324395
              ],
              [
                1512.4281814920873,
                374.0993683781985
              ],
              [
                1512.4300893306852,
                374.0974116418154
              ],
              [
                1512.4337857983237,
                374.0927431320212
              ],
              [
                1512.4512974710651,
                374.07412839271575
              ],
              [
                1512.4535646626525,
                374.0711720528523
              ],
              [
                1512.4597103842812,
                374.0645592361745
              ],
              [
                1512.4617862793366,
                374.0618226472492
              ],
              [
                1512.4744877036005,
                374.0478087851242
              ],
              [
                1512.4785738958485,
                374.0422991926772
              ],
              [
                1512.4820634884527,
                374.03839898329164
              ],
              [
                1512.5032052467416,
                374.0095585749607
              ],
              [
                1512.5035348994697,
                374.00917524888337
              ],
              [
                1512.5048666811092,
                374.0072921387957
              ],
              [
                1512.5272005140837,
                373.9768255686185
              ],
              [
                1512.5435239160893,
                373.95662424261747
              ],
              [
                1512.5529521901149,
                373.9422401325026
              ],
              [
                1512.5579502830694,
                373.93592771529995
              ],
              [
                1512.5608850175324,
                373.93131549274227
              ],
              [
                1512.562811454736,
                373.92871799286405
              ],
              [
                1512.5737455050287,
                373.9144603672936
              ],
              [
                1512.5745132445372,
                373.9132181386742
              ],
              [
                1512.580339734737,
                373.9055372549451
              ],
              [
                1512.5819255777567,
                373.90294558142756
              ],
              [
                1512.59140602148,
                373.8901626828361
              ],
              [
                1512.5944386392584,
                373.8851030657436
              ],
              [
                1512.5970916428373,
                373.8814839861254
              ],
              [
                1512.6380608014902,
                373.81239540859775
              ],
              [
                1512.6524767941728,
                373.7904018575406
              ],
              [
                1512.6610393563658,
                373.7739864822305
              ],
              [
                1512.6617969846134,
                373.772722455864
              ],
              [
                1512.668524445842,
                373.7621495918362
              ],
              [
                1512.6704883342059,
                373.75822181510824
              ],
              [
                1512.670794469683,
                373.7577110589216
              ],
              [
                1512.6845178816354,
                373.7352834901869
              ],
              [
                1512.6856732349684,
                373.7328873387394
              ],
              [
                1512.6923093255716,
                373.72181569044886
              ],
              [
                1512.6944183548355,
                373.71735652272366
              ],
              [
                1512.6963288524948,
                373.7141347439515
              ],
              [
                1512.7320430099846,
                373.6378646537062
              ],
              [
                1512.7443939610482,
                373.614186519454
              ],
              [
                1512.750969357545,
                373.5977894733529
              ],
              [
                1512.7556027900114,
                373.5879929034971
              ],
              [
                1512.760639028474,
                373.5779204265719
              ],
              [
                1512.7615195884189,
                373.5755853736916
              ],
              [
                1512.7712072254599,
                373.55549364516554
              ],
              [
                1512.771990705924,
                373.55334356648945
              ],
              [
                1512.7762258618975,
                373.5443890815271
              ],
              [
                1512.7775607414835,
                373.54065834301036
              ],
              [
                1512.7788359912365,
                373.5379349576478
              ],
              [
                1512.8082386269314,
                373.4549772717213
              ],
              [
                1512.8183677206534,
                373.42971838173577
              ],
              [
                1512.8230962755454,
                373.41339505081237
              ],
              [
                1512.8290066917941,
                373.39687654398955
              ],
              [
                1512.8317341497398,
                373.3893916743125
              ],
              [
                1512.8333170295816,
                373.3851942222756
              ],
              [
                1512.8334562176362,
                373.3846658622056
              ],
              [
                1512.839544352684,
                373.3679584011492
              ],
              [
                1512.8400165454898,
                373.36610606425756
              ],
              [
                1512.8423474683393,
                373.3595915713058
              ],
              [
                1512.8430736883158,
                373.35669233864365
              ],
              [
                1512.8438322570319,
                373.35455208475764
              ],
              [
                1512.8659216455783,
                373.2655586181327
              ],
              [
                1512.873667570814,
                373.2388190954207
              ],
              [
                1512.8766605461399,
                373.2226060860168
              ],
              [
                1512.8770051178606,
                373.2212304785978
              ],
              [
                1512.884446091378,
                373.1929858237391
              ],
              [
                1512.8849753574696,
                373.18973983201295
              ],
              [
                1512.8888486352469,
                373.17454558247766
              ],
              [
                1512.8890752212742,
                373.1730439246773
              ],
              [
                1512.8900373576814,
                373.16920286082916
              ],
              [
                1512.8903327638054,
                373.16721139450345
              ],
              [
                1512.8907025610893,
                373.1657215595919
              ],
              [
                1512.8983482299764,
                373.11371862884454
              ],
              [
                1512.898764409802,
                373.1118520975109
              ],
              [
                1512.8993894835367,
                373.1066364183037
              ],
              [
                1512.901189541798,
                373.09439310689646
              ],
              [
                1512.9016309772908,
                373.09230324257067
              ],
              [
                1512.9020473315582,
                373.08855874731876
              ],
              [
                1512.9045559314425,
                373.07149620537797
              ],
              [
                1512.909747417063,
                373.0433738201184
              ],
              [
                1512.9106951067035,
                373.032000474508
              ],
              [
                1512.9153207581724,
                373.00363132968926
              ],
              [
                1512.9158481722109,
                372.9956110481454
              ],
              [
                1512.918629009511,
                372.97718155329756
              ],
              [
                1512.9186838506232,
                372.9760838920795
              ],
              [
                1512.9188362502193,
                372.975056497456
              ],
              [
                1512.9188871278018,
                372.97402086047293
              ],
              [
                1512.9190033487157,
                372.9732303700363
              ],
              [
                1512.9191589395352,
                372.97003534024964
              ],
              [
                1512.9194494494056,
                372.96803765186553
              ],
              [
                1512.9217681054859,
                372.9199069067136
              ],
              [
                1512.922578138424,
                372.91314790898656
              ],
              [
                1512.9227920724625,
                372.90199026493326
              ],
              [
                1512.9231566106512,
                372.8987117792218
              ],
              [
                1512.9232968347628,
                372.8881734901615
              ],
              [
                1512.9241427932634,
                372.870613053605
              ],
              [
                1512.9262509654086,
                372.84531260777385
              ],
              [
                1512.9261479292811,
                372.83898466829527
              ],
              [
                1512.9279099646915,
                372.812189742395
              ],
              [
                1512.927542060398,
                372.8000509458551
              ],
              [
                1512.9287109375,
                372.7757873535156
              ],
              [
                1512.928707078872,
                372.7757129117202
              ],
              [
                1512.9287109375,
                372.775634765625
              ],
              [
                1512.9262094831781,
                372.72375657850785
              ],
              [
                1512.9264146036103,
                372.7130586045676
              ],
              [
                1512.9257379460087,
                372.7047161972286
              ],
              [
                1512.9257482142673,
                372.7039445048561
              ],
              [
                1512.9245944496108,
                372.6902620577889
              ],
              [
                1512.9238684707748,
                372.6752058300707
              ],
              [
                1512.9235452733055,
                372.6681791895919
              ],
              [
                1512.9231594938944,
                372.6554506135387
              ],
              [
                1512.9230152407895,
                372.6465913431101
              ],
              [
                1512.9228471485394,
                372.6451449531266
              ],
              [
                1512.9220978638937,
                372.6204227250253
              ],
              [
                1512.9209229304413,
                372.6111667985102
              ],
              [
                1512.9201413977687,
                372.5941754862798
              ],
              [
                1512.919865522066,
                372.59218783516354
              ],
              [
                1512.9194267958942,
                372.58308900084535
              ],
              [
                1512.918333301083,
                372.57557890960527
              ],
              [
                1512.9179863053805,
                372.56888456545573
              ],
              [
                1512.9112150098085,
                372.52566515390845
              ],
              [
                1512.9102353923236,
                372.5135876008349
              ],
              [
                1512.905697162963,
                372.4887942726505
              ],
              [
                1512.9032943408013,
                372.4722917584334
              ],
              [
                1512.8979379392679,
                372.43009493538705
              ],
              [
                1512.8964601204584,
                372.42355474365786
              ],
              [
                1512.8948703492517,
                372.41210063413865
              ],
              [
                1512.8939701543973,
                372.4082535115995
              ],
              [
                1512.891660566362,
                372.3923913267088
              ],
              [
                1512.8887384698112,
                372.38050101846943
              ],
              [
                1512.887959779043,
                372.3753825133057
              ],
              [
                1512.8872174102974,
                372.3724947423703
              ],
              [
                1512.8859274267559,
                372.36426111425897
              ],
              [
                1512.8761434291973,
                372.32733583542216
              ],
              [
                1512.8742025007296,
                372.3167321235645
              ],
              [
                1512.874080430417,
                372.3162133247364
              ],
              [
                1512.8736517706227,
                372.3163141858645
              ],
              [
                1512.8688133405583,
                372.29942363981337
              ],
              [
                1512.8638246240857,
                372.27912404479736
              ],
              [
                1512.8556525126714,
                372.24295778738025
              ],
              [
                1512.8544087951777,
                372.23918189784445
              ],
              [
                1512.852989198046,
                372.23311502899384
              ],
              [
                1512.8511954489252,
                372.22773464583133
              ],
              [
                1512.8505950247772,
                372.2252914588699
              ],
              [
                1512.847805005081,
                372.2137279589692
              ],
              [
                1512.8476239614627,
                372.2132018998857
              ],
              [
                1512.84567003451,
                372.2052511722696
              ],
              [
                1512.8420663351137,
                372.19497781428686
              ],
              [
                1512.8419812574018,
                372.1946381650223
              ],
              [
                1512.8402548918837,
                372.18981329662216
              ],
              [
                1512.837861752057,
                372.1805041228775
              ],
              [
                1512.8356270757135,
                372.17442516257205
              ],
              [
                1512.8328781213054,
                372.1640504760062
              ],
              [
                1512.8212705538974,
                372.13345583272843
              ],
              [
                1512.8205706900173,
                372.1310126677063
              ],
              [
                1512.8149138668357,
                372.1167011961847
              ],
              [
                1512.8108638707793,
                372.10602641995723
              ],
              [
                1512.8059362347856,
                372.0919788085992
              ],
              [
                1512.8047887283626,
                372.08853684218076
              ],
              [
                1512.7956306985063,
                372.06073333432624
              ],
              [
                1512.7951700061114,
                372.05968530957813
              ],
              [
                1512.7948517338962,
                372.05873064627116
              ],
              [
                1512.7930517989312,
                372.0546313738024
              ],
              [
                1512.7861929257465,
                372.0347015216797
              ],
              [
                1512.7846599002546,
                372.0313246371055
              ],
              [
                1512.7818821829487,
                372.02340597322177
              ],
              [
                1512.7767447976769,
                372.0123144741506
              ],
              [
                1512.77585965096,
                372.00984065480105
              ],
              [
                1512.7725591630472,
                372.0028623594163
              ],
              [
                1512.7684358804704,
                371.99164584871886
              ],
              [
                1512.7640448405687,
                371.9826231712351
              ],
              [
                1512.7594073233147,
                371.9703998361391
              ],
              [
                1512.7348262709434,
                371.92155319822075
              ],
              [
                1512.7285060620848,
                371.90763130591506
              ],
              [
                1512.720949071252,
                371.8904205927108
              ],
              [
                1512.7200528481476,
                371.8888020012859
              ],
              [
                1512.7184248230499,
                371.8850984224734
              ],
              [
                1512.7176393871782,
                371.88369464794187
              ],
              [
                1512.7079282193954,
                371.8623032928365
              ],
              [
                1512.704471342764,
                371.85627771311357
              ],
              [
                1512.700889227125,
                371.8485440061436
              ],
              [
                1512.6940665256673,
                371.8369036213009
              ],
              [
                1512.6919431146341,
                371.83241404587926
              ],
              [
                1512.686624670904,
                371.8235407585849
              ],
              [
                1512.6803848825302,
                371.81071928592195
              ],
              [
                1512.6732063661116,
                371.79910420236786
              ],
              [
                1512.6663029800634,
                371.78538602653
              ],
              [
                1512.6423858457965,
                371.7480583140669
              ],
              [
                1512.6348235340154,
                371.7348766713911
              ],
              [
                1512.6319055005965,
                371.7296066623432
              ],
              [
                1512.6316613599715,
                371.7292099338276
              ],
              [
                1512.631112723947,
                371.7284084677817
              ],
              [
                1512.6137122652424,
                371.69807824130186
              ],
              [
                1512.6077874187454,
                371.6897006380406
              ],
              [
                1512.6034431171092,
                371.6822887142989
              ],
              [
                1512.5948260074535,
                371.6703839414105
              ],
              [
                1512.5910398105425,
                371.66406705349203
              ],
              [
                1512.590459775242,
                371.6632849664249
              ],
              [
                1512.5895749667925,
                371.6618087527108
              ],
              [
                1512.582244318714,
                371.65192451799226
              ],
              [
                1512.5745999972162,
                371.63955574598765
              ],
              [
                1512.5640505541678,
                371.62579963503754
              ],
              [
                1512.5545636013815,
                371.6109932522239
              ],
              [
                1512.5330863733184,
                371.58407499489704
              ],
              [
                1512.5043893916572,
                371.5434980909604
              ],
              [
                1512.4954954489663,
                371.5331560556213
              ],
              [
                1512.4904485563861,
                371.5261836353599
              ],
              [
                1512.4813934919032,
                371.5159429194915
              ],
              [
                1512.472656648913,
                371.5041626504227
              ]
            ],
            [
              [
                1512.0377762082267,
                371.11019309961364
              ],
              [
                1512.055171753385,
                371.123094515183
              ],
              [
                1512.051615854768,
                371.1209109678214
              ],
              [
                1512.0372879269767,
                371.110284652348
              ],
              [
                1512.0110529216536,
                371.09455999530223
              ],
              [
                1512.0074433741552,
                371.092012298538
              ],
              [
                1512.0377762082267,
                371.11019309961364
              ]
            ],
            [
              [
                1511.8344841846945,
                370.9930267529733
              ],
              [
                1511.8315948245768,
                370.9913954611374
              ],
              [
                1511.8694292158395,
                371.009289795522
              ],
              [
                1511.907249929314,
                371.03195865879405
              ],
              [
                1511.9039351548095,
                371.0302256481622
              ],
              [
                1511.889824521868,
                371.02156082426
              ],
              [
                1511.8868580120602,
                371.0201204312113
              ],
              [
                1511.8689409345895,
                371.0093813482564
              ],
              [
                1511.8420137212934,
                370.99664572485443
              ],
              [
                1511.840414958558,
                370.99572189650365
              ],
              [
                1511.8344841846945,
                370.9930267529733
              ]
            ],
            [
              [
                1511.6576318248501,
                370.9132744796528
              ],
              [
                1511.6553024617103,
                370.91224173726795
              ],
              [
                1511.6920026069176,
                370.9253732591962
              ],
              [
                1511.7376931806193,
                370.9469832911474
              ],
              [
                1511.7327603531871,
                370.9449727300928
              ],
              [
                1511.6915143256676,
                370.92546481193057
              ],
              [
                1511.6646937454373,
                370.9158682548752
              ],
              [
                1511.663082200491,
                370.91513591453725
              ],
              [
                1511.6576318248501,
                370.9132744796528
              ]
            ],
            [
              [
                1511.4701423502868,
                370.8501515345009
              ],
              [
                1511.467819569893,
                370.8493860918698
              ],
              [
                1511.5072050966965,
                370.8592516527543
              ],
              [
                1511.5611535232244,
                370.878554708422
              ],
              [
                1511.556470291387,
                370.87714528383555
              ],
              [
                1511.5067168154465,
                370.8593432054887
              ],
              [
                1511.480462109804,
                370.8527667440816
              ],
              [
                1511.478751325717,
                370.85218247000785
              ],
              [
                1511.4701423502868,
                370.8501515345009
              ]
            ],
            [
              [
                1511.3168163862197,
                370.81156176341227
              ],
              [
                1511.3793827780357,
                370.8272338287084
              ],
              [
                1511.375379536314,
                370.82644492967904
              ],
              [
                1511.3163281049697,
                370.81165331614665
              ],
              [
                1511.2910687417059,
                370.8079064435523
              ],
              [
                1511.2891962212327,
                370.807464698963
              ],
              [
                1511.3168163862197,
                370.81156176341227
              ]
            ],
            [
              [
                1511.278104747895,
                370.8058194343121
              ],
              [
                1511.2890028675688,
                370.80743601765624
              ],
              [
                1511.2797113745191,
                370.80618115733705
              ],
              [
                1511.278104747895,
                370.8058194343121
              ]
            ],
            [
              [
                1511.1226700228467,
                370.78276287087436
              ],
              [
                1511.1825827091848,
                370.79165007836843
              ],
              [
                1511.1795681624344,
                370.791366895015
              ],
              [
                1511.1221817415967,
                370.78285442360874
              ],
              [
                1511.0983058225029,
                370.7816814749183
              ],
              [
                1511.0969612016445,
                370.7814998774774
              ],
              [
                1511.1226700228467,
                370.78276287087436
              ]
            ],
            [
              [
                1511.0851886660712,
                370.7809215298909
              ],
              [
                1511.0903921540882,
                370.781177160865
              ],
              [
                1511.0859126441503,
                370.7810121879081
              ],
              [
                1511.0851886660712,
                370.7809215298909
              ]
            ],
            [
              [
                1510.9266357421875,
                370.77313232421875
              ],
              [
                1510.9832865033195,
                370.77591539765024
              ],
              [
                1510.9812357059216,
                370.77593018888854
              ],
              [
                1510.9261474609375,
                370.7732238769531
              ],
              [
                1510.9039914657883,
                370.77431233119836
              ],
              [
                1510.9032054165966,
                370.77428338230413
              ],
              [
                1510.9266357421875,
                370.77313232421875
              ]
            ],
            [
              [
                1510.7306014615283,
                370.78276287087436
              ],
              [
                1510.783391988018,
                370.78016943861024
              ],
              [
                1510.7822542379909,
                370.78029289769967
              ],
              [
                1510.7301131802783,
                370.78285442360874
              ],
              [
                1510.7099533679914,
                370.7858448492729
              ],
              [
                1510.70973517428,
                370.7858580921996
              ],
              [
                1510.7306014615283,
                370.78276287087436
              ]
            ],
            [
              [
                1510.5364550981553,
                370.81156176341227
              ],
              [
                1510.5849052683045,
                370.8043748595768
              ],
              [
                1510.5846051800515,
                370.8044384965171
              ],
              [
                1510.5362678943288,
                370.8116086555297
              ],
              [
                1510.5364550981553,
                370.81156176341227
              ]
            ],
            [
              [
                1510.6623529906024,
                370.79290569826014
              ],
              [
                1510.662037151552,
                370.79295254855754
              ],
              [
                1510.6616222621676,
                370.79299496853116
              ],
              [
                1510.6631107438645,
                370.79277417312875
              ],
              [
                1510.6623529906024,
                370.79290569826014
              ]
            ],
            [
              [
                1512.1756729080882,
                371.21291794918534
              ],
              [
                1512.1721030275892,
                371.20981665857283
              ],
              [
                1512.1954223105147,
                371.2271114174933
              ],
              [
                1512.2094415413542,
                371.2398177076764
              ],
              [
                1512.206564122028,
                371.2376331389054
              ],
              [
                1512.1960326620772,
                371.2280879799933
              ],
              [
                1512.195360316938,
                371.2275893348534
              ],
              [
                1512.1949340292647,
                371.22720297022767
              ],
              [
                1512.1756729080882,
                371.21291794918534
              ]
            ],
            [
              [
                1512.3408493045606,
                371.35891876184564
              ],
              [
                1512.3516438998856,
                371.37082876244375
              ],
              [
                1512.3499154047079,
                371.36922480522634
              ],
              [
                1512.341459656123,
                371.35989532434564
              ],
              [
                1512.326600785812,
                371.3464280293043
              ],
              [
                1512.3238980057704,
                371.343555000176
              ],
              [
                1512.3408493045606,
                371.35891876184564
              ]
            ],
            [
              [
                1512.472656648913,
                371.50434575589145
              ],
              [
                1512.4805512636235,
                371.51499041158576
              ],
              [
                1512.4800909167843,
                371.514469787885
              ],
              [
                1512.474121492663,
                371.50642095120395
              ],
              [
                1512.4739030702822,
                371.5061799592437
              ],
              [
                1512.4732670004755,
                371.50532231839145
              ],
              [
                1512.46280682183,
                371.4937812897404
              ],
              [
                1512.4612959071565,
                371.49181110896484
              ],
              [
                1512.472656648913,
                371.50434575589145
              ]
            ],
            [
              [
                1512.5895749667925,
                371.66199185817953
              ],
              [
                1512.589887669505,
                371.6625135711367
              ],
              [
                1512.5832943670948,
                371.65362353196224
              ],
              [
                1512.58292326646,
                371.6530230785219
              ],
              [
                1512.5895749667925,
                371.66199185817953
              ]
            ]
          ]
        ]
      }
    }
  ]
}