{
  "type": "FeatureCollection",
  "features": [
    {
      "type": "Feature",
      "properties": {
        "image_id": "0015_top_20250626_t1",
        "zone_type": "parking_spot",
        "generated_at": "2025-11-03T11:20:41",
        "source": "merged_t1_polygons"
      },
      "geometry": {
        "type": "MultiPolygon",
        "coordinates": [
          [
            [
              [
                1007.0731086374719,
                445.47596489636146
              ],
              [
                1007.074586992232,
                445.4861181947756
              ],
              [
                1007.0751633187912,
                445.4884633261966
              ],
              [
                1007.0757690989149,
                445.4925545349641
              ],
              [
                1007.0758147021552,
                445.49273693054425
              ],
              [
                1007.0759660602873,
                445.49375730418853
              ],
              [
                1007.0759936215607,
                445.49386733495953
              ],
              [
                1007.0760270954436,
                445.4940929975479
              ],
              [
                1007.0781734214305,
                445.5026616112007
              ],
              [
                1007.0794286494265,
                445.51063727293183
              ],
              [
                1007.0810913830535,
                445.517050861365
              ],
              [
                1007.0811132441074,
                445.5171867961393
              ],
              [
                1007.0819460391399,
                445.5203474882573
              ],
              [
                1007.0829727519164,
                445.5243077817648
              ],
              [
                1007.0834929571618,
                445.5274336370572
              ],
              [
                1007.0844666141677,
                445.5310343349028
              ],
              [
                1007.0851359751475,
                445.5349938082942
              ],
              [
                1007.0875267728769,
                445.5437078843744
              ],
              [
                1007.0904497468728,
                445.5596635855962
              ],
              [
                1007.0921402793688,
                445.5655568116431
              ],
              [
                1007.0922278842208,
                445.56602901845895
              ],
              [
                1007.093989739174,
                445.57208782799665
              ],
              [
                1007.0957358596212,
                445.5810439926096
              ],
              [
                1007.0979569142711,
                445.58851902705214
              ],
              [
                1007.0995346702463,
                445.5962741346111
              ],
              [
                1007.1081747218532,
                445.62444573791254
              ],
              [
                1007.1150380422183,
                445.653507197201
              ],
              [
                1007.1150990773746,
                445.6537208202479
              ],
              [
                1007.1175489292654,
                445.6609346886864
              ],
              [
                1007.1205775240838,
                445.6732583492148
              ],
              [
                1007.1217252565488,
                445.67653028318693
              ],
              [
                1007.1237169847856,
                445.6844817080246
              ],
              [
                1007.1245196022315,
                445.686724873514
              ],
              [
                1007.1245380861027,
                445.6867983259123
              ],
              [
                1007.1261678969311,
                445.691331548593
              ],
              [
                1007.1265529115736,
                445.6924075924337
              ],
              [
                1007.1283782033642,
                445.6994482092377
              ],
              [
                1007.1310770585309,
                445.7068135689773
              ],
              [
                1007.1311208844428,
                445.70697990067816
              ],
              [
                1007.132345732817,
                445.7102758675936
              ],
              [
                1007.1345942610008,
                445.7164122542963
              ],
              [
                1007.1352518469093,
                445.71884408413973
              ],
              [
                1007.1364210780393,
                445.7219198216851
              ],
              [
                1007.1381900767774,
                445.72836753969983
              ],
              [
                1007.1407436822703,
                445.734989129938
              ],
              [
                1007.1445693125349,
                445.74832534440003
              ],
              [
                1007.147077451237,
                445.7546501527735
              ],
              [
                1007.1477996444576,
                445.75713368932395
              ],
              [
                1007.1487849557059,
                445.75958251727275
              ],
              [
                1007.1505566000781,
                445.7655450462464
              ],
              [
                1007.1542236194094,
                445.7745919793292
              ],
              [
                1007.1563245024151,
                445.78144208223523
              ],
              [
                1007.1679915918128,
                445.8094688644331
              ],
              [
                1007.1724915656672,
                445.8227195509273
              ],
              [
                1007.1743401616628,
                445.82821395887015
              ],
              [
                1007.174414202192,
                445.8283809735616
              ],
              [
                1007.1782074003097,
                445.8395504782506
              ],
              [
                1007.181313801589,
                445.8464041787424
              ],
              [
                1007.184365375645,
                445.85510354826266
              ],
              [
                1007.1855189678872,
                445.8575941279264
              ],
              [
                1007.1863215468427,
                445.8598696866649
              ],
              [
                1007.1869694399951,
                445.86126047773547
              ],
              [
                1007.1898385912274,
                445.8692792182458
              ],
              [
                1007.1911148098327,
                445.87197755577614
              ],
              [
                1007.1912355561251,
                445.87231340446596
              ],
              [
                1007.1933512419802,
                445.87676406103833
              ],
              [
                1007.1954871208089,
                445.88259301997164
              ],
              [
                1007.1994078279472,
                445.8907344871907
              ],
              [
                1007.1994907016826,
                445.8909574936427
              ],
              [
                1007.2013603448914,
                445.89478894781104
              ],
              [
                1007.2050464298173,
                445.9024432148943
              ],
              [
                1007.2057099415105,
                445.9041886249966
              ],
              [
                1007.2069698574217,
                445.90671596718647
              ],
              [
                1007.210340769947,
                445.9154568637475
              ],
              [
                1007.2104628402595,
                445.91573152195065
              ],
              [
                1007.2127720404814,
                445.9203131154335
              ],
              [
                1007.2169203637835,
                445.93077400020667
              ],
              [
                1007.2197766207561,
                445.9363183197096
              ],
              [
                1007.2228586710213,
                445.94392207087316
              ],
              [
                1007.2282934514349,
                445.954326508715
              ],
              [
                1007.2307587507927,
                445.96024867197275
              ],
              [
                1007.2430860574067,
                445.9832854404852
              ],
              [
                1007.2494756961252,
                445.9976986753749
              ],
              [
                1007.2495367312814,
                445.9978207456874
              ],
              [
                1007.2516088090874,
                446.0014971252581
              ],
              [
                1007.2592247662282,
                446.01830032758403
              ],
              [
                1007.262914699187,
                446.02468976829226
              ],
              [
                1007.265358331469,
                446.02996551534085
              ],
              [
                1007.2663403369138,
                446.03164093985794
              ],
              [
                1007.2681078753974,
                446.03543520243215
              ],
              [
                1007.2697071519084,
                446.0381471017588
              ],
              [
                1007.2737551275533,
                446.0467058271676
              ],
              [
                1007.2755939859459,
                446.0497737770491
              ],
              [
                1007.275873056531,
                446.0503608430972
              ],
              [
                1007.2778962554427,
                446.0537180860663
              ],
              [
                1007.2801171015252,
                446.058329740276
              ],
              [
                1007.2854147409913,
                446.0670413673061
              ],
              [
                1007.2855642571122,
                446.0673477702402
              ],
              [
                1007.2884127930589,
                446.07197147091114
              ],
              [
                1007.2930723676025,
                446.07963384125594
              ],
              [
                1007.2979809054266,
                446.0893726784052
              ],
              [
                1007.3014500639409,
                446.0948557581376
              ],
              [
                1007.306806120444,
                446.10525247272403
              ],
              [
                1007.3084929057665,
                446.107861734436
              ],
              [
                1007.3119724476815,
                446.1145230297999
              ],
              [
                1007.3194614770512,
                446.1260127139677
              ],
              [
                1007.3221393662736,
                446.13101704427686
              ],
              [
                1007.3380735384087,
                446.1549069844556
              ],
              [
                1007.3468949964631,
                446.17055843735045
              ],
              [
                1007.3483535186151,
                446.1726345350418
              ],
              [
                1007.3573710726415,
                446.18824921623735
              ],
              [
                1007.3615468168118,
                446.19407514167904
              ],
              [
                1007.3628044414846,
                446.1962208071855
              ],
              [
                1007.3634673608369,
                446.19713664841845
              ],
              [
                1007.3664925981609,
                446.20226655497675
              ],
              [
                1007.3693220239933,
                446.20614956126815
              ],
              [
                1007.3746584316449,
                446.21505281955484
              ],
              [
                1007.3771344896468,
                446.2183913972911
              ],
              [
                1007.3776282409691,
                446.2192107152266
              ],
              [
                1007.3793720513321,
                446.221548115015
              ],
              [
                1007.3814631953114,
                446.2249868666572
              ],
              [
                1007.3882574990876,
                446.23403789482126
              ],
              [
                1007.3885126153401,
                446.23445199568226
              ],
              [
                1007.3927286350565,
                446.2399941162258
              ],
              [
                1007.3962339043127,
                446.24466365880227
              ],
              [
                1007.4019476018079,
                446.2536942807251
              ],
              [
                1007.4064834681204,
                446.259522030553
              ],
              [
                1007.4128100200428,
                446.2692282394447
              ],
              [
                1007.4133609335431,
                446.27008043888225
              ],
              [
                1007.4133861290959,
                446.2701121071317
              ],
              [
                1007.417072603877,
                446.2757679042766
              ],
              [
                1007.4224742982215,
                446.2825314442439
              ],
              [
                1007.4237034263201,
                446.28440078858233
              ],
              [
                1007.4278804092403,
                446.2895535009877
              ],
              [
                1007.4296093756465,
                446.2921457225142
              ],
              [
                1007.4477605031996,
                446.31435897336473
              ],
              [
                1007.4557623820159,
                446.3255230551369
              ],
              [
                1007.4608793752906,
                446.3328067140858
              ],
              [
                1007.4614929775925,
                446.33351828214404
              ],
              [
                1007.4717012853957,
                446.34776073515883
              ],
              [
                1007.4764768428403,
                446.35320513381146
              ],
              [
                1007.4805530569589,
                446.35879918928623
              ],
              [
                1007.4848716727507,
                446.3636581723856
              ],
              [
                1007.4915767495245,
                446.3726989218429
              ],
              [
                1007.4947482556289,
                446.3761981395961
              ],
              [
                1007.495512445971,
                446.3772224587434
              ],
              [
                1007.4968043869022,
                446.3786385737283
              ],
              [
                1007.4985614582092,
                446.380979255336
              ],
              [
                1007.5069331165455,
                446.39012031240037
              ],
              [
                1007.5073443273993,
                446.39066086492954
              ],
              [
                1007.513346388338,
                446.3971229970621
              ],
              [
                1007.514911190462,
                446.39883161259985
              ],
              [
                1007.5213801669751,
                446.40714305173043
              ],
              [
                1007.5252869949984,
                446.41126471559386
              ],
              [
                1007.5371857557627,
                446.42616332681814
              ],
              [
                1007.5459229536633,
                446.43517039591853
              ],
              [
                1007.5490308674472,
                446.4390043081502
              ],
              [
                1007.572622727177,
                446.46281674025016
              ],
              [
                1007.6011145382452,
                446.4952989749614
              ],
              [
                1007.6056353366235,
                446.4995324038656
              ],
              [
                1007.6092195855698,
                446.50356513238165
              ],
              [
                1007.6152597831359,
                446.5091621203161
              ],
              [
                1007.6233840938769,
                446.51812591588873
              ],
              [
                1007.6272915653474,
                446.52166744159405
              ],
              [
                1007.6283802969047,
                446.5228608158696
              ],
              [
                1007.6290652380422,
                446.5234770079498
              ],
              [
                1007.6302981209664,
                446.5248231991953
              ],
              [
                1007.6371594905874,
                446.53098507456207
              ],
              [
                1007.6379111929535,
                446.5318021573501
              ],
              [
                1007.6408316500609,
                446.5343802849546
              ],
              [
                1007.6409149789426,
                446.5344700011786
              ],
              [
                1007.6480595803829,
                446.5407885455583
              ],
              [
                1007.6551496448114,
                446.54826849148117
              ],
              [
                1007.6582060246425,
                446.55092162309876
              ],
              [
                1007.6711994768124,
                446.5643164120091
              ],
              [
                1007.6837365767801,
                446.574969450098
              ],
              [
                1007.6891033844621,
                446.5803864348116
              ],
              [
                1007.7135164539424,
                446.6005559404298
              ],
              [
                1007.7443647329064,
                446.62944331493355
              ],
              [
                1007.7484389854499,
                446.6325690751871
              ],
              [
                1007.7512855411225,
                446.6352067600608
              ],
              [
                1007.7592463684117,
                446.64126430378985
              ],
              [
                1007.7688110879227,
                446.6499332602411
              ],
              [
                1007.7734020523669,
                446.65333815152906
              ],
              [
                1007.7754201825503,
                446.6551505399225
              ],
              [
                1007.787020769793,
                446.66368307644115
              ],
              [
                1007.7879382115786,
                446.66449444383335
              ],
              [
                1007.789508950104,
                446.66562996173275
              ],
              [
                1007.793518278927,
                446.66916932592585
              ],
              [
                1007.7986002848028,
                446.672792748792
              ],
              [
                1007.8019915571572,
                446.67573658836847
              ],
              [
                1007.8040245933134,
                446.67718071307536
              ],
              [
                1007.8178726005441,
                446.6889476566958
              ],
              [
                1007.8345857442041,
                446.70058054946617
              ],
              [
                1007.8425339367278,
                446.7071471597767
              ],
              [
                1007.8673456113703,
                446.7237940547948
              ],
              [
                1007.9000725375284,
                446.74890210195605
              ],
              [
                1007.9035249866411,
                446.75104862737044
              ],
              [
                1007.9054186200692,
                446.75248952878445
              ],
              [
                1007.915459489407,
                446.7586951273118
              ],
              [
                1007.9264571902108,
                446.76685157812074
              ],
              [
                1007.93093281449,
                446.76953416407747
              ],
              [
                1007.9325473279503,
                446.7707216811205
              ],
              [
                1007.9334696189748,
                446.77127028609965
              ],
              [
                1007.9337700681538,
                446.7714911937255
              ],
              [
                1007.9458867009781,
                446.7786785260303
              ],
              [
                1007.946998111206,
                446.7794819864325
              ],
              [
                1007.952822264515,
                446.7828770216494
              ],
              [
                1007.9528918871999,
                446.78292548130753
              ],
              [
                1007.960517856499,
                446.78834242908044
              ],
              [
                1007.9612606957724,
                446.7887681071316
              ],
              [
                1007.9625244700692,
                446.7896691664371
              ],
              [
                1007.9628267037722,
                446.7898404374779
              ],
              [
                1007.9758467155684,
                446.7989027900894
              ],
              [
                1007.9953521495314,
                446.80985906861525
              ],
              [
                1007.9972599635678,
                446.8111514377532
              ],
              [
                1007.9988016498377,
                446.81199184488327
              ],
              [
                1008.0078032082819,
                446.8180312598191
              ],
              [
                1008.0326275535932,
                446.8313168462449
              ],
              [
                1008.0667386680444,
                446.85252508761033
              ],
              [
                1008.0694136551164,
                446.85384403442987
              ],
              [
                1008.0701733526133,
                446.85431355330417
              ],
              [
                1008.0824083266939,
                446.8603250921102
              ],
              [
                1008.094804182598,
                446.86775488221235
              ],
              [
                1008.0990564815726,
                446.8697660698439
              ],
              [
                1008.1001850569163,
                446.87043737861353
              ],
              [
                1008.1020650585574,
                446.8713202500977
              ],
              [
                1008.1033247911513,
                446.87206749703495
              ],
              [
                1008.1158948361269,
                446.8779358386418
              ],
              [
                1008.1165628440401,
                446.8783252360821
              ],
              [
                1008.1202475974518,
                446.8800133300699
              ],
              [
                1008.1436587465001,
                446.8931634640311
              ],
              [
                1008.1648245083588,
                446.9024945604979
              ],
              [
                1008.166254996641,
                446.90327435115654
              ],
              [
                1008.1703100250244,
                446.9050022687834
              ],
              [
                1008.1832746525653,
                446.9119407268781
              ],
              [
                1008.2077651622999,
                446.9220605436954
              ],
              [
                1008.2427583245245,
                446.93931450372605
              ],
              [
                1008.2591314397425,
                446.9454758865605
              ],
              [
                1008.2722307915199,
                446.9516714185382
              ],
              [
                1008.2761597661822,
                446.9530772281513
              ],
              [
                1008.2767388987585,
                446.95334919580597
              ],
              [
                1008.279637943928,
                446.95437951837476
              ],
              [
                1008.2819575950277,
                446.95546245046353
              ],
              [
                1008.2947803951204,
                446.95997194154575
              ],
              [
                1008.2949994090105,
                446.96007227825487
              ],
              [
                1008.296953632129,
                446.96074474814577
              ],
              [
                1008.3209439633041,
                446.97132107872915
              ],
              [
                1008.3430094691164,
                446.97859248452824
              ],
              [
                1008.3433227857643,
                446.978725994163
              ],
              [
                1008.3456473647625,
                446.97946176936864
              ],
              [
                1008.350743122791,
                446.98114101138526
              ],
              [
                1008.367210698004,
                446.9879456408678
              ],
              [
                1008.391061993476,
                446.9951228009251
              ],
              [
                1008.4264366435223,
                447.0084346697215
              ],
              [
                1008.4440765303247,
                447.01316039559
              ],
              [
                1008.4441535336293,
                447.0131885168291
              ],
              [
                1008.4441752259283,
                447.0131941209178
              ],
              [
                1008.457028301741,
                447.01779302498005
              ],
              [
                1008.4645599803737,
                447.0196796122659
              ],
              [
                1008.467932865737,
                447.0208657803694
              ],
              [
                1008.4809051099921,
                447.024034232896
              ],
              [
                1008.5048941202917,
                447.0319395050475
              ],
              [
                1008.5387230145659,
                447.0395558919428
              ],
              [
                1008.5577899539704,
                447.0452933780291
              ],
              [
                1008.580738511605,
                447.0497721418789
              ],
              [
                1008.5871192929056,
                447.0514815532596
              ],
              [
                1008.6123063531772,
                447.05826119322893
              ],
              [
                1008.6126256726748,
                447.0583147126804
              ],
              [
                1008.6160050176276,
                447.05922003923047
              ],
              [
                1008.6347984683599,
                447.06232213362915
              ],
              [
                1008.6474170122177,
                447.0654829143221
              ],
              [
                1008.6555325459449,
                447.0666867400319
              ],
              [
                1008.6594436490964,
                447.0676420215097
              ],
              [
                1008.6703324429047,
                447.06918702079906
              ],
              [
                1008.6938451563724,
                447.0744807771151
              ],
              [
                1008.7315061402462,
                447.079196762617
              ],
              [
                1008.7531252467471,
                447.0834160636382
              ],
              [
                1008.7740707753367,
                447.0853736721453
              ],
              [
                1008.8033227854659,
                447.09027644679315
              ],
              [
                1008.8047560693678,
                447.09037576409946
              ],
              [
                1008.8096381250878,
                447.0911816085353
              ],
              [
                1008.822907681553,
                447.09205096302884
              ],
              [
                1008.8234966097154,
                447.09214422394416
              ],
              [
                1008.8295262020677,
                447.09249626083823
              ],
              [
                1008.8415633755909,
                447.09428180686
              ],
              [
                1008.8501769432635,
                447.09470496430504
              ],
              [
                1008.8546292073331,
                447.0953366912846
              ],
              [
                1008.863345305643,
                447.09570593281506
              ],
              [
                1008.8860250767377,
                447.09854594018253
              ],
              [
                1008.9272177563124,
                447.09968707710476
              ],
              [
                1008.9512823068949,
                447.1019361952752
              ],
              [
                1008.9698816230477,
                447.10181789721065
              ],
              [
                1008.9965402691024,
                447.1036651689982
              ],
              [
                1008.9991006661975,
                447.1035942398018
              ],
              [
                1009.0054715055212,
                447.10401162510084
              ],
              [
                1009.0191077519075,
                447.1035649527303
              ],
              [
                1009.0205493229591,
                447.1036491186517
              ],
              [
                1009.0269614205631,
                447.10338982876294
              ],
              [
                1009.03759765625,
                447.1039123535156
              ],
              [
                1009.0466130097822,
                447.1034697332162
              ],
              [
                1009.0515930981973,
                447.1036807055346
              ],
              [
                1009.0581157998538,
                447.10331326972135
              ],
              [
                1009.0796316058976,
                447.1039093096232
              ],
              [
                1009.1239557566752,
                447.10083793258957
              ],
              [
                1009.1502989229759,
                447.10067038096764
              ],
              [
                1009.16638779328,
                447.0989599814991
              ],
              [
                1009.1901467982623,
                447.09830179955753
              ],
              [
                1009.1938178372599,
                447.09784210453876
              ],
              [
                1009.201619512491,
                447.09758655087165
              ],
              [
                1009.215425645284,
                447.09576878633976
              ],
              [
                1009.217776419276,
                447.09567372666277
              ],
              [
                1009.2244550539746,
                447.0947383508498
              ],
              [
                1009.2337540072216,
                447.09428180686
              ],
              [
                1009.2431292509109,
                447.09289112082894
              ],
              [
                1009.2484216009824,
                447.09259299298947
              ],
              [
                1009.2527944775529,
                447.09191024234843
              ],
              [
                1009.2728490895341,
                447.09052058741815
              ],
              [
                1009.3198095352167,
                447.082649795581
              ],
              [
                1009.3482043719687,
                447.0796311551935
              ],
              [
                1009.3616886515913,
                447.0768209774956
              ],
              [
                1009.3823267186276,
                447.0742366364901
              ],
              [
                1009.3870617933238,
                447.0731705608279
              ],
              [
                1009.3961934700745,
                447.0719682517988
              ],
              [
                1009.4099691352043,
                447.06875618647314
              ],
              [
                1009.4132568015074,
                447.06829573255106
              ],
              [
                1009.4189212908793,
                447.06692223426927
              ],
              [
                1009.4215829215439,
                447.066533921343
              ],
              [
                1009.422746142182,
                447.06624747188374
              ],
              [
                1009.4279003705948,
                447.0654829143221
              ],
              [
                1009.4280318014567,
                447.06544999260507
              ],
              [
                1009.4286327924698,
                447.0653608440096
              ],
              [
                1009.4382219835409,
                447.06295887668756
              ],
              [
                1009.4432023104264,
                447.0621812829643
              ],
              [
                1009.4455278628018,
                447.0615788118595
              ],
              [
                1009.4638655218228,
                447.05850533385393
              ],
              [
                1009.4937561819368,
                447.05045961864005
              ],
              [
                1009.4941423453619,
                447.05038887617417
              ],
              [
                1009.4960193442878,
                447.04985043972965
              ],
              [
                1009.5128789134035,
                447.04531232343464
              ],
              [
                1009.5430389339658,
                447.03902685476106
              ],
              [
                1009.5538943859767,
                447.0356091329522
              ],
              [
                1009.5712777547083,
                447.0316953644225
              ],
              [
                1009.5769999255947,
                447.0298096960439
              ],
              [
                1009.5873198586038,
                447.0274034021431
              ],
              [
                1009.600866570896,
                447.0228050132677
              ],
              [
                1009.6050863864223,
                447.02178181258813
              ],
              [
                1009.611323645008,
                447.0195991677025
              ],
              [
                1009.6190215029465,
                447.01767095466755
              ],
              [
                1009.6295050013408,
                447.0139198989626
              ],
              [
                1009.629828888935,
                447.01383271763797
              ],
              [
                1009.63404271783,
                447.01274105865116
              ],
              [
                1009.634476176362,
                447.0125818000934
              ],
              [
                1009.6508895385386,
                447.0081637900103
              ],
              [
                1009.6815546934276,
                446.9966277168308
              ],
              [
                1009.6828041041657,
                446.996269310512
              ],
              [
                1009.6882859787203,
                446.9940954420059
              ],
              [
                1009.7012929377715,
                446.9892022910663
              ],
              [
                1009.7328732979163,
                446.97925955579456
              ],
              [
                1009.7411444776966,
                446.9757179540194
              ],
              [
                1009.7552279116959,
                446.97107693810415
              ],
              [
                1009.7618300515873,
                446.9681664660698
              ],
              [
                1009.7731583544693,
                446.96432110929055
              ],
              [
                1009.7862845748823,
                446.9583739397408
              ],
              [
                1009.7913966515033,
                446.9565850371743
              ],
              [
                1009.7969031153729,
                446.9540238960247
              ],
              [
                1009.8038190131676,
                446.9515493482257
              ],
              [
                1009.8132934248307,
                446.94706828523675
              ],
              [
                1009.8321672165832,
                446.93996806208054
              ],
              [
                1009.863074500381,
                446.92478206048247
              ],
              [
                1009.8652527599722,
                446.9239182592633
              ],
              [
                1009.8739177422688,
                446.91945433612744
              ],
              [
                1009.883228355318,
                446.91487965445793
              ],
              [
                1009.9158276662498,
                446.90092109225395
              ],
              [
                1009.9216258929338,
                446.8977224380587
              ],
              [
                1009.9324520933436,
                446.8929498409842
              ],
              [
                1009.9396751487453,
                446.88887642092715
              ],
              [
                1009.9519195502838,
                446.88332878195
              ],
              [
                1009.9644452519001,
                446.87609746804463
              ],
              [
                1009.9703728353535,
                446.873340457691
              ],
              [
                1009.9751442637587,
                446.8705185394754
              ],
              [
                1009.9812456220895,
                446.86763281189985
              ],
              [
                1009.9896966124934,
                446.86256748318505
              ],
              [
                1010.0059985223867,
                446.85455769392917
              ],
              [
                1010.036593454783,
                446.8356489858247
              ],
              [
                1010.0397312324897,
                446.8340325026029
              ],
              [
                1010.0510856698337,
                446.8266923043511
              ],
              [
                1010.0569275811533,
                446.8230818045963
              ],
              [
                1010.090090369204,
                446.80478719541554
              ],
              [
                1010.0959585330368,
                446.80074088315814
              ],
              [
                1010.1061499258349,
                446.79499347828244
              ],
              [
                1010.1117247344258,
                446.7910703611728
              ],
              [
                1010.1218821847833,
                446.78520628151773
              ],
              [
                1010.1326881779901,
                446.777463354402
              ],
              [
                1010.1327066358314,
                446.77745255517283
              ],
              [
                1010.1329407245039,
                446.7772823947056
              ],
              [
                1010.1336427619902,
                446.7767793567168
              ],
              [
                1010.1402716144405,
                446.7728589207616
              ],
              [
                1010.1443189846145,
                446.76989039990434
              ],
              [
                1010.1495926144767,
                446.76672950780824
              ],
              [
                1010.1570175370988,
                446.76122280988955
              ],
              [
                1010.1707532549308,
                446.75273366940945
              ],
              [
                1010.200473855142,
                446.7301187037919
              ],
              [
                1010.2045591986479,
                446.72747768950376
              ],
              [
                1010.2180384533721,
                446.71675346950207
              ],
              [
                1010.2207159818836,
                446.71471608752466
              ],
              [
                1010.2539358045286,
                446.6918098123448
              ],
              [
                1010.259602925304,
                446.6870051809423
              ],
              [
                1010.2691757187803,
                446.68026859272396
              ],
              [
                1010.2732541348919,
                446.676742213973
              ],
              [
                1010.2814097165594,
                446.6708984129238
              ],
              [
                1010.291670096594,
                446.66190105724775
              ],
              [
                1010.2930948435832,
                446.66086540007234
              ],
              [
                1010.2936908387312,
                446.6603344548424
              ],
              [
                1010.2994380839981,
                446.6561191701729
              ],
              [
                1010.3027867789814,
                446.65311297201765
              ],
              [
                1010.3072387167648,
                446.6498111899286
              ],
              [
                1010.3136465778467,
                446.6440034431775
              ],
              [
                1010.3248863338775,
                446.6354509006858
              ],
              [
                1010.3531779197045,
                446.60923525744175
              ],
              [
                1010.3581492750286,
                446.605280001065
              ],
              [
                1010.373055632542,
                446.5908190466597
              ],
              [
                1010.4057415249238,
                446.5631076794273
              ],
              [
                1010.4089609927206,
                446.55977435531804
              ],
              [
                1010.4093944679607,
                446.5594045501964
              ],
              [
                1010.4115770405466,
                446.55714211875767
              ],
              [
                1010.4199708783408,
                446.5498844357683
              ],
              [
                1010.4227100066995,
                446.5469917970631
              ],
              [
                1010.4289660820401,
                446.541505827266
              ],
              [
                1010.4384835842975,
                446.53134512021194
              ],
              [
                1010.4411502729121,
                446.52896948745
              ],
              [
                1010.4415127997428,
                446.5285755298856
              ],
              [
                1010.4463218776815,
                446.5242583133878
              ],
              [
                1010.4490107135832,
                446.52131654196603
              ],
              [
                1010.4526657108106,
                446.51800384557623
              ],
              [
                1010.4580774800268,
                446.51203287837825
              ],
              [
                1010.4669522894302,
                446.50380927300665
              ],
              [
                1010.4932820129886,
                446.4741850396997
              ],
              [
                1010.4990223052355,
                446.46861626782623
              ],
              [
                1010.5133118920704,
                446.4517330918004
              ],
              [
                1010.5440043040063,
                446.419955244301
              ],
              [
                1010.549027046907,
                446.41359550751883
              ],
              [
                1010.5570372844436,
                446.40513634821616
              ],
              [
                1010.5586230811749,
                446.4030864447341
              ],
              [
                1010.563130485985,
                446.3982744238266
              ],
              [
                1010.5717303254828,
                446.3870682676839
              ],
              [
                1010.5754176521392,
                446.38306125328984
              ],
              [
                1010.5755981726849,
                446.3828211546871
              ],
              [
                1010.5794922689632,
                446.37856074551235
              ],
              [
                1010.5815723800054,
                446.3757772533818
              ],
              [
                1010.584473055163,
                446.3725768515304
              ],
              [
                1010.5889222497228,
                446.36657780712585
              ],
              [
                1010.5956188180411,
                446.35904332991123
              ],
              [
                1010.6194894958677,
                446.3262840360917
              ],
              [
                1010.6258216049786,
                446.3188026362466
              ],
              [
                1010.6370326519684,
                446.30256277245593
              ],
              [
                1010.6591623413899,
                446.274651593544
              ],
              [
                1010.6592213414355,
                446.27457771872974
              ],
              [
                1010.6592233172081,
                446.2745746874954
              ],
              [
                1010.6646759517732,
                446.26769752550763
              ],
              [
                1010.6665698024733,
                446.2647642810673
              ],
              [
                1010.667355021714,
                446.2637700458883
              ],
              [
                1010.6719185248205,
                446.2566334221909
              ],
              [
                1010.6790132094648,
                446.2474623736765
              ],
              [
                1010.6796565372143,
                446.24643331968724
              ],
              [
                1010.6826110820818,
                446.24258335351936
              ],
              [
                1010.6900649947632,
                446.2305983022133
              ],
              [
                1010.6927774362603,
                446.22696865965634
              ],
              [
                1010.6945772355768,
                446.2245748639839
              ],
              [
                1010.6946244093348,
                446.22449714014886
              ],
              [
                1010.6976521071724,
                446.22044563860186
              ],
              [
                1010.6990198231002,
                446.21817958456654
              ],
              [
                1010.6990929504371,
                446.218081564836
              ],
              [
                1010.6992593379441,
                446.21780546579066
              ],
              [
                1010.7013913730426,
                446.21493074924234
              ],
              [
                1010.7049248240004,
                446.2090355424715
              ],
              [
                1010.7096792768391,
                446.20251069560175
              ],
              [
                1010.7165202575188,
                446.19091041836896
              ],
              [
                1010.7170115778434,
                446.1902278080111
              ],
              [
                1010.7219929386724,
                446.1816303719018
              ],
              [
                1010.7306420928536,
                446.1669639679126
              ],
              [
                1010.7373260276858,
                446.1572818934946
              ],
              [
                1010.745565683216,
                446.1424134389521
              ],
              [
                1010.769930044145,
                446.104677293102
              ],
              [
                1010.7734502146303,
                446.0978533257124
              ],
              [
                1010.7745722217489,
                446.0960986774949
              ],
              [
                1010.7746942920614,
                446.09588505444805
              ],
              [
                1010.7783305374189,
                446.0886772598682
              ],
              [
                1010.7862574119165,
                446.07593173927904
              ],
              [
                1010.7895383634741,
                446.06927991347925
              ],
              [
                1010.7905533395616,
                446.06763764767186
              ],
              [
                1010.7933481891351,
                446.06189481069435
              ],
              [
                1010.7996504524348,
                446.0514531181678
              ],
              [
                1010.8001808164794,
                446.0503390232708
              ],
              [
                1010.8008481348752,
                446.0492316927066
              ],
              [
                1010.8013869677064,
                446.0480981785432
              ],
              [
                1010.8022946771342,
                446.0465837568551
              ],
              [
                1010.8049733725953,
                446.0409201311526
              ],
              [
                1010.8080639996026,
                446.03567934305715
              ],
              [
                1010.814245940959,
                446.02240896227516
              ],
              [
                1010.8159682549149,
                446.01943638415764
              ],
              [
                1010.8256292635804,
                445.99816938108904
              ],
              [
                1010.8271844601248,
                445.99540985701555
              ],
              [
                1010.8277774573744,
                445.99406233101485
              ],
              [
                1010.832461724812,
                445.9856095726192
              ],
              [
                1010.8381886184768,
                445.9723557799141
              ],
              [
                1010.8588906061773,
                445.93222428925026
              ],
              [
                1010.8650225562084,
                445.91683564806505
              ],
              [
                1010.8681850220692,
                445.9105669829864
              ],
              [
                1010.8694071352156,
                445.90735336651716
              ],
              [
                1010.8730714825414,
                445.89992424126086
              ],
              [
                1010.8761378554498,
                445.89177919461014
              ],
              [
                1010.8786043375017,
                445.88671108487495
              ],
              [
                1010.8788034710459,
                445.88616938454584
              ],
              [
                1010.8789705484392,
                445.8858260751093
              ],
              [
                1010.8804890645032,
                445.88169527607727
              ],
              [
                1010.8854856352812,
                445.87118425407533
              ],
              [
                1010.8881652283844,
                445.863731123921
              ],
              [
                1010.8898503281573,
                445.8601138272899
              ],
              [
                1010.8900672072091,
                445.8594989083238
              ],
              [
                1010.8907048203448,
                445.8581301847118
              ],
              [
                1010.8954192420246,
                445.84476334600083
              ],
              [
                1010.8955276005205,
                445.84452695817697
              ],
              [
                1010.895649670833,
                445.8442217823957
              ],
              [
                1010.8959220876408,
                445.84343215263203
              ],
              [
                1010.8976074095372,
                445.8397222143449
              ],
              [
                1010.9040921692942,
                445.8206449018029
              ],
              [
                1010.9062398328267,
                445.8157645546294
              ],
              [
                1010.9074559649479,
                445.81204984355725
              ],
              [
                1010.9103124875874,
                445.8054389719161
              ],
              [
                1010.9139875139788,
                445.7939539934599
              ],
              [
                1010.9307202071717,
                445.7519619011723
              ],
              [
                1010.9372301550197,
                445.7295029011289
              ],
              [
                1010.9422173759807,
                445.7162556058395
              ],
              [
                1010.9429734682482,
                445.7134348937747
              ],
              [
                1010.9431002612738,
                445.713097310182
              ],
              [
                1010.9447480903686,
                445.70689230354407
              ],
              [
                1010.9483964200258,
                445.69696780095063
              ],
              [
                1010.9490876093912,
                445.69427911480636
              ],
              [
                1010.9521831053036,
                445.6856691755217
              ],
              [
                1010.9538069862704,
                445.67921609269024
              ],
              [
                1010.955125757311,
                445.6754769702711
              ],
              [
                1010.9583044804199,
                445.66260999830246
              ],
              [
                1010.9586322935133,
                445.6616597963762
              ],
              [
                1010.9590125105091,
                445.6600760082069
              ],
              [
                1010.9593060763314,
                445.6592234095825
              ],
              [
                1010.9601100099399,
                445.6558477629792
              ],
              [
                1010.9611338327817,
                445.65283581048226
              ],
              [
                1010.9611948679379,
                445.6526221874354
              ],
              [
                1010.9650681337764,
                445.6360717917401
              ],
              [
                1010.9673062134874,
                445.6292355119164
              ],
              [
                1010.9686856662936,
                445.6230145132966
              ],
              [
                1010.9701285706087,
                445.61850523276127
              ],
              [
                1010.9702506409212,
                445.6180474690894
              ],
              [
                1010.972291532294,
                445.60854287316795
              ],
              [
                1010.9847426788177,
                445.5655870297657
              ],
              [
                1010.9894957379594,
                445.5401978942949
              ],
              [
                1010.9908339914815,
                445.5352924564932
              ],
              [
                1010.9910256243148,
                445.534169343535
              ],
              [
                1010.9930292981429,
                445.5266943471834
              ],
              [
                1010.9937322770276,
                445.5224391922825
              ],
              [
                1010.9942662326348,
                445.52042854803665
              ],
              [
                1010.9946000835009,
                445.5183579502117
              ],
              [
                1010.9952407142987,
                445.51594561366215
              ],
              [
                1010.9957245550958,
                445.5128641278259
              ],
              [
                1010.9984944470117,
                445.5020894105225
              ],
              [
                1010.9986695785683,
                445.5009382323993
              ],
              [
                1011.0002925057059,
                445.4944889399557
              ],
              [
                1011.0009833037667,
                445.4898528235363
              ],
              [
                1011.001577159053,
                445.4874489905945
              ],
              [
                1011.003329884033,
                445.47547265625417
              ],
              [
                1011.0037135819238,
                445.47387436846896
              ],
              [
                1011.004091479625,
                445.47117343515407
              ],
              [
                1011.0046055886868,
                445.4690147363637
              ],
              [
                1011.0052270035344,
                445.46447365908125
              ],
              [
                1011.0053012907587,
                445.46415623109976
              ],
              [
                1011.006688178983,
                445.4537959119028
              ],
              [
                1011.0074614570626,
                445.44814507247804
              ],
              [
                1011.009795499479,
                445.437619105525
              ],
              [
                1011.0108234397941,
                445.42909666855184
              ],
              [
                1011.0114559826104,
                445.4261508655793
              ],
              [
                1011.0124017289327,
                445.4178423143223
              ],
              [
                1011.0204494803066,
                445.3748541158205
              ],
              [
                1011.0228487146546,
                445.34766202897504
              ],
              [
                1011.0235621259411,
                445.34348090068744
              ],
              [
                1011.0237656250895,
                445.3406463233979
              ],
              [
                1011.0250179896397,
                445.33306571853205
              ],
              [
                1011.0253906419495,
                445.32738985688195
              ],
              [
                1011.0259979398272,
                445.3236232958441
              ],
              [
                1011.026164667781,
                445.3208544695929
              ],
              [
                1011.0293464007805,
                445.29950107351493
              ],
              [
                1011.0294803115227,
                445.2967873140926
              ],
              [
                1011.0296234013774,
                445.2958095840087
              ],
              [
                1011.0301515088739,
                445.2849156173592
              ],
              [
                1011.0304732016303,
                445.28261639542666
              ],
              [
                1011.0306351702956,
                445.2787998707715
              ],
              [
                1011.031115242123,
                445.2752916776897
              ],
              [
                1011.0319223913606,
                445.2541696982931
              ],
              [
                1011.0332984957503,
                445.242760706197
              ],
              [
                1011.033528537891,
                445.2322395041397
              ],
              [
                1011.0336537530019,
                445.23113946690717
              ],
              [
                1011.0337625060761,
                445.2239689164672
              ],
              [
                1011.0375044854828,
                445.1815586245823
              ],
              [
                1011.0372448582098,
                445.15289159136
              ],
              [
                1011.0374957588539,
                445.149396749867
              ],
              [
                1011.0373780325422,
                445.1448100935133
              ],
              [
                1011.0378754367805,
                445.13723413714104
              ],
              [
                1011.0376677265152,
                445.13086578886157
              ],
              [
                1011.0379522352862,
                445.1251000948958
              ],
              [
                1011.0379801346187,
                445.12463677484357
              ],
              [
                1011.0379778924146,
                445.1245801420313
              ],
              [
                1011.0390625,
                445.10260009765625
              ],
              [
                1011.0385605119154,
                445.09205225728056
              ],
              [
                1011.0386616480164,
                445.0896691517437
              ],
              [
                1011.0383958431186,
                445.0847684174746
              ],
              [
                1011.0385816614469,
                445.07990580877953
              ],
              [
                1011.0379440523709,
                445.069221793213
              ],
              [
                1011.0379477052444,
                445.0691126544595
              ],
              [
                1011.0378387543246,
                445.0674573798634
              ],
              [
                1011.0373210935976,
                445.0587832635845
              ],
              [
                1011.0375888555992,
                445.0465369068382
              ],
              [
                1011.0361060027828,
                445.02714360668176
              ],
              [
                1011.036074399467,
                445.0236540915275
              ],
              [
                1011.036074399467,
                445.00474604048077
              ],
              [
                1011.0358854345617,
                445.0027893219856
              ],
              [
                1011.0357471469691,
                444.98752014413077
              ],
              [
                1011.0325769401015,
                444.95775793142
              ],
              [
                1011.0325029986177,
                444.95487714655906
              ],
              [
                1011.032202260696,
                444.9524443005632
              ],
              [
                1011.0316375004969,
                444.9387681849571
              ],
              [
                1011.0310352756441,
                444.93393099222857
              ],
              [
                1011.0300202528072,
                444.91260319742804
              ],
              [
                1011.0295570794268,
                444.9093792434757
              ],
              [
                1011.0293709181882,
                444.9055892544971
              ],
              [
                1011.028277919328,
                444.89822085470223
              ],
              [
                1011.0282025726433,
                444.8968316625425
              ],
              [
                1011.0273024667545,
                444.8909074142851
              ],
              [
                1011.0269334837702,
                444.88472459773675
              ],
              [
                1011.0250160869372,
                444.87264456298874
              ],
              [
                1011.0249246766358,
                444.87125578031527
              ],
              [
                1011.0235590480777,
                444.8630498706403
              ],
              [
                1011.022625260515,
                444.8508374499034
              ],
              [
                1011.0194977185123,
                444.833095658352
              ],
              [
                1011.0175728794957,
                444.8131640837726
              ],
              [
                1011.0166960709358,
                444.808666775578
              ],
              [
                1011.0151940074807,
                444.7945652566784
              ],
              [
                1011.0113789953766,
                444.776047743934
              ],
              [
                1011.0112399961018,
                444.77493127343615
              ],
              [
                1011.0111789609456,
                444.77456506249865
              ],
              [
                1011.0092780884875,
                444.76585024808514
              ],
              [
                1011.0089236293619,
                444.76412975514916
              ],
              [
                1011.0086311052079,
                444.7617633551539
              ],
              [
                1011.0078460609385,
                444.7582580287679
              ],
              [
                1011.0029752734629,
                444.7243545377682
              ],
              [
                1011.0017177789346,
                444.71916693235937
              ],
              [
                1011.0005720256502,
                444.71144289112397
              ],
              [
                1010.9992079995183,
                444.70599739355856
              ],
              [
                1010.999193495118,
                444.70590192960344
              ],
              [
                1010.9980438408772,
                444.7013498117437
              ],
              [
                1010.9974530764201,
                444.69899134782736
              ],
              [
                1010.996282040585,
                444.69161355657656
              ],
              [
                1010.9928208210786,
                444.6783472933351
              ],
              [
                1010.992373742057,
                444.6756608453647
              ],
              [
                1010.9905673201396,
                444.668980485169
              ],
              [
                1010.9885518180984,
                444.65754702814303
              ],
              [
                1010.9841971061464,
                444.64197376257323
              ],
              [
                1010.9807411911601,
                444.6242477554373
              ],
              [
                1010.9786659982908,
                444.617263623744
              ],
              [
                1010.9760385440993,
                444.6045103440295
              ],
              [
                1010.9694327695199,
                444.58317383621915
              ],
              [
                1010.9689091467476,
                444.5807732147235
              ],
              [
                1010.9662917420933,
                444.5727125048013
              ],
              [
                1010.9661060428281,
                444.5718833330467
              ],
              [
                1010.9657621655831,
                444.5708374326229
              ],
              [
                1010.9581721093557,
                444.539525792013
              ],
              [
                1010.9557667452733,
                444.5325701851646
              ],
              [
                1010.9528821363082,
                444.5210541806473
              ],
              [
                1010.9525786789334,
                444.5202060741002
              ],
              [
                1010.9525159253707,
                444.5199555478348
              ],
              [
                1010.9487491606101,
                444.509428145571
              ],
              [
                1010.9469202936738,
                444.5024184109486
              ],
              [
                1010.9416866216017,
                444.4882139268738
              ],
              [
                1010.9406148523094,
                444.48425039828214
              ],
              [
                1010.9386425425339,
                444.4790621108067
              ],
              [
                1010.935696674226,
                444.4685271339819
              ],
              [
                1010.9305035492877,
                444.4551712748855
              ],
              [
                1010.9259204507032,
                444.43974670180046
              ],
              [
                1010.922140916371,
                444.43042218204783
              ],
              [
                1010.9186493469768,
                444.41914448906095
              ],
              [
                1010.9185272766643,
                444.4188087957016
              ],
              [
                1010.9086491149501,
                444.39519295474213
              ],
              [
                1010.9076517140064,
                444.39212130142704
              ],
              [
                1010.90549991697,
                444.38721327319377
              ],
              [
                1010.8960158817705,
                444.3597882273699
              ],
              [
                1010.8923288937856,
                444.3517440632225
              ],
              [
                1010.8863943189289,
                444.33515803761355
              ],
              [
                1010.8814097294199,
                444.3246190085716
              ],
              [
                1010.8793200350267,
                444.3189474589749
              ],
              [
                1010.872125578035,
                444.30408496568174
              ],
              [
                1010.8701567577083,
                444.29890585742527
              ],
              [
                1010.868277464293,
                444.29513606811344
              ],
              [
                1010.8645688528272,
                444.2855981323297
              ],
              [
                1010.8589220364968,
                444.27445437165073
              ],
              [
                1010.85361837976,
                444.2613696771737
              ],
              [
                1010.8488720925931,
                444.25228330273916
              ],
              [
                1010.8453925535168,
                444.24396472648846
              ],
              [
                1010.8304093420331,
                444.21593937717853
              ],
              [
                1010.8280091604693,
                444.21046480932586
              ],
              [
                1010.8276040215344,
                444.20974458089563
              ],
              [
                1010.8272454952811,
                444.20893584610945
              ],
              [
                1010.8252544063931,
                444.2054028793355
              ],
              [
                1010.8138064883636,
                444.1804261416426
              ],
              [
                1010.8106729269484,
                444.17505860560476
              ],
              [
                1010.802477782603,
                444.15773142869176
              ],
              [
                1010.7962543920676,
                444.1473483288664
              ],
              [
                1010.7941273775252,
                444.1429542878143
              ],
              [
                1010.78482795741,
                444.1277396112568
              ],
              [
                1010.781692007457,
                444.1214490179311
              ],
              [
                1010.7801433371512,
                444.118987836044
              ],
              [
                1010.7758533537043,
                444.1105217294714
              ],
              [
                1010.7701268230845,
                444.10153199365345
              ],
              [
                1010.7645046030998,
                444.090768718247
              ],
              [
                1010.7588565885303,
                444.08210352274904
              ],
              [
                1010.7560362803697,
                444.0768282770883
              ],
              [
                1010.7350031131624,
                444.04512498714604
              ],
              [
                1010.7307648108189,
                444.0375904216407
              ],
              [
                1010.7303311684841,
                444.0369721037706
              ],
              [
                1010.7298261949431,
                444.0360760841339
              ],
              [
                1010.7281037363998,
                444.03362429264035
              ],
              [
                1010.7144139484092,
                444.01017479838936
              ],
              [
                1010.7122251577542,
                444.0071540210923
              ],
              [
                1010.7015744785114,
                443.98938443630453
              ],
              [
                1010.6941196255239,
                443.9793327306529
              ],
              [
                1010.6921565794956,
                443.9761210131461
              ],
              [
                1010.6806549303942,
                443.9608786091896
              ],
              [
                1010.6760901424175,
                443.95362414486266
              ],
              [
                1010.6750838744562,
                443.9523297879439
              ],
              [
                1010.6704045556107,
                443.944984006873
              ],
              [
                1010.6649550867287,
                443.9380396467354
              ],
              [
                1010.6594044469042,
                443.92952384377026
              ],
              [
                1010.652933524486,
                443.92142150779756
              ],
              [
                1010.6512608572606,
                443.9189002967264
              ],
              [
                1010.6278931725531,
                443.89003669587794
              ],
              [
                1010.6049239249911,
                443.85906625073045
              ],
              [
                1010.5987429345308,
                443.8505357886628
              ],
              [
                1010.5979023110608,
                443.84958818023415
              ],
              [
                1010.5974611962496,
                443.8489793921784
              ],
              [
                1010.5973502219705,
                443.8488542943599
              ],
              [
                1010.5846561606318,
                443.83173833401645
              ],
              [
                1010.5760074161054,
                443.82219591492805
              ],
              [
                1010.5743822621522,
                443.82004220176674
              ],
              [
                1010.5635908292909,
                443.80832355981124
              ],
              [
                1010.5615269632526,
                443.8056323494717
              ],
              [
                1010.558706544903,
                443.80263427195587
              ],
              [
                1010.5543891481883,
                443.79708082841665
              ],
              [
                1010.5541075389148,
                443.79678454297067
              ],
              [
                1010.5492379881164,
                443.79057918329534
              ],
              [
                1010.544399033358,
                443.7855238946114
              ],
              [
                1010.5392912950185,
                443.77912842122873
              ],
              [
                1010.5321066845213,
                443.77172189525277
              ],
              [
                1010.5320071448648,
                443.7715989445647
              ],
              [
                1010.5300893136766,
                443.76964221263535
              ],
              [
                1010.5039874111475,
                443.7427340846055
              ],
              [
                1010.4674995188934,
                443.7024758993303
              ],
              [
                1010.4673331559438,
                443.7022901404523
              ],
              [
                1010.4666355794948,
                443.70150378443634
              ],
              [
                1010.466596658504,
                443.7014677762273
              ],
              [
                1010.4623931489979,
                443.69677418783135
              ],
              [
                1010.4620235987803,
                443.6964341525248
              ],
              [
                1010.4528488162794,
                443.68631133997064
              ],
              [
                1010.4430747846967,
                443.6774526741158
              ],
              [
                1010.4419300943179,
                443.67620963096556
              ],
              [
                1010.4284690577938,
                443.6641930786949
              ],
              [
                1010.4236551812528,
                443.6590759743393
              ],
              [
                1010.421916217796,
                443.65756527081703
              ],
              [
                1010.4135205515025,
                443.6487942615957
              ],
              [
                1010.4095965280645,
                443.6454276923222
              ],
              [
                1010.4052775739689,
                443.6409753360378
              ],
              [
                1010.3660740360796,
                443.6076632635943
              ],
              [
                1010.3309259567964,
                443.57580690143953
              ],
              [
                1010.3202788852345,
                443.5660101808031
              ],
              [
                1010.3193036529727,
                443.56527305927153
              ],
              [
                1010.3074218222336,
                443.5545039956183
              ],
              [
                1010.2966217658117,
                443.54649412787325
              ],
              [
                1010.2960660334542,
                443.5459980303468
              ],
              [
                1010.2884804447538,
                443.5404561126632
              ],
              [
                1010.2793524236231,
                443.53368631080525
              ],
              [
                1010.2767242432,
                443.5314314946459
              ],
              [
                1010.2717551686914,
                443.5271146711191
              ],
              [
                1010.2714023790941,
                443.5268656645841
              ],
              [
                1010.2645592788743,
                443.5209947080775
              ],
              [
                1010.2618203400824,
                443.51907670073433
              ],
              [
                1010.2586044502372,
                443.5163440913511
              ],
              [
                1010.215760051262,
                443.4865229931049
              ],
              [
                1010.1814112693118,
                443.46104820020776
              ],
              [
                1010.1662152448275,
                443.4495624062274
              ],
              [
                1010.1648402786489,
                443.4487182121097
              ],
              [
                1010.1647398893967,
                443.448642222556
              ],
              [
                1010.16441828763,
                443.44844534606074
              ],
              [
                1010.1497757199454,
                443.43758567773864
              ],
              [
                1010.1197540024657,
                443.41959135277176
              ],
              [
                1010.103788748718,
                443.40841130230353
              ],
              [
                1010.1024663274623,
                443.4076668684092
              ],
              [
                1010.1006303352128,
                443.40638895795746
              ],
              [
                1010.0544405258595,
                443.38044396143545
              ],
              [
                1010.0207620790859,
                443.3602578772771
              ],
              [
                1010.001638705201,
                443.348516614115
              ],
              [
                1009.9993897507602,
                443.34741903550895
              ],
              [
                1009.9966030645323,
                443.34571309644167
              ],
              [
                1009.9960449933857,
                443.3454430262405
              ],
              [
                1009.9814287275583,
                443.336682373647
              ],
              [
                1009.9504325360781,
                443.32202226689014
              ],
              [
                1009.9328183042811,
                443.3121282840158
              ],
              [
                1009.9326557677846,
                443.31205662849317
              ],
              [
                1009.9328183042811,
                443.31173155550016
              ],
              [
                1009.9327572691249,
                443.31170103792203
              ],
              [
                1009.8711907151436,
                443.28454367681064
              ],
              [
                1009.8506818748235,
                443.2748437177449
              ],
              [
                1009.8280837652351,
                443.26381494758783
              ],
              [
                1009.8249535999253,
                443.26264590024147
              ],
              [
                1009.8191496340163,
                443.2598371575751
              ],
              [
                1009.8182692936666,
                443.259513708562
              ],
              [
                1009.8040021186364,
                443.2527658373212
              ],
              [
                1009.7783050924234,
                443.2435712943214
              ],
              [
                1009.7563710294529,
                443.2338960529735
              ],
              [
                1009.6899836333989,
                443.21196937096755
              ],
              [
                1009.6728679333155,
                443.20584527555343
              ],
              [
                1009.6471686377176,
                443.19624715840973
              ],
              [
                1009.6431700054055,
                443.19517984949766
              ],
              [
                1009.6341037529862,
                443.19184878509884
              ],
              [
                1009.6328231669876,
                443.1915170290526
              ],
              [
                1009.6192046084152,
                443.1866442308793
              ],
              [
                1009.5947929406007,
                443.18052942641526
              ],
              [
                1009.573313162324,
                443.1734350034401
              ],
              [
                1009.5023780941796,
                443.1573807124587
              ],
              [
                1009.4890395808636,
                443.1540395888047
              ],
              [
                1009.4605801612541,
                443.1464432434019
              ],
              [
                1009.4557425368686,
                443.14564149255744
              ],
              [
                1009.4432633455826,
                443.1424085607857
              ],
              [
                1009.4415180228085,
                443.1421360581839
              ],
              [
                1009.4288158979385,
                443.13895434153727
              ],
              [
                1009.4060238819209,
                443.13557346533327
              ],
              [
                1009.3852845371528,
                443.1308796589498
              ],
              [
                1009.3101187790492,
                443.1213472871889
              ],
              [
                1009.3009422516193,
                443.1199860779304
              ],
              [
                1009.2700580723151,
                443.1148675704019
              ],
              [
                1009.2644247513442,
                443.1144859421403
              ],
              [
                1009.2484826361386,
                443.11199685076053
              ],
              [
                1009.246226451862,
                443.11186975573946
              ],
              [
                1009.2346695345653,
                443.11015544899936
              ],
              [
                1009.2137766066803,
                443.1091293647406
              ],
              [
                1009.1940322088058,
                443.1066254195203
              ],
              [
                1009.1148956973003,
                443.1042731691341
              ],
              [
                1009.1104436790115,
                443.1040545235756
              ],
              [
                1009.0773787840686,
                443.1018145485337
              ],
              [
                1009.0710044692584,
                443.10199917832205
              ],
              [
                1009.0516541333535,
                443.1009091382154
              ],
              [
                1009.0488321612546,
                443.1010286858914
              ],
              [
                1009.03857421875,
                443.10052490234375
              ],
              [
                1009.0198209912629,
                443.1014471725145
              ],
              [
                1009.0013331849628,
                443.1008976417267
              ],
              [
                1008.9189118758063,
                443.1064044868422
              ],
              [
                1008.8843388232414,
                443.10740588315997
              ],
              [
                1008.8772878519969,
                443.1082958461545
              ],
              [
                1008.8546902424894,
                443.1092531524654
              ],
              [
                1008.8512922047271,
                443.10973529640347
              ],
              [
                1008.8423317427371,
                443.11017596544644
              ],
              [
                1008.8258644460096,
                443.1126212988479
              ],
              [
                1008.8089779151744,
                443.1137495448173
              ],
              [
                1008.7264451119423,
                443.12733499012245
              ],
              [
                1008.6927380794434,
                443.13158944111063
              ],
              [
                1008.6850834005437,
                443.13331848558573
              ],
              [
                1008.6595046842526,
                443.1369478222403
              ],
              [
                1008.6555643756103,
                443.1379102371184
              ],
              [
                1008.6479832152436,
                443.1390360117354
              ],
              [
                1008.6466352190856,
                443.139374041845
              ],
              [
                1008.6461186802943,
                443.13945103484735
              ],
              [
                1008.6333553435784,
                443.14265818171486
              ],
              [
                1008.6187536550237,
                443.14506171623026
              ],
              [
                1008.6124935446152,
                443.14672417892695
              ],
              [
                1008.6119401422397,
                443.14681693177107
              ],
              [
                1008.5969111710504,
                443.15086230319093
              ],
              [
                1008.5371236545155,
                443.1667397413636
              ],
              [
                1008.504363023137,
                443.17413973676867
              ],
              [
                1008.4961859917876,
                443.1768381845868
              ],
              [
                1008.4679939008932,
                443.1837240633806
              ],
              [
                1008.4635648323759,
                443.18528166740134
              ],
              [
                1008.4626198038022,
                443.18551864738856
              ],
              [
                1008.457760723616,
                443.1867357836137
              ],
              [
                1008.4577481070495,
                443.1867402978934
              ],
              [
                1008.4574043061723,
                443.18682651108287
              ],
              [
                1008.4569899531903,
                443.1869749400913
              ],
              [
                1008.4556875742957,
                443.18730219937197
              ],
              [
                1008.4442615143721,
                443.19140062333634
              ],
              [
                1008.4324278599668,
                443.19454322110704
              ],
              [
                1008.4266492999128,
                443.19669195438377
              ],
              [
                1008.4249161255239,
                443.1971584756147
              ],
              [
                1008.3839985605324,
                443.21255145261995
              ],
              [
                1008.3527154602518,
                443.2241839420194
              ],
              [
                1008.3209700487241,
                443.2346600344803
              ],
              [
                1008.3123610660084,
                443.23845663941256
              ],
              [
                1008.282018630184,
                443.24912739328647
              ],
              [
                1008.2776891354952,
                443.2511486234307
              ],
              [
                1008.2708663473761,
                443.25359589558906
              ],
              [
                1008.2608466755142,
                443.25834496362575
              ],
              [
                1008.2517317631429,
                443.26173430549363
              ],
              [
                1008.2464958439737,
                443.26427926571415
              ],
              [
                1008.2436384474793,
                443.26535420354446
              ],
              [
                1008.1842124330012,
                443.29455261375534
              ],
              [
                1008.1749295437387,
                443.2990646360271
              ],
              [
                1008.1442690980626,
                443.31258604768766
              ],
              [
                1008.1357414440496,
                443.3174170851047
              ],
              [
                1008.1033858263075,
                443.33252234671505
              ],
              [
                1008.0995686108823,
                443.334786638795
              ],
              [
                1008.0934363869212,
                443.33769315601523
              ],
              [
                1008.0848606808764,
                443.342843324293
              ],
              [
                1008.0783442897422,
                443.34601066811217
              ],
              [
                1008.0736915360696,
                443.3488560112459
              ],
              [
                1008.0698071416758,
                443.35076457169583
              ],
              [
                1008.005782056123,
                443.3903342507001
              ],
              [
                1007.994309149144,
                443.3972243424627
              ],
              [
                1007.9824526287705,
                443.40425738152055
              ],
              [
                1007.9639993761659,
                443.4147114118625
              ],
              [
                1007.9598751282529,
                443.41764988100323
              ],
              [
                1007.93383110331,
                443.4330986500245
              ],
              [
                1007.9305203004349,
                443.4355329439221
              ],
              [
                1007.9251078400756,
                443.4387834146707
              ],
              [
                1007.9179800521716,
                443.44407975028946
              ],
              [
                1007.9138764573902,
                443.44658926101283
              ],
              [
                1007.9098266737984,
                443.44963793838025
              ],
              [
                1007.9050524091317,
                443.45258859621555
              ],
              [
                1007.8723342669583,
                443.4774844480847
              ],
              [
                1007.8708802544771,
                443.4784244101056
              ],
              [
                1007.8660828599419,
                443.4822412616663
              ],
              [
                1007.8436393864505,
                443.4993189242215
              ],
              [
                1007.8315963586778,
                443.5082675514547
              ],
              [
                1007.8165420246704,
                443.5193363691367
              ],
              [
                1007.815652548787,
                443.51995667132985
              ],
              [
                1007.8153647527607,
                443.52020196758315
              ],
              [
                1007.7973801866066,
                443.53342526153637
              ],
              [
                1007.7953157638767,
                443.5348961339507
              ],
              [
                1007.794994943078,
                443.5351790306326
              ],
              [
                1007.7750018717035,
                443.54987909387273
              ],
              [
                1007.7721836899285,
                443.55241440850756
              ],
              [
                1007.7675031305998,
                443.55589231966627
              ],
              [
                1007.7617918659292,
                443.56107855196177
              ],
              [
                1007.7598564074888,
                443.5625355652094
              ],
              [
                1007.7564094938157,
                443.5656937958168
              ],
              [
                1007.750919330185,
                443.5698713649392
              ],
              [
                1007.7204258953045,
                443.59812729286773
              ],
              [
                1007.7172901780964,
                443.60062209854436
              ],
              [
                1007.7078452327705,
                443.6097848281781
              ],
              [
                1007.6926946521276,
                443.6238237095439
              ],
              [
                1007.6807028457152,
                443.63471311798213
              ],
              [
                1007.675104745621,
                443.63974932438396
              ],
              [
                1007.6682489094845,
                443.6455927369538
              ],
              [
                1007.6658579940324,
                443.6480679590568
              ],
              [
                1007.6284413320609,
                443.6817290278804
              ],
              [
                1007.626094849183,
                443.6843010414185
              ],
              [
                1007.622141321245,
                443.6878911244309
              ],
              [
                1007.6177786073498,
                443.69271418283216
              ],
              [
                1007.6177152065976,
                443.6927722736969
              ],
              [
                1007.6157050149886,
                443.69500657635103
              ],
              [
                1007.6148244600763,
                443.69598004558827
              ],
              [
                1007.6088533746323,
                443.70151299261835
              ],
              [
                1007.5810748902177,
                443.7327672631537
              ],
              [
                1007.5764171478895,
                443.73728583178314
              ],
              [
                1007.5636109464741,
                443.75241638490655
              ],
              [
                1007.5543736314778,
                443.7628095200253
              ],
              [
                1007.5447819628156,
                443.77341328163675
              ],
              [
                1007.5336888268114,
                443.78489757540564
              ],
              [
                1007.5294495947367,
                443.79023529099584
              ],
              [
                1007.4955734811273,
                443.8273673850066
              ],
              [
                1007.4936714244699,
                443.8299168977992
              ],
              [
                1007.4904234723649,
                443.8335075670622
              ],
              [
                1007.4848781094828,
                443.84100067736154
              ],
              [
                1007.4801868460214,
                443.84627893571377
              ],
              [
                1007.4555451717752,
                443.8800963183914
              ],
              [
                1007.4496178481464,
                443.8870994633628
              ],
              [
                1007.4347700240796,
                443.9086074135704
              ],
              [
                1007.4299769797866,
                443.9151852220192
              ],
              [
                1007.426738125419,
                443.919561688183
              ],
              [
                1007.4132342137628,
                443.9365647770691
              ],
              [
                1007.4075272598166,
                443.9453843571629
              ],
              [
                1007.3776892761254,
                443.9853791285234
              ],
              [
                1007.3761987750519,
                443.9878524267347
              ],
              [
                1007.3736191378869,
                443.99133813294014
              ],
              [
                1007.3734970675744,
                443.9915212384089
              ],
              [
                1007.3695758389839,
                443.9980776615621
              ],
              [
                1007.3661263872234,
                444.00281157002325
              ],
              [
                1007.3456058107771,
                444.0376083903769
              ],
              [
                1007.3434235099285,
                444.0407409264801
              ],
              [
                1007.3428578873675,
                444.0417475727608
              ],
              [
                1007.3381134254392,
                444.0486202061148
              ],
              [
                1007.3225516792586,
                444.0767013698043
              ],
              [
                1007.3225181075601,
                444.0767582974625
              ],
              [
                1007.3080147013451,
                444.0991719973013
              ],
              [
                1007.3013666551979,
                444.11202191065814
              ],
              [
                1007.2979403315204,
                444.1174412004614
              ],
              [
                1007.297103459874,
                444.1191011088297
              ],
              [
                1007.2759340916873,
                444.1542290006528
              ],
              [
                1007.274959281966,
                444.15627965636935
              ],
              [
                1007.2729339811954,
                444.15966602585996
              ],
              [
                1007.2701621260723,
                444.1655385365085
              ],
              [
                1007.2677416644599,
                444.16964292256785
              ],
              [
                1007.2640946705783,
                444.1774716926464
              ],
              [
                1007.2634672559437,
                444.17854405805303
              ],
              [
                1007.2550788350779,
                444.1968254139549
              ],
              [
                1007.251961693123,
                444.203516784563
              ],
              [
                1007.2488653445627,
                444.20902739884383
              ],
              [
                1007.2473470672309,
                444.21240805696084
              ],
              [
                1007.242977728313,
                444.2202925269902
              ],
              [
                1007.2309477229728,
                444.2481336580379
              ],
              [
                1007.2190170448232,
                444.27119429527085
              ],
              [
                1007.2136138837479,
                444.28470003509966
              ],
              [
                1007.2108027197129,
                444.2902758898036
              ],
              [
                1007.2087608805252,
                444.2955377365521
              ],
              [
                1007.1987176310395,
                444.316665189961
              ],
              [
                1007.1973844320296,
                444.3194046377813
              ],
              [
                1007.1972788070908,
                444.3196919678959
              ],
              [
                1007.1912965912813,
                444.33227643928404
              ],
              [
                1007.1907711387696,
                444.3337379544503
              ],
              [
                1007.1893053150235,
                444.336843479514
              ],
              [
                1007.1875093539395,
                444.3418725265448
              ],
              [
                1007.1859553359052,
                444.3452084383351
              ],
              [
                1007.1825073820571,
                444.3549844503468
              ],
              [
                1007.1807737663725,
                444.35876261620615
              ],
              [
                1007.1715582615847,
                444.38557913130353
              ],
              [
                1007.1651269655376,
                444.4004631276933
              ],
              [
                1007.1564388305377,
                444.427614781225
              ],
              [
                1007.1470758698686,
                444.4510184349497
              ],
              [
                1007.1429932091866,
                444.4650219004794
              ],
              [
                1007.1407803765552,
                444.4707243996069
              ],
              [
                1007.140719341399,
                444.4709075050757
              ],
              [
                1007.1383535139096,
                444.4795186223061
              ],
              [
                1007.1375077744519,
                444.48188686043005
              ],
              [
                1007.130975909883,
                444.50005485643055
              ],
              [
                1007.127958560443,
                444.50826291194
              ],
              [
                1007.1277920977423,
                444.50891044209476
              ],
              [
                1007.1245991212589,
                444.5177915178377
              ],
              [
                1007.1243928187487,
                444.51861133604746
              ],
              [
                1007.123413603272,
                444.52135333348247
              ],
              [
                1007.1223999598991,
                444.5254075206397
              ],
              [
                1007.121534398939,
                444.52786165277575
              ],
              [
                1007.1186487177895,
                444.5395424369115
              ],
              [
                1007.1163320359886,
                444.54628382915394
              ],
              [
                1007.1103277031954,
                444.57171859102596
              ],
              [
                1007.1053108825163,
                444.5873968668481
              ],
              [
                1007.1051888122038,
                444.58785463052
              ],
              [
                1007.0996181049074,
                444.6137978642249
              ],
              [
                1007.0928658453856,
                444.63695801414315
              ],
              [
                1007.0879437656496,
                444.6629995623874
              ],
              [
                1007.0839202032555,
                444.67764448794287
              ],
              [
                1007.083149210941,
                444.68239555665895
              ],
              [
                1007.081570945764,
                444.68870801583523
              ],
              [
                1007.077860533457,
                444.7031413023681
              ],
              [
                1007.0777131785896,
                444.7041098982225
              ],
              [
                1007.0764897208566,
                444.70897175340366
              ],
              [
                1007.0764678795758,
                444.70911833563383
              ],
              [
                1007.0758911692274,
                444.7114249572234
              ],
              [
                1007.0754501418477,
                444.7144034885614
              ],
              [
                1007.075082997197,
                444.7158896324524
              ],
              [
                1007.0731083713998,
                444.7293822105892
              ],
              [
                1007.0707754777351,
                444.73926450673684
              ],
              [
                1007.0676548428925,
                444.7626533564094
              ],
              [
                1007.0639834705146,
                444.7797512340301
              ],
              [
                1007.0611170344373,
                444.8049333896605
              ],
              [
                1007.0598363312868,
                444.8117092841337
              ],
              [
                1007.0589041712856,
                444.81649049978824
              ],
              [
                1007.0588744289429,
                444.81679847968456
              ],
              [
                1007.0568953564247,
                444.8272692796768
              ],
              [
                1007.0540252916755,
                444.85909878549376
              ],
              [
                1007.0500519848222,
                444.88593299018254
              ],
              [
                1007.0475974357785,
                444.9020672792607
              ],
              [
                1007.0475636352622,
                444.9027383575736
              ],
              [
                1007.0471940572222,
                444.9052343472219
              ],
              [
                1007.0471040896807,
                444.907068941656
              ],
              [
                1007.0470367548726,
                444.9075290390382
              ],
              [
                1007.0464231412718,
                444.92018685235564
              ],
              [
                1007.0453034695834,
                444.92833291463455
              ],
              [
                1007.0452017952282,
                444.93093672918087
              ],
              [
                1007.0445518777506,
                444.9358077964318
              ],
              [
                1007.0438571479178,
                444.95656459188046
              ],
              [
                1007.0417857001231,
                444.9747626327022
              ],
              [
                1007.041444054065,
                444.9972888032059
              ],
              [
                1007.0404026513143,
                445.0080724564964
              ],
              [
                1007.0404026513143,
                445.01017618218316
              ],
              [
                1007.0395017365139,
                445.02016748042394
              ],
              [
                1007.0397570092032,
                445.0568886736027
              ],
              [
                1007.039681221431,
                445.0584341179122
              ],
              [
                1007.0375369783691,
                445.1015877529099
              ],
              [
                1007.0375424308846,
                445.1017001985062
              ],
              [
                1007.0374755859375,
                445.10302734375
              ],
              [
                1007.0374755859375,
                445.1030578613281
              ],
              [
                1007.0380351834533,
                445.1144690266292
              ],
              [
                1007.0376927992045,
                445.1232372660374
              ],
              [
                1007.0379346026594,
                445.12736334555757
              ],
              [
                1007.0379294219222,
                445.1275037014641
              ],
              [
                1007.0380629679262,
                445.1296802452067
              ],
              [
                1007.0379189939744,
                445.1339818279624
              ],
              [
                1007.0390989835317,
                445.15190922813684
              ],
              [
                1007.038809277693,
                445.1710107601632
              ],
              [
                1007.0404026513143,
                445.19016177228934
              ],
              [
                1007.0404026513143,
                445.2005457075661
              ],
              [
                1007.0407830439765,
                445.20448464721346
              ],
              [
                1007.0408481041248,
                445.2138436048155
              ],
              [
                1007.0446422459082,
                445.25025412471626
              ],
              [
                1007.0468207626997,
                445.295420520639
              ],
              [
                1007.0469537340739,
                445.2963337642526
              ],
              [
                1007.0470719869097,
                445.2987451449656
              ],
              [
                1007.0471507743421,
                445.29927724534593
              ],
              [
                1007.0471671677493,
                445.2996109408154
              ],
              [
                1007.0485917688379,
                445.30921482125103
              ],
              [
                1007.049104038132,
                445.31795606873897
              ],
              [
                1007.0499414725339,
                445.32327708893
              ],
              [
                1007.0499493815898,
                445.32340599137416
              ],
              [
                1007.0505284076079,
                445.32700644775827
              ],
              [
                1007.0506926515526,
                445.32805004633076
              ],
              [
                1007.050942022583,
                445.3318387021066
              ],
              [
                1007.0516196951507,
                445.3359107609749
              ],
              [
                1007.0517117667133,
                445.3372794689355
              ],
              [
                1007.0535453013586,
                445.34812538296217
              ],
              [
                1007.0550828677991,
                445.3666056396654
              ],
              [
                1007.0579518849925,
                445.38226680572546
              ],
              [
                1007.0589041712856,
                445.39212766427426
              ],
              [
                1007.0600253841264,
                445.3978785658145
              ],
              [
                1007.0609218329366,
                445.4064813458651
              ],
              [
                1007.0678889929004,
                445.4407268665599
              ],
              [
                1007.0724098415853,
                445.47300597456706
              ],
              [
                1007.0731086374719,
                445.47596489636146
              ]
            ]
          ]
        ]
      }
    }
  ]
}