{
  "type": "FeatureCollection",
  "features": [
    {
      "type": "Feature",
      "properties": {
        "image_id": "0017_top_20250624_t1",
        "zone_type": "parking_spot",
        "generated_at": "2025-11-03T11:20:41",
        "source": "merged_t1_polygons"
      },
      "geometry": {
        "type": "MultiPolygon",
        "coordinates": [
          [
            [
              [
                78.38879463110545,
                732.94638106237
              ],
              [
                78.36972702367156,
                732.9515855743512
              ],
              [
                78.33658331406612,
                732.96428824912
              ],
              [
                78.27447466482585,
                732.9849944575101
              ],
              [
                78.27048173001326,
                732.9867477010519
              ],
              [
                78.26963005196235,
                732.9870342485108
              ],
              [
                78.26864877724175,
                732.9873602889018
              ],
              [
                78.26477975548192,
                732.9890910244411
              ],
              [
                78.2629792542662,
                732.9898892180714
              ],
              [
                78.2527217702706,
                732.9934177994262
              ],
              [
                78.240563629034,
                732.9989347776137
              ],
              [
                78.23796146579691,
                732.9998479544391
              ],
              [
                78.23521735019479,
                733.0011195478667
              ],
              [
                78.23423094078193,
                733.0014684181813
              ],
              [
                78.23202521522873,
                733.0024989584106
              ],
              [
                78.22735489670998,
                733.0041707669559
              ],
              [
                78.2268358048569,
                733.0044163941274
              ],
              [
                78.22496669239872,
                733.0050851732586
              ],
              [
                78.21050414373148,
                733.0119254493478
              ],
              [
                78.20692447420709,
                733.0132413656233
              ],
              [
                78.1997682983321,
                733.0167240406794
              ],
              [
                78.18392164399441,
                733.0227974373698
              ],
              [
                78.15297796118924,
                733.0383420128777
              ],
              [
                78.10616461126551,
                733.0588971201543
              ],
              [
                78.10153759566717,
                733.0614591245118
              ],
              [
                78.09927092911727,
                733.0624639773752
              ],
              [
                78.0933573666762,
                733.065732302227
              ],
              [
                78.08693062225196,
                733.0686485546472
              ],
              [
                78.0864385536219,
                733.0688686724751
              ],
              [
                78.08641203363675,
                733.0688838736835
              ],
              [
                78.08037978487256,
                733.0716211165076
              ],
              [
                78.07814497487324,
                733.0729026013514
              ],
              [
                78.076167513517,
                733.0738025054527
              ],
              [
                78.06728817808947,
                733.0789361060966
              ],
              [
                78.06304467909139,
                733.0809024975387
              ],
              [
                78.05846296905969,
                733.0835892267359
              ],
              [
                78.05830599365405,
                733.0836625674424
              ],
              [
                78.05622148058798,
                733.0848957145455
              ],
              [
                78.0475400834769,
                733.0890017095845
              ],
              [
                78.03150964720804,
                733.0986099833209
              ],
              [
                78.02599791141019,
                733.1012923635634
              ],
              [
                78.01875275425282,
                733.1057701169404
              ],
              [
                78.00611213032465,
                733.1121201410909
              ],
              [
                77.98359957895859,
                733.1263935548754
              ],
              [
                77.95465080172858,
                733.1423930490885
              ],
              [
                77.95110409157633,
                733.1447549952105
              ],
              [
                77.94535068089789,
                733.1479406908097
              ],
              [
                77.94515231664008,
                733.1480627611222
              ],
              [
                77.93528537583498,
                733.1548211586418
              ],
              [
                77.91620131057358,
                733.1657643441469
              ],
              [
                77.91213871466506,
                733.1686359931938
              ],
              [
                77.90806027874653,
                733.1709939468299
              ],
              [
                77.90194588759968,
                733.1753713364084
              ],
              [
                77.89674444125059,
                733.1784214809345
              ],
              [
                77.88902496614975,
                733.1840120145503
              ],
              [
                77.8791930910897,
                733.1899050136761
              ],
              [
                77.86206174072574,
                733.2026104890319
              ],
              [
                77.85483437147592,
                733.2070772488776
              ],
              [
                77.84763900093935,
                733.2125953165903
              ],
              [
                77.83805856429724,
                733.2186695075696
              ],
              [
                77.82641435156474,
                733.2277926372067
              ],
              [
                77.8172326544546,
                733.2339072259249
              ],
              [
                77.81689696109522,
                733.2341513665499
              ],
              [
                77.80349230804971,
                733.2450933068194
              ],
              [
                77.78383831771289,
                733.258555380036
              ],
              [
                77.77803409666858,
                733.2634279457096
              ],
              [
                77.76165646376836,
                733.275004488139
              ],
              [
                77.75606821551277,
                733.2798074750498
              ],
              [
                77.75017061476147,
                733.2840296609464
              ],
              [
                77.746558471068,
                733.2871879066253
              ],
              [
                77.74060591934447,
                733.2914988137887
              ],
              [
                77.73217796338362,
                733.2989388634496
              ],
              [
                77.72154698880162,
                733.3068233315557
              ],
              [
                77.70382908914704,
                733.3228818997486
              ],
              [
                77.69516634605374,
                733.3295252828411
              ],
              [
                77.68817809645849,
                733.3360994248659
              ],
              [
                77.68142445642499,
                733.3413908374297
              ],
              [
                77.65788504845449,
                733.3639494929427
              ],
              [
                77.64410146508294,
                733.3752007461783
              ],
              [
                77.6404709377527,
                733.3789103715125
              ],
              [
                77.63408444910874,
                733.3842717430219
              ],
              [
                77.6317531621174,
                733.3866537615731
              ],
              [
                77.61812909769331,
                733.398363370758
              ],
              [
                77.61136336003972,
                733.4053945482888
              ],
              [
                77.60398687711036,
                733.411844110464
              ],
              [
                77.6025407614614,
                733.4133802801674
              ],
              [
                77.59607986356758,
                733.4190838459439
              ],
              [
                77.58723340882553,
                733.4285580645279
              ],
              [
                77.57611999475581,
                733.4386306759081
              ],
              [
                77.55836621491851,
                733.4582189533852
              ],
              [
                77.54860997092136,
                733.467397064841
              ],
              [
                77.54199738382376,
                733.4750087815994
              ],
              [
                77.53776027952001,
                733.479069350008
              ],
              [
                77.51625730074832,
                733.5042318992716
              ],
              [
                77.48690441087922,
                733.5347363897317
              ],
              [
                77.48034524207611,
                733.5430312501554
              ],
              [
                77.46450912769473,
                733.5599911299655
              ],
              [
                77.45556229315798,
                733.5716456018865
              ],
              [
                77.44431265040343,
                733.584057669954
              ],
              [
                77.42709818805507,
                733.6072686854853
              ],
              [
                77.41664866770114,
                733.6192970774024
              ],
              [
                77.41058316999454,
                733.6278906048504
              ],
              [
                77.40848812104072,
                733.6303422080944
              ],
              [
                77.3891193207897,
                733.6581966331634
              ],
              [
                77.38383722838647,
                733.6650772787531
              ],
              [
                77.37657879573295,
                733.6742564426934
              ],
              [
                77.37573699275039,
                733.6753106358929
              ],
              [
                77.37569536974527,
                733.6753736414548
              ],
              [
                77.36341240701985,
                733.6909069299636
              ],
              [
                77.36041677317878,
                733.6955856151345
              ],
              [
                77.34711619204873,
                733.7129114356443
              ],
              [
                77.3384105989672,
                733.7268500564338
              ],
              [
                77.32739433252381,
                733.7417037722421
              ],
              [
                77.31130669553885,
                733.7685443730076
              ],
              [
                77.30061812888906,
                733.7836878114075
              ],
              [
                77.29526515163732,
                733.7931690572776
              ],
              [
                77.29488760628593,
                733.7937120082381
              ],
              [
                77.2897910945275,
                733.8028647609813
              ],
              [
                77.27991160022174,
                733.820363418304
              ],
              [
                77.27653724069853,
                733.8254712527181
              ],
              [
                77.27480396893738,
                733.8286913310467
              ],
              [
                77.25934063912837,
                733.8534498384031
              ],
              [
                77.25609982755941,
                733.8585114506808
              ],
              [
                77.25575368753582,
                733.8591929460318
              ],
              [
                77.24499180490969,
                733.8764239146174
              ],
              [
                77.2368875120499,
                733.8927052796206
              ],
              [
                77.22649102843219,
                733.9100507646292
              ],
              [
                77.21211762489085,
                733.9404407730908
              ],
              [
                77.20169279817596,
                733.9589053285314
              ],
              [
                77.18535993345319,
                733.9962231718512
              ],
              [
                77.15908484790337,
                734.0490093020821
              ],
              [
                77.15195490650498,
                734.0676441536649
              ],
              [
                77.14257449210633,
                734.0874773735511
              ],
              [
                77.12982241446036,
                734.1231170430318
              ],
              [
                77.11972742349042,
                734.146182396093
              ],
              [
                77.10845378685094,
                734.1813389041748
              ],
              [
                77.0901935195337,
                734.229064032939
              ],
              [
                77.08441820350508,
                734.2500133117345
              ],
              [
                77.07645288566448,
                734.2722748837723
              ],
              [
                77.06631512159647,
                734.3127471065989
              ],
              [
                77.05732508564597,
                734.3407822723273
              ],
              [
                77.05055345397692,
                734.3728537027514
              ],
              [
                77.03895791877697,
                734.4149151412046
              ],
              [
                77.03491989791381,
                734.4380838652816
              ],
              [
                77.02876299632244,
                734.462663594249
              ],
              [
                77.02445733930551,
                734.4916899761026
              ],
              [
                77.02424742581037,
                734.4925801157242
              ],
              [
                77.02356372214054,
                734.497714253689
              ],
              [
                77.02211852328847,
                734.5074569929666
              ],
              [
                77.0214893766935,
                734.5102514063724
              ],
              [
                77.02142575939482,
                734.510759442298
              ],
              [
                77.01870330860858,
                734.5232831706987
              ],
              [
                77.01859138906157,
                734.5242306811874
              ],
              [
                77.01510679682555,
                734.5407342157735
              ],
              [
                77.01210406586084,
                734.5689929752975
              ],
              [
                77.00584646825236,
                734.6048968394153
              ],
              [
                77.00396186207533,
                734.6298592603762
              ],
              [
                76.9999641037845,
                734.6568099576222
              ],
              [
                76.99855348983615,
                734.6855236641791
              ],
              [
                76.99806866970519,
                734.6891643254046
              ],
              [
                76.99770178792815,
                734.7002146699413
              ],
              [
                76.99742421362606,
                734.7024313267377
              ],
              [
                76.99738800237874,
                734.7037384777717
              ],
              [
                76.99607747531697,
                734.7148333952367
              ],
              [
                76.9959462035277,
                734.7210549320507
              ],
              [
                76.99351334935486,
                734.74395057
              ],
              [
                76.99342049609415,
                734.7694841954597
              ],
              [
                76.99109674434474,
                734.8002632887706
              ],
              [
                76.99167104179098,
                734.8256191125433
              ],
              [
                76.9903335571289,
                734.8528442382812
              ],
              [
                76.99170648832231,
                734.8807908947399
              ],
              [
                76.99148789818517,
                734.8873747494823
              ],
              [
                76.99220731132787,
                734.8982571747629
              ],
              [
                76.99200865517201,
                734.9076723476174
              ],
              [
                76.99287620150234,
                734.9191592218301
              ],
              [
                76.99277019590377,
                734.9483095955452
              ],
              [
                76.9949488135617,
                734.9703361122959
              ],
              [
                76.99553315746367,
                734.9961354974365
              ],
              [
                76.998626484786,
                735.0216506587218
              ],
              [
                76.9999641037845,
                735.0488785189403
              ],
              [
                77.00393362190486,
                735.0756388364211
              ],
              [
                77.00456981780296,
                735.085262450328
              ],
              [
                77.00608638108285,
                735.0943582650328
              ],
              [
                77.00645224329749,
                735.0992671367552
              ],
              [
                77.00649955343887,
                735.0995412078751
              ],
              [
                77.00653469167673,
                735.1000064608584
              ],
              [
                77.00941658042025,
                735.1166098321909
              ],
              [
                77.01288509558206,
                735.1516776225548
              ],
              [
                77.01660698014389,
                735.1699619078199
              ],
              [
                77.01911313400996,
                735.1906337971594
              ],
              [
                77.02476379824239,
                735.2160644787971
              ],
              [
                77.02876299632244,
                735.2430248823135
              ],
              [
                77.03507598648426,
                735.2682277517843
              ],
              [
                77.03718579836402,
                735.2808816635431
              ],
              [
                77.03888740272191,
                735.2871663948362
              ],
              [
                77.03928393319022,
                735.2894635249297
              ],
              [
                77.0456925191588,
                735.3128487393711
              ],
              [
                77.05364803292821,
                735.3519313279829
              ],
              [
                77.05815891044625,
                735.3663583967818
              ],
              [
                77.06161039107376,
                735.3818917042668
              ],
              [
                77.06983319229127,
                735.4069862954643
              ],
              [
                77.0764528856645,
                735.4334135927902
              ],
              [
                77.0848017114738,
                735.4567469977974
              ],
              [
                77.08901513770485,
                735.4723089300188
              ],
              [
                77.10174936256564,
                735.5057730559444
              ],
              [
                77.11463341063694,
                735.5469799047646
              ],
              [
                77.1191708515062,
                735.557556442534
              ],
              [
                77.12261710793607,
                735.5680738311928
              ],
              [
                77.1334018170043,
                735.5925751934783
              ],
              [
                77.14257449210633,
                735.6182111030114
              ],
              [
                77.14270728673537,
                735.6184918736645
              ],
              [
                77.14280337394227,
                735.6187604194176
              ],
              [
                77.15249631488022,
                735.6392544211532
              ],
              [
                77.15600209172807,
                735.6485734665832
              ],
              [
                77.15639065010662,
                735.649364279359
              ],
              [
                77.15954821505134,
                735.6576620086738
              ],
              [
                77.175287727893,
                735.6892067705031
              ],
              [
                77.17810931928717,
                735.6961294269427
              ],
              [
                77.18095587868709,
                735.7015741151351
              ],
              [
                77.19520449313165,
                735.7347868914942
              ],
              [
                77.19901561802791,
                735.7416406434259
              ],
              [
                77.20154783967986,
                735.7473934995937
              ],
              [
                77.21466423030982,
                735.7706974346683
              ],
              [
                77.22036873919625,
                735.7827586053456
              ],
              [
                77.2225602766204,
                735.7874619057424
              ],
              [
                77.22272388740855,
                735.7877381478663
              ],
              [
                77.22671991026813,
                735.7961870283395
              ],
              [
                77.23676557369113,
                735.8129472052141
              ],
              [
                77.24141245987941,
                735.8224047723867
              ],
              [
                77.24231050361897,
                735.8238578376806
              ],
              [
                77.24479720013818,
                735.828869836428
              ],
              [
                77.24568430939065,
                735.830293945137
              ],
              [
                77.24809150195163,
                735.8351183839095
              ],
              [
                77.26389183584872,
                735.8602078772486
              ],
              [
                77.26582948491196,
                735.8639140690028
              ],
              [
                77.27397458361173,
                735.8764434035429
              ],
              [
                77.29452005458748,
                735.9133914346938
              ],
              [
                77.29686304213054,
                735.9167403383844
              ],
              [
                77.2976451353543,
                735.9181298860293
              ],
              [
                77.31264475722128,
                735.9395614618487
              ],
              [
                77.32308788461462,
                735.9571937446824
              ],
              [
                77.32382651085318,
                735.9581996036125
              ],
              [
                77.32762321435975,
                735.9645340207267
              ],
              [
                77.33740228165591,
                735.977719566595
              ],
              [
                77.34323648439911,
                735.9871595049308
              ],
              [
                77.34413472327684,
                735.9883399709563
              ],
              [
                77.34684705356543,
                735.9926941732994
              ],
              [
                77.3495418321696,
                735.9962122823572
              ],
              [
                77.35377438151221,
                736.0029331858033
              ],
              [
                77.36854235349156,
                736.0219138599739
              ],
              [
                77.3690222704629,
                736.0226521002957
              ],
              [
                77.37369676472015,
                736.0285386152352
              ],
              [
                77.38585693329259,
                736.0441675856758
              ],
              [
                77.39669110241863,
                736.0596475303787
              ],
              [
                77.39917257808962,
                736.0632661130852
              ],
              [
                77.39948095204039,
                736.0636336891115
              ],
              [
                77.40998680677777,
                736.0786445356747
              ],
              [
                77.41079735144602,
                736.0795901282119
              ],
              [
                77.41350490793991,
                736.0834601214441
              ],
              [
                77.42855632126535,
                736.1008203359219
              ],
              [
                77.43984745852414,
                736.1161965717627
              ],
              [
                77.4413149220557,
                736.1178295428125
              ],
              [
                77.44454153223937,
                736.1221801230148
              ],
              [
                77.45348288739837,
                736.1320453881854
              ],
              [
                77.46051925312283,
                736.1412925838775
              ],
              [
                77.46138593477032,
                736.1422278955915
              ],
              [
                77.46421309821943,
                736.1459188367778
              ],
              [
                77.46912859908441,
                736.1511932733088
              ],
              [
                77.47555770888626,
                736.1594563468389
              ],
              [
                77.51208713586475,
                736.1978581704004
              ],
              [
                77.52372499879978,
                736.2117302870349
              ],
              [
                77.52586541604421,
                736.2138301120222
              ],
              [
                77.53749477822535,
                736.2273970855902
              ],
              [
                77.54225204945739,
                736.2319563418204
              ],
              [
                77.54942497682791,
                736.2402295554311
              ],
              [
                77.56133235885032,
                736.2513831170857
              ],
              [
                77.57170308248539,
                736.2629235002687
              ],
              [
                77.57402889645684,
                736.2650474134347
              ],
              [
                77.57634887659175,
                736.2676071170606
              ],
              [
                77.58394370240659,
                736.274490665937
              ],
              [
                77.59216088080196,
                736.2833585394302
              ],
              [
                77.59296976796601,
                736.2840774702865
              ],
              [
                77.59580228693406,
                736.2871168231277
              ],
              [
                77.60330362316417,
                736.2937501605279
              ],
              [
                77.61224402884177,
                736.3031488264747
              ],
              [
                77.6505711753324,
                736.3361708706188
              ],
              [
                77.66206133604236,
                736.3474431244881
              ],
              [
                77.66519669032563,
                736.3499728235959
              ],
              [
                77.6697480386378,
                736.3543886254965
              ],
              [
                77.67126373154903,
                736.355598086563
              ],
              [
                77.67894543207589,
                736.362960046661
              ],
              [
                77.68829953548037,
                736.3703123854979
              ],
              [
                77.7008555372021,
                736.3820735046988
              ],
              [
                77.70867275503619,
                736.3880030184242
              ],
              [
                77.71737197608086,
                736.395947071705
              ],
              [
                77.72065449960705,
                736.3983981099541
              ],
              [
                77.72177587063756,
                736.399414461413
              ],
              [
                77.72758946779376,
                736.4037261189197
              ],
              [
                77.73692682389733,
                736.4120250680411
              ],
              [
                77.73765674719255,
                736.4125569404287
              ],
              [
                77.74038911031911,
                736.4149731348189
              ],
              [
                77.7507857991266,
                736.4225141555704
              ],
              [
                77.76248934994325,
                736.4325977440213
              ],
              [
                77.80180192366083,
                736.4601900767885
              ],
              [
                77.8128827874205,
                736.4691304543771
              ],
              [
                77.81557186577679,
                736.4708997907825
              ],
              [
                77.8167997406538,
                736.4718872763573
              ],
              [
                77.81788731717027,
                736.4725977221229
              ],
              [
                77.82099716510632,
                736.4750792538193
              ],
              [
                77.82443804141015,
                736.4773174485244
              ],
              [
                77.83298135113726,
                736.4840325023556
              ],
              [
                77.84430241474864,
                736.4912588862576
              ],
              [
                77.85439101944267,
                736.4990193658255
              ],
              [
                77.85789464829868,
                736.5011907641156
              ],
              [
                77.86616678280626,
                736.5074653410995
              ],
              [
                77.86911992128537,
                736.5092562422114
              ],
              [
                77.8754369740921,
                736.5139731430737
              ],
              [
                77.88356134244046,
                736.5188730779429
              ],
              [
                77.89345945820686,
                736.5260855268391
              ],
              [
                77.89409378612191,
                736.5264596062619
              ],
              [
                77.89662701010877,
                736.5282970272915
              ],
              [
                77.9101659978497,
                736.5362476154404
              ],
              [
                77.92481635957557,
                736.5465302710305
              ],
              [
                77.9643154818312,
                736.5687688225007
              ],
              [
                77.97477333118286,
                736.5756497873249
              ],
              [
                77.97917482917418,
                736.577969441936
              ],
              [
                77.98320158838408,
                736.5805887372395
              ],
              [
                77.98887774055837,
                736.5835432195079
              ],
              [
                77.99823115648945,
                736.5895136279989
              ],
              [
                78.0099284839299,
                736.5954147884897
              ],
              [
                78.0258072097785,
                736.6052557389938
              ],
              [
                78.03094606735593,
                736.6077631333691
              ],
              [
                78.04436031363839,
                736.6158534771699
              ],
              [
                78.05118305134278,
                736.6190991705413
              ],
              [
                78.06029081075141,
                736.6244702496026
              ],
              [
                78.06081688001888,
                736.6247153163731
              ],
              [
                78.06306091985594,
                736.6260330985349
              ],
              [
                78.07738965851054,
                736.6326817108373
              ],
              [
                78.08035138853961,
                736.634380856114
              ],
              [
                78.0829396276926,
                736.6355558552926
              ],
              [
                78.09762894987098,
                736.6438261465971
              ],
              [
                78.13654821807377,
                736.660907547997
              ],
              [
                78.14621302086809,
                736.6660010421692
              ],
              [
                78.15125913817286,
                736.6680640260729
              ],
              [
                78.15484297263619,
                736.6699294403622
              ],
              [
                78.15616372330673,
                736.6704617658249
              ],
              [
                78.15689236120468,
                736.6708410884802
              ],
              [
                78.1693008505467,
                736.6758162236036
              ],
              [
                78.18354922795115,
                736.6830043580067
              ],
              [
                78.19081271333302,
                736.685766604547
              ],
              [
                78.20705054517587,
                736.693689503288
              ],
              [
                78.21116860714136,
                736.6952070440191
              ],
              [
                78.22249859457108,
                736.7005969134076
              ],
              [
                78.22780627370156,
                736.7025065008047
              ],
              [
                78.23585632651869,
                736.7062565781573
              ],
              [
                78.23626487466699,
                736.706400671184
              ],
              [
                78.23814081617924,
                736.7072711182009
              ],
              [
                78.25039778342264,
                736.7115778856362
              ],
              [
                78.25274961738283,
                736.7126455624651
              ],
              [
                78.26053929104738,
                736.7153263843542
              ],
              [
                78.27922791171055,
                736.7235286925142
              ],
              [
                78.40320708650464,
                736.7661722752564
              ],
              [
                78.40340545076245,
                736.7662333104126
              ],
              [
                78.41235243909469,
                736.7685059340082
              ],
              [
                78.41850954095933,
                736.7706775151235
              ],
              [
                78.41879417974677,
                736.7707478337574
              ],
              [
                78.42023615435782,
                736.7712545047123
              ],
              [
                78.43011734982632,
                736.773686797314
              ],
              [
                78.4317760546723,
                736.7742576417999
              ],
              [
                78.44875558286256,
                736.7783544307038
              ],
              [
                78.46604543045315,
                736.7839972642415
              ],
              [
                78.49855958869293,
                736.7911698748272
              ],
              [
                78.51122689254623,
                736.7949659457297
              ],
              [
                78.52169833627623,
                736.7970257274316
              ],
              [
                78.52938974441504,
                736.7992595817468
              ],
              [
                78.54047207066496,
                736.8013220078924
              ],
              [
                78.54891075579042,
                736.8037393976067
              ],
              [
                78.55533320068334,
                736.804824462706
              ],
              [
                78.59620021478366,
                736.815205088798
              ],
              [
                78.60271624059249,
                736.8161848881376
              ],
              [
                78.60653752063598,
                736.8171289168655
              ],
              [
                78.60669428427754,
                736.8171518590732
              ],
              [
                78.60765105383318,
                736.8173873714178
              ],
              [
                78.61493215167967,
                736.818449203397
              ],
              [
                78.61582633200466,
                736.8186649495586
              ],
              [
                78.63678512898775,
                736.8216623749323
              ],
              [
                78.65804107952725,
                736.8263514293044
              ],
              [
                78.69043826188488,
                736.8302176558902
              ],
              [
                78.70137405817555,
                736.8323687779013
              ],
              [
                78.70610979133542,
                736.8328309840405
              ],
              [
                78.70662714450928,
                736.832932644194
              ],
              [
                78.70746637790772,
                736.8330547145065
              ],
              [
                78.71478482170876,
                736.8337616931308
              ],
              [
                78.72330638908625,
                736.8353475608416
              ],
              [
                78.73919194504337,
                736.836706415984
              ],
              [
                78.74243012296407,
                736.8371933331144
              ],
              [
                78.76642789634472,
                736.8411096581597
              ],
              [
                78.77012790880346,
                736.8413581834493
              ],
              [
                78.79290605297896,
                736.8447832789407
              ],
              [
                78.79683640165237,
                736.8449789745657
              ],
              [
                78.79817692722182,
                736.8451751591899
              ],
              [
                78.79820392313398,
                736.8451764678724
              ],
              [
                78.79864009219322,
                736.8452400761723
              ],
              [
                78.80318033071582,
                736.8454594087087
              ],
              [
                78.80325105918898,
                736.8454695239516
              ],
              [
                78.81035017339741,
                736.8458057737232
              ],
              [
                78.82834301128203,
                736.8466749824116
              ],
              [
                78.85326763250694,
                736.8496494458127
              ],
              [
                78.88509392913217,
                736.8502997823282
              ],
              [
                78.89424851232882,
                736.8511932669087
              ],
              [
                78.89523522714875,
                736.8511936203088
              ],
              [
                78.89905250792351,
                736.8515623784743
              ],
              [
                78.91286845451106,
                736.8515627558353
              ],
              [
                78.91983474442317,
                736.8521586543293
              ],
              [
                78.92908749484317,
                736.8520353034888
              ],
              [
                78.9553339927096,
                736.8537982484946
              ],
              [
                78.96731282585203,
                736.8534671503406
              ],
              [
                78.9915771484375,
                736.8546752929688
              ],
              [
                78.99186706542969,
                736.8546752929688
              ],
              [
                79.02384166790077,
                736.8531349447734
              ],
              [
                79.04983841000023,
                736.8536661605436
              ],
              [
                79.07672277503401,
                736.8515672312592
              ],
              [
                79.09153050358104,
                736.8515676357091
              ],
              [
                79.11193408232212,
                736.8495977277169
              ],
              [
                79.11706327701819,
                736.8495293490782
              ],
              [
                79.11943691744331,
                736.8492623997365
              ],
              [
                79.1445934661797,
                736.8485670659969
              ],
              [
                79.16124905770958,
                736.8465192869326
              ],
              [
                79.1808263944243,
                736.8455915942641
              ],
              [
                79.18102936408671,
                736.8455625665285
              ],
              [
                79.1841173637796,
                736.8454138048744
              ],
              [
                79.19047619201677,
                736.8444890848921
              ],
              [
                79.19155377099322,
                736.8444353150545
              ],
              [
                79.19452181171236,
                736.8439880382947
              ],
              [
                79.19455164878829,
                736.8439865436154
              ],
              [
                79.1959082358181,
                736.8437812478724
              ],
              [
                79.20205812253253,
                736.8434623795991
              ],
              [
                79.22343712315572,
                736.8401128769782
              ],
              [
                79.24585374196077,
                736.8383627557605
              ],
              [
                79.26663072695412,
                736.8346622029
              ],
              [
                79.28311764432664,
                736.8330704375184
              ],
              [
                79.30443560726485,
                736.8289147234469
              ],
              [
                79.3325102436841,
                736.82546299058
              ],
              [
                79.35269873309147,
                736.8210112469583
              ],
              [
                79.36825112160862,
                736.8187870198711
              ],
              [
                79.36962665420306,
                736.8184551339314
              ],
              [
                79.37669068195879,
                736.8174307479742
              ],
              [
                79.38062214965116,
                736.8164685788649
              ],
              [
                79.38387628125386,
                736.8159889226569
              ],
              [
                79.38496708776168,
                736.8157174605034
              ],
              [
                79.38593107127835,
                736.8155744670564
              ],
              [
                79.39147651188749,
                736.8141854064953
              ],
              [
                79.39247169271569,
                736.8140348032659
              ],
              [
                79.396562151983,
                736.8129889366204
              ],
              [
                79.40668157372932,
                736.8114035009745
              ],
              [
                79.42608668274673,
                736.806261778414
              ],
              [
                79.43941932619614,
                736.8038871243498
              ],
              [
                79.45423862151102,
                736.799712191476
              ],
              [
                79.47203946065555,
                736.7962421039291
              ],
              [
                79.49222989718503,
                736.7902433694194
              ],
              [
                79.51740028489415,
                736.7846930723823
              ],
              [
                79.53931966614138,
                736.7776296871255
              ],
              [
                79.56312881736895,
                736.771802746242
              ],
              [
                79.56674369187965,
                736.7705401778475
              ],
              [
                79.56823890749705,
                736.7701738452832
              ],
              [
                79.56887062577407,
                736.7699505439047
              ],
              [
                79.57315284183264,
                736.7688848557328
              ],
              [
                79.57512601626578,
                736.7681836004031
              ],
              [
                79.57631978175502,
                736.7678845777144
              ],
              [
                79.58297834297836,
                736.765502106413
              ],
              [
                79.58567455747803,
                736.7648156973083
              ],
              [
                79.59416047882684,
                736.761727690594
              ],
              [
                79.6068922119821,
                736.7583541955241
              ],
              [
                79.62376429170837,
                736.7519529506736
              ],
              [
                79.62866453500132,
                736.7505724405765
              ],
              [
                79.63785003843586,
                736.7469785016508
              ],
              [
                79.65654616915045,
                736.7414237369308
              ],
              [
                79.67544106020284,
                736.7337654084253
              ],
              [
                79.69760667396713,
                736.7266226762601
              ],
              [
                79.708081613186,
                736.7221142290458
              ],
              [
                79.70965299448996,
                736.7215980722767
              ],
              [
                79.72054283396108,
                736.7168227015363
              ],
              [
                79.74433449698175,
                736.7085129796651
              ],
              [
                79.74873558802435,
                736.7064837144425
              ],
              [
                79.7569409343118,
                736.7035675795481
              ],
              [
                79.75971633503961,
                736.7022642416798
              ],
              [
                79.76111729197628,
                736.7017629712726
              ],
              [
                79.76120719330306,
                736.7017204511118
              ],
              [
                79.76194126658565,
                736.7014577954914
              ],
              [
                79.76913992286494,
                736.6980530846375
              ],
              [
                79.77300379074487,
                736.6966470322519
              ],
              [
                79.78588999122206,
                736.6904426735773
              ],
              [
                79.8005428518492,
                736.6848833975333
              ],
              [
                79.81916333667024,
                736.6755130266731
              ],
              [
                79.83492887887861,
                736.6691230612076
              ],
              [
                79.84075915302505,
                736.6660777195731
              ],
              [
                79.84094670813582,
                736.6660010421692
              ],
              [
                79.84549333442611,
                736.6636049027957
              ],
              [
                79.84767158253658,
                736.662467133028
              ],
              [
                79.85043619479126,
                736.6613236165131
              ],
              [
                79.8551197037665,
                736.6588285663768
              ],
              [
                79.8715144682103,
                736.6517722075242
              ],
              [
                79.88206670073072,
                736.6459918734698
              ],
              [
                79.8852260632677,
                736.6446064418978
              ],
              [
                79.89609448262613,
                736.638539134983
              ],
              [
                79.91863876697907,
                736.6281443642858
              ],
              [
                79.92240471869215,
                736.625947739557
              ],
              [
                79.92319952256877,
                736.6255794360551
              ],
              [
                79.92394841014276,
                736.6251402860223
              ],
              [
                79.93349253132823,
                736.6206583334035
              ],
              [
                79.93575365659423,
                736.6193133780081
              ],
              [
                79.93583070248663,
                736.6192771742737
              ],
              [
                79.9363351265554,
                736.6189756425939
              ],
              [
                79.93936787550746,
                736.6175412591655
              ],
              [
                79.94779894655,
                736.6124878696563
              ],
              [
                79.95261631980186,
                736.6101684341038
              ],
              [
                79.96944553753212,
                736.5998866415771
              ],
              [
                79.98555666145833,
                736.591779054282
              ],
              [
                79.99682153895851,
                736.5845612643374
              ],
              [
                80.00553541904534,
                736.5800097216209
              ],
              [
                80.01154134797784,
                736.5760951411042
              ],
              [
                80.01238639782105,
                736.5756497873249
              ],
              [
                80.01719359073935,
                736.5724867923092
              ],
              [
                80.02210042910772,
                736.5698727676954
              ],
              [
                80.02712954975868,
                736.5665289044125
              ],
              [
                80.0375651705971,
                736.5608124482603
              ],
              [
                80.04799512449218,
                736.553740436629
              ],
              [
                80.05262087323038,
                736.5511581073703
              ],
              [
                80.06336574794588,
                736.5437272263199
              ],
              [
                80.08443623741096,
                736.5314371170099
              ],
              [
                80.08748491341859,
                736.5292419652825
              ],
              [
                80.08949976040957,
                736.5280604526592
              ],
              [
                80.09102877844398,
                736.5269531200221
              ],
              [
                80.10112843256799,
                736.520945675627
              ],
              [
                80.10116867376148,
                736.520916077803
              ],
              [
                80.10163197260705,
                736.5206404998457
              ],
              [
                80.10425143981578,
                736.5187138539759
              ],
              [
                80.10771486789467,
                736.5166379550739
              ],
              [
                80.11710122923226,
                736.5096765550603
              ],
              [
                80.12272772971224,
                736.5062390506253
              ],
              [
                80.1428922804518,
                736.4909687748378
              ],
              [
                80.15994943576439,
                736.4800396756003
              ],
              [
                80.16456909765054,
                736.4763537931638
              ],
              [
                80.16678564130844,
                736.4749090809944
              ],
              [
                80.17179697432155,
                736.4709068726819
              ],
              [
                80.17440738019542,
                736.4691991932392
              ],
              [
                80.17856469693892,
                736.465839646082
              ],
              [
                80.18406960184697,
                736.4621794337555
              ],
              [
                80.18919500827954,
                736.4580001073307
              ],
              [
                80.19427069643854,
                736.4545585460296
              ],
              [
                80.20438286983561,
                736.4462033848063
              ],
              [
                80.21029933333578,
                736.4421117096892
              ],
              [
                80.2173251989402,
                736.4361825851944
              ],
              [
                80.21970771410783,
                736.434535794134
              ],
              [
                80.2199442253383,
                736.4343526886653
              ],
              [
                80.22349618499034,
                736.4313091652774
              ],
              [
                80.24019986827564,
                736.4192819380071
              ],
              [
                80.24255525476728,
                736.4172158841993
              ],
              [
                80.24563828231568,
                736.414983119805
              ],
              [
                80.24740906228662,
                736.4134199067338
              ],
              [
                80.25875777585152,
                736.4050728077337
              ],
              [
                80.26167313216511,
                736.4024547242745
              ],
              [
                80.26536097018275,
                736.3997196371943
              ],
              [
                80.27538583027453,
                736.3906336336303
              ],
              [
                80.28164799727794,
                736.385891399677
              ],
              [
                80.3026983066775,
                736.3663649475885
              ],
              [
                80.31718605502482,
                736.3547945756509
              ],
              [
                80.31840030238655,
                736.3536167293483
              ],
              [
                80.32185087641862,
                736.3508636252177
              ],
              [
                80.32649479150733,
                736.346296642906
              ],
              [
                80.33044961357155,
                736.3431007326488
              ],
              [
                80.33206887007034,
                736.3414988085832
              ],
              [
                80.33481181395491,
                736.3392621746675
              ],
              [
                80.33979300717964,
                736.3343210540398
              ],
              [
                80.34022670904503,
                736.3339627088191
              ],
              [
                80.34951775087185,
                736.3246745437582
              ],
              [
                80.3498499737584,
                736.3243449935313
              ],
              [
                80.35681263028387,
                736.3184692111467
              ],
              [
                80.36519149593691,
                736.3098964705775
              ],
              [
                80.37070928339017,
                736.3051685128279
              ],
              [
                80.3728702209398,
                736.3029086428919
              ],
              [
                80.38449503397521,
                736.2927118071191
              ],
              [
                80.38620670384896,
                736.2908918167876
              ],
              [
                80.39016433809257,
                736.2873980876499
              ],
              [
                80.39208758163994,
                736.2853383665198
              ],
              [
                80.40387904150008,
                736.2747492574373
              ],
              [
                80.40697873200335,
                736.2713647796853
              ],
              [
                80.41078796422856,
                736.2679122928419
              ],
              [
                80.4211012455794,
                736.2565333403793
              ],
              [
                80.42779828108581,
                736.2503211113584
              ],
              [
                80.44514153249268,
                736.230674984553
              ],
              [
                80.45534365987828,
                736.2207786994976
              ],
              [
                80.46101651628061,
                736.2141026403852
              ],
              [
                80.46343473020413,
                736.2117302870349
              ],
              [
                80.46371612193015,
                736.2113948733198
              ],
              [
                80.46914969494242,
                736.2060050121999
              ],
              [
                80.4695246500304,
                736.2056362687534
              ],
              [
                80.46955693993404,
                736.205601043404
              ],
              [
                80.47290135059814,
                736.2022835377835
              ],
              [
                80.48703396554309,
                736.1852347412336
              ],
              [
                80.49081454079777,
                736.1813666888977
              ],
              [
                80.49980085873703,
                736.1702101063697
              ],
              [
                80.50267503682855,
                736.167225163464
              ],
              [
                80.50296637452954,
                736.1668564065162
              ],
              [
                80.5079230808805,
                736.1616727714471
              ],
              [
                80.50885155205579,
                736.1604855735274
              ],
              [
                80.51599273660938,
                736.1528924698325
              ],
              [
                80.51713275468083,
                736.151419713589
              ],
              [
                80.52173507396543,
                736.1464908036282
              ],
              [
                80.52375501147235,
                736.1438595595988
              ],
              [
                80.53561550633815,
                736.1309093695853
              ],
              [
                80.53877597161117,
                736.1266992877622
              ],
              [
                80.54259530858094,
                736.122485298796
              ],
              [
                80.54599162503978,
                736.1179058961706
              ],
              [
                80.54670784045602,
                736.117111203083
              ],
              [
                80.55325798747535,
                736.1082025868174
              ],
              [
                80.55972660698453,
                736.100875049659
              ],
              [
                80.57348676711179,
                736.081742857292
              ],
              [
                80.57997884777143,
                736.0741027001698
              ],
              [
                80.58428285667053,
                736.0679191159226
              ],
              [
                80.59703216552734,
                736.0525390625
              ],
              [
                80.59926688920581,
                736.0492363140106
              ],
              [
                80.60084385455269,
                736.0473272716131
              ],
              [
                80.61102216968986,
                736.0321279972221
              ],
              [
                80.61107380126634,
                736.0320638962246
              ],
              [
                80.61157760922482,
                736.0312985595613
              ],
              [
                80.61999475301346,
                736.0187292417215
              ],
              [
                80.62394494247978,
                736.0137293402136
              ],
              [
                80.62506416214443,
                736.0119862623205
              ],
              [
                80.63348184640917,
                736.0011117004454
              ],
              [
                80.63369546945604,
                736.0008065246642
              ],
              [
                80.63424830790089,
                735.9999269747944
              ],
              [
                80.63912800961143,
                735.9935704979495
              ],
              [
                80.64117626598421,
                735.9902910121531
              ],
              [
                80.65271421136195,
                735.9749212200769
              ],
              [
                80.65580197588173,
                735.9698437779749
              ],
              [
                80.65951362646057,
                735.9648391965079
              ],
              [
                80.66324667582212,
                735.9586109799187
              ],
              [
                80.66454567831462,
                735.9568442539659
              ],
              [
                80.67026789422502,
                735.9471779158749
              ],
              [
                80.67612229316055,
                735.9390379316312
              ],
              [
                80.68652647536288,
                735.9210253606474
              ],
              [
                80.68993725448506,
                735.9161250826635
              ],
              [
                80.69288908601429,
                735.910869959339
              ],
              [
                80.70609566604988,
                735.8913516570615
              ],
              [
                80.70953544499748,
                735.8850181580813
              ],
              [
                80.71247502008349,
                735.880628491646
              ],
              [
                80.72746264472333,
                735.8525103909565
              ],
              [
                80.7296392674597,
                735.8491205086186
              ],
              [
                80.73096580813731,
                735.8465279890926
              ],
              [
                80.74125239675047,
                735.8300580189764
              ],
              [
                80.74324566859943,
                735.826053575025
              ],
              [
                80.75406141879989,
                735.8082684281716
              ],
              [
                80.75693541662417,
                735.8023007591926
              ],
              [
                80.76041693055218,
                735.7964922041208
              ],
              [
                80.76411154192317,
                735.7886806046967
              ],
              [
                80.76463220768882,
                735.7878030513428
              ],
              [
                80.76470231908063,
                735.7876531631624
              ],
              [
                80.76587979604012,
                735.7856640927458
              ],
              [
                80.77068482008053,
                735.7753235526022
              ],
              [
                80.77582897150259,
                735.7664175770205
              ],
              [
                80.78320172834817,
                735.7500870459112
              ],
              [
                80.78420045133576,
                735.7483090269374
              ],
              [
                80.78596478258464,
                735.7442925070903
              ],
              [
                80.79894327488337,
                735.7203958355336
              ],
              [
                80.8030229490339,
                735.7107526210768
              ],
              [
                80.80684369725718,
                735.7035845617056
              ],
              [
                80.81792036770244,
                735.6765886895619
              ],
              [
                80.81874685113117,
                735.6749734549421
              ],
              [
                80.81987781025985,
                735.6721011092222
              ],
              [
                80.82715935375678,
                735.6574726315116
              ],
              [
                80.82899731111806,
                735.6526689366804
              ],
              [
                80.83869320498646,
                735.6325360456343
              ],
              [
                80.84120730730295,
                735.6256753042818
              ],
              [
                80.84433346687804,
                735.6190655951989
              ],
              [
                80.84684885410522,
                735.6120355588486
              ],
              [
                80.84761549228546,
                735.6103965954943
              ],
              [
                80.84854328450585,
                735.6077700564825
              ],
              [
                80.84970771418038,
                735.6052641727049
              ],
              [
                80.85351557168346,
                735.5943430779425
              ],
              [
                80.85785607589,
                735.5847289348941
              ],
              [
                80.86373031396096,
                735.5672584040076
              ],
              [
                80.86426141085906,
                735.5660493559712
              ],
              [
                80.86432799836055,
                735.565844543586
              ],
              [
                80.87474227748116,
                735.5412280856857
              ],
              [
                80.87884067307007,
                735.5281147611561
              ],
              [
                80.88300030125123,
                735.5179769863528
              ],
              [
                80.89160531140398,
                735.4890363444841
              ],
              [
                80.89605068212646,
                735.4774179006547
              ],
              [
                80.89761426464212,
                735.4717461892059
              ],
              [
                80.90580462833894,
                735.4493954811466
              ],
              [
                80.90781033232759,
                735.4416596408829
              ],
              [
                80.91045507331988,
                735.4342680849777
              ],
              [
                80.91197718781252,
                735.4281914632985
              ],
              [
                80.91284872528512,
                735.4257241790061
              ],
              [
                80.91415174182453,
                735.4204360030054
              ],
              [
                80.91520013883782,
                735.4174291564726
              ],
              [
                80.91794122481738,
                735.4060301083446
              ],
              [
                80.92138868327112,
                735.3957770459613
              ],
              [
                80.9246180534625,
                735.3816443601955
              ],
              [
                80.93277549075266,
                735.3555436287762
              ],
              [
                80.9362485245031,
                735.3388908804769
              ],
              [
                80.94017850623108,
                735.3256734418312
              ],
              [
                80.94534778478811,
                735.2985984659524
              ],
              [
                80.94728628288318,
                735.2915667923892
              ],
              [
                80.94843655474837,
                735.2849675422763
              ],
              [
                80.9499898245423,
                735.2789767046052
              ],
              [
                80.9515003142411,
                735.2733079297556
              ],
              [
                80.95157136197928,
                735.2728768408901
              ],
              [
                80.95475738523922,
                735.2605886033662
              ],
              [
                80.95610661928534,
                735.2520168974086
              ],
              [
                80.95814496266193,
                735.243879374501
              ],
              [
                80.95888513772572,
                735.2388895195369
              ],
              [
                80.95970633178891,
                735.2355567769312
              ],
              [
                80.96087119417446,
                735.2275020393653
              ],
              [
                80.96170916571856,
                735.2240172606928
              ],
              [
                80.96332515911003,
                735.2122505376852
              ],
              [
                80.96579560976264,
                735.2014391098513
              ],
              [
                80.96712861354443,
                735.1908248416141
              ],
              [
                80.97249382516074,
                735.1650993448184
              ],
              [
                80.9746865577926,
                735.1449316510108
              ],
              [
                80.97780295650396,
                735.128608982575
              ],
              [
                80.97998343285462,
                735.1039792514172
              ],
              [
                80.98039010401327,
                735.1016461293347
              ],
              [
                80.98088542460715,
                735.0950109956926
              ],
              [
                80.9830568869374,
                735.0818354427988
              ],
              [
                80.9831755595131,
                735.0800474775114
              ],
              [
                80.9850858810048,
                735.0679111738372
              ],
              [
                80.98563387773635,
                735.0585641618503
              ],
              [
                80.98694385519987,
                735.0497330111278
              ],
              [
                80.98713112392035,
                735.0459210687508
              ],
              [
                80.98773895583052,
                735.0417180602399
              ],
              [
                80.98823425751759,
                735.0308769857414
              ],
              [
                80.98877468972839,
                735.0269418730347
              ],
              [
                80.98921929157783,
                735.0149240786986
              ],
              [
                80.99063568133654,
                735.0036458355063
              ],
              [
                80.99081323734133,
                734.9966062553164
              ],
              [
                80.99352148001083,
                734.9716971496089
              ],
              [
                80.99378045539417,
                734.9481339675073
              ],
              [
                80.99549505603564,
                734.9287665697232
              ],
              [
                80.99518929048516,
                734.9034016362815
              ],
              [
                80.995234870703,
                734.9027910603423
              ],
              [
                80.99515383648924,
                734.8995782889884
              ],
              [
                80.99590864942273,
                734.888205995806
              ],
              [
                80.99580980002321,
                734.884996579932
              ],
              [
                80.99650165820756,
                734.8731957673173
              ],
              [
                80.99610984424287,
                734.8631550179122
              ],
              [
                80.99657440185547,
                734.8536987304688
              ],
              [
                80.99644731603776,
                734.8511110337936
              ],
              [
                80.99667776961863,
                734.8460669071453
              ],
              [
                80.99596783374375,
                734.8325078518612
              ],
              [
                80.9961289567062,
                734.8281526234066
              ],
              [
                80.9953684502676,
                734.8160052854116
              ],
              [
                80.99566211679675,
                734.8043622599702
              ],
              [
                80.99539930517241,
                734.800841002338
              ],
              [
                80.99565949914287,
                734.7771669456441
              ],
              [
                80.99334517774089,
                734.7504223456301
              ],
              [
                80.99307677807295,
                734.7281571175731
              ],
              [
                80.99019210732105,
                734.7026028353165
              ],
              [
                80.98993461028752,
                734.6942424904805
              ],
              [
                80.98933710874971,
                734.6895947418641
              ],
              [
                80.9888961402218,
                734.6782943419724
              ],
              [
                80.98743941665623,
                734.6676939405359
              ],
              [
                80.98694385519987,
                734.6576034146534
              ],
              [
                80.98673705034032,
                734.6562092495356
              ],
              [
                80.98643705154669,
                734.6504795767976
              ],
              [
                80.98399619769434,
                734.634359754537
              ],
              [
                80.98369921226588,
                734.6296160966322
              ],
              [
                80.98198252197213,
                734.6191140133591
              ],
              [
                80.98091675467776,
                734.606797867481
              ],
              [
                80.98082497950155,
                734.6055682261341
              ],
              [
                80.98079592118454,
                734.6054014998709
              ],
              [
                80.97888765338345,
                734.5833493082367
              ],
              [
                80.97338674518782,
                734.5537300507556
              ],
              [
                80.97057245653814,
                734.528799258755
              ],
              [
                80.96586341730733,
                734.5070013759549
              ],
              [
                80.96519101142209,
                734.5017709734789
              ],
              [
                80.96380634255783,
                734.495718914838
              ],
              [
                80.96234166390771,
                734.4850606252121
              ],
              [
                80.95974697681413,
                734.4742136932837
              ],
              [
                80.95943185084961,
                734.4721325467485
              ],
              [
                80.95814496266193,
                734.4634570512802
              ],
              [
                80.95807732635231,
                734.4631870319963
              ],
              [
                80.9571150082477,
                734.4568317162982
              ],
              [
                80.95244194673634,
                734.4383955796429
              ],
              [
                80.95160842154172,
                734.4332963773953
              ],
              [
                80.94968545417836,
                734.426112098214
              ],
              [
                80.9479856571952,
                734.4169596596131
              ],
              [
                80.94778566660668,
                734.4158061946249
              ],
              [
                80.94774175856796,
                734.4156464044228
              ],
              [
                80.94336463194698,
                734.3920780706488
              ],
              [
                80.93410213358939,
                734.3599801459054
              ],
              [
                80.92820854116866,
                734.3326990317413
              ],
              [
                80.92241319205642,
                734.3147992880384
              ],
              [
                80.9219107985339,
                734.3126034453085
              ],
              [
                80.9190038174276,
                734.3038893880897
              ],
              [
                80.91628606189357,
                734.292527976015
              ],
              [
                80.91324701431031,
                734.2837639471151
              ],
              [
                80.90899283281034,
                734.2669803735841
              ],
              [
                80.90162478951243,
                734.2465556277418
              ],
              [
                80.90017405271743,
                734.2411356199183
              ],
              [
                80.89875871650283,
                734.2373872423274
              ],
              [
                80.89667213428572,
                734.2297937491105
              ],
              [
                80.89610711966753,
                734.2283136073098
              ],
              [
                80.88942654097507,
                734.2051629730171
              ],
              [
                80.87587728408323,
                734.1710666483707
              ],
              [
                80.86641131886674,
                734.1418296950839
              ],
              [
                80.85505133388905,
                734.1159387943027
              ],
              [
                80.85146856555774,
                734.1056067793087
              ],
              [
                80.84832014897063,
                734.0987913311354
              ],
              [
                80.84253200818813,
                734.0827461886734
              ],
              [
                80.8324629783888,
                734.0615880911153
              ],
              [
                80.82787566250482,
                734.0495709188613
              ],
              [
                80.82648456518162,
                734.0467712576873
              ],
              [
                80.81758372342026,
                734.0243725392377
              ],
              [
                80.79928324647307,
                733.9888359837903
              ],
              [
                80.78580262418733,
                733.9581118715001
              ],
              [
                80.77210772359912,
                733.9338125804193
              ],
              [
                80.76850053955603,
                733.9260040280194
              ],
              [
                80.76556096781766,
                733.9210065957076
              ],
              [
                80.75836988166144,
                733.9058959340575
              ],
              [
                80.74761270244115,
                733.888037222226
              ],
              [
                80.74203628587671,
                733.8768143719733
              ],
              [
                80.73950300192577,
                733.8727524532273
              ],
              [
                80.72851593036322,
                733.8514173438248
              ],
              [
                80.70597499529379,
                733.8164712091025
              ],
              [
                80.68842039749374,
                733.7853235363608
              ],
              [
                80.67200729786566,
                733.7619602533413
              ],
              [
                80.66819384347953,
                733.755477172857
              ],
              [
                80.66574522899302,
                733.7521235605917
              ],
              [
                80.6573135527924,
                733.7381255716729
              ],
              [
                80.6464066625801,
                733.7234798989883
              ],
              [
                80.63995259436912,
                733.7131313154258
              ],
              [
                80.6359600444099,
                733.707924163533
              ],
              [
                80.62306588945086,
                733.6879338270655
              ],
              [
                80.59609639759373,
                733.6539046217114
              ],
              [
                80.58836538746999,
                733.6428998888066
              ],
              [
                80.58282491738085,
                733.6348880327237
              ],
              [
                80.5823129664422,
                733.6342845493137
              ],
              [
                80.57444456821285,
                733.6230842508382
              ],
              [
                80.55541529737671,
                733.6010161429315
              ],
              [
                80.5515299994541,
                733.5956948549788
              ],
              [
                80.54981303879546,
                733.5937748620969
              ],
              [
                80.54033213348617,
                733.5810439889323
              ],
              [
                80.52978220151648,
                733.5694452061623
              ],
              [
                80.52257430377809,
                733.5600445427428
              ],
              [
                80.51681533930322,
                733.5538704264972
              ],
              [
                80.50223133130828,
                733.5354688116067
              ],
              [
                80.4709626819502,
                733.5030257815099
              ],
              [
                80.45543533629396,
                733.484722278583
              ],
              [
                80.45362750685665,
                733.4829735776573
              ],
              [
                80.44496477536593,
                733.4729274705336
              ],
              [
                80.42606288546374,
                733.4549610912649
              ],
              [
                80.4256075328889,
                733.4544461746682
              ],
              [
                80.42333866203617,
                733.4523447705568
              ],
              [
                80.4196505877399,
                733.4482205779836
              ],
              [
                80.41886072668522,
                733.4474961647103
              ],
              [
                80.40854745438317,
                733.4361575697865
              ],
              [
                80.39881803561843,
                733.4273669426152
              ],
              [
                80.3909934202315,
                733.4189782669797
              ],
              [
                80.38401213847365,
                733.4128095695255
              ],
              [
                80.3685494561095,
                733.3967661432945
              ],
              [
                80.33365626040586,
                733.3669262197571
              ],
              [
                80.3138957788335,
                733.3478120424426
              ],
              [
                80.31051553363372,
                733.3451325208304
              ],
              [
                80.30125354879867,
                733.3363289391151
              ],
              [
                80.28147185900403,
                733.3209492427783
              ],
              [
                80.27950297071871,
                733.3191256793381
              ],
              [
                80.27652261859512,
                733.3168718100904
              ],
              [
                80.26322330670622,
                733.3048557487741
              ],
              [
                80.25472495850688,
                733.298570734081
              ],
              [
                80.24643408092226,
                733.2912448708336
              ],
              [
                80.23806635602836,
                733.2851797537185
              ],
              [
                80.22220761232619,
                733.2716176912611
              ],
              [
                80.18403305489673,
                733.2448698134506
              ],
              [
                80.15957839525308,
                733.2254845957634
              ],
              [
                80.15438444531148,
                733.2221424243963
              ],
              [
                80.14472328515569,
                733.2146311495255
              ],
              [
                80.1244928910839,
                733.2019004532319
              ],
              [
                80.12066529139575,
                733.1990058592808
              ],
              [
                80.11778184786839,
                733.197246438754
              ],
              [
                80.11531865891202,
                733.1953934920879
              ],
              [
                80.11472687126366,
                733.1950341391224
              ],
              [
                80.1057533227315,
                733.1883976865964
              ],
              [
                80.09883538820566,
                733.1842619849584
              ],
              [
                80.09024116558558,
                733.1780326971455
              ],
              [
                80.08040334578166,
                733.1722592847739
              ],
              [
                80.0645089124891,
                733.1611224861256
              ],
              [
                80.02349509287437,
                733.137918538744
              ],
              [
                79.99397920999145,
                733.118925837668
              ],
              [
                79.98677554480426,
                733.1152369061147
              ],
              [
                79.97691236681975,
                733.1090301499356
              ],
              [
                79.95665992825005,
                733.0989330124594
              ],
              [
                79.95066929822121,
                733.0952776478437
              ],
              [
                79.94959804056683,
                733.0947624704678
              ],
              [
                79.94576759201244,
                733.0924364958538
              ],
              [
                79.94309699296177,
                733.0911579617992
              ],
              [
                79.93764761110714,
                733.0879001949936
              ],
              [
                79.93259182084643,
                733.0855147718902
              ],
              [
                79.92386778467167,
                733.0803949933838
              ],
              [
                79.91251386047601,
                733.0751298811376
              ],
              [
                79.89691514746748,
                733.0663047651335
              ],
              [
                79.85356975705164,
                733.0470234313403
              ],
              [
                79.81870361851631,
                733.0291687982829
              ],
              [
                79.80934843075704,
                733.0254887979817
              ],
              [
                79.79947004266062,
                733.0205637889607
              ],
              [
                79.78086341017169,
                733.0134895598972
              ],
              [
                79.76685161271975,
                733.0067814918316
              ],
              [
                79.7619939711757,
                733.0050232896467
              ],
              [
                79.76051827518468,
                733.0043270267226
              ],
              [
                79.75753426329035,
                733.0032617797663
              ],
              [
                79.74886176061486,
                732.9992401129614
              ],
              [
                79.73618137180316,
                732.9947871122815
              ],
              [
                79.73444032168786,
                732.9939917250445
              ],
              [
                79.73405915137597,
                732.9938615182107
              ],
              [
                79.72097983061116,
                732.9880434428159
              ],
              [
                79.67586429038329,
                732.9729808537887
              ],
              [
                79.63545082387455,
                732.9570836240642
              ],
              [
                79.62386398208062,
                732.9537984837278
              ],
              [
                79.6141402191861,
                732.9501015156646
              ],
              [
                79.59876280226926,
                732.9459424795049
              ],
              [
                79.58033070443273,
                732.9392710620293
              ],
              [
                79.5728783860742,
                732.9373836053162
              ],
              [
                79.56510865155592,
                732.9346518230011
              ],
              [
                79.54967579057221,
                732.9308506808369
              ],
              [
                79.53833379743129,
                732.9270639638748
              ],
              [
                79.49205028041578,
                732.9164262199193
              ],
              [
                79.44599736382808,
                732.9033691421943
              ],
              [
                79.43216612942629,
                732.9008840935481
              ],
              [
                79.42274432139607,
                732.898335834598
              ],
              [
                79.41095560481389,
                732.8963732477604
              ],
              [
                79.38803965968036,
                732.8905693016056
              ],
              [
                79.3831610675864,
                732.8898377970186
              ],
              [
                79.37759180837841,
                732.8884660781894
              ],
              [
                79.35789242307915,
                732.8855915507328
              ],
              [
                79.35067008854189,
                732.8839315786623
              ],
              [
                79.31179193976098,
                732.8788645842286
              ],
              [
                79.30133583288453,
                732.8773388327471
              ],
              [
                79.24954145085371,
                732.8679969417009
              ],
              [
                79.23286109901179,
                732.8666831610552
              ],
              [
                79.2288402242972,
                732.8660056660764
              ],
              [
                79.22834526833704,
                732.8659722587897
              ],
              [
                79.2271633917831,
                732.8657754998505
              ],
              [
                79.21917193123366,
                732.86524898058
              ],
              [
                79.19187003140188,
                732.8611552862151
              ],
              [
                79.18968514134566,
                732.8610468026407
              ],
              [
                79.1864946454849,
                732.8605812465935
              ],
              [
                79.16267174148184,
                732.8594297284465
              ],
              [
                79.15972825599015,
                732.8590461035808
              ],
              [
                79.1584705189357,
                732.859004225492
              ],
              [
                79.15609720835022,
                732.8586928618563
              ],
              [
                79.13178645479333,
                732.8579368387427
              ],
              [
                79.10597052318447,
                732.8566889844204
              ],
              [
                79.05054764813724,
                732.8523237587194
              ],
              [
                79.03197803325175,
                732.8527183593565
              ],
              [
                79.03030758944524,
                732.8526056119615
              ],
              [
                79.02617334424035,
                732.8527385323519
              ],
              [
                79.01198946767713,
                732.8519067991009
              ],
              [
                79.00923426019284,
                732.8520130825113
              ],
              [
                78.99359893798828,
                732.8512573242188
              ],
              [
                78.96269789554373,
                732.8526784719573
              ],
              [
                78.95755391781053,
                732.8525185029933
              ],
              [
                78.939841829783,
                732.8537296289281
              ],
              [
                78.90158038982922,
                732.8554892834435
              ],
              [
                78.85098262489439,
                732.8565644759235
              ],
              [
                78.83444573149964,
                732.8585768254914
              ],
              [
                78.80991950483451,
                732.8597047936375
              ],
              [
                78.797642034933,
                732.86140884301
              ],
              [
                78.79690474795476,
                732.8614450756445
              ],
              [
                78.79002146669912,
                732.862466538498
              ],
              [
                78.76907244678206,
                732.8653741541982
              ],
              [
                78.75790751740202,
                732.8661277363889
              ],
              [
                78.73110404338671,
                732.8706439723693
              ],
              [
                78.70138717273453,
                732.8747685204395
              ],
              [
                78.65283425741104,
                732.8806768513357
              ],
              [
                78.64315532428638,
                732.8828508000628
              ],
              [
                78.62784465269337,
                732.8849758421545
              ],
              [
                78.62542714805942,
                732.8855415182436
              ],
              [
                78.62490267066345,
                732.885614944192
              ],
              [
                78.61902487774903,
                732.8870025028774
              ],
              [
                78.61566413143349,
                732.8874829432867
              ],
              [
                78.60641833416359,
                732.8897128143216
              ],
              [
                78.60268062738278,
                732.8902674812736
              ],
              [
                78.5801105944202,
                732.8959233927807
              ],
              [
                78.58010205914398,
                732.8959247424876
              ],
              [
                78.58005540850995,
                732.8959372220305
              ],
              [
                78.57813574301792,
                732.8964182784014
              ],
              [
                78.56168903910506,
                732.8991894563437
              ],
              [
                78.52918662981529,
                732.9080610035029
              ],
              [
                78.48785945835266,
                732.9177312198061
              ],
              [
                78.45807631060062,
                732.9244207004863
              ],
              [
                78.45523181558893,
                732.925365818348
              ],
              [
                78.44885904754851,
                732.92685699336
              ],
              [
                78.44560980299974,
                732.9279402488415
              ],
              [
                78.4444695060351,
                732.9282094364397
              ],
              [
                78.44057129101394,
                732.9295209926171
              ],
              [
                78.43661462876975,
                732.9304591693285
              ],
              [
                78.43457732667144,
                732.9311568644146
              ],
              [
                78.43168405119503,
                732.9318546550963
              ],
              [
                78.41815701981706,
                732.9365079629373
              ],
              [
                78.41777036205441,
                732.9366048569956
              ],
              [
                78.41729749970689,
                732.9367219881788
              ],
              [
                78.41728425589085,
                732.9367266722118
              ],
              [
                78.41221875885336,
                732.9379960546283
              ],
              [
                78.39641778799613,
                732.9436522423161
              ],
              [
                78.39578274836575,
                732.9438154940367
              ],
              [
                78.38913906827428,
                732.9462577660681
              ],
              [
                78.38879463110545,
                732.94638106237
              ]
            ],
            [
              [
                77.70481218815333,
                733.3221279695852
              ],
              [
                77.72163091214146,
                733.306884366712
              ],
              [
                77.7313044744983,
                733.2997099639057
              ],
              [
                77.73121573946362,
                733.2997882976164
              ],
              [
                77.73266528915366,
                733.298713238297
              ],
              [
                77.7287895771107,
                733.3021709287248
              ],
              [
                77.72177587063756,
                733.307372647962
              ],
              [
                77.70925563235623,
                733.3187203304838
              ],
              [
                77.70481218815333,
                733.3221279695852
              ]
            ],
            [
              [
                77.55931112230954,
                733.4573300390292
              ],
              [
                77.57620391809566,
                733.4386917110644
              ],
              [
                77.58640056360173,
                733.4294500102765
              ],
              [
                77.58622525587744,
                733.4296377582216
              ],
              [
                77.58822691376484,
                733.427823561262
              ],
              [
                77.58489728205305,
                733.4314321692249
              ],
              [
                77.57634887659175,
                733.4391799923144
              ],
              [
                77.56329800702737,
                733.4535794079142
              ],
              [
                77.55931112230954,
                733.4573300390292
              ]
            ],
            [
              [
                77.42798129958273,
                733.6062521401128
              ],
              [
                77.44439657374328,
                733.5841187051102
              ],
              [
                77.45479146839023,
                733.5726497062516
              ],
              [
                77.45454864896797,
                733.5729660116585
              ],
              [
                77.45694013507116,
                733.5703274133543
              ],
              [
                77.45418044186299,
                733.5739720884391
              ],
              [
                77.44454153223937,
                733.5846069863602
              ],
              [
                77.43144765876431,
                733.6022620309643
              ],
              [
                77.42798129958273,
                733.6062521401128
              ]
            ],
            [
              [
                77.3121057585039,
                733.7674122697812
              ],
              [
                77.32747825586365,
                733.7417648073983
              ],
              [
                77.33772145590086,
                733.7279534509736
              ],
              [
                77.33743385332411,
                733.728413934621
              ],
              [
                77.34003621437769,
                733.7249050569337
              ],
              [
                77.337847709321,
                733.7284669530989
              ],
              [
                77.32762321435975,
                733.7422530886483
              ],
              [
                77.31500758222495,
                733.76330099928
              ],
              [
                77.3121057585039,
                733.7674122697812
              ]
            ],
            [
              [
                77.21281266259231,
                733.9392097154893
              ],
              [
                77.22657495177204,
                733.9101117997855
              ],
              [
                77.2362971893014,
                733.893891226415
              ],
              [
                77.23599053629249,
                733.8945072862803
              ],
              [
                77.23861710986482,
                733.8901251130188
              ],
              [
                77.23697781498686,
                733.8934858009518
              ],
              [
                77.22671991026813,
                733.9106000810355
              ],
              [
                77.21512901699575,
                733.9351069658252
              ],
              [
                77.21281266259231,
                733.9392097154893
              ]
            ],
            [
              [
                77.13417909401883,
                734.1119871338927
              ],
              [
                77.13296037259498,
                734.1155360358424
              ],
              [
                77.13215386912312,
                734.1177900620467
              ],
              [
                77.13040201449104,
                734.1217927546415
              ],
              [
                77.14265841544618,
                734.0875384087074
              ],
              [
                77.15147726907797,
                734.0688925093057
              ],
              [
                77.15117950629187,
                734.069670743658
              ],
              [
                77.1536455766499,
                734.0644566759647
              ],
              [
                77.15251052483009,
                734.0675026438072
              ],
              [
                77.14280337394227,
                734.0880266899574
              ],
              [
                77.1344115561516,
                734.1114802495032
              ],
              [
                77.13417909401883,
                734.1119871338927
              ]
            ],
            [
              [
                77.00019298562044,
                734.6573592740284
              ],
              [
                76.99895892704855,
                734.682479113336
              ],
              [
                76.99869122230528,
                734.6844893893465
              ],
              [
                77.00004802712435,
                734.6568709927784
              ],
              [
                77.00386549023854,
                734.6311357468846
              ],
              [
                77.00377207104253,
                734.6323731243936
              ],
              [
                77.00477736618181,
                734.6255959750587
              ],
              [
                77.00467698456582,
                734.6271306085522
              ],
              [
                77.00019298562044,
                734.6573592740284
              ]
            ],
            [
              [
                77.02899187815838,
                734.4632129106552
              ],
              [
                77.02529394785743,
                734.4881423317776
              ],
              [
                77.02470796466002,
                734.4906271975611
              ],
              [
                77.02884691966229,
                734.4627246294052
              ],
              [
                77.03469297489325,
                734.4393858686709
              ],
              [
                77.03450108861028,
                734.4404868437513
              ],
              [
                77.03614810120357,
                734.4339116009043
              ],
              [
                77.03580105950003,
                734.4360291349551
              ],
              [
                77.02899187815838,
                734.4632129106552
              ]
            ],
            [
              [
                77.02274741695476,
                734.5038441366047
              ],
              [
                77.02249391775726,
                734.5057477388689
              ],
              [
                77.02239685059311,
                734.5062074630467
              ],
              [
                77.02274741695476,
                734.5038441366047
              ]
            ],
            [
              [
                77.07668176750043,
                734.2728242001785
              ],
              [
                77.07057713033875,
                734.2971952778468
              ],
              [
                77.06976675943896,
                734.2995550680415
              ],
              [
                77.06760265206032,
                734.308731980282
              ],
              [
                77.06676842587551,
                734.3113334903844
              ],
              [
                77.07653680900434,
                734.2723359189285
              ],
              [
                77.08406317585903,
                734.2513011327126
              ],
              [
                77.08380354548255,
                734.2522429113293
              ],
              [
                77.08593629607566,
                734.2462822727312
              ],
              [
                77.08523863795494,
                734.2489093493398
              ],
              [
                77.07668176750043,
                734.2728242001785
              ]
            ],
            [
              [
                77.88889351121017,
                733.1842021424793
              ],
              [
                77.88519567341014,
                733.1869058288665
              ],
              [
                77.88147725510424,
                733.189135681552
              ],
              [
                77.8808691783813,
                733.189586908514
              ],
              [
                77.87942197292564,
                733.1904543300824
              ],
              [
                77.86787865360003,
                733.199015439166
              ],
              [
                77.86305899343657,
                733.2019941529612
              ],
              [
                77.87927701442955,
                733.1899660488324
              ],
              [
                77.87936503724421,
                733.1899132899877
              ],
              [
                77.87937619655845,
                733.1899050136761
              ],
              [
                77.8881458099454,
                733.1846487096947
              ],
              [
                77.88813309171846,
                733.1846579203825
              ],
              [
                77.88889351121017,
                733.1842021424793
              ]
            ],
            [
              [
                78.05549134128323,
                733.085327647155
              ],
              [
                78.05408407122901,
                733.0861601538056
              ],
              [
                78.04987083927543,
                733.0881537975916
              ],
              [
                78.03641725787824,
                733.0962216108767
              ],
              [
                78.03248337904164,
                733.0981361001147
              ],
              [
                78.04772318894567,
                733.0890017095845
              ],
              [
                78.05549134128323,
                733.085327647155
              ]
            ],
            [
              [
                78.22626797823241,
                733.0046850819266
              ],
              [
                78.21257714762183,
                733.0111633958845
              ],
              [
                78.2113261382701,
                733.0116232773221
              ],
              [
                78.22514979786747,
                733.0050851732586
              ],
              [
                78.22626797823241,
                733.0046850819266
              ]
            ],
            [
              [
                77.0349393543362,
                735.2674082800761
              ],
              [
                77.02884691966229,
                735.2430859174698
              ],
              [
                77.02498902603078,
                735.2170781111679
              ],
              [
                77.0252072120242,
                735.2180600521058
              ],
              [
                77.02899187815838,
                735.2435741987198
              ],
              [
                77.0348942639029,
                735.2671378434701
              ],
              [
                77.0349393543362,
                735.2674082800761
              ]
            ],
            [
              [
                77.00381512013658,
                735.0738462827932
              ],
              [
                77.00387343006535,
                735.0747283259549
              ],
              [
                77.00004802712435,
                735.0489395540966
              ],
              [
                76.99876254338982,
                735.0227729315557
              ],
              [
                76.9989343391319,
                735.0241899804519
              ],
              [
                76.99848200538631,
                735.0149825155376
              ],
              [
                76.99851318734882,
                735.0152347560119
              ],
              [
                77.00019298562044,
                735.0494278353466
              ],
              [
                77.00381512013658,
                735.0738462827932
              ]
            ],
            [
              [
                76.99178790827652,
                734.878338555587
              ],
              [
                76.99173912349579,
                734.8798079352863
              ],
              [
                76.99041748046875,
                734.8529052734375
              ],
              [
                76.99169847056248,
                734.8268301210564
              ],
              [
                76.99172882197715,
                734.8281701672756
              ],
              [
                76.99213594191555,
                734.8198830505501
              ],
              [
                76.99216125872911,
                734.8208488307379
              ],
              [
                76.99056243896484,
                734.8533935546875
              ],
              [
                76.99178790827652,
                734.878338555587
              ]
            ],
            [
              [
                77.07022072259801,
                735.408168972069
              ],
              [
                77.0766123265208,
                735.433685685266
              ],
              [
                77.07653680900434,
                735.4334746279465
              ],
              [
                77.07012456553643,
                735.4078755170666
              ],
              [
                77.07022072259801,
                735.408168972069
              ]
            ]
          ]
        ]
      }
    }
  ]
}