{
  "type": "FeatureCollection",
  "features": [
    {
      "type": "Feature",
      "properties": {
        "image_id": "0018_top_20250711_t1",
        "zone_type": "parking_spot",
        "generated_at": "2025-11-03T11:20:41",
        "source": "merged_t1_polygons"
      },
      "geometry": {
        "type": "MultiPolygon",
        "coordinates": [
          [
            [
              [
                904.2360054114324,
                454.98526095525784
              ],
              [
                904.2368517376283,
                454.9855312157211
              ],
              [
                904.2384851132512,
                454.985872644695
              ],
              [
                904.2597407616461,
                454.9924395413063
              ],
              [
                904.2835798038842,
                454.99687032141793
              ],
              [
                904.3142634607642,
                455.00521782158177
              ],
              [
                904.3165876475983,
                455.00561292331855
              ],
              [
                904.3192155328647,
                455.0063202752602
              ],
              [
                904.3362542105701,
                455.0091760378802
              ],
              [
                904.3507371844263,
                455.0128426602311
              ],
              [
                904.3522688725403,
                455.01307223299483
              ],
              [
                904.354753437999,
                455.013694584244
              ],
              [
                904.374232789693,
                455.01658407311413
              ],
              [
                904.3761386325775,
                455.0170339815893
              ],
              [
                904.3872115050295,
                455.0185841650051
              ],
              [
                904.4023412501224,
                455.0219905427401
              ],
              [
                904.4068943466316,
                455.02256069080636
              ],
              [
                904.4157088613268,
                455.02448462500803
              ],
              [
                904.4342492135577,
                455.02679375001435
              ],
              [
                904.4384685086529,
                455.02767572080825
              ],
              [
                904.445365473148,
                455.0283888596765
              ],
              [
                904.4590687210357,
                455.03108929090433
              ],
              [
                904.475572185548,
                455.03263960901523
              ],
              [
                904.4809378282731,
                455.0335517451346
              ],
              [
                904.5005675546398,
                455.03720017195957
              ],
              [
                904.5034335305172,
                455.03737591748444
              ],
              [
                904.5059093064533,
                455.03779678871473
              ],
              [
                904.5078375677547,
                455.03793421654495
              ],
              [
                904.5102319651534,
                455.0383355288244
              ],
              [
                904.5299300497695,
                455.0397004787137
              ],
              [
                904.5468318187175,
                455.04223375280117
              ],
              [
                904.5473083181766,
                455.04225740255043
              ],
              [
                904.5488998013722,
                455.0424934767819
              ],
              [
                904.5677341015709,
                455.0434187466183
              ],
              [
                904.5797288783165,
                455.0449126469813
              ],
              [
                904.5881813921008,
                455.0452618257788
              ],
              [
                904.5945211704877,
                455.04605570580753
              ],
              [
                904.6016096584106,
                455.0462520740791
              ],
              [
                904.6104793480062,
                455.04729067903367
              ],
              [
                904.6322561686533,
                455.0477131608488
              ],
              [
                904.6433506563827,
                455.0488603192007
              ],
              [
                904.6482450796066,
                455.0488603192007
              ],
              [
                904.6598520022112,
                455.0499506613111
              ],
              [
                904.6749167739661,
                455.0498420076579
              ],
              [
                904.6805565773988,
                455.05024395834175
              ],
              [
                904.6836775433521,
                455.0504936658756
              ],
              [
                904.6839867980126,
                455.05048843131635
              ],
              [
                904.6998127333605,
                455.05161635104116
              ],
              [
                904.701323456605,
                455.05157693351845
              ],
              [
                904.7034494487899,
                455.05172425102944
              ],
              [
                904.724772532242,
                455.05113355000987
              ],
              [
                904.7399289461994,
                455.0518781368814
              ],
              [
                904.7449340820312,
                455.05218505859375
              ],
              [
                904.7703214897849,
                455.0509258001389
              ],
              [
                904.7881276996476,
                455.0514190752482
              ],
              [
                904.7958162011342,
                455.05088631181167
              ],
              [
                904.8047004709276,
                455.0510586713351
              ],
              [
                904.8329111919309,
                455.0488603192007
              ],
              [
                904.8493251248673,
                455.0488603192007
              ],
              [
                904.8521968376713,
                455.0485633871198
              ],
              [
                904.8615140011098,
                455.0484961877051
              ],
              [
                904.8725708892075,
                455.04729638695466
              ],
              [
                904.8771030909093,
                455.0472196732255
              ],
              [
                904.8797044256582,
                455.04692264893754
              ],
              [
                904.8941418621644,
                455.04654594990694
              ],
              [
                904.8952259346369,
                455.04641157821777
              ],
              [
                904.8970559779498,
                455.0463608815888
              ],
              [
                904.918925233662,
                455.0436223686168
              ],
              [
                904.9314091917299,
                455.0430431377706
              ],
              [
                904.9322585748299,
                455.0429242255732
              ],
              [
                904.9410293978466,
                455.0424934767819
              ],
              [
                904.9411254406475,
                455.0424792301782
              ],
              [
                904.9414566439403,
                455.04246295920376
              ],
              [
                904.941717473031,
                455.04242426886304
              ],
              [
                904.9430973805013,
                455.04235582311367
              ],
              [
                904.9455071128341,
                455.0419946471625
              ],
              [
                904.9471758848018,
                455.0419106208622
              ],
              [
                904.9654348905777,
                455.0391328334463
              ],
              [
                904.9813451832841,
                455.03803035304315
              ],
              [
                904.9895625231308,
                455.0366530881887
              ],
              [
                904.9983710006486,
                455.0359666776801
              ],
              [
                905.0323887176668,
                455.02995429677276
              ],
              [
                905.0368013586346,
                455.02947547398844
              ],
              [
                905.0542072725971,
                455.02767572080825
              ],
              [
                905.0550925651428,
                455.02749066568606
              ],
              [
                905.0620043356269,
                455.0267406583295
              ],
              [
                905.0684744037941,
                455.02536861081467
              ],
              [
                905.0693074781632,
                455.0252734891386
              ],
              [
                905.0742086105132,
                455.02422652592816
              ],
              [
                905.0870607917752,
                455.02263348731736
              ],
              [
                905.0877214853091,
                455.0224853564184
              ],
              [
                905.0892358983151,
                455.0222957185214
              ],
              [
                905.1050681267892,
                455.01873118057057
              ],
              [
                905.1150112697662,
                455.01733915737054
              ],
              [
                905.1210088559966,
                455.0159233193193
              ],
              [
                905.1335710062842,
                455.01407616100266
              ],
              [
                905.1340881958205,
                455.0139477716157
              ],
              [
                905.1368237104385,
                455.01354199635335
              ],
              [
                905.1390333389353,
                455.01298851322804
              ],
              [
                905.1391920147925,
                455.0129647305436
              ],
              [
                905.1418247115777,
                455.0122982165409
              ],
              [
                905.1461018616943,
                455.01164752318357
              ],
              [
                905.1598627308534,
                455.0081099714162
              ],
              [
                905.1723616155728,
                455.00601509947893
              ],
              [
                905.1810167143165,
                455.0036853931635
              ],
              [
                905.1896638473409,
                455.0021570760965
              ],
              [
                905.2199861333108,
                454.99369644226874
              ],
              [
                905.2313481055414,
                454.9915850491188
              ],
              [
                905.2400998112411,
                454.98897359801293
              ],
              [
                905.2592845364615,
                454.9849052707741
              ],
              [
                905.2685107800463,
                454.9819514637933
              ],
              [
                905.2767469437912,
                454.9801048733889
              ],
              [
                905.2769995597853,
                454.9800217772258
              ],
              [
                905.2781869343958,
                454.97975444645374
              ],
              [
                905.2787989783143,
                454.97955275519246
              ],
              [
                905.2795297078333,
                454.97938823551624
              ],
              [
                905.2890153194094,
                454.9762623732945
              ],
              [
                905.2954444343945,
                454.97474466512284
              ],
              [
                905.295816215688,
                454.97461957914135
              ],
              [
                905.2959327156445,
                454.9745920772322
              ],
              [
                905.3052438124834,
                454.9714593545603
              ],
              [
                905.3224226471303,
                454.96719480569396
              ],
              [
                905.3237970631865,
                454.9667076095867
              ],
              [
                905.3272124209152,
                454.9658521070113
              ],
              [
                905.3347896152927,
                454.9631409435115
              ],
              [
                905.3409802521226,
                454.96154949619773
              ],
              [
                905.350343988347,
                454.9581073089195
              ],
              [
                905.3593856322886,
                454.9556735556353
              ],
              [
                905.3683683879086,
                454.95229428928036
              ],
              [
                905.3767743522632,
                454.94994882672376
              ],
              [
                905.3966096361211,
                454.94227210126604
              ],
              [
                905.404029023354,
                454.94005820518004
              ],
              [
                905.4206993552965,
                454.93339824770436
              ],
              [
                905.4428879336673,
                454.9263586408983
              ],
              [
                905.44507250267,
                454.92542474801337
              ],
              [
                905.4513487730871,
                454.92341538296665
              ],
              [
                905.4574643122555,
                454.920752157764
              ],
              [
                905.4634798648209,
                454.9187698091979
              ],
              [
                905.4687395578155,
                454.91645113833937
              ],
              [
                905.4716465760577,
                454.9154730707591
              ],
              [
                905.4848656423364,
                454.90961282783906
              ],
              [
                905.5058247084033,
                454.9021833632654
              ],
              [
                905.5079941016697,
                454.9011673873284
              ],
              [
                905.5120099311364,
                454.89973050056943
              ],
              [
                905.5220039660916,
                454.8950036740666
              ],
              [
                905.5298385262812,
                454.8921236246111
              ],
              [
                905.5350305011311,
                454.88959686148826
              ],
              [
                905.5406633103332,
                454.88747782770554
              ],
              [
                905.5498460686872,
                454.8829659662314
              ],
              [
                905.5579373129309,
                454.87983446273915
              ],
              [
                905.570094148479,
                454.87371359516595
              ],
              [
                905.5712563933723,
                454.87324926718543
              ],
              [
                905.5931687736526,
                454.86211429474605
              ],
              [
                905.6207687680946,
                454.8503154280581
              ],
              [
                905.6268508605841,
                454.84698686707276
              ],
              [
                905.6362442478735,
                454.8428961883807
              ],
              [
                905.6386272577113,
                454.8415582388161
              ],
              [
                905.6407040464686,
                454.84064271207797
              ],
              [
                905.6576032693611,
                454.83110203003196
              ],
              [
                905.6820411610412,
                454.8196572125882
              ],
              [
                905.6849175001022,
                454.8179513109637
              ],
              [
                905.6894365400583,
                454.8158139642436
              ],
              [
                905.6973787901767,
                454.8110535627211
              ],
              [
                905.698622807073,
                454.8104582639008
              ],
              [
                905.7025836800735,
                454.8080542489174
              ],
              [
                905.7107650890781,
                454.804072626671
              ],
              [
                905.7121282161613,
                454.80323016780255
              ],
              [
                905.7144946161367,
                454.80206745955417
              ],
              [
                905.7237342060938,
                454.79635707891856
              ],
              [
                905.7314436360548,
                454.79247544379496
              ],
              [
                905.7636632656257,
                454.7721132221039
              ],
              [
                905.7904706761221,
                454.7574422678477
              ],
              [
                905.7997187716333,
                454.75114904009126
              ],
              [
                905.8110863433446,
                454.74475517689706
              ],
              [
                905.8112665780498,
                454.7446292627743
              ],
              [
                905.8120910509971,
                454.74416635943106
              ],
              [
                905.8141373537414,
                454.74272862150684
              ],
              [
                905.8159825987487,
                454.74168686378675
              ],
              [
                905.8290014297913,
                454.73249789100356
              ],
              [
                905.8494039928038,
                454.72039752152364
              ],
              [
                905.852874555971,
                454.7178529874187
              ],
              [
                905.8577835324454,
                454.714910660152
              ],
              [
                905.8656041655794,
                454.709110483316
              ],
              [
                905.8681295514839,
                454.7075777238581
              ],
              [
                905.8715808690278,
                454.704982816102
              ],
              [
                905.8792493486808,
                454.70024343503445
              ],
              [
                905.8813475927947,
                454.69864684148797
              ],
              [
                905.8819286290124,
                454.6982877413568
              ],
              [
                905.888718991509,
                454.6930802708228
              ],
              [
                905.8956564611453,
                454.68869591580096
              ],
              [
                905.9248908534275,
                454.6659708086886
              ],
              [
                905.9504059198475,
                454.6486080853032
              ],
              [
                905.9592401465128,
                454.6412531563052
              ],
              [
                905.9707640917857,
                454.6332023901728
              ],
              [
                905.9741835871723,
                454.6302796986537
              ],
              [
                905.977101274274,
                454.6282297236885
              ],
              [
                905.9787554239779,
                454.6267982800135
              ],
              [
                905.9803733327539,
                454.62565632497467
              ],
              [
                905.9898332141878,
                454.61743816711356
              ],
              [
                905.9955718434855,
                454.61323074103893
              ],
              [
                905.9975007756714,
                454.6118314071721
              ],
              [
                905.9975993640153,
                454.61174421136417
              ],
              [
                906.0063289971788,
                454.6053438526219
              ],
              [
                906.0102579667414,
                454.6018279126639
              ],
              [
                906.0154296347336,
                454.59799234227233
              ],
              [
                906.0229620766286,
                454.591165334885
              ],
              [
                906.0266159407898,
                454.5884181404205
              ],
              [
                906.0285539716664,
                454.58663472957903
              ],
              [
                906.0333824276275,
                454.5829606663108
              ],
              [
                906.0385256641312,
                454.5781948234159
              ],
              [
                906.0415966544346,
                454.5758397073933
              ],
              [
                906.0452022931365,
                454.57244773053367
              ],
              [
                906.0490266026717,
                454.56947493592315
              ],
              [
                906.0751125596852,
                454.54478366282234
              ],
              [
                906.0990781386741,
                454.52483113743006
              ],
              [
                906.1073815900689,
                454.51643346422065
              ],
              [
                906.1188330596883,
                454.50664572967105
              ],
              [
                906.1240335733419,
                454.50124096263517
              ],
              [
                906.1259761704688,
                454.4995658142711
              ],
              [
                906.1268717662441,
                454.49862354418764
              ],
              [
                906.1295971895717,
                454.49626505754344
              ],
              [
                906.1308831578032,
                454.4949027303829
              ],
              [
                906.1322733453153,
                454.49369502175443
              ],
              [
                906.1382231595093,
                454.4873704266245
              ],
              [
                906.1420938690238,
                454.4839470032256
              ],
              [
                906.1426312974675,
                454.48337021644977
              ],
              [
                906.1513307690061,
                454.4755852695039
              ],
              [
                906.1555613177169,
                454.47098438811054
              ],
              [
                906.1608566287794,
                454.46618499792
              ],
              [
                906.1609146654706,
                454.4661209642988
              ],
              [
                906.1609786990919,
                454.4660629276075
              ],
              [
                906.1680116188966,
                454.45830329637
              ],
              [
                906.17252417495,
                454.4541507611934
              ],
              [
                906.1731473849459,
                454.45345119725954
              ],
              [
                906.1754483831802,
                454.45131903863165
              ],
              [
                906.1830375662504,
                454.4427802581396
              ],
              [
                906.1881530295669,
                454.4379679253934
              ],
              [
                906.1890380089942,
                454.4369492298908
              ],
              [
                906.1901071650949,
                454.43593723614805
              ],
              [
                906.2129359098674,
                454.409681387119
              ],
              [
                906.2350963493209,
                454.3872694863492
              ],
              [
                906.2427538313231,
                454.3778578932734
              ],
              [
                906.2538887755946,
                454.36628561719544
              ],
              [
                906.259972562195,
                454.358586150572
              ],
              [
                906.262580066157,
                454.3558427555677
              ],
              [
                906.2645936093602,
                454.35325274607095
              ],
              [
                906.268028306974,
                454.3496141010926
              ],
              [
                906.2689788891969,
                454.3483783464988
              ],
              [
                906.2701451273151,
                454.34713864662206
              ],
              [
                906.2728351788619,
                454.3436309119133
              ],
              [
                906.2736849429211,
                454.34271891576236
              ],
              [
                906.2745939548867,
                454.34153190262816
              ],
              [
                906.2830367648791,
                454.3323500281107
              ],
              [
                906.2873369606424,
                454.3266480699572
              ],
              [
                906.2927860434443,
                454.3206359335617
              ],
              [
                906.298773190229,
                454.3125632006354
              ],
              [
                906.3041149117911,
                454.30655309553623
              ],
              [
                906.3119383891855,
                454.2958164253623
              ],
              [
                906.317567192895,
                454.2893426125493
              ],
              [
                906.3189162699518,
                454.2874469971188
              ],
              [
                906.3201143327872,
                454.286067912832
              ],
              [
                906.3376492885097,
                454.2612245890701
              ],
              [
                906.3571879599182,
                454.23721016442147
              ],
              [
                906.3640862241114,
                454.2268228725973
              ],
              [
                906.3746502020196,
                454.21345340376865
              ],
              [
                906.3812034787694,
                454.20325811535093
              ],
              [
                906.3842810603862,
                454.1992994391217
              ],
              [
                906.3870942216422,
                454.1948286996085
              ],
              [
                906.390987139263,
                454.1897679161042
              ],
              [
                906.391643201891,
                454.18870933557315
              ],
              [
                906.3925931612787,
                454.18747062119985
              ],
              [
                906.3939277974679,
                454.185311134483
              ],
              [
                906.4002002952298,
                454.1769939504002
              ],
              [
                906.4043445421441,
                454.17021671084194
              ],
              [
                906.4097043613239,
                454.1629898312736
              ],
              [
                906.4142445515198,
                454.1554149815574
              ],
              [
                906.4181753705891,
                454.15002046122675
              ],
              [
                906.41948016867,
                454.1478079101058
              ],
              [
                906.4210072426729,
                454.14570712411256
              ],
              [
                906.4266318198406,
                454.1360937015856
              ],
              [
                906.4302042268203,
                454.13107404035827
              ],
              [
                906.4332271367622,
                454.12581099201446
              ],
              [
                906.4361448715993,
                454.1216771788269
              ],
              [
                906.448800065625,
                454.09926217490494
              ],
              [
                906.4642106764284,
                454.0760571327205
              ],
              [
                906.470238528331,
                454.0647414550277
              ],
              [
                906.4799718864145,
                454.0495987414323
              ],
              [
                906.4865500175999,
                454.036771298574
              ],
              [
                906.4898829254257,
                454.03147456605325
              ],
              [
                906.4916774915695,
                454.0278747363446
              ],
              [
                906.4930902785577,
                454.0256061188487
              ],
              [
                906.4944518495583,
                454.0228609135373
              ],
              [
                906.4961495000902,
                454.02008468312
              ],
              [
                906.4972235124313,
                454.01835172576835
              ],
              [
                906.4972800496537,
                454.01823585379515
              ],
              [
                906.5017123251199,
                454.0109875905418
              ],
              [
                906.5055303419567,
                454.00311384131146
              ],
              [
                906.5106076654155,
                453.99464283888636
              ],
              [
                906.513856865408,
                453.98777298269795
              ],
              [
                906.5165600933526,
                453.98318910868215
              ],
              [
                906.518386879934,
                453.97926766198026
              ],
              [
                906.52113967765,
                453.9745626314001
              ],
              [
                906.5252740108502,
                453.9655524472594
              ],
              [
                906.5269556478999,
                453.9626246269608
              ],
              [
                906.5310007240754,
                453.9536675615151
              ],
              [
                906.5350702023123,
                453.94645966170305
              ],
              [
                906.5438236610502,
                453.9266050743935
              ],
              [
                906.5551631899955,
                453.90531814551645
              ],
              [
                906.5602115299145,
                453.89313037481656
              ],
              [
                906.5688548260731,
                453.87627583293266
              ],
              [
                906.5749920336409,
                453.8607490136369
              ],
              [
                906.578347675677,
                453.8540177265591
              ],
              [
                906.5788489107276,
                453.85269919558203
              ],
              [
                906.578860692743,
                453.852675440632
              ],
              [
                906.5802588562022,
                453.8490041014438
              ],
              [
                906.5866119720337,
                453.8359023150907
              ],
              [
                906.5899282755568,
                453.82693349945026
              ],
              [
                906.5945242017414,
                453.8172162299646
              ],
              [
                906.5966651622126,
                453.811232646294
              ],
              [
                906.5983464219073,
                453.8076235929149
              ],
              [
                906.6003617333947,
                453.80190956361616
              ],
              [
                906.6038331672213,
                453.794344073247
              ],
              [
                906.6066369193618,
                453.78618533823084
              ],
              [
                906.6069087022029,
                453.7855835259066
              ],
              [
                906.609950158547,
                453.7766170116924
              ],
              [
                906.6132583345885,
                453.76911340974283
              ],
              [
                906.6197859136503,
                453.74930508963155
              ],
              [
                906.6291945452309,
                453.7265906436662
              ],
              [
                906.6331564049195,
                453.7135961477257
              ],
              [
                906.6404559439236,
                453.69512868971566
              ],
              [
                906.6453015857297,
                453.6782129680897
              ],
              [
                906.647560431614,
                453.67228162339586
              ],
              [
                906.6478861713917,
                453.67109224960603
              ],
              [
                906.6488057702782,
                453.66867318570223
              ],
              [
                906.649783585584,
                453.6650571099756
              ],
              [
                906.654095601304,
                453.6533954289019
              ],
              [
                906.6567322217734,
                453.6433564610278
              ],
              [
                906.6606458081832,
                453.6324187197433
              ],
              [
                906.6618845253124,
                453.6274734837584
              ],
              [
                906.6627673588735,
                453.62497037847425
              ],
              [
                906.6646312533474,
                453.61742562634356
              ],
              [
                906.6682748976051,
                453.6068228602992
              ],
              [
                906.6721537065889,
                453.5903919617719
              ],
              [
                906.6738767609069,
                453.5851632527552
              ],
              [
                906.6782890379865,
                453.56556571170495
              ],
              [
                906.6856121017865,
                453.541546808892
              ],
              [
                906.6883827423912,
                453.52782033021595
              ],
              [
                906.6940960853275,
                453.50787553806447
              ],
              [
                906.6971638011564,
                453.49116481894214
              ],
              [
                906.6985495299082,
                453.48610510695755
              ],
              [
                906.6992112660162,
                453.48226774845875
              ],
              [
                906.7005646600257,
                453.4772627386197
              ],
              [
                906.7009275583769,
                453.4750821229082
              ],
              [
                906.7035244330787,
                453.4651944875779
              ],
              [
                906.705287859338,
                453.45423297982137
              ],
              [
                906.7057105545912,
                453.45259257277206
              ],
              [
                906.7057127439201,
                453.45257821464304
              ],
              [
                906.7059529431054,
                453.4516438538819
              ],
              [
                906.7059922131275,
                453.4513857234158
              ],
              [
                906.7083356975252,
                453.44203000926666
              ],
              [
                906.7088974381136,
                453.43824306182603
              ],
              [
                906.7092187606155,
                453.4369423987976
              ],
              [
                906.7105898219947,
                453.427573964122
              ],
              [
                906.7138314558587,
                453.4138421827163
              ],
              [
                906.7158428620644,
                453.39876689203123
              ],
              [
                906.7164180329745,
                453.3962122166745
              ],
              [
                906.7188214396057,
                453.3770190579292
              ],
              [
                906.7238880147256,
                453.35191791878214
              ],
              [
                906.7253651504915,
                453.33754406203775
              ],
              [
                906.7292664600319,
                453.31629252129034
              ],
              [
                906.7306381702307,
                453.3000254671026
              ],
              [
                906.7313530039908,
                453.29588019926643
              ],
              [
                906.7318396441838,
                453.28933484742015
              ],
              [
                906.7331155946046,
                453.2816678036691
              ],
              [
                906.7331615816469,
                453.28096912959643
              ],
              [
                906.7344305888184,
                453.2730809449443
              ],
              [
                906.7351782069801,
                453.26107250933524
              ],
              [
                906.7371345900632,
                453.2478836458935
              ],
              [
                906.737259533428,
                453.24534036527604
              ],
              [
                906.7372650029399,
                453.2453029922118
              ],
              [
                906.7375360775483,
                453.23971118038907
              ],
              [
                906.7378107772712,
                453.23411953907316
              ],
              [
                906.7400550558432,
                453.21729889302134
              ],
              [
                906.7411818357303,
                453.18363351904225
              ],
              [
                906.7436641730617,
                453.1594781488875
              ],
              [
                906.7437483809616,
                453.1445520233975
              ],
              [
                906.7456334681735,
                453.1221968525658
              ],
              [
                906.745425912556,
                453.1065983861789
              ],
              [
                906.7456652765152,
                453.10337892063905
              ],
              [
                906.7454884705331,
                453.09546639869444
              ],
              [
                906.7465215200965,
                453.07887329034054
              ],
              [
                906.7460692853978,
                453.0660137442695
              ],
              [
                906.7467651367188,
                453.0518493652344
              ],
              [
                906.7467568922236,
                453.0516814924293
              ],
              [
                906.7467651367188,
                453.051513671875
              ],
              [
                906.7460782251499,
                453.0373416098306
              ],
              [
                906.7466879396194,
                453.01912486149075
              ],
              [
                906.7446321994022,
                452.98789231600176
              ],
              [
                906.744755550259,
                452.96602797346384
              ],
              [
                906.743350918191,
                452.95065594408726
              ],
              [
                906.7430418645575,
                452.92742957820013
              ],
              [
                906.7414046583806,
                452.91270531274927
              ],
              [
                906.7413530229974,
                452.9103944966884
              ],
              [
                906.7402809932693,
                452.9014204268713
              ],
              [
                906.739682777773,
                452.8844098353438
              ],
              [
                906.7380843433652,
                452.87241530235565
              ],
              [
                906.7373870732524,
                452.85802952731945
              ],
              [
                906.7371752636142,
                452.8565822363453
              ],
              [
                906.7371345900632,
                452.855754049419
              ],
              [
                906.7349777578386,
                452.8412138676301
              ],
              [
                906.7336649110108,
                452.8212679873465
              ],
              [
                906.7289260100068,
                452.7927924598199
              ],
              [
                906.7271519353483,
                452.7733773201618
              ],
              [
                906.7241669910557,
                452.7576778073441
              ],
              [
                906.7215162311969,
                452.73383811485127
              ],
              [
                906.718628961761,
                452.7201690703569
              ],
              [
                906.7184564137857,
                452.71872465371723
              ],
              [
                906.7162740538464,
                452.708752510928
              ],
              [
                906.7139790953379,
                452.69153131286106
              ],
              [
                906.7114182256362,
                452.68058491676015
              ],
              [
                906.709340830928,
                452.66639012073364
              ],
              [
                906.7086006997578,
                452.6633941859841
              ],
              [
                906.7083356975252,
                452.66160768604584
              ],
              [
                906.7060631568659,
                452.6525351951762
              ],
              [
                906.7059529431054,
                452.6518107359619
              ],
              [
                906.704565873318,
                452.64641511573757
              ],
              [
                906.701113976432,
                452.62567305239594
              ],
              [
                906.6942255719935,
                452.60019892457564
              ],
              [
                906.6910180284615,
                452.5833286362707
              ],
              [
                906.68636697822,
                452.56743289581885
              ],
              [
                906.6812607441464,
                452.54325872631347
              ],
              [
                906.6773291584344,
                452.5307965051549
              ],
              [
                906.6771887398588,
                452.53015487218624
              ],
              [
                906.6743548168945,
                452.5213685275426
              ],
              [
                906.6736401991768,
                452.51910335397304
              ],
              [
                906.6696537761617,
                452.5020634533023
              ],
              [
                906.6679810265106,
                452.49713397926513
              ],
              [
                906.6677255811989,
                452.4960518955602
              ],
              [
                906.666067952828,
                452.4912283056154
              ],
              [
                906.662889429186,
                452.478362141057
              ],
              [
                906.6613215777762,
                452.4739167990108
              ],
              [
                906.6606458081832,
                452.4712189755692
              ],
              [
                906.6566739830878,
                452.4601184680624
              ],
              [
                906.6558549161196,
                452.45693234553374
              ],
              [
                906.6547743343867,
                452.45399285343257
              ],
              [
                906.6542939750047,
                452.4521574678606
              ],
              [
                906.6539186716345,
                452.4511392778976
              ],
              [
                906.6493550866844,
                452.4342626053134
              ],
              [
                906.6408733803765,
                452.4119509323932
              ],
              [
                906.6366918998899,
                452.3976600249492
              ],
              [
                906.630296190756,
                452.38171283055146
              ],
              [
                906.6226572368405,
                452.35749910609263
              ],
              [
                906.6125682294103,
                452.33383641441503
              ],
              [
                906.6071263904595,
                452.3177997027622
              ],
              [
                906.6043836288967,
                452.3117309647685
              ],
              [
                906.603283850815,
                452.3085306826124
              ],
              [
                906.6020165785993,
                452.3057688452211
              ],
              [
                906.5984684922198,
                452.2957089266163
              ],
              [
                906.5957900664008,
                452.28995932006654
              ],
              [
                906.5945242017414,
                452.2864214653479
              ],
              [
                906.5885409762415,
                452.2737709979034
              ],
              [
                906.5871095682658,
                452.2698876188839
              ],
              [
                906.5870517699855,
                452.269768063133
              ],
              [
                906.5864290445329,
                452.26807407137505
              ],
              [
                906.5852870276633,
                452.2657274632534
              ],
              [
                906.5788969920833,
                452.2489180644565
              ],
              [
                906.5693886530033,
                452.2298447070212
              ],
              [
                906.5646818270857,
                452.21810860921994
              ],
              [
                906.5564720296702,
                452.20226875645506
              ],
              [
                906.5462615783081,
                452.1783212309782
              ],
              [
                906.533748950436,
                452.1554420030615
              ],
              [
                906.5269888037643,
                452.14048424679595
              ],
              [
                906.5229616570298,
                452.13348002231595
              ],
              [
                906.5205903612438,
                452.1283121244593
              ],
              [
                906.5200857017901,
                452.12744956992134
              ],
              [
                906.5166821636651,
                452.1201434108491
              ],
              [
                906.5126333866026,
                452.1132778840223
              ],
              [
                906.5106076654155,
                452.10899485642614
              ],
              [
                906.5039879221183,
                452.09795048196787
              ],
              [
                906.5025593020285,
                452.0949953811085
              ],
              [
                906.5007649593199,
                452.0920521198318
              ],
              [
                906.4983780465928,
                452.08714750857814
              ],
              [
                906.4977266588535,
                452.0860935410761
              ],
              [
                906.490432241832,
                452.0714612249624
              ],
              [
                906.480462231815,
                452.0556166594807
              ],
              [
                906.475661539197,
                452.0463542793769
              ],
              [
                906.4655795301644,
                452.03079482907896
              ],
              [
                906.4527984006137,
                452.00742464824935
              ],
              [
                906.4379460757195,
                451.98561647150626
              ],
              [
                906.4299995745052,
                451.9717955004802
              ],
              [
                906.4253486776227,
                451.96526886751474
              ],
              [
                906.4182974409016,
                451.9533120583045
              ],
              [
                906.4126477711753,
                451.9455586466967
              ],
              [
                906.4097043613239,
                451.9406478640389
              ],
              [
                906.4027255515101,
                451.9312380283032
              ],
              [
                906.4014408244001,
                451.9291306897575
              ],
              [
                906.3979538831254,
                451.92449252506583
              ],
              [
                906.3848303767925,
                451.9036363518939
              ],
              [
                906.3749499054198,
                451.8909271561596
              ],
              [
                906.3704639136308,
                451.88400397586355
              ],
              [
                906.3584653191404,
                451.86891215756873
              ],
              [
                906.3431542255407,
                451.84643035504087
              ],
              [
                906.3260850552266,
                451.825971599363
              ],
              [
                906.31707677372,
                451.8133302210381
              ],
              [
                906.3123004059396,
                451.80784538837827
              ],
              [
                906.3042369821036,
                451.796779423995
              ],
              [
                906.2967907399894,
                451.78840146996293
              ],
              [
                906.2927860434443,
                451.7830017617508
              ],
              [
                906.2857256112973,
                451.7752117753214
              ],
              [
                906.2847080881688,
                451.7738583140855
              ],
              [
                906.2805261293347,
                451.7692949647294
              ],
              [
                906.2773881565452,
                451.76517103916933
              ],
              [
                906.2761183873907,
                451.7638007205898
              ],
              [
                906.2631293825633,
                451.7470930354479
              ],
              [
                906.2538642181669,
                451.7373450135505
              ],
              [
                906.2500731836187,
                451.73257665467344
              ],
              [
                906.2361300274085,
                451.7181533573362
              ],
              [
                906.2183690557082,
                451.69686542277736
              ],
              [
                906.199243636761,
                451.67801923417386
              ],
              [
                906.1892892948692,
                451.6665883934128
              ],
              [
                906.1845183971676,
                451.6620810370764
              ],
              [
                906.1755704534927,
                451.6520134808996
              ],
              [
                906.1719942748833,
                451.64869971039644
              ],
              [
                906.1718527882313,
                451.64854088919725
              ],
              [
                906.1675257234601,
                451.6445590464321
              ],
              [
                906.1661717874015,
                451.64330445770366
              ],
              [
                906.1609786990919,
                451.637574767705
              ],
              [
                906.154107471883,
                451.6313470503766
              ],
              [
                906.1534623512047,
                451.63064309532854
              ],
              [
                906.1491042386263,
                451.62672868090857
              ],
              [
                906.145746528866,
                451.62310508361674
              ],
              [
                906.1427607893459,
                451.620451388064
              ],
              [
                906.126525486875,
                451.60336997674455
              ],
              [
                906.1183648431379,
                451.5963328567898
              ],
              [
                906.1156157296908,
                451.5934890759367
              ],
              [
                906.0997192132585,
                451.5799478632324
              ],
              [
                906.0796265098845,
                451.56014851251564
              ],
              [
                906.0586409808045,
                451.54315700941186
              ],
              [
                906.0478467360105,
                451.5329590318588
              ],
              [
                906.0431946507733,
                451.52935097482964
              ],
              [
                906.03350449794,
                451.52037185322047
              ],
              [
                906.0281155599679,
                451.51627130861203
              ],
              [
                906.0259445540711,
                451.5142735099701
              ],
              [
                906.0200318110716,
                451.5098279547658
              ],
              [
                906.015551705046,
                451.50576742335267
              ],
              [
                906.0153775942051,
                451.50563829395236
              ],
              [
                906.0148803183273,
                451.5051875893683
              ],
              [
                906.0039729170776,
                451.49709810927305
              ],
              [
                906.0009805857707,
                451.4944385550058
              ],
              [
                905.9959600198146,
                451.4907802248505
              ],
              [
                905.9763614015858,
                451.4738798635718
              ],
              [
                905.9697476081102,
                451.4692334712885
              ],
              [
                905.9683495412139,
                451.4680425486547
              ],
              [
                905.9505128691774,
                451.4556081495611
              ],
              [
                905.9282425960653,
                451.43757641858764
              ],
              [
                905.9056254574493,
                451.4226552739411
              ],
              [
                905.8940879501049,
                451.41370703194826
              ],
              [
                905.8896493540051,
                451.41090975922276
              ],
              [
                905.8793714189933,
                451.4030890844968
              ],
              [
                905.8720339698224,
                451.39855429151845
              ],
              [
                905.8674581647651,
                451.39511392653253
              ],
              [
                905.861980153562,
                451.39178909864495
              ],
              [
                905.8572342160392,
                451.38826927148864
              ],
              [
                905.857048372045,
                451.3881578808853
              ],
              [
                905.8567459347892,
                451.38793357812926
              ],
              [
                905.8458738282764,
                451.3814170882649
              ],
              [
                905.8444479514611,
                451.3803780962078
              ],
              [
                905.8371031301537,
                451.37604666691067
              ],
              [
                905.8141131248505,
                451.3598954847443
              ],
              [
                905.7892806847926,
                451.3458994468155
              ],
              [
                905.7656532288056,
                451.3303117681794
              ],
              [
                905.7416612655605,
                451.31764534989054
              ],
              [
                905.7294683718353,
                451.3099611974477
              ],
              [
                905.725318848727,
                451.3078793600179
              ],
              [
                905.7146166864492,
                451.3012650599771
              ],
              [
                905.7052468489026,
                451.29666127891085
              ],
              [
                905.6979514203542,
                451.2922333864898
              ],
              [
                905.6936284272681,
                451.2901647066414
              ],
              [
                905.688398942402,
                451.28703027403765
              ],
              [
                905.6883509605719,
                451.28700758032215
              ],
              [
                905.6883379072458,
                451.2869997564595
              ],
              [
                905.6662053625699,
                451.276531842427
              ],
              [
                905.6413754331874,
                451.26253721956266
              ],
              [
                905.6165402049172,
                451.2515884092948
              ],
              [
                905.593400609209,
                451.23937199351917
              ],
              [
                905.5930433807433,
                451.23922585345235
              ],
              [
                905.5929733631152,
                451.2391888880504
              ],
              [
                905.5682241683346,
                451.2290641378525
              ],
              [
                905.5555462408972,
                451.2227035553995
              ],
              [
                905.5517424631937,
                451.2212383507125
              ],
              [
                905.5407853806457,
                451.2158546918257
              ],
              [
                905.5402966227048,
                451.21567082360804
              ],
              [
                905.5402360642395,
                451.21564106877884
              ],
              [
                905.5397656667351,
                451.21546410766274
              ],
              [
                905.5394426072082,
                451.21530537541946
              ],
              [
                905.528919652443,
                451.21134669408633
              ],
              [
                905.5190904425447,
                451.2066431268963
              ],
              [
                905.5163151211058,
                451.2056390379647
              ],
              [
                905.5109112983239,
                451.2030832201337
              ],
              [
                905.489113690615,
                451.1952839113845
              ],
              [
                905.4714024354327,
                451.1874322026784
              ],
              [
                905.4697641179164,
                451.1868809900215
              ],
              [
                905.4640902163834,
                451.1843796048646
              ],
              [
                905.4378958165806,
                451.17574757475165
              ],
              [
                905.412691350668,
                451.1654365758081
              ],
              [
                905.3865922945324,
                451.15762296094937
              ],
              [
                905.3739678521675,
                451.1527600605473
              ],
              [
                905.3709942333456,
                451.15193596558333
              ],
              [
                905.3581649291636,
                451.1471096474897
              ],
              [
                905.34400038703,
                451.1432969557757
              ],
              [
                905.3326332980056,
                451.13918443456845
              ],
              [
                905.3315830377813,
                451.1389185425182
              ],
              [
                905.3261137881027,
                451.1369616136918
              ],
              [
                905.3076389787781,
                451.132333914864
              ],
              [
                905.2956885750195,
                451.1283131962053
              ],
              [
                905.2895710855488,
                451.1268690528385
              ],
              [
                905.2801400593958,
                451.12376117854626
              ],
              [
                905.2706254071753,
                451.12161900765835
              ],
              [
                905.2700622974265,
                451.12143504901354
              ],
              [
                905.2611312159174,
                451.119481443442
              ],
              [
                905.2580707742233,
                451.11879240206144
              ],
              [
                905.2542981647155,
                451.1175876807633
              ],
              [
                905.2495537319679,
                451.11659593900964
              ],
              [
                905.2260899656699,
                451.10957128524296
              ],
              [
                905.1989605508913,
                451.1042563587537
              ],
              [
                905.1985853636005,
                451.1041553690103
              ],
              [
                905.1864519723694,
                451.1007927770953
              ],
              [
                905.1854284115259,
                451.100613891871
              ],
              [
                905.1711409124478,
                451.09676810364607
              ],
              [
                905.1545532173449,
                451.093987927834
              ],
              [
                905.135725077626,
                451.08927172434977
              ],
              [
                905.1211441641808,
                451.08710885015466
              ],
              [
                905.1152554103912,
                451.0857187039576
              ],
              [
                905.1044549720408,
                451.0842066608552
              ],
              [
                905.0911890233151,
                451.0812199064786
              ],
              [
                905.0795553337833,
                451.07976311205846
              ],
              [
                905.0739761972669,
                451.07854271874197
              ],
              [
                905.0579764489266,
                451.0765500155545
              ],
              [
                905.0526813936908,
                451.0754431756761
              ],
              [
                905.050999239001,
                451.07526924265204
              ],
              [
                905.0349391692614,
                451.0721229127081
              ],
              [
                905.0094459819011,
                451.06966727185124
              ],
              [
                904.9801244801591,
                451.06475285008185
              ],
              [
                904.961935444894,
                451.06349246755457
              ],
              [
                904.9415787142528,
                451.06047283181186
              ],
              [
                904.9303212898618,
                451.05991979001504
              ],
              [
                904.9301274534487,
                451.059892653245
              ],
              [
                904.923672616525,
                451.0595931616388
              ],
              [
                904.920624830673,
                451.05944343352115
              ],
              [
                904.9099561802773,
                451.0581146967687
              ],
              [
                904.9050598006847,
                451.0579124241689
              ],
              [
                904.8990091029498,
                451.0571547434112
              ],
              [
                904.8987723149858,
                451.05714818381153
              ],
              [
                904.898093575606,
                451.05706319067684
              ],
              [
                904.8707263665444,
                451.0563050527494
              ],
              [
                904.8410520748959,
                451.05344666545005
              ],
              [
                904.8341618642995,
                451.0534563233783
              ],
              [
                904.831419970445,
                451.0531987527514
              ],
              [
                904.8150835140796,
                451.0533165783444
              ],
              [
                904.7869069965226,
                451.0513641278768
              ],
              [
                904.7672508199969,
                451.05190865154015
              ],
              [
                904.7455444335938,
                451.05084228515625
              ],
              [
                904.7349498047095,
                451.0513627658978
              ],
              [
                904.7189225921746,
                451.052099720791
              ],
              [
                904.7044870464462,
                451.0516998212362
              ],
              [
                904.6759377291733,
                451.05367810431346
              ],
              [
                904.6462677505024,
                451.0537196923784
              ],
              [
                904.6374094642565,
                451.05459804048076
              ],
              [
                904.6297579715465,
                451.0546532263574
              ],
              [
                904.6165873181233,
                451.0560823951906
              ],
              [
                904.5933004673627,
                451.05672749731747
              ],
              [
                904.5788064498001,
                451.0585424678695
              ],
              [
                904.5619458244415,
                451.0593177443146
              ],
              [
                904.5558757659408,
                451.060160109298
              ],
              [
                904.5495101529347,
                451.06047283181186
              ],
              [
                904.5469581538215,
                451.06085138512054
              ],
              [
                904.5468928538737,
                451.0608546261051
              ],
              [
                904.5427243429851,
                451.061479411632
              ],
              [
                904.5354118205836,
                451.0625641218638
              ],
              [
                904.532309538479,
                451.0627305942166
              ],
              [
                904.5226303061596,
                451.0643013173896
              ],
              [
                904.5112695628096,
                451.0650885434412
              ],
              [
                904.4818029357702,
                451.0700272888939
              ],
              [
                904.4524337744626,
                451.07293940376405
              ],
              [
                904.4429811592053,
                451.074818798087
              ],
              [
                904.4369426297467,
                451.0754431756761
              ],
              [
                904.4356219697564,
                451.075719236846
              ],
              [
                904.4292676370294,
                451.076408755733
              ],
              [
                904.419372643478,
                451.07850709549706
              ],
              [
                904.4011205469974,
                451.0807926603849
              ],
              [
                904.3913554677861,
                451.08299121351325
              ],
              [
                904.3798976948178,
                451.084581252017
              ],
              [
                904.3676199775193,
                451.08745369060557
              ],
              [
                904.3553637895615,
                451.08927172434977
              ],
              [
                904.3524842371957,
                451.0899930146686
              ],
              [
                904.3507982195825,
                451.09024571867513
              ],
              [
                904.330478968195,
                451.0953898984569
              ],
              [
                904.320253130521,
                451.09710379700545
              ],
              [
                904.2901728015726,
                451.1052005656728
              ],
              [
                904.2613887108648,
                451.1109234958031
              ],
              [
                904.2501780124392,
                451.1143866360281
              ],
              [
                904.2319874361948,
                451.1182441432884
              ],
              [
                904.2253786049062,
                451.1203599786028
              ],
              [
                904.2121695109167,
                451.1233339324525
              ],
              [
                904.2070614428754,
                451.12501723107675
              ],
              [
                904.2009374305421,
                451.1264499769949
              ],
              [
                904.1827889402457,
                451.1324994737604
              ],
              [
                904.1649750790848,
                451.1369616136918
              ],
              [
                904.1644091208245,
                451.13716411679536
              ],
              [
                904.1643647275223,
                451.1371752367387
              ],
              [
                904.161789797321,
                451.1380965614967
              ],
              [
                904.1585776394944,
                451.1389097763653
              ],
              [
                904.1400885948143,
                451.14559896373646
              ],
              [
                904.1332291138051,
                451.14744534084906
              ],
              [
                904.1328774857948,
                451.1475776214938
              ],
              [
                904.1320084106801,
                451.14781155178656
              ],
              [
                904.1211890619926,
                451.15188173498524
              ],
              [
                904.1139433937476,
                451.1538724175708
              ],
              [
                904.085243608376,
                451.1650145843836
              ],
              [
                904.0720337962323,
                451.1694178550982
              ],
              [
                904.0524453951551,
                451.17546898386263
              ],
              [
                904.0501849596578,
                451.1764487006895
              ],
              [
                904.0399231995691,
                451.17973403109585
              ],
              [
                904.0365113773166,
                451.18121982830183
              ],
              [
                904.0282193539291,
                451.18395235877085
              ],
              [
                904.0275653298788,
                451.184240677216
              ],
              [
                904.0265763405913,
                451.18457034031184
              ],
              [
                904.0031008559401,
                451.19487637263217
              ],
              [
                903.9795672173011,
                451.20329684318057
              ],
              [
                903.9761719510075,
                451.2049026845422
              ],
              [
                903.9721204949553,
                451.2063684686932
              ],
              [
                903.956562791237,
                451.21381328933677
              ],
              [
                903.9507307326355,
                451.21600727971634
              ],
              [
                903.938806742104,
                451.22186601969656
              ],
              [
                903.9325461843711,
                451.22429656674416
              ],
              [
                903.9089775883282,
                451.2361976681247
              ],
              [
                903.8582868941841,
                451.25845151889496
              ],
              [
                903.8550496603452,
                451.26024367307474
              ],
              [
                903.8550277247828,
                451.2602532256818
              ],
              [
                903.8546975263628,
                451.26043861678903
              ],
              [
                903.8546203604794,
                451.26048133633515
              ],
              [
                903.8509951722814,
                451.2620794558908
              ],
              [
                903.8288612519461,
                451.27457545631006
              ],
              [
                903.8021406083792,
                451.2872133795064
              ],
              [
                903.7980405255241,
                451.2896708745959
              ],
              [
                903.7932595171458,
                451.2919587282867
              ],
              [
                903.7809710902956,
                451.2994170745314
              ],
              [
                903.7768994268321,
                451.3014176478677
              ],
              [
                903.7638671438582,
                451.3094720416966
              ],
              [
                903.7590191265598,
                451.3119200765841
              ],
              [
                903.7404595892312,
                451.3236814984308
              ],
              [
                903.6974902858636,
                451.3474695905073
              ],
              [
                903.6871302203904,
                451.3545198918667
              ],
              [
                903.6791809216592,
                451.35898305463144
              ],
              [
                903.6784823401002,
                451.35947387995196
              ],
              [
                903.6757166200013,
                451.361035304182
              ],
              [
                903.6573625116504,
                451.37399003118804
              ],
              [
                903.6337936159921,
                451.388116683598
              ],
              [
                903.6335338112846,
                451.38830936790123
              ],
              [
                903.6332442995858,
                451.3884828945355
              ],
              [
                903.6288230941498,
                451.3917618839624
              ],
              [
                903.6237527727349,
                451.3948392683294
              ],
              [
                903.6145750603455,
                451.40173962355874
              ],
              [
                903.612144694288,
                451.4032416723874
              ],
              [
                903.5983508610639,
                451.41373766041863
              ],
              [
                903.5948184908688,
                451.41597616966845
              ],
              [
                903.5810250115148,
                451.426727321473
              ],
              [
                903.5455444335937,
                451.45087280273435
              ],
              [
                903.5306316064957,
                451.463306252594
              ],
              [
                903.515276782008,
                451.4740934866187
              ],
              [
                903.5149695822788,
                451.4743583923558
              ],
              [
                903.5141706983823,
                451.474919690374
              ],
              [
                903.513304336774,
                451.4756694096053
              ],
              [
                903.5113258859961,
                451.4770658429941
              ],
              [
                903.4968641081523,
                451.4896293380129
              ],
              [
                903.4755981972977,
                451.50540121241517
              ],
              [
                903.4702284208329,
                451.51026809411235
              ],
              [
                903.4652663834289,
                451.513998851767
              ],
              [
                903.4589556170905,
                451.51980613236395
              ],
              [
                903.4580116153412,
                451.5205244411111
              ],
              [
                903.4438519503708,
                451.5336451169046
              ],
              [
                903.4414955430697,
                451.5354817885636
              ],
              [
                903.4279635376029,
                451.5483256008748
              ],
              [
                903.4212642239341,
                451.5544904297078
              ],
              [
                903.3872252199066,
                451.5828701760209
              ],
              [
                903.3771504923048,
                451.5932031182682
              ],
              [
                903.3651126967187,
                451.6035835997914
              ],
              [
                903.3633686243328,
                451.60541856516073
              ],
              [
                903.3616747830846,
                451.60688435651906
              ],
              [
                903.3606829872388,
                451.6079350437643
              ],
              [
                903.3594258734347,
                451.6090271462143
              ],
              [
                903.3487868980297,
                451.62033627450626
              ],
              [
                903.3301712032519,
                451.6372085567675
              ],
              [
                903.3241240430432,
                451.6438805698938
              ],
              [
                903.3193581492687,
                451.6482662309941
              ],
              [
                903.3012386595233,
                451.6686056697239
              ],
              [
                903.3004987832851,
                451.6693079182975
              ],
              [
                903.2963557934904,
                451.67408677078674
              ],
              [
                903.275900992932,
                451.6970476360501
              ],
              [
                903.2434336185336,
                451.7303471472471
              ],
              [
                903.2374725909854,
                451.7378757172804
              ],
              [
                903.2285088010304,
                451.7473066584948
              ],
              [
                903.2256404125519,
                451.750996250746
              ],
              [
                903.2232436656823,
                451.7535353129699
              ],
              [
                903.2221795325536,
                451.754918683467
              ],
              [
                903.2215540914349,
                451.7555835213467
              ],
              [
                903.2142495527158,
                451.76510838864044
              ],
              [
                903.1983638588995,
                451.7826355508133
              ],
              [
                903.1919480941691,
                451.791286208138
              ],
              [
                903.1874622366464,
                451.79632166032314
              ],
              [
                903.150422505739,
                451.8472769825516
              ],
              [
                903.1440982350264,
                451.8558042744742
              ],
              [
                903.1155726661493,
                451.89183107376255
              ],
              [
                903.1129624241166,
                451.89593332469394
              ],
              [
                903.1068078068013,
                451.9038499749408
              ],
              [
                903.1031716301259,
                451.90962866917846
              ],
              [
                903.1002848333933,
                451.9133814979583
              ],
              [
                903.0992092596865,
                451.91511697462937
              ],
              [
                903.0991060574713,
                451.9152515467689
              ],
              [
                903.0945910360527,
                451.9225570048841
              ],
              [
                903.0814455410199,
                451.9402816531014
              ],
              [
                903.0750519364019,
                451.95094873796705
              ],
              [
                903.0732186723797,
                451.95346464619513
              ],
              [
                903.0731525530018,
                451.95357676507825
              ],
              [
                903.0708750815459,
                451.95670986807494
              ],
              [
                903.0412657869135,
                452.00731752293314
              ],
              [
                903.0325092476705,
                452.02192692604984
              ],
              [
                903.0071787411916,
                452.06218274002606
              ],
              [
                903.0049985033767,
                452.0656091972263
              ],
              [
                903.0049049586405,
                452.0657962866987
              ],
              [
                903.0012059417618,
                452.07167484800925
              ],
              [
                902.9971950179221,
                452.0797206048336
              ],
              [
                902.9940484602249,
                452.08479768829415
              ],
              [
                902.9906445076093,
                452.0917740251098
              ],
              [
                902.9805422369283,
                452.10862864548864
              ],
              [
                902.9757937882829,
                452.11866839662326
              ],
              [
                902.9748339496161,
                452.1202959987397
              ],
              [
                902.9735410555821,
                452.12307137222734
              ],
              [
                902.9707426465687,
                452.1278543607874
              ],
              [
                902.9477733631242,
                452.17791260800436
              ],
              [
                902.9390441506525,
                452.1963689770969
              ],
              [
                902.9127411915105,
                452.2491316875034
              ],
              [
                902.9087766673916,
                452.25956062269773
              ],
              [
                902.9056146959307,
                452.2660410236915
              ],
              [
                902.9039317922105,
                452.2706078215771
              ],
              [
                902.8966257006024,
                452.2860552544104
              ],
              [
                902.8933466173459,
                452.295219678178
              ],
              [
                902.8930476210614,
                452.29586151450695
              ],
              [
                902.8910383717991,
                452.30155835552875
              ],
              [
                902.8880491569975,
                452.3080729189405
              ],
              [
                902.8710917196208,
                452.35741795059016
              ],
              [
                902.8633269864821,
                452.3791189259413
              ],
              [
                902.8422830969093,
                452.43447622836027
              ],
              [
                902.8388050318893,
                452.44733852088115
              ],
              [
                902.8358826836744,
                452.4552687271599
              ],
              [
                902.8353745071618,
                452.4572408721686
              ],
              [
                902.8305040941606,
                452.4708527646317
              ],
              [
                902.8261868413166,
                452.4880882041159
              ],
              [
                902.8236074266136,
                452.4955941318883
              ],
              [
                902.8121588335165,
                452.54409115049435
              ],
              [
                902.8060789318437,
                452.568363478556
              ],
              [
                902.7905242071618,
                452.6258866754428
              ],
              [
                902.7882557363514,
                452.63951766350283
              ],
              [
                902.7828142048186,
                452.66124147510834
              ],
              [
                902.7799581491788,
                452.6804954382708
              ],
              [
                902.7780508683601,
                452.6885748094712
              ],
              [
                902.7780459251392,
                452.6886118584232
              ],
              [
                902.7779898332038,
                452.68884946767434
              ],
              [
                902.7778956656134,
                452.68955524445636
              ],
              [
                902.7778677628913,
                452.6896734422837
              ],
              [
                902.7713454404576,
                452.7385576041961
              ],
              [
                902.7678342916392,
                452.7622278468437
              ],
              [
                902.757973272583,
                452.8214816103934
              ],
              [
                902.7571185228178,
                452.83446769234115
              ],
              [
                902.7562304567008,
                452.8404545478013
              ],
              [
                902.7558348736083,
                452.84301365715265
              ],
              [
                902.7558251327623,
                452.8431870198416
              ],
              [
                902.7540153122806,
                452.8553878384815
              ],
              [
                902.7530005100261,
                452.87605104439365
              ],
              [
                902.7516441629068,
                452.88621673197866
              ],
              [
                902.7498101427929,
                452.9410126807932
              ],
              [
                902.7489414751716,
                452.95870032175685
              ],
              [
                902.7449502439744,
                453.0193384845376
              ],
              [
                902.7453150965655,
                453.03023937038586
              ],
              [
                902.7449294570404,
                453.0371027891482
              ],
              [
                902.7450030885393,
                453.03889298351
              ],
              [
                902.744384765625,
                453.0514831542969
              ],
              [
                902.7454125023108,
                453.07240321513245
              ],
              [
                902.7450112791306,
                453.08439076350925
              ],
              [
                902.7489152328012,
                453.14370293222896
              ],
              [
                902.7495348969276,
                453.1563164852926
              ],
              [
                902.7515831277506,
                453.2175125160682
              ],
              [
                902.7526914517784,
                453.2258192950997
              ],
              [
                902.752918267179,
                453.2313338324494
              ],
              [
                902.753375942168,
                453.2346209576624
              ],
              [
                902.7538848994038,
                453.24511988674305
              ],
              [
                902.753903909728,
                453.24524978390343
              ],
              [
                902.7540153122806,
                453.247517434956
              ],
              [
                902.7544620266588,
                453.2505289386756
              ],
              [
                902.7545676506222,
                453.25262632425495
              ],
              [
                902.7572414409625,
                453.2702017344492
              ],
              [
                902.7580343077392,
                453.2822476376535
              ],
              [
                902.768458429863,
                453.34488502472396
              ],
              [
                902.7696446916268,
                453.3528821519448
              ],
              [
                902.7778067277351,
                453.41405580576316
              ],
              [
                902.779153371173,
                453.41976027890763
              ],
              [
                902.7797258307003,
                453.4238718126179
              ],
              [
                902.7805437586006,
                453.42727933247664
              ],
              [
                902.7819311417283,
                453.43675929332886
              ],
              [
                902.7823204419652,
                453.4383351195537
              ],
              [
                902.7828142048186,
                453.44166379832916
              ],
              [
                902.7841186161115,
                453.4468713001165
              ],
              [
                902.7848307483008,
                453.4515523011475
              ],
              [
                902.788742050039,
                453.4667670358001
              ],
              [
                902.790585242318,
                453.47784257260406
              ],
              [
                902.8078926355946,
                453.5418473435925
              ],
              [
                902.8097286666498,
                453.5492793089798
              ],
              [
                902.8145521990283,
                453.56971212002685
              ],
              [
                902.8153039359224,
                453.5731471297669
              ],
              [
                902.8155246034457,
                453.5738312912404
              ],
              [
                902.8233632859886,
                453.60703648334606
              ],
              [
                902.8244534120317,
                453.6102086787021
              ],
              [
                902.8250988863697,
                453.6128977502257
              ],
              [
                902.8263129825402,
                453.61641001535753
              ],
              [
                902.8283825434703,
                453.6247872730055
              ],
              [
                902.8294236474187,
                453.6277391236257
              ],
              [
                902.8305040941606,
                453.6320525088058
              ],
              [
                902.8330915231595,
                453.63928388842004
              ],
              [
                902.8349287752867,
                453.64643069157563
              ],
              [
                902.8396336097348,
                453.65922919008585
              ],
              [
                902.8423441320656,
                453.6692530196866
              ],
              [
                902.8661804242097,
                453.731955916326
              ],
              [
                902.8698815131759,
                453.74244964442823
              ],
              [
                902.8703115280963,
                453.7436936368299
              ],
              [
                902.8745582498459,
                453.7568602476966
              ],
              [
                902.8759744962612,
                453.76013165795115
              ],
              [
                902.8878050163725,
                453.79455769629385
              ],
              [
                902.887907758588,
                453.79478160816456
              ],
              [
                902.8879881218412,
                453.7950154599657
              ],
              [
                902.8882475476692,
                453.79558084121777
              ],
              [
                902.8886087776968,
                453.796625845445
              ],
              [
                902.8902551634042,
                453.80021522312563
              ],
              [
                902.8928034804364,
                453.8074404874462
              ],
              [
                902.8947672334413,
                453.81165595126794
              ],
              [
                902.8966257006024,
                453.8168500190271
              ],
              [
                902.9008932833789,
                453.8258730647041
              ],
              [
                902.9043546468733,
                453.8352889657343
              ],
              [
                902.9094144787941,
                453.8456858722905
              ],
              [
                902.9128022266667,
                453.8545975605435
              ],
              [
                902.9428043639001,
                453.9147806779588
              ],
              [
                902.9449440022497,
                453.9194454233476
              ],
              [
                902.9512472263756,
                453.9340053416077
              ],
              [
                902.9534476975455,
                453.93798480568137
              ],
              [
                902.9696555026163,
                453.97332034917713
              ],
              [
                902.970353797762,
                453.97451959545083
              ],
              [
                902.9706816114125,
                453.97523401811884
              ],
              [
                902.9720931719786,
                453.97764663114555
              ],
              [
                902.9745898089911,
                453.9830060032134
              ],
              [
                902.9777304410702,
                453.9883315851012
              ],
              [
                902.9805422369283,
                453.99427662794886
              ],
              [
                902.9868517227721,
                454.0048033691183
              ],
              [
                902.9924056448134,
                454.01621552853123
              ],
              [
                902.9973978600351,
                454.0242931024391
              ],
              [
                903.001266976918,
                454.0320544000376
              ],
              [
                903.0358885419487,
                454.0870757744662
              ],
              [
                903.0446564773376,
                454.1029322348269
              ],
              [
                903.0477451201668,
                454.10743080870037
              ],
              [
                903.0674733819347,
                454.14131196133366
              ],
              [
                903.0694725769437,
                454.1440856962416
              ],
              [
                903.0708140463896,
                454.1463785108313
              ],
              [
                903.0714537085269,
                454.1472584899652
              ],
              [
                903.0729745317547,
                454.149837355758
              ],
              [
                903.0775238798701,
                454.15608072398925
              ],
              [
                903.0814455410199,
                454.1626236203361
              ],
              [
                903.0901166550233,
                454.1743152641256
              ],
              [
                903.0981905301276,
                454.1873790684655
              ],
              [
                903.1027182535462,
                454.19328306409943
              ],
              [
                903.1068688419575,
                454.1998792731061
              ],
              [
                903.1440934674047,
                454.2477611031427
              ],
              [
                903.1539158585828,
                454.26206730647334
              ],
              [
                903.1581164450794,
                454.2670724935923
              ],
              [
                903.1811382929934,
                454.2990136013484
              ],
              [
                903.1842539180891,
                454.3025533422694
              ],
              [
                903.1870349905527,
                454.3063699900675
              ],
              [
                903.1874315946465,
                454.306816219295
              ],
              [
                903.1874622366464,
                454.3068582713175
              ],
              [
                903.1932309475586,
                454.3133487928592
              ],
              [
                903.1983638588995,
                454.3202697226242
              ],
              [
                903.1987711756964,
                454.3207191274558
              ],
              [
                903.1989131753057,
                454.3209105917648
              ],
              [
                903.2098417311221,
                454.3329683949884
              ],
              [
                903.2206385640911,
                454.3470470938877
              ],
              [
                903.2243395966915,
                454.35098125586256
              ],
              [
                903.2285698361867,
                454.3564225895521
              ],
              [
                903.2673114497674,
                454.3971832367859
              ],
              [
                903.2780075757239,
                454.40992815036026
              ],
              [
                903.2835595990582,
                454.41537705237823
              ],
              [
                903.3095764002055,
                454.44493540193037
              ],
              [
                903.3131703505313,
                454.44829562769735
              ],
              [
                903.3161287652573,
                454.4516242144129
              ],
              [
                903.3179593103354,
                454.4533204401742
              ],
              [
                903.3192971141125,
                454.4548221479121
              ],
              [
                903.3252407324351,
                454.4602915723068
              ],
              [
                903.3307205196581,
                454.4663375858106
              ],
              [
                903.3452403616996,
                454.47949760353947
              ],
              [
                903.358510346091,
                454.49360346902006
              ],
              [
                903.3610650299721,
                454.4958228198193
              ],
              [
                903.365173731875,
                454.50014564825545
              ],
              [
                903.4043865580792,
                454.53395981422756
              ],
              [
                903.4157756652935,
                454.54513738419547
              ],
              [
                903.4229241496539,
                454.550911832819
              ],
              [
                903.4515742999891,
                454.5776987844058
              ],
              [
                903.4551397251256,
                454.5804350118422
              ],
              [
                903.45819472081,
                454.58326584209203
              ],
              [
                903.4621346071028,
                454.5862637759297
              ],
              [
                903.4652053482727,
                454.58908952713927
              ],
              [
                903.4707850859419,
                454.5932847089418
              ],
              [
                903.476147513704,
                454.59814493016296
              ],
              [
                903.4913864476536,
                454.6094468938513
              ],
              [
                903.4914510548543,
                454.60950431608796
              ],
              [
                903.4921833390042,
                454.61003790875685
              ],
              [
                903.4946040349363,
                454.6118332192172
              ],
              [
                903.5104103586524,
                454.6255647722403
              ],
              [
                903.5115482138369,
                454.626367895062
              ],
              [
                903.5153378171642,
                454.6296357614282
              ],
              [
                903.5540380264748,
                454.6568238426055
              ],
              [
                903.5659367630012,
                454.6664354804427
              ],
              [
                903.5749209702651,
                454.6723591770623
              ],
              [
                903.605790484252,
                454.69604948267465
              ],
              [
                903.6092421704077,
                454.6982006972089
              ],
              [
                903.6123277997567,
                454.7005486108157
              ],
              [
                903.6186314378765,
                454.7044444734265
              ],
              [
                903.6236917375786,
                454.70824911057684
              ],
              [
                903.628724228784,
                454.7113035342505
              ],
              [
                903.6337936159921,
                454.7150632480426
              ],
              [
                903.6552050073045,
                454.72789674211333
              ],
              [
                903.6775860938995,
                454.7436201402557
              ],
              [
                903.714871280729,
                454.76463478431947
              ],
              [
                903.7270920587799,
                454.7726924993189
              ],
              [
                903.7381334855266,
                454.7785303847646
              ],
              [
                903.7707680141272,
                454.7988693927387
              ],
              [
                903.7740288076368,
                454.8004853297008
              ],
              [
                903.7770825323008,
                454.8023726353354
              ],
              [
                903.7859442020218,
                454.80672673294634
              ],
              [
                903.7931984819895,
                454.8111296506196
              ],
              [
                903.797524621933,
                454.81319983633216
              ],
              [
                903.8021406083792,
                454.8159665521342
              ],
              [
                903.825803087634,
                454.82715807133195
              ],
              [
                903.8503237855626,
                454.84097840543734
              ],
              [
                903.8831736914731,
                454.8552168607748
              ],
              [
                903.8977403272553,
                454.86291861463104
              ],
              [
                903.911030427788,
                454.86837861432946
              ],
              [
                903.9449482842286,
                454.88518713585484
              ],
              [
                903.9479504023062,
                454.8863269473332
              ],
              [
                903.9509138381043,
                454.8877830034868
              ],
              [
                903.9624631742652,
                454.8921278042096
              ],
              [
                903.9720594597991,
                454.89671991021305
              ],
              [
                903.9755470617791,
                454.8979816965046
              ],
              [
                903.9795672173011,
                454.89988308846006
              ],
              [
                904.0086093542027,
                454.9102745312026
              ],
              [
                904.0199916075361,
                454.9153204828685
              ],
              [
                904.021273195344,
                454.91575167365636
              ],
              [
                904.0322003179417,
                454.92055188794507
              ],
              [
                904.0390448559809,
                454.9227776209269
              ],
              [
                904.0509195162489,
                454.92792457082487
              ],
              [
                904.071286161844,
                454.9342168115252
              ],
              [
                904.0762919122548,
                454.93627333439844
              ],
              [
                904.091980010314,
                454.94101053944644
              ],
              [
                904.1266857473883,
                454.9541872355189
              ],
              [
                904.1293718805031,
                454.9549179990228
              ],
              [
                904.1321915161489,
                454.95597873141656
              ],
              [
                904.1464900261487,
                454.95982748346825
              ],
              [
                904.1585166043382,
                454.9641786025409
              ],
              [
                904.1610625219279,
                454.9648231468473
              ],
              [
                904.1643647275223,
                454.9660046949019
              ],
              [
                904.1889078416846,
                454.9721524249621
              ],
              [
                904.1957054679492,
                454.9744394893416
              ],
              [
                904.2037665848803,
                454.9763424609119
              ],
              [
                904.2213671370141,
                454.9820658755761
              ],
              [
                904.2360054114324,
                454.98526095525784
              ]
            ]
          ]
        ]
      }
    }
  ]
}