{
  "type": "FeatureCollection",
  "features": [
    {
      "type": "Feature",
      "properties": {
        "image_id": "0018_top_20250703_t1",
        "zone_type": "parking_spot",
        "generated_at": "2025-11-03T11:20:41",
        "source": "merged_t1_polygons"
      },
      "geometry": {
        "type": "MultiPolygon",
        "coordinates": [
          [
            [
              [
                1695.5669836117138,
                698.034982356793
              ],
              [
                1695.5942822393322,
                698.0518538365073
              ],
              [
                1695.6090068653136,
                698.0590886422297
              ],
              [
                1695.618241682598,
                698.0646237786967
              ],
              [
                1695.6386954273673,
                698.0742976795077
              ],
              [
                1695.6535640031898,
                698.0828064418624
              ],
              [
                1695.661661888048,
                698.0864474367677
              ],
              [
                1695.666119684,
                698.0889642452811
              ],
              [
                1695.6663816745659,
                698.0890797512633
              ],
              [
                1695.66758452775,
                698.0897577023123
              ],
              [
                1695.6941880297402,
                698.101486611774
              ],
              [
                1695.7184823894636,
                698.1141880439941
              ],
              [
                1695.7341193789212,
                698.1205614925784
              ],
              [
                1695.7681135451355,
                698.1372642046587
              ],
              [
                1695.7853252670257,
                698.1437391657012
              ],
              [
                1695.7694009833108,
                698.1362075404228
              ],
              [
                1695.7703386396606,
                698.1365602819077
              ],
              [
                1695.7795190549941,
                698.1409022949883
              ],
              [
                1695.7892230152127,
                698.1455310065999
              ],
              [
                1695.7895770472426,
                698.145659371038
              ],
              [
                1695.7956682915199,
                698.1485403150226
              ],
              [
                1695.7958830638236,
                698.1486171617817
              ],
              [
                1695.7970110649574,
                698.1491506665851
              ],
              [
                1695.8171285650326,
                698.1563488232106
              ],
              [
                1695.8308622341606,
                698.1625237960832
              ],
              [
                1695.838396425644,
                698.1650649790057
              ],
              [
                1695.8449307797102,
                698.1679458345885
              ],
              [
                1695.8484309481823,
                698.1690992704328
              ],
              [
                1695.8506197631511,
                698.170060293638
              ],
              [
                1695.8748612910904,
                698.1779262010031
              ],
              [
                1695.893810018679,
                698.1856494741659
              ],
              [
                1695.9084146441096,
                698.190044754791
              ],
              [
                1695.94939122318,
                698.2054599325885
              ],
              [
                1695.9685646252099,
                698.2106208668678
              ],
              [
                1695.9534487372023,
                698.2052123156559
              ],
              [
                1695.954448245806,
                698.2054825906404
              ],
              [
                1695.9637614964015,
                698.2088149249876
              ],
              [
                1695.9719764124102,
                698.211793477744
              ],
              [
                1695.9723614768268,
                698.2118920471869
              ],
              [
                1695.9818085751785,
                698.2152722730269
              ],
              [
                1696.0029638913745,
                698.2205714038728
              ],
              [
                1696.0150621457924,
                698.2246519847268
              ],
              [
                1696.0216466416261,
                698.2261802913035
              ],
              [
                1696.028880936698,
                698.2285642609069
              ],
              [
                1696.0355417600579,
                698.2300639081416
              ],
              [
                1696.0406313002723,
                698.2317153655891
              ],
              [
                1696.0630657123393,
                698.2365871907515
              ],
              [
                1696.0751094139898,
                698.2402117581032
              ],
              [
                1696.0753535546148,
                698.2402727932595
              ],
              [
                1696.0882519163508,
                698.2428372801407
              ],
              [
                1696.136415239896,
                698.2558014764321
              ],
              [
                1696.1574221004555,
                698.2593223251849
              ],
              [
                1696.1447857090302,
                698.256157073909
              ],
              [
                1696.145513154601,
                698.2562781354958
              ],
              [
                1696.1568745661064,
                698.2591240209273
              ],
              [
                1696.1602994842738,
                698.2600007372923
              ],
              [
                1696.1604957027268,
                698.2600310684318
              ],
              [
                1696.1721972856553,
                698.2629621623689
              ],
              [
                1696.194138513491,
                698.2662168360678
              ],
              [
                1696.2044235315577,
                698.2686040591976
              ],
              [
                1696.2099532511886,
                698.269331682745
              ],
              [
                1696.2178319727786,
                698.2711055329745
              ],
              [
                1696.2277248864082,
                698.2723443438724
              ],
              [
                1696.2358455720496,
                698.2741078204692
              ],
              [
                1696.2586570277954,
                698.2767176815242
              ],
              [
                1696.2663986182126,
                698.2782568852984
              ],
              [
                1696.2761808041353,
                698.2792268431665
              ],
              [
                1696.3274316721847,
                698.2878167299963
              ],
              [
                1696.350096792924,
                698.289387276303
              ],
              [
                1696.3403031025214,
                698.2879345195655
              ],
              [
                1696.3407419876335,
                698.2879634071813
              ],
              [
                1696.3519798967895,
                698.2896303935339
              ],
              [
                1696.352413071215,
                698.2896973529542
              ],
              [
                1696.35244241591,
                698.2896990017643
              ],
              [
                1696.3663436490283,
                698.2917610549069
              ],
              [
                1696.3887900749608,
                698.2928637771016
              ],
              [
                1696.3971574225227,
                698.2939647875545
              ],
              [
                1696.4015646079708,
                698.2941129096988
              ],
              [
                1696.410011893144,
                698.2951706960419
              ],
              [
                1696.4231190177018,
                698.295533795115
              ],
              [
                1696.434315036374,
                698.2968147327908
              ],
              [
                1696.4567190665102,
                698.2971282109648
              ],
              [
                1696.4602325942524,
                698.2974765966841
              ],
              [
                1696.4669730433209,
                698.2974860446934
              ],
              [
                1696.5206491558213,
                698.3012054522013
              ],
              [
                1696.5447527296608,
                698.3005377248685
              ],
              [
                1696.5380754516984,
                698.3002096912371
              ],
              [
                1696.5382206613597,
                698.3002048310706
              ],
              [
                1696.5623779296875,
                698.3013916015625
              ],
              [
                1696.58484010291,
                698.3002726594142
              ],
              [
                1696.5914429884158,
                698.3004945773641
              ],
              [
                1696.5947002123671,
                698.3002870094828
              ],
              [
                1696.6036184223037,
                698.3005340654826
              ],
              [
                1696.6198329016402,
                698.299410506913
              ],
              [
                1696.634059675925,
                698.2996095685638
              ],
              [
                1696.6605107804364,
                698.2973309466945
              ],
              [
                1696.714255684981,
                698.2958420827606
              ],
              [
                1696.739536527785,
                698.2926763638686
              ],
              [
                1696.736151104055,
                698.2928426790717
              ],
              [
                1696.736587256858,
                698.292784485802
              ],
              [
                1696.740733246512,
                698.2926139593835
              ],
              [
                1696.741237407817,
                698.2925437636944
              ],
              [
                1696.7584122103467,
                698.2917000197507
              ],
              [
                1696.759160978905,
                698.2915889504272
              ],
              [
                1696.7613861985562,
                698.291478102201
              ],
              [
                1696.782273930921,
                698.2883338002628
              ],
              [
                1696.7854447397026,
                698.2881317392222
              ],
              [
                1696.7875640453412,
                698.287787823262
              ],
              [
                1696.7968359059403,
                698.2871453432775
              ],
              [
                1696.8159628389171,
                698.2839395792403
              ],
              [
                1696.8330867516825,
                698.2824644452965
              ],
              [
                1696.8570124454106,
                698.2779657889616
              ],
              [
                1696.9064356053464,
                698.2717769196933
              ],
              [
                1696.9244718029793,
                698.2677161703771
              ],
              [
                1696.9253167920913,
                698.2676034285149
              ],
              [
                1696.932411801968,
                698.265928523883
              ],
              [
                1696.9324405300717,
                698.2659220559107
              ],
              [
                1696.9332712266805,
                698.2658063958622
              ],
              [
                1696.9337538974307,
                698.2656905374404
              ],
              [
                1696.9525585737197,
                698.2629011272127
              ],
              [
                1696.954568085688,
                698.2623977706683
              ],
              [
                1696.9583007389099,
                698.2618358815864
              ],
              [
                1696.97851929738,
                698.2566943513096
              ],
              [
                1696.987852338229,
                698.2551300897134
              ],
              [
                1697.0096111043024,
                698.2492732489958
              ],
              [
                1697.0294106833528,
                698.2455504101627
              ],
              [
                1697.050678628883,
                698.2393014073309
              ],
              [
                1697.095386641427,
                698.2292356476256
              ],
              [
                1697.1144331654214,
                698.2229591087507
              ],
              [
                1697.1182974696742,
                698.2220468702614
              ],
              [
                1697.125394412862,
                698.2196080032538
              ],
              [
                1697.1429472841965,
                698.2152112378707
              ],
              [
                1697.1461405008888,
                698.2140686866687
              ],
              [
                1697.151291508891,
                698.2127587978536
              ],
              [
                1697.1684903505288,
                698.2065074765554
              ],
              [
                1697.174876354945,
                698.2047885458697
              ],
              [
                1697.198904300234,
                698.1957493567245
              ],
              [
                1697.2210728583789,
                698.189235733562
              ],
              [
                1697.2396127177674,
                698.1817077850513
              ],
              [
                1697.2793367984148,
                698.1686172213073
              ],
              [
                1697.2989975095418,
                698.1599492383912
              ],
              [
                1697.305818682622,
                698.1576051398775
              ],
              [
                1697.312451543944,
                698.1545616439458
              ],
              [
                1697.3277447944176,
                698.1490896314289
              ],
              [
                1697.3320091270873,
                698.1470727522834
              ],
              [
                1697.338445294625,
                698.1447333766409
              ],
              [
                1697.3525697933626,
                698.1379411904095
              ],
              [
                1697.3561540329895,
                698.1365928179399
              ],
              [
                1697.3820114638943,
                698.1238880138035
              ],
              [
                1697.4061611719064,
                698.1140822350944
              ],
              [
                1697.4220305359363,
                698.1057066342439
              ],
              [
                1697.456683050375,
                698.0904290890311
              ],
              [
                1697.4760545044726,
                698.0794922401678
              ],
              [
                1697.4860372407752,
                698.0749116503063
              ],
              [
                1697.4921809065684,
                698.071317142497
              ],
              [
                1697.5051714033395,
                698.065173095103
              ],
              [
                1697.5103608751306,
                698.0620626454134
              ],
              [
                1697.5179067471763,
                698.0584339879181
              ],
              [
                1697.528991217899,
                698.0516709016882
              ],
              [
                1697.5299853387928,
                698.0511824497886
              ],
              [
                1697.5449475437797,
                698.04193529856
              ],
              [
                1697.5583324049107,
                698.033768650619
              ],
              [
                1697.5828291027701,
                698.0208396786047
              ],
              [
                1697.5993785285941,
                698.0098652412731
              ],
              [
                1697.6319005674989,
                697.9915037583179
              ],
              [
                1697.6479106264696,
                697.9802035121085
              ],
              [
                1697.6571817334875,
                697.9747792153291
              ],
              [
                1697.662808730211,
                697.9706889174888
              ],
              [
                1697.6735183957267,
                697.9642697910114
              ],
              [
                1697.6794555636368,
                697.9598664871875
              ],
              [
                1697.6878967755492,
                697.9547161606201
              ],
              [
                1697.7260462874913,
                697.9258679233749
              ],
              [
                1697.7493141351883,
                697.9104382922136
              ],
              [
                1697.7654626067945,
                697.8972327796151
              ],
              [
                1697.796291301504,
                697.8754732195058
              ],
              [
                1697.8090781829783,
                697.8643647705003
              ],
              [
                1697.8175699412393,
                697.8581920602286
              ],
              [
                1697.82265140399,
                697.8536652139657
              ],
              [
                1697.8311644980147,
                697.8473514731318
              ],
              [
                1697.8376428164506,
                697.8414798675573
              ],
              [
                1697.8467301837068,
                697.8346081013618
              ],
              [
                1697.8820973600168,
                697.8018539883185
              ],
              [
                1697.903955342384,
                697.7839794879593
              ],
              [
                1697.9194823340251,
                697.7684524963181
              ],
              [
                1697.9481913140653,
                697.7435119162856
              ],
              [
                1697.957977523196,
                697.7331092703223
              ],
              [
                1697.9656253705684,
                697.7262961476063
              ],
              [
                1697.9701327016217,
                697.721398035209
              ],
              [
                1697.9765914920606,
                697.7155441287794
              ],
              [
                1697.9833781063987,
                697.7080562537463
              ],
              [
                1697.9928323767579,
                697.6993005013117
              ],
              [
                1698.0249504375422,
                697.6629843928009
              ],
              [
                1698.0452099567092,
                697.642724873634
              ],
              [
                1698.058275907878,
                697.6267470658902
              ],
              [
                1698.0630339707998,
                697.6218420377555
              ],
              [
                1698.065184718939,
                697.6191490547632
              ],
              [
                1698.0860630960651,
                697.5969555411533
              ],
              [
                1698.0931463586433,
                697.5877192103379
              ],
              [
                1698.0998927497956,
                697.5803879134461
              ],
              [
                1698.1037998500806,
                697.575191334212
              ],
              [
                1698.108398836413,
                697.5701171347336
              ],
              [
                1698.1152377919964,
                697.5608958705981
              ],
              [
                1698.1247549707055,
                697.5501347322767
              ],
              [
                1698.1532061793828,
                697.5106607888493
              ],
              [
                1698.1716687609635,
                697.4880836664383
              ],
              [
                1698.1805197849799,
                697.4747363429266
              ],
              [
                1698.1831471226856,
                697.4714466152141
              ],
              [
                1698.1878609993537,
                697.4642145759941
              ],
              [
                1698.2085111300287,
                697.4372875157311
              ],
              [
                1698.2132535901296,
                697.4296140540978
              ],
              [
                1698.219052333233,
                697.4219015241401
              ],
              [
                1698.222338260934,
                697.4164876051742
              ],
              [
                1698.2253171542925,
                697.4124710324454
              ],
              [
                1698.230480218969,
                697.4038569794408
              ],
              [
                1698.2342764448078,
                697.3986471702111
              ],
              [
                1698.23578601189,
                697.3960873915075
              ],
              [
                1698.2411901509988,
                697.3885895490126
              ],
              [
                1698.2656142178967,
                697.3464141371478
              ],
              [
                1698.2820701473547,
                697.3215986340201
              ],
              [
                1698.2873957075255,
                697.3115082232518
              ],
              [
                1698.288247278881,
                697.3102017407374
              ],
              [
                1698.2946925658935,
                697.2978627715446
              ],
              [
                1698.3059839996445,
                697.2799181695689
              ],
              [
                1698.3068735222635,
                697.2781338218804
              ],
              [
                1698.3142960153427,
                697.2661239757969
              ],
              [
                1698.31711205928,
                697.2603375887923
              ],
              [
                1698.3219328732757,
                697.2523947797292
              ],
              [
                1698.3245847618177,
                697.2468530349104
              ],
              [
                1698.3262204583841,
                697.2441240400583
              ],
              [
                1698.3264927829703,
                697.2435482580973
              ],
              [
                1698.3265866693216,
                697.2433916181833
              ],
              [
                1698.3296330001554,
                697.236950692793
              ],
              [
                1698.3326611675714,
                697.2318158176665
              ],
              [
                1698.3354674078378,
                697.2257918399623
              ],
              [
                1698.340983637552,
                697.2162664295909
              ],
              [
                1698.3610846474053,
                697.1718887938176
              ],
              [
                1698.3753127038444,
                697.1449307031564
              ],
              [
                1698.3842505964828,
                697.1229184281636
              ],
              [
                1698.3944487498957,
                697.1024613300747
              ],
              [
                1698.3962456816555,
                697.0977343857278
              ],
              [
                1698.402347013283,
                697.085197413
              ],
              [
                1698.4036901102693,
                697.0815438041496
              ],
              [
                1698.4075231328693,
                697.0735338019197
              ],
              [
                1698.409474746894,
                697.0681395025979
              ],
              [
                1698.4105032056475,
                697.0659650092614
              ],
              [
                1698.4124282213634,
                697.0605849507511
              ],
              [
                1698.414447496126,
                697.0562503018992
              ],
              [
                1698.4179089994122,
                697.0464358730535
              ],
              [
                1698.4231461277,
                697.0348736991457
              ],
              [
                1698.438697794778,
                696.9888256671579
              ],
              [
                1698.4504662023119,
                696.9598423896289
              ],
              [
                1698.4565974872385,
                696.9389750868996
              ],
              [
                1698.464906844497,
                696.9171167892179
              ],
              [
                1698.4670545090034,
                696.9091744738904
              ],
              [
                1698.4717728848696,
                696.8963391388413
              ],
              [
                1698.4721218501613,
                696.8949816842976
              ],
              [
                1698.4749818251971,
                696.8870766573806
              ],
              [
                1698.4761222247093,
                696.8825721366688
              ],
              [
                1698.4766248120893,
                696.8811674990402
              ],
              [
                1698.4776698792525,
                696.8769953570554
              ],
              [
                1698.4788684330922,
                696.8735970874586
              ],
              [
                1698.4822869648665,
                696.8597594076712
              ],
              [
                1698.4868631036493,
                696.8462095943945
              ],
              [
                1698.4972352538596,
                696.8011181557038
              ],
              [
                1698.5044838669414,
                696.7767227035471
              ],
              [
                1698.5049038578627,
                696.7745684948649
              ],
              [
                1698.5067808789127,
                696.7681802146028
              ],
              [
                1698.5104336275353,
                696.7487534039501
              ],
              [
                1698.5166657342445,
                696.7257063421353
              ],
              [
                1698.5182583162468,
                696.7161366945298
              ],
              [
                1698.5236458828874,
                696.6948560772925
              ],
              [
                1698.5241710253583,
                696.6913523755998
              ],
              [
                1698.5243147014314,
                696.6907787885635
              ],
              [
                1698.524738318379,
                696.6879229950744
              ],
              [
                1698.5253198348344,
                696.685569107782
              ],
              [
                1698.5279528363044,
                696.667577861988
              ],
              [
                1698.528692264189,
                696.664363305079
              ],
              [
                1698.5290170027336,
                696.6629876905288
              ],
              [
                1698.5290284846371,
                696.6629016347964
              ],
              [
                1698.5315029071994,
                696.6521444368192
              ],
              [
                1698.5366248716653,
                696.6118657318514
              ],
              [
                1698.541315555277,
                696.5878063752117
              ],
              [
                1698.5419699135089,
                696.5810305410823
              ],
              [
                1698.5436949140465,
                696.5718562829325
              ],
              [
                1698.5452245654185,
                696.5540995112392
              ],
              [
                1698.5492166688232,
                696.5301114071847
              ],
              [
                1698.549904531217,
                696.5196608194462
              ],
              [
                1698.5530369754574,
                696.4987614430013
              ],
              [
                1698.5532309639855,
                696.4948529267755
              ],
              [
                1698.5533660771587,
                696.4939297011962
              ],
              [
                1698.5543891103896,
                696.4728262516669
              ],
              [
                1698.5552406027182,
                696.4664444008339
              ],
              [
                1698.5552847226666,
                696.465126206769
              ],
              [
                1698.5566230016861,
                696.4546020912356
              ],
              [
                1698.5575656291667,
                696.4195379865989
              ],
              [
                1698.5598170752482,
                696.3962244185036
              ],
              [
                1698.5598170752482,
                696.3847041377521
              ],
              [
                1698.560840037314,
                696.3728292071751
              ],
              [
                1698.5606172194066,
                696.3569045925692
              ],
              [
                1698.562239697432,
                696.3322545330404
              ],
              [
                1698.5618616674608,
                696.3209599399253
              ],
              [
                1698.5628662109375,
                696.3007202148438
              ],
              [
                1698.5628662109375,
                696.3004760742188
              ],
              [
                1698.5616355213224,
                696.275380175403
              ],
              [
                1698.5618734864945,
                696.2682703693033
              ],
              [
                1698.5617021369783,
                696.2656670824126
              ],
              [
                1698.5619743590694,
                696.2555408935605
              ],
              [
                1698.5598170752482,
                696.225932173193
              ],
              [
                1698.5598170752482,
                696.2037511674339
              ],
              [
                1698.5582467743195,
                696.1874908101768
              ],
              [
                1698.5580452015408,
                696.1730845676241
              ],
              [
                1698.5564437986723,
                696.1590875272075
              ],
              [
                1698.5556068136557,
                696.1340805015099
              ],
              [
                1698.5541829098547,
                696.1234084832741
              ],
              [
                1698.5532698099653,
                696.1047887905813
              ],
              [
                1698.5526863073826,
                696.100848035861
              ],
              [
                1698.552622290784,
                696.0995770448857
              ],
              [
                1698.549357494319,
                696.0781168218434
              ],
              [
                1698.5488504578857,
                696.0704134951591
              ],
              [
                1698.5482022226818,
                696.0665183221263
              ],
              [
                1698.5475039286707,
                696.0569342368499
              ],
              [
                1698.543314066103,
                696.0328636517868
              ],
              [
                1698.541315555277,
                696.0121692107258
              ],
              [
                1698.5372477469186,
                695.9913046928573
              ],
              [
                1698.5353382892192,
                695.9746151032997
              ],
              [
                1698.5327241419684,
                695.9625771391536
              ],
              [
                1698.529383213671,
                695.937537211815
              ],
              [
                1698.5270275189857,
                695.9275583289941
              ],
              [
                1698.5245726979601,
                695.9109794005828
              ],
              [
                1698.522932381084,
                695.9044187582601
              ],
              [
                1698.5223591931056,
                695.9006510679932
              ],
              [
                1698.5173664434271,
                695.8812295641995
              ],
              [
                1698.516299523307,
                695.8748185602085
              ],
              [
                1698.5149082700038,
                695.8696735422595
              ],
              [
                1698.5133551630927,
                695.8607510080683
              ],
              [
                1698.5085154127883,
                695.8433952167396
              ],
              [
                1698.5082440345464,
                695.8419169424044
              ],
              [
                1698.5078640511667,
                695.8405904528847
              ],
              [
                1698.5044838669414,
                695.8232528823904
              ],
              [
                1698.4969965275866,
                695.7980539888988
              ],
              [
                1698.4929458343393,
                695.7794008315223
              ],
              [
                1698.4896664219496,
                695.7692941822346
              ],
              [
                1698.4838266554175,
                695.7445565342321
              ],
              [
                1698.480656722972,
                695.735332238522
              ],
              [
                1698.4770502639155,
                695.7209077768418
              ],
              [
                1698.4738438106785,
                695.7119290721948
              ],
              [
                1698.4722611661196,
                695.7057726775649
              ],
              [
                1698.465934026695,
                695.6885610444264
              ],
              [
                1698.4645406335594,
                695.6834081131259
              ],
              [
                1698.462467633969,
                695.6779549546285
              ],
              [
                1698.4620674018815,
                695.6764939558394
              ],
              [
                1698.4617218250196,
                695.6755890916796
              ],
              [
                1698.459866596101,
                695.6689360695289
              ],
              [
                1698.4597445257884,
                695.6685698585914
              ],
              [
                1698.4552472760104,
                695.6569097853875
              ],
              [
                1698.4546038931423,
                695.6546637907531
              ],
              [
                1698.4537465837595,
                695.6524948421362
              ],
              [
                1698.4496631264844,
                695.6387518287536
              ],
              [
                1698.4378560244927,
                695.6096224318322
              ],
              [
                1698.431290762388,
                695.5893892944013
              ],
              [
                1698.4276661697438,
                695.5811332007714
              ],
              [
                1698.419384925034,
                695.5570353212843
              ],
              [
                1698.415522306745,
                695.5486173006844
              ],
              [
                1698.4111585521641,
                695.5363979228734
              ],
              [
                1698.4059095777613,
                695.5252773351426
              ],
              [
                1698.402835294533,
                695.5169144034063
              ],
              [
                1698.395586141778,
                695.5020188960093
              ],
              [
                1698.3940825389582,
                695.4980635722691
              ],
              [
                1698.393633167789,
                695.4971621512259
              ],
              [
                1698.393029579367,
                695.4955972203169
              ],
              [
                1698.3928194909286,
                695.4951740826855
              ],
              [
                1698.392572844993,
                695.4945282608966
              ],
              [
                1698.3864530406806,
                695.4822456414023
              ],
              [
                1698.3830027752917,
                695.4735166475361
              ],
              [
                1698.3815003641864,
                695.4705869259999
              ],
              [
                1698.3773610555413,
                695.4603748041269
              ],
              [
                1698.3769556480036,
                695.4595986849083
              ],
              [
                1698.3767507039788,
                695.4590930658457
              ],
              [
                1698.3600604410708,
                695.4271409371902
              ],
              [
                1698.3509881710622,
                695.4064761293126
              ],
              [
                1698.3508661007497,
                695.4062319886876
              ],
              [
                1698.3485629747563,
                695.4021456723696
              ],
              [
                1698.341351070958,
                695.3862595916646
              ],
              [
                1698.3397187080595,
                695.3834142680299
              ],
              [
                1698.3366914354626,
                695.3768167631312
              ],
              [
                1698.3322620706183,
                695.3692461752441
              ],
              [
                1698.3275298859921,
                695.3592204692194
              ],
              [
                1698.3266359911333,
                695.3577258476196
              ],
              [
                1698.3265866693216,
                695.3576215654105
              ],
              [
                1698.3205832454996,
                695.3476054578749
              ],
              [
                1698.3198046332743,
                695.3463035926293
              ],
              [
                1698.3147842965927,
                695.3359878406094
              ],
              [
                1698.3085718271045,
                695.3259358538232
              ],
              [
                1698.3057068496428,
                695.3201857634242
              ],
              [
                1698.2983510099036,
                695.3084445848542
              ],
              [
                1698.2941198356332,
                695.3001937390366
              ],
              [
                1698.2921420462949,
                695.2971167847884
              ],
              [
                1698.2876369273185,
                695.2884921069189
              ],
              [
                1698.2678161048527,
                695.2580829605747
              ],
              [
                1698.2471351168049,
                695.2220345401299
              ],
              [
                1698.241328164357,
                695.2138236364736
              ],
              [
                1698.2365590004854,
                695.2056722704186
              ],
              [
                1698.2337505393807,
                695.2018086883394
              ],
              [
                1698.2325674604328,
                695.1998025368201
              ],
              [
                1698.2304396548416,
                695.1968824099156
              ],
              [
                1698.2269667996131,
                695.1910756817683
              ],
              [
                1698.2268447293006,
                695.1908925762996
              ],
              [
                1698.2258369876067,
                695.1895308764747
              ],
              [
                1698.22568336523,
                695.1892745730233
              ],
              [
                1698.2243385398892,
                695.1874612859604
              ],
              [
                1698.2238523105425,
                695.1866500613046
              ],
              [
                1698.2156698247434,
                695.1756172563802
              ],
              [
                1698.2089994112787,
                695.1648243006751
              ],
              [
                1698.2089293177958,
                695.1647329011839
              ],
              [
                1698.2077787081537,
                695.1628711756751
              ],
              [
                1698.204340984557,
                695.1583885023249
              ],
              [
                1698.202293361677,
                695.1551201459265
              ],
              [
                1698.1937624328689,
                695.144062279144
              ],
              [
                1698.1887981512384,
                695.1363390767002
              ],
              [
                1698.1868833361596,
                695.1339157414063
              ],
              [
                1698.182536771123,
                695.1272472324422
              ],
              [
                1698.182000428025,
                695.126575669457
              ],
              [
                1698.1816822789356,
                695.1260875644734
              ],
              [
                1698.1606887020826,
                695.0998012018903
              ],
              [
                1698.1378122432197,
                695.0674543897885
              ],
              [
                1698.1267915519397,
                695.0546393332226
              ],
              [
                1698.118507001635,
                695.0432699025106
              ],
              [
                1698.1130561329942,
                695.0371369932919
              ],
              [
                1698.1100403948226,
                695.0330620104216
              ],
              [
                1698.1095031910459,
                695.0324681220185
              ],
              [
                1698.106933992663,
                695.0290039590164
              ],
              [
                1698.1068359992805,
                695.0288958399802
              ],
              [
                1698.106689852038,
                695.0286987832352
              ],
              [
                1698.094947170299,
                695.0157427304771
              ],
              [
                1698.0853306741901,
                695.003203150253
              ],
              [
                1698.0840061388244,
                695.0017951819283
              ],
              [
                1698.0833132840787,
                695.0008970973644
              ],
              [
                1698.0736863646446,
                694.9906568861408
              ],
              [
                1698.0680367248135,
                694.9835068632733
              ],
              [
                1698.066704958074,
                694.9821227905736
              ],
              [
                1698.0615691270498,
                694.975692141932
              ],
              [
                1698.0380309958266,
                694.9514269739876
              ],
              [
                1698.0143621611703,
                694.9239044305043
              ],
              [
                1698.0009711027308,
                694.9110273104699
              ],
              [
                1697.9898404730238,
                694.8985039594152
              ],
              [
                1697.9826454903719,
                694.8918369206883
              ],
              [
                1697.9748825076856,
                694.8832717891894
              ],
              [
                1697.960349798091,
                694.8701001089902
              ],
              [
                1697.9498951728538,
                694.8589794622011
              ],
              [
                1697.948527820152,
                694.8577830352392
              ],
              [
                1697.9474588921903,
                694.8566467751207
              ],
              [
                1697.9387598986355,
                694.8490896294244
              ],
              [
                1697.9275554060002,
                694.837539056741
              ],
              [
                1697.9017269694423,
                694.8155920898076
              ],
              [
                1697.877891184417,
                694.7926711036681
              ],
              [
                1697.8620594931847,
                694.7800991233865
              ],
              [
                1697.8477745174712,
                694.7668623317361
              ],
              [
                1697.8406547625195,
                694.7614447758223
              ],
              [
                1697.8405494633914,
                694.761347968149
              ],
              [
                1697.840183252454,
                694.7610427923678
              ],
              [
                1697.8392389210514,
                694.7603316084479
              ],
              [
                1697.8294555136397,
                694.751464444837
              ],
              [
                1697.8134751015104,
                694.7396125634516
              ],
              [
                1697.8033045323946,
                694.7307133649545
              ],
              [
                1697.7987140690668,
                694.7274265046568
              ],
              [
                1697.795558879629,
                694.7246854719004
              ],
              [
                1697.790740554243,
                694.7212845935353
              ],
              [
                1697.7808822822685,
                694.7129078120543
              ],
              [
                1697.7641423121997,
                694.7012562472291
              ],
              [
                1697.760791015625,
                694.6984619140625
              ],
              [
                1697.760546875,
                694.6982788085937
              ],
              [
                1697.7501920072634,
                694.6912649106347
              ],
              [
                1697.7296223151395,
                694.6749304735879
              ],
              [
                1697.711328555451,
                694.6630380240906
              ],
              [
                1697.6936414385245,
                694.6495795630124
              ],
              [
                1697.6854877329192,
                694.644540295814
              ],
              [
                1697.6828795655285,
                694.6425760630207
              ],
              [
                1697.6815210823775,
                694.6417487930789
              ],
              [
                1697.6718094113517,
                694.6345461269574
              ],
              [
                1697.6545412877153,
                694.6241960119619
              ],
              [
                1697.6449318118512,
                694.617315441866
              ],
              [
                1697.6367552615773,
                694.6125907076776
              ],
              [
                1697.6359653177578,
                694.6120408810302
              ],
              [
                1697.6311681456239,
                694.6086549330884
              ],
              [
                1697.6308108924493,
                694.6084532330013
              ],
              [
                1697.622908167244,
                694.6029526786607
              ],
              [
                1697.6047828197472,
                694.5927716000992
              ],
              [
                1697.6011897434635,
                694.5903378200593
              ],
              [
                1697.5907009092389,
                694.5846201255838
              ],
              [
                1697.5708842838465,
                694.5717376880369
              ],
              [
                1697.5501556347358,
                694.5609004593679
              ],
              [
                1697.5288867059803,
                694.5477555384927
              ],
              [
                1697.5200100402712,
                694.5433940727448
              ],
              [
                1697.5146880947984,
                694.5401531893242
              ],
              [
                1697.5128432228644,
                694.5392654603427
              ],
              [
                1697.5034624189645,
                694.5336428228658
              ],
              [
                1697.4850975875008,
                694.5249569044682
              ],
              [
                1697.4762792163706,
                694.5198613008006
              ],
              [
                1697.4694802846157,
                694.5167716370646
              ],
              [
                1697.4550961363125,
                694.5086920047189
              ],
              [
                1697.4358434133278,
                694.5002038949632
              ],
              [
                1697.4321947103901,
                694.4982149066559
              ],
              [
                1697.421709085909,
                694.4937468009717
              ],
              [
                1697.4030996417864,
                694.4840175224122
              ],
              [
                1697.3800110211973,
                694.4746068787197
              ],
              [
                1697.355055400177,
                694.4623451703413
              ],
              [
                1697.3455805260246,
                694.4587807715315
              ],
              [
                1697.337239406783,
                694.4547671307187
              ],
              [
                1697.334848955523,
                694.453894593917
              ],
              [
                1697.3260358100426,
                694.4497262865399
              ],
              [
                1697.3067934882342,
                694.4428412737055
              ],
              [
                1697.2989464583036,
                694.4392753188341
              ],
              [
                1697.2931725207686,
                694.4373033797503
              ],
              [
                1697.2777498843523,
                694.4305038724427
              ],
              [
                1697.2580830194588,
                694.4240229081425
              ],
              [
                1697.255126921267,
                694.4227632636495
              ],
              [
                1697.244779071488,
                694.4194879646365
              ],
              [
                1697.227772012571,
                694.4125560922404
              ],
              [
                1697.2024446144933,
                694.4049337795298
              ],
              [
                1697.1737777221324,
                694.3941494424115
              ],
              [
                1697.1638373458964,
                694.3914737759656
              ],
              [
                1697.1522538139825,
                694.3872456797656
              ],
              [
                1697.1492760272138,
                694.3864806249454
              ],
              [
                1697.1412382998215,
                694.3836046800981
              ],
              [
                1697.1213618654376,
                694.3786258924699
              ],
              [
                1697.1146155835295,
                694.3763218743047
              ],
              [
                1697.1100958795969,
                694.3752556350905
              ],
              [
                1697.0937997273645,
                694.3698854461244
              ],
              [
                1697.073941290525,
                694.3654144298126
              ],
              [
                1697.0716262873148,
                694.3646816855332
              ],
              [
                1697.0678026529501,
                694.3638656314047
              ],
              [
                1697.067220675034,
                694.3636825226624
              ],
              [
                1697.0610377587025,
                694.3623772061716
              ],
              [
                1697.0464726172602,
                694.357993808303
              ],
              [
                1697.0462284766352,
                694.3579327731468
              ],
              [
                1697.0201117084848,
                694.3527869238476
              ],
              [
                1696.9867537054165,
                694.3438078985679
              ],
              [
                1696.9764824015956,
                694.342086379679
              ],
              [
                1696.961524696958,
                694.3382434369436
              ],
              [
                1696.9579388105724,
                694.3376905482315
              ],
              [
                1696.9508495893447,
                694.3359147907561
              ],
              [
                1696.9306013856992,
                694.3329112534725
              ],
              [
                1696.925035016827,
                694.3315980964912
              ],
              [
                1696.921805831992,
                694.3311619797239
              ],
              [
                1696.9048486912839,
                694.3273441740567
              ],
              [
                1696.8850846282778,
                694.3248692776252
              ],
              [
                1696.88339229747,
                694.3245080941514
              ],
              [
                1696.879612739939,
                694.3240753666903
              ],
              [
                1696.8779395902677,
                694.3237221369617
              ],
              [
                1696.867911786561,
                694.3226014407892
              ],
              [
                1696.8551834130374,
                694.3200707514203
              ],
              [
                1696.852936141559,
                694.3198479220171
              ],
              [
                1696.8483653609956,
                694.3189473301894
              ],
              [
                1696.825749288498,
                694.3168228001089
              ],
              [
                1696.7957372731278,
                694.3117926450037
              ],
              [
                1696.7852660673316,
                694.3110670581525
              ],
              [
                1696.7669011180374,
                694.3082354644906
              ],
              [
                1696.762709931257,
                694.3080069087783
              ],
              [
                1696.7567032259717,
                694.3071158982181
              ],
              [
                1696.7560408193858,
                694.3070833562692
              ],
              [
                1696.7558487337842,
                694.3070548630618
              ],
              [
                1696.7361366113698,
                694.3060864685852
              ],
              [
                1696.7320029776256,
                694.3055282016919
              ],
              [
                1696.730058514986,
                694.3054565903425
              ],
              [
                1696.7126687709185,
                694.3032790109894
              ],
              [
                1696.6932806411012,
                694.3027419128687
              ],
              [
                1696.692168278589,
                694.3026145567425
              ],
              [
                1696.6884889780329,
                694.3025493475639
              ],
              [
                1696.6856832559708,
                694.3022357831915
              ],
              [
                1696.6735340315065,
                694.3020592100088
              ],
              [
                1696.6613494369976,
                694.3008510400347
              ],
              [
                1696.6556413491612,
                694.3008430390742
              ],
              [
                1696.64758207982,
                694.3000859597827
              ],
              [
                1696.6287536352545,
                694.3002217586729
              ],
              [
                1696.6025197894912,
                694.2984039227987
              ],
              [
                1696.5919716617798,
                694.2986961314657
              ],
              [
                1696.5702698952043,
                694.2975126808165
              ],
              [
                1696.5657057591568,
                694.2977137377126
              ],
              [
                1696.559814453125,
                694.2974243164062
              ],
              [
                1696.5393099790438,
                694.2984316366241
              ],
              [
                1696.5373504234403,
                694.2983594694257
              ],
              [
                1696.5366399940287,
                694.2984025878297
              ],
              [
                1696.5190622417588,
                694.2979156415487
              ],
              [
                1696.5003197328667,
                694.2992143762194
              ],
              [
                1696.4997252496453,
                694.2992038400422
              ],
              [
                1696.496193967102,
                694.2994818027273
              ],
              [
                1696.492250430168,
                694.2994244885449
              ],
              [
                1696.478058851121,
                694.3005941237462
              ],
              [
                1696.466565112604,
                694.3005780131062
              ],
              [
                1696.4574360304468,
                694.3014573753771
              ],
              [
                1696.4459200809215,
                694.3015404333887
              ],
              [
                1696.4310494909703,
                694.3031540650748
              ],
              [
                1696.4089132603315,
                694.3037672922394
              ],
              [
                1696.39839977946,
                694.3050838118378
              ],
              [
                1696.3735373099555,
                694.3061790401346
              ],
              [
                1696.3693359438028,
                694.306781925518
              ],
              [
                1696.3637801724658,
                694.3070548630618
              ],
              [
                1696.3432744606393,
                694.3100965980758
              ],
              [
                1696.3258447581222,
                694.3113043637537
              ],
              [
                1696.30799838816,
                694.3142954993993
              ],
              [
                1696.307845519461,
                694.3143075323629
              ],
              [
                1696.3063398103359,
                694.3145734848531
              ],
              [
                1696.3043054446123,
                694.3149144541284
              ],
              [
                1696.2994508781862,
                694.3153145556083
              ],
              [
                1696.2833671474104,
                694.3182246259782
              ],
              [
                1696.2726780182386,
                694.3192542603643
              ],
              [
                1696.2602642057511,
                694.3216862516683
              ],
              [
                1696.2454297464044,
                694.3232959627642
              ],
              [
                1696.2345697296314,
                694.3255989460774
              ],
              [
                1696.2167333399661,
                694.3278324553067
              ],
              [
                1696.2063525899634,
                694.3301696232804
              ],
              [
                1696.178610626466,
                694.3341505246568
              ],
              [
                1696.1747976400518,
                694.3350877736351
              ],
              [
                1696.1696338090928,
                694.3358537555998
              ],
              [
                1696.1499396188406,
                694.3407868934495
              ],
              [
                1696.1348283258335,
                694.3433196173179
              ],
              [
                1696.1146499927238,
                694.3487510504502
              ],
              [
                1696.109088440417,
                694.3497573162728
              ],
              [
                1696.0913328550434,
                694.3547816102699
              ],
              [
                1696.0815272218301,
                694.3567026328992
              ],
              [
                1696.0660601253267,
                694.3613332193247
              ],
              [
                1696.04814954557,
                694.3651313503196
              ],
              [
                1696.0412364001736,
                694.3673446126234
              ],
              [
                1696.0277823038855,
                694.3703737273744
              ],
              [
                1696.0176182083253,
                694.373723175333
              ],
              [
                1695.9873796012284,
                694.3811559591212
              ],
              [
                1695.9839712638004,
                694.3823598021914
              ],
              [
                1695.979245098616,
                694.3835436449418
              ],
              [
                1695.966929061303,
                694.3879503935564
              ],
              [
                1695.9664557835688,
                694.3880720895816
              ],
              [
                1695.9608518401885,
                694.3901248580408
              ],
              [
                1695.9605779164763,
                694.3902228695123
              ],
              [
                1695.9478043091176,
                694.3936611611615
              ],
              [
                1695.929196766613,
                694.4006612227232
              ],
              [
                1695.9229441555128,
                694.4024305226791
              ],
              [
                1695.903803802957,
                694.4099100109456
              ],
              [
                1695.894925836832,
                694.4125679234644
              ],
              [
                1695.8767294299,
                694.420011966647
              ],
              [
                1695.856085308944,
                694.4266212381272
              ],
              [
                1695.852941848524,
                694.4279901677968
              ],
              [
                1695.8438321468977,
                694.4309921536927
              ],
              [
                1695.833955235069,
                694.4353462685913
              ],
              [
                1695.8016981624226,
                694.4467396397556
              ],
              [
                1695.7987017159965,
                694.4481431001886
              ],
              [
                1695.7944475883949,
                694.4496652513836
              ],
              [
                1695.781182714961,
                694.4559390692745
              ],
              [
                1695.7797754364851,
                694.4564545664293
              ],
              [
                1695.7758878019254,
                694.4583352648768
              ],
              [
                1695.766526631073,
                694.4618568890913
              ],
              [
                1695.749652658507,
                694.4701477559312
              ],
              [
                1695.7427595969175,
                694.4728413621817
              ],
              [
                1695.7225828370504,
                694.4830724322621
              ],
              [
                1695.7146438243847,
                694.4863202357067
              ],
              [
                1695.6960114871722,
                694.4961570704177
              ],
              [
                1695.66660796525,
                694.5091192508127
              ],
              [
                1695.6664858949375,
                694.5091802859689
              ],
              [
                1695.657147871828,
                694.5144433743047
              ],
              [
                1695.6233664366305,
                694.5302657521908
              ],
              [
                1695.6207805163879,
                694.5318036591751
              ],
              [
                1695.617020979473,
                694.5335817877095
              ],
              [
                1695.6031162867457,
                694.5419159398001
              ],
              [
                1695.6008066080788,
                694.5430332796674
              ],
              [
                1695.598765654474,
                694.5442846583964
              ],
              [
                1695.5926953252697,
                694.5472672572427
              ],
              [
                1695.5776676915964,
                694.5565548456233
              ],
              [
                1695.5702205786354,
                694.5603310681239
              ],
              [
                1695.5494094366513,
                694.5735547754297
              ],
              [
                1695.5423912047881,
                694.5772600103669
              ],
              [
                1695.5249407358003,
                694.5887725618147
              ],
              [
                1695.519759163663,
                694.5918782766341
              ],
              [
                1695.4937482032744,
                694.6065385511506
              ],
              [
                1695.4861960000826,
                694.6118442049727
              ],
              [
                1695.4541132971422,
                694.630924535493
              ],
              [
                1695.4519284421806,
                694.6325344464857
              ],
              [
                1695.4486739870858,
                694.6344850918011
              ],
              [
                1695.4344662768874,
                694.645022247831
              ],
              [
                1695.4313177660815,
                694.6469527079067
              ],
              [
                1695.430954320661,
                694.6472286954654
              ],
              [
                1695.4279405927255,
                694.6490912817624
              ],
              [
                1695.4148207572039,
                694.6590744122213
              ],
              [
                1695.4069413826865,
                694.6640810832849
              ],
              [
                1695.3859420510987,
                694.6804737940233
              ],
              [
                1695.3798018375285,
                694.6845246607751
              ],
              [
                1695.3645210722104,
                694.696897147089
              ],
              [
                1695.3554706284533,
                694.7036094136454
              ],
              [
                1695.3533329400232,
                694.705184569966
              ],
              [
                1695.3314999265392,
                694.7205229299781
              ],
              [
                1695.3255281470917,
                694.7256725394537
              ],
              [
                1695.295579603041,
                694.7477401325561
              ],
              [
                1695.2937788413535,
                694.7493631612484
              ],
              [
                1695.2910278847978,
                694.7514034096807
              ],
              [
                1695.278187636042,
                694.7630411327899
              ],
              [
                1695.2738075137788,
                694.7663740504861
              ],
              [
                1695.2626060273794,
                694.7767536090248
              ],
              [
                1695.2544496558196,
                694.7831207183348
              ],
              [
                1695.2337413722025,
                694.8027864801682
              ],
              [
                1695.2284179237092,
                694.8070967547031
              ],
              [
                1695.2150975225145,
                694.820222678579
              ],
              [
                1695.2039894727777,
                694.8302904280112
              ],
              [
                1695.1991701750826,
                694.834634066867
              ],
              [
                1695.1813358412498,
                694.8500130431509
              ],
              [
                1695.1767266558857,
                694.8548624379307
              ],
              [
                1695.1493022915608,
                694.8795800507474
              ],
              [
                1695.1478617841794,
                694.8811615996757
              ],
              [
                1695.145600890752,
                694.8832107540331
              ],
              [
                1695.1344946684067,
                694.8954645820637
              ],
              [
                1695.1317415582262,
                694.8980156781652
              ],
              [
                1695.1293651234464,
                694.9006894646255
              ],
              [
                1695.1273689838533,
                694.9025450155991
              ],
              [
                1695.1205620660412,
                694.9102679750423
              ],
              [
                1695.1141721167874,
                694.9163362336424
              ],
              [
                1695.0942547440195,
                694.9393011573916
              ],
              [
                1695.0896753778857,
                694.9438136649649
              ],
              [
                1695.0781122215706,
                694.9576730257634
              ],
              [
                1695.0656767395442,
                694.9713934658456
              ],
              [
                1695.0589884123272,
                694.9787366540014
              ],
              [
                1695.0447319455616,
                694.9937361018542
              ],
              [
                1695.0412662265935,
                694.9981940370138
              ],
              [
                1695.0403211715975,
                694.9992316233083
              ],
              [
                1695.0364367833226,
                695.0033763893897
              ],
              [
                1695.035843608109,
                695.0041475896043
              ],
              [
                1695.0166994779338,
                695.0251661410886
              ],
              [
                1695.0155892086163,
                695.0266565401289
              ],
              [
                1695.0137935463995,
                695.028637748079
              ],
              [
                1695.004456515814,
                695.0412272764391
              ],
              [
                1695.003075029615,
                695.0427816212606
              ],
              [
                1694.9997770842162,
                695.0473076076238
              ],
              [
                1694.9959124918673,
                695.0516922778664
              ],
              [
                1694.9917333086541,
                695.0575093655349
              ],
              [
                1694.9874212079076,
                695.0624812594687
              ],
              [
                1694.9808502956162,
                695.0717305903771
              ],
              [
                1694.980314776437,
                695.0723547836255
              ],
              [
                1694.9739597095659,
                695.081429899652
              ],
              [
                1694.9688018932413,
                695.0886901319965
              ],
              [
                1694.964890208053,
                695.0933785972284
              ],
              [
                1694.9549088221231,
                695.1080346076544
              ],
              [
                1694.9418661966895,
                695.1256205522737
              ],
              [
                1694.9341775163498,
                695.1359416533063
              ],
              [
                1694.9230309513325,
                695.1502794183002
              ],
              [
                1694.9211686181773,
                695.1532390802843
              ],
              [
                1694.9178040285685,
                695.1576134576492
              ],
              [
                1694.9166147296073,
                695.159517519173
              ],
              [
                1694.8990567071842,
                695.1830869895314
              ],
              [
                1694.8982412057874,
                695.1844420432328
              ],
              [
                1694.89687522852,
                695.1862838503671
              ],
              [
                1694.889299368972,
                695.1989234084185
              ],
              [
                1694.8890145708172,
                695.1993142555701
              ],
              [
                1694.885926822004,
                695.204550163101
              ],
              [
                1694.8850828487457,
                695.2059582474146
              ],
              [
                1694.8799132044203,
                695.2131539774703
              ],
              [
                1694.8778882060965,
                695.2166618259129
              ],
              [
                1694.8753828158005,
                695.2201884570525
              ],
              [
                1694.8689962259152,
                695.2313190844528
              ],
              [
                1694.867731370663,
                695.2331253137819
              ],
              [
                1694.8582675287735,
                695.2499363247972
              ],
              [
                1694.85524603298,
                695.2543728904368
              ],
              [
                1694.846719197575,
                695.2699641325506
              ],
              [
                1694.8337484528097,
                695.2916045128131
              ],
              [
                1694.8259488677595,
                695.3045644619096
              ],
              [
                1694.817429086293,
                695.3181042913686
              ],
              [
                1694.8169131593745,
                695.3191392206497
              ],
              [
                1694.814720986306,
                695.3226488784646
              ],
              [
                1694.8130946161862,
                695.3259233476697
              ],
              [
                1694.7975144911484,
                695.3518116001994
              ],
              [
                1694.7969535807395,
                695.3529930481448
              ],
              [
                1694.7959719244284,
                695.3546308427542
              ],
              [
                1694.7856793307083,
                695.3763927037736
              ],
              [
                1694.7805173602103,
                695.3853346421249
              ],
              [
                1694.780122278324,
                695.3862096933708
              ],
              [
                1694.7791051761858,
                695.3879823114866
              ],
              [
                1694.7732322023414,
                695.40098806742
              ],
              [
                1694.7714483523753,
                695.404156793375
              ],
              [
                1694.763700328158,
                695.4217633912046
              ],
              [
                1694.7617828552857,
                695.4252694731657
              ],
              [
                1694.7546504916859,
                695.4419976718475
              ],
              [
                1694.742359642761,
                695.4679844885229
              ],
              [
                1694.7385524599235,
                695.4760035736902
              ],
              [
                1694.7281634097842,
                695.4969204758996
              ],
              [
                1694.726310833065,
                695.5017881636488
              ],
              [
                1694.7130572515514,
                695.5297042379398
              ],
              [
                1694.7127068113143,
                695.5306801330149
              ],
              [
                1694.7120553881025,
                695.5320574516761
              ],
              [
                1694.70446065767,
                695.5532833012923
              ],
              [
                1694.6994890665462,
                695.5642929366953
              ],
              [
                1694.6987927596974,
                695.5663432278814
              ],
              [
                1694.6987071321928,
                695.566532880855
              ],
              [
                1694.6963693612286,
                695.5734789792087
              ],
              [
                1694.6944542484357,
                695.5791180719247
              ],
              [
                1694.6923929796733,
                695.5838020957611
              ],
              [
                1694.6864506263382,
                695.6019531875252
              ],
              [
                1694.6853871967533,
                695.6044473482801
              ],
              [
                1694.6796726594496,
                695.6225611153236
              ],
              [
                1694.6690927159937,
                695.652130076426
              ],
              [
                1694.658950627136,
                695.6787786471318
              ],
              [
                1694.6571340207886,
                695.6854375120624
              ],
              [
                1694.6465037763292,
                695.7150402862909
              ],
              [
                1694.6463165142652,
                695.715785295926
              ],
              [
                1694.6459337816607,
                695.7168549618973
              ],
              [
                1694.6410347551487,
                695.7364129720556
              ],
              [
                1694.6372793784174,
                695.7474707633517
              ],
              [
                1694.6360528761961,
                695.7526942418647
              ],
              [
                1694.6352909223097,
                695.754958196169
              ],
              [
                1694.6328005335504,
                695.765828962394
              ],
              [
                1694.6313265990127,
                695.7703311384741
              ],
              [
                1694.6272401065523,
                695.7887602314034
              ],
              [
                1694.6267836894474,
                695.7902069685009
              ],
              [
                1694.6240592962117,
                695.803104916955
              ],
              [
                1694.6219765632538,
                695.8124975390143
              ],
              [
                1694.61643136558,
                695.8346352090529
              ],
              [
                1694.6077377858624,
                695.8665019771005
              ],
              [
                1694.606268207976,
                695.8751148120641
              ],
              [
                1694.5984992817225,
                695.906022967129
              ],
              [
                1694.5984255129133,
                695.9065186023164
              ],
              [
                1694.5982438923186,
                695.907243672374
              ],
              [
                1694.5956365414993,
                695.9248210038264
              ],
              [
                1694.5930581481532,
                695.9358019723148
              ],
              [
                1694.5919125979724,
                695.9443084015643
              ],
              [
                1694.5908953733224,
                695.9487486767331
              ],
              [
                1694.589743182857,
                695.9578622909339
              ],
              [
                1694.588837313021,
                695.9619475448656
              ],
              [
                1694.5866141112022,
                695.9803796435991
              ],
              [
                1694.5865282023967,
                695.9807863570387
              ],
              [
                1694.5860934219927,
                695.9846965683323
              ],
              [
                1694.583215467997,
                696.0085570796664
              ],
              [
                1694.5813258554974,
                696.0212958123968
              ],
              [
                1694.5750096514028,
                696.0583135329063
              ],
              [
                1694.5744148647452,
                696.0665984263051
              ],
              [
                1694.5741964171143,
                696.0679110537528
              ],
              [
                1694.574031548021,
                696.070415884574
              ],
              [
                1694.5695091570956,
                696.1008007598999
              ],
              [
                1694.5694975848314,
                696.1010355361304
              ],
              [
                1694.5694449997807,
                696.1013900357472
              ],
              [
                1694.56869059081,
                696.1167463831247
              ],
              [
                1694.5672391113687,
                696.1275245291911
              ],
              [
                1694.5668008753232,
                696.1393317146483
              ],
              [
                1694.5659591766866,
                696.145989395715
              ],
              [
                1694.5657694543422,
                696.1531983099236
              ],
              [
                1694.5653343167496,
                696.1568059441936
              ],
              [
                1694.564220904623,
                696.2077289355979
              ],
              [
                1694.5640866050019,
                696.2104626671874
              ],
              [
                1694.56107601849,
                696.2523976837267
              ],
              [
                1694.561350232708,
                696.2630811610802
              ],
              [
                1694.5611733885055,
                696.2657679278971
              ],
              [
                1694.561252910441,
                696.2681438450819
              ],
              [
                1694.559814453125,
                696.2974243164062
              ],
              [
                1694.559814453125,
                696.2974853515625
              ],
              [
                1694.5604479543945,
                696.3104954433098
              ],
              [
                1694.5600638320145,
                696.3208446699986
              ],
              [
                1694.560961777004,
                696.3358764946757
              ],
              [
                1694.5607287376533,
                696.3447313329971
              ],
              [
                1694.5611112462545,
                696.349952199223
              ],
              [
                1694.561043956901,
                696.3530297435524
              ],
              [
                1694.564980335096,
                696.4045111603333
              ],
              [
                1694.566068778726,
                696.4469172870347
              ],
              [
                1694.567670001132,
                696.4598705171966
              ],
              [
                1694.5678062722818,
                696.4639419594276
              ],
              [
                1694.5679849409817,
                696.4652810636713
              ],
              [
                1694.5692820075649,
                696.4919186665649
              ],
              [
                1694.5694086599692,
                696.4927799183668
              ],
              [
                1694.5694449997807,
                696.4935196322216
              ],
              [
                1694.570168938618,
                696.4984000314385
              ],
              [
                1694.570180443591,
                696.4986285215206
              ],
              [
                1694.5710095186466,
                696.5040782136547
              ],
              [
                1694.5715994422942,
                696.5139536836958
              ],
              [
                1694.573775094885,
                696.527748230883
              ],
              [
                1694.5738302061768,
                696.5285855282784
              ],
              [
                1694.5744888384138,
                696.5325431759223
              ],
              [
                1694.5752557404337,
                696.5430106342803
              ],
              [
                1694.5758160931937,
                696.5462252312683
              ],
              [
                1694.576007551985,
                696.5487292004872
              ],
              [
                1694.5848587112253,
                696.5989396923328
              ],
              [
                1694.5848765599483,
                696.5990644953608
              ],
              [
                1694.5899406721358,
                696.6400310784398
              ],
              [
                1694.5921395901023,
                696.6498495376902
              ],
              [
                1694.5959468668475,
                696.6764710312766
              ],
              [
                1694.5971624702174,
                696.6815092141491
              ],
              [
                1694.5975950362977,
                696.6844507162699
              ],
              [
                1694.5976302680988,
                696.684592625673
              ],
              [
                1694.5977171066102,
                696.6851831381449
              ],
              [
                1694.5981108468372,
                696.6867690758139
              ],
              [
                1694.5982438923186,
                696.6876659955948
              ],
              [
                1694.5983483484606,
                696.6880830078894
              ],
              [
                1694.5986917734542,
                696.6903956910064
              ],
              [
                1694.600376585293,
                696.6971143820981
              ],
              [
                1694.6004435412694,
                696.6975544984131
              ],
              [
                1694.600632175126,
                696.6982882730654
              ],
              [
                1694.6006876818944,
                696.6986531312256
              ],
              [
                1694.6007853297858,
                696.6990329758032
              ],
              [
                1694.6009318225194,
                696.6999959046631
              ],
              [
                1694.6009573950266,
                696.7000953802177
              ],
              [
                1694.6017380145718,
                696.705044834555
              ],
              [
                1694.6058256766173,
                696.7208427411827
              ],
              [
                1694.6063811407555,
                696.724180463229
              ],
              [
                1694.607662183972,
                696.7289179113467
              ],
              [
                1694.609396637484,
                696.7388680167701
              ],
              [
                1694.6097465712282,
                696.7401225202333
              ],
              [
                1694.6100809944016,
                696.7420196222475
              ],
              [
                1694.6223404578463,
                696.7858617597016
              ],
              [
                1694.6259636105908,
                696.8008782581355
              ],
              [
                1694.6324657345158,
                696.8299111005471
              ],
              [
                1694.6343551142002,
                696.835657636677
              ],
              [
                1694.6403541746065,
                696.860521308609
              ],
              [
                1694.6435633494443,
                696.869846219309
              ],
              [
                1694.6446075544945,
                696.8740521500469
              ],
              [
                1694.6450818803564,
                696.8753901163802
              ],
              [
                1694.6464822728017,
                696.8809746000777
              ],
              [
                1694.6492806066203,
                696.8887864016548
              ],
              [
                1694.6501975711487,
                696.8923302660546
              ],
              [
                1694.6508005616995,
                696.8939823789568
              ],
              [
                1694.6510298495054,
                696.8948742950913
              ],
              [
                1694.6551188939723,
                696.9059976683138
              ],
              [
                1694.6553304313559,
                696.9068006675881
              ],
              [
                1694.656859562885,
                696.9108555908251
              ],
              [
                1694.658140030503,
                696.9155909103116
              ],
              [
                1694.6599411430047,
                696.920328852368
              ],
              [
                1694.662936138274,
                696.9310395164086
              ],
              [
                1694.6776177011827,
                696.9687980698519
              ],
              [
                1694.68908801315,
                697.0021273959884
              ],
              [
                1694.693241436343,
                697.0147600058542
              ],
              [
                1694.6941283503197,
                697.0167731215668
              ],
              [
                1694.701966253941,
                697.0395477458984
              ],
              [
                1694.7079525595911,
                697.0527341301515
              ],
              [
                1694.7096314836629,
                697.0574699964936
              ],
              [
                1694.7099493141297,
                697.0581485777664
              ],
              [
                1694.7127419960825,
                697.0659446016493
              ],
              [
                1694.7163257873926,
                697.0735126728508
              ],
              [
                1694.7165247224575,
                697.0740577281371
              ],
              [
                1694.7181346784666,
                697.077418667898
              ],
              [
                1694.720455721092,
                697.08373256925
              ],
              [
                1694.7275477118042,
                697.0983051412018
              ],
              [
                1694.7280084324634,
                697.0995268718844
              ],
              [
                1694.7282346506092,
                697.0999793081761
              ],
              [
                1694.7285981251043,
                697.1009354511684
              ],
              [
                1694.730407992312,
                697.1045659742148
              ],
              [
                1694.7340639596728,
                697.1139685180609
              ],
              [
                1694.75027546397,
                697.1459612576089
              ],
              [
                1694.780230960292,
                697.2119459747416
              ],
              [
                1694.7896742712035,
                697.2284063315361
              ],
              [
                1694.791462588856,
                697.2321828112898
              ],
              [
                1694.7921732765258,
                697.2337001590386
              ],
              [
                1694.7922121480535,
                697.2337656929047
              ],
              [
                1694.7968314665266,
                697.2435205385641
              ],
              [
                1694.7997312803857,
                697.2483522796746
              ],
              [
                1694.7997329350324,
                697.2483557485934
              ],
              [
                1694.7998396501089,
                697.2485328479702
              ],
              [
                1694.8041702848195,
                697.2557486579436
              ],
              [
                1694.8085067190323,
                697.2646591320469
              ],
              [
                1694.8181836098563,
                697.2803166703056
              ],
              [
                1694.8220213949435,
                697.2879169085966
              ],
              [
                1694.8409665198376,
                697.3178123376737
              ],
              [
                1694.8744469144451,
                697.3761710262763
              ],
              [
                1694.887631325795,
                697.3948134953386
              ],
              [
                1694.8890956542716,
                697.3972533954301
              ],
              [
                1694.8906014848797,
                697.3998068381799
              ],
              [
                1694.8907525463433,
                697.4000141497154
              ],
              [
                1694.897939131348,
                697.4119886142491
              ],
              [
                1694.9000291370464,
                697.4148026598981
              ],
              [
                1694.9000631488518,
                697.4148591043081
              ],
              [
                1694.9052665367133,
                697.4218544501182
              ],
              [
                1694.9076031868942,
                697.4250005852125
              ],
              [
                1694.9142916043463,
                697.4358226719811
              ],
              [
                1694.9226965935027,
                697.4467824888015
              ],
              [
                1694.9260774880279,
                697.4521175442875
              ],
              [
                1694.9485354250112,
                697.480930558534
              ],
              [
                1694.9837697880303,
                697.5307511766177
              ],
              [
                1694.9984842339497,
                697.5478613970206
              ],
              [
                1695.0046619436775,
                697.5563394724894
              ],
              [
                1695.0076266320314,
                697.5596751178213
              ],
              [
                1695.0150891940937,
                697.5697229326754
              ],
              [
                1695.016014997985,
                697.5707427907869
              ],
              [
                1695.0160840428466,
                697.5708356135201
              ],
              [
                1695.027384855986,
                697.5832923829545
              ],
              [
                1695.0367396383099,
                697.5954906974033
              ],
              [
                1695.043086259549,
                697.6022370945968
              ],
              [
                1695.045583106923,
                697.6054404920866
              ],
              [
                1695.0713226116484,
                697.6325591629468
              ],
              [
                1695.1072198700797,
                697.6743011359019
              ],
              [
                1695.122945229116,
                697.6894229678924
              ],
              [
                1695.1333284722887,
                697.7011054155848
              ],
              [
                1695.138976073583,
                697.7063386146576
              ],
              [
                1695.146821593877,
                697.7149948123731
              ],
              [
                1695.1627051916369,
                697.7293908662366
              ],
              [
                1695.1746114203097,
                697.7420470725356
              ],
              [
                1695.1782074959149,
                697.7451711198304
              ],
              [
                1695.179409236657,
                697.7464372518712
              ],
              [
                1695.2012802150405,
                697.7653981301254
              ],
              [
                1695.2023497316252,
                697.766495058354
              ],
              [
                1695.207471653107,
                697.7707657502355
              ],
              [
                1695.208109779151,
                697.7713189687527
              ],
              [
                1695.243690846833,
                697.8055344627381
              ],
              [
                1695.2600255746227,
                697.8185059054388
              ],
              [
                1695.2753944278413,
                697.8327470432639
              ],
              [
                1695.283787614366,
                697.8391335772952
              ],
              [
                1695.2922485879228,
                697.8468021567255
              ],
              [
                1695.3123860237545,
                697.8617370970105
              ],
              [
                1695.326511432871,
                697.8740083757558
              ],
              [
                1695.331894053545,
                697.8778075459512
              ],
              [
                1695.3325985593517,
                697.8784150583032
              ],
              [
                1695.356598352732,
                697.8952756474907
              ],
              [
                1695.357555796447,
                697.8959548657327
              ],
              [
                1695.3587639195625,
                697.8969142389142
              ],
              [
                1695.360546875,
                697.8984008789063
              ],
              [
                1695.360791015625,
                697.898583984375
              ],
              [
                1695.3613051430873,
                697.8989322300166
              ],
              [
                1695.3919597161105,
                697.9232750928184
              ],
              [
                1695.4084824381323,
                697.934016222064
              ],
              [
                1695.429527506788,
                697.9500298119876
              ],
              [
                1695.440971524665,
                697.9571026040035
              ],
              [
                1695.4498946902108,
                697.9637204746051
              ],
              [
                1695.4704312324936,
                697.976029604347
              ],
              [
                1695.4848424566092,
                697.9862530421877
              ],
              [
                1695.488520308112,
                697.9883577470893
              ],
              [
                1695.4909021668761,
                697.9900389145679
              ],
              [
                1695.49387965069,
                697.9917199597955
              ],
              [
                1695.494846836087,
                697.9923994371306
              ],
              [
                1695.520745117431,
                698.0069962035836
              ],
              [
                1695.5506977474035,
                698.0264678783693
              ],
              [
                1695.5669836117138,
                698.034982356793
              ]
            ],
            [
              [
                1696.1046397362868,
                698.2460955504622
              ],
              [
                1696.1049148629158,
                698.2461699468657
              ],
              [
                1696.1045336519517,
                698.24607445849
              ],
              [
                1696.1046397362868,
                698.2460955504622
              ]
            ],
            [
              [
                1696.2932644793386,
                698.2809207841026
              ],
              [
                1696.2962424406614,
                698.2813625229362
              ],
              [
                1696.298245015013,
                698.2816957916209
              ],
              [
                1696.2925281127948,
                698.2808477692847
              ],
              [
                1696.2932644793386,
                698.2809207841026
              ]
            ],
            [
              [
                1696.4830943254449,
                698.2975086417075
              ],
              [
                1696.4833456364813,
                698.2975089939673
              ],
              [
                1696.4928912321036,
                698.2979779390093
              ],
              [
                1696.4936097026084,
                698.2980252290617
              ],
              [
                1696.4830943254449,
                698.2975086417075
              ]
            ],
            [
              [
                1696.6859199158303,
                698.2952613378128
              ],
              [
                1696.6890521729854,
                698.2951565011825
              ],
              [
                1696.6813736147508,
                698.2955337245594
              ],
              [
                1696.6826984168626,
                698.2954195999087
              ],
              [
                1696.6859199158303,
                698.2952613378128
              ]
            ],
            [
              [
                1696.8809654574195,
                698.27352096282
              ],
              [
                1696.8826299159011,
                698.273298884043
              ],
              [
                1696.878854429589,
                698.2738589245336
              ],
              [
                1696.8794797812457,
                698.2737413420624
              ],
              [
                1696.8809654574195,
                698.27352096282
              ]
            ]
          ]
        ]
      }
    }
  ]
}