{
  "type": "FeatureCollection",
  "features": [
    {
      "type": "Feature",
      "properties": {
        "image_id": "0018_top_20250704_t1",
        "zone_type": "parking_spot",
        "generated_at": "2025-11-03T11:20:41",
        "source": "merged_t1_polygons"
      },
      "geometry": {
        "type": "MultiPolygon",
        "coordinates": [
          [
            [
              [
                872.5646588373087,
                826.200647318982
              ],
              [
                872.5646925852081,
                826.2018655482623
              ],
              [
                872.5647354958014,
                826.2022082242866
              ],
              [
                872.5666984177493,
                826.2421768587841
              ],
              [
                872.5706013502864,
                826.2684882927243
              ],
              [
                872.571205694458,
                826.2776700009347
              ],
              [
                872.5718574494799,
                826.281586324161
              ],
              [
                872.5719244809412,
                826.2825536793779
              ],
              [
                872.5751027274222,
                826.3015164310709
              ],
              [
                872.5772914240267,
                826.3254691153851
              ],
              [
                872.5778451991893,
                826.3283817326434
              ],
              [
                872.5792470648896,
                826.3423553010745
              ],
              [
                872.581758448913,
                826.3549172636508
              ],
              [
                872.5821398789999,
                826.3584163453526
              ],
              [
                872.5846704964042,
                826.370615300949
              ],
              [
                872.5849620037495,
                826.3731632170128
              ],
              [
                872.5873856635324,
                826.3843239997719
              ],
              [
                872.5878044416671,
                826.3877117425023
              ],
              [
                872.5881677812936,
                826.3893341019404
              ],
              [
                872.5887577482755,
                826.3940454686276
              ],
              [
                872.5901303033279,
                826.400141800181
              ],
              [
                872.592911887325,
                826.4188937163092
              ],
              [
                872.5946736485234,
                826.4310331728664
              ],
              [
                872.5947724306826,
                826.4314364808026
              ],
              [
                872.5954973102873,
                826.4363232221573
              ],
              [
                872.5977580269902,
                826.4453485091465
              ],
              [
                872.597880064707,
                826.4461506898193
              ],
              [
                872.6009595673432,
                826.4581297746889
              ],
              [
                872.601788694041,
                826.4614398340117
              ],
              [
                872.6037566290368,
                826.4732649358853
              ],
              [
                872.6092645360457,
                826.4936338222391
              ],
              [
                872.6134253309135,
                826.5155177992762
              ],
              [
                872.6148155263588,
                826.5202690242315
              ],
              [
                872.6173933324807,
                826.5331632306652
              ],
              [
                872.620543867007,
                826.5435445056252
              ],
              [
                872.6211096613634,
                826.5462719428979
              ],
              [
                872.6259363884026,
                826.5618473751771
              ],
              [
                872.6273544586296,
                826.5683774887902
              ],
              [
                872.6294880364871,
                826.5749528506452
              ],
              [
                872.6312990203431,
                826.5829965047083
              ],
              [
                872.6336164345438,
                826.5900288335216
              ],
              [
                872.640370751379,
                826.617605367643
              ],
              [
                872.6422597281138,
                826.623009258791
              ],
              [
                872.6431871996293,
                826.626711932634
              ],
              [
                872.6434878823864,
                826.6275522846439
              ],
              [
                872.6439806566606,
                826.6295195498215
              ],
              [
                872.6476699562606,
                826.6398304514654
              ],
              [
                872.647978091693,
                826.6410290802476
              ],
              [
                872.6518501023163,
                826.6515620591953
              ],
              [
                872.654281278349,
                826.6605941283824
              ],
              [
                872.6547458440793,
                826.6618290356038
              ],
              [
                872.6555155187843,
                826.6646753829679
              ],
              [
                872.66225840233,
                826.6824129709894
              ],
              [
                872.6677514594851,
                826.7011864105978
              ],
              [
                872.6703572138867,
                826.7076836529089
              ],
              [
                872.6739011346397,
                826.7193611684116
              ],
              [
                872.677287837804,
                826.7275540778996
              ],
              [
                872.6778999265024,
                826.7295292353912
              ],
              [
                872.685514196182,
                826.7477172617627
              ],
              [
                872.6867288518931,
                826.7515022542706
              ],
              [
                872.6869119573619,
                826.7519905355206
              ],
              [
                872.6869968439687,
                826.7521862324542
              ],
              [
                872.6890095305807,
                826.7583890259112
              ],
              [
                872.6893617312687,
                826.7591911939897
              ],
              [
                872.6919174466615,
                826.7669466616959
              ],
              [
                872.6950897017095,
                826.7741426324359
              ],
              [
                872.7037554627856,
                826.7989332128105
              ],
              [
                872.7075049867382,
                826.8070581588863
              ],
              [
                872.7101022631024,
                826.8143170600426
              ],
              [
                872.7171858870257,
                826.8292941244763
              ],
              [
                872.7174039632796,
                826.8298873544062
              ],
              [
                872.7196238115772,
                826.8344486828615
              ],
              [
                872.7199202585294,
                826.8350754672804
              ],
              [
                872.7224770062788,
                826.841871806427
              ],
              [
                872.7242406615959,
                826.8454612828967
              ],
              [
                872.7259736133855,
                826.8500199238248
              ],
              [
                872.7333848504917,
                826.8648865764734
              ],
              [
                872.7340169974104,
                826.8665109253834
              ],
              [
                872.7342010702707,
                826.8668732544876
              ],
              [
                872.7397615322893,
                826.8807378263269
              ],
              [
                872.7439495930354,
                826.8888182042255
              ],
              [
                872.748235585411,
                826.8991866203208
              ],
              [
                872.7514627404045,
                826.9052469936958
              ],
              [
                872.7519880851513,
                826.9065018723002
              ],
              [
                872.7601215925533,
                826.9216615351041
              ],
              [
                872.7700445437814,
                826.9441708433436
              ],
              [
                872.7701055789377,
                826.9442929136561
              ],
              [
                872.774107974535,
                826.9513819960383
              ],
              [
                872.7842430998369,
                826.973344076449
              ],
              [
                872.7898955817633,
                826.9830258576704
              ],
              [
                872.7940187994283,
                826.9917436689645
              ],
              [
                872.8056490595944,
                827.0111475857865
              ],
              [
                872.8078873744302,
                827.0157031122304
              ],
              [
                872.8114122070734,
                827.021406411252
              ],
              [
                872.8144383636368,
                827.0274767633189
              ],
              [
                872.8214651009174,
                827.0386438131789
              ],
              [
                872.8235384223404,
                827.0427249400366
              ],
              [
                872.8244941129316,
                827.0442195218957
              ],
              [
                872.828781820178,
                827.0524921561699
              ],
              [
                872.8348936957385,
                827.061924544467
              ],
              [
                872.8396930571149,
                827.0709374124453
              ],
              [
                872.8423817663542,
                827.0749824132178
              ],
              [
                872.8426923712311,
                827.0755613350738
              ],
              [
                872.8428754766999,
                827.075866510855
              ],
              [
                872.8429426395764,
                827.0758262131291
              ],
              [
                872.8522488069409,
                827.0898267802521
              ],
              [
                872.8529507553358,
                827.0910291035635
              ],
              [
                872.8558027015331,
                827.096080498672
              ],
              [
                872.8590343365662,
                827.10186315688
              ],
              [
                872.8592212530988,
                827.1021354707725
              ],
              [
                872.8690309096507,
                827.11951043078
              ],
              [
                872.872201472711,
                827.1240024480887
              ],
              [
                872.8810912162153,
                827.1392291313127
              ],
              [
                872.8889706524606,
                827.1501612651322
              ],
              [
                872.8949221035199,
                827.1600906613517
              ],
              [
                872.9081313373006,
                827.1779012513216
              ],
              [
                872.9097113989499,
                827.1804578447745
              ],
              [
                872.9154237340905,
                827.1879649987477
              ],
              [
                872.9200402286763,
                827.1953016363874
              ],
              [
                872.9260197599468,
                827.2029930744222
              ],
              [
                872.9300157624897,
                827.2092423280668
              ],
              [
                872.9318936873334,
                827.2116235323624
              ],
              [
                872.9339794457442,
                827.2148424596834
              ],
              [
                872.9423189671716,
                827.2253319001048
              ],
              [
                872.9474078406762,
                827.2329878031519
              ],
              [
                872.9520886727057,
                827.2387294081466
              ],
              [
                872.9533041397522,
                827.2405453229408
              ],
              [
                872.9588516237746,
                827.2472843972814
              ],
              [
                872.9630451033983,
                827.2533937699716
              ],
              [
                872.965539033115,
                827.2563942185566
              ],
              [
                872.9707220679736,
                827.2635852952913
              ],
              [
                872.9850614484628,
                827.2839011647851
              ],
              [
                872.9868430269461,
                827.2859519310883
              ],
              [
                872.9934064507789,
                827.2950581952197
              ],
              [
                873.0037933583612,
                827.3068865551708
              ],
              [
                873.0118404213995,
                827.3177367636398
              ],
              [
                873.0263559678002,
                827.3337522010978
              ],
              [
                873.0269941676736,
                827.3345909237213
              ],
              [
                873.0325683983938,
                827.3406065619939
              ],
              [
                873.0356321766169,
                827.3439869203464
              ],
              [
                873.0417412229054,
                827.3518449528333
              ],
              [
                873.0460723014208,
                827.3564017471222
              ],
              [
                873.052409121171,
                827.3644368196971
              ],
              [
                873.0664877580773,
                827.3790536829373
              ],
              [
                873.0703603401679,
                827.3838038719066
              ],
              [
                873.0754863629244,
                827.3889720839263
              ],
              [
                873.0789199832508,
                827.3931432401737
              ],
              [
                873.0821124443193,
                827.3963217850218
              ],
              [
                873.083894762883,
                827.3981041035855
              ],
              [
                873.1201527682391,
                827.4393938459907
              ],
              [
                873.1332779625765,
                827.4517224429998
              ],
              [
                873.1436477657519,
                827.4631637576856
              ],
              [
                873.1727856164713,
                827.4897187738858
              ],
              [
                873.1783451185937,
                827.4955680115366
              ],
              [
                873.1805091214848,
                827.4974340834322
              ],
              [
                873.1895231600325,
                827.5067927287024
              ],
              [
                873.2101123412261,
                827.5243216819287
              ],
              [
                873.2104881759631,
                827.5246975166656
              ],
              [
                873.2132561166821,
                827.5269981891877
              ],
              [
                873.2139797320082,
                827.5276142515305
              ],
              [
                873.2189844781275,
                827.5325971815184
              ],
              [
                873.2219816990297,
                827.535042551778
              ],
              [
                873.2601610159147,
                827.5709046807382
              ],
              [
                873.2628268128664,
                827.5729652257886
              ],
              [
                873.2635791268154,
                827.5736729593464
              ],
              [
                873.2719463459339,
                827.5800897076471
              ],
              [
                873.2807361785195,
                827.5881003927507
              ],
              [
                873.28574701385,
                827.5918805096387
              ],
              [
                873.2902344277664,
                827.595947664538
              ],
              [
                873.3181398855826,
                827.6166437625714
              ],
              [
                873.3258032897024,
                827.6232874924486
              ],
              [
                873.3291164495363,
                827.6256378745776
              ],
              [
                873.3400187731708,
                827.6349197551559
              ],
              [
                873.3688593601761,
                827.65492377121
              ],
              [
                873.3699493989205,
                827.6557663237301
              ],
              [
                873.3721297032448,
                827.6575451887271
              ],
              [
                873.3729810727741,
                827.6581096757059
              ],
              [
                873.412139708409,
                827.6883775971954
              ],
              [
                873.4177861774536,
                827.6919330187668
              ],
              [
                873.4232471522376,
                827.6961209933099
              ],
              [
                873.4270017105183,
                827.6984414379401
              ],
              [
                873.4287379117833,
                827.6997512083257
              ],
              [
                873.4374936903597,
                827.7051625770839
              ],
              [
                873.4478805300546,
                827.7128659824176
              ],
              [
                873.4749266857856,
                827.7290768243075
              ],
              [
                873.484354175359,
                827.7357647609377
              ],
              [
                873.4903953457656,
                827.739221910025
              ],
              [
                873.5024261653281,
                827.7475665636074
              ],
              [
                873.5280861760396,
                827.7618375211241
              ],
              [
                873.5285646414887,
                827.7621660272064
              ],
              [
                873.52886981727,
                827.7623491326751
              ],
              [
                873.5326021727733,
                827.7643491177972
              ],
              [
                873.5342306587457,
                827.7652548093182
              ],
              [
                873.5746869407247,
                827.7907289837989
              ],
              [
                873.5814227818779,
                827.794115647612
              ],
              [
                873.5864422803525,
                827.7972178682758
              ],
              [
                873.588390227409,
                827.7981850267726
              ],
              [
                873.5944106921719,
                827.8019058786241
              ],
              [
                873.594520373092,
                827.8019592567148
              ],
              [
                873.5945327624844,
                827.8019669137803
              ],
              [
                873.605188137257,
                827.8071525336675
              ],
              [
                873.6162275224417,
                827.8137692865092
              ],
              [
                873.6417869648767,
                827.8258580024724
              ],
              [
                873.6530757219398,
                827.8323181606124
              ],
              [
                873.6621528411326,
                827.8363994417513
              ],
              [
                873.6751592064521,
                827.8436330040832
              ],
              [
                873.7094218639021,
                827.8584713604841
              ],
              [
                873.7463033199313,
                827.8770147153035
              ],
              [
                873.7502123627763,
                827.8785299481951
              ],
              [
                873.7524941929732,
                827.8796628801482
              ],
              [
                873.7561942143034,
                827.8810899655373
              ],
              [
                873.7571578105502,
                827.881570331927
              ],
              [
                873.7614683860281,
                827.8832089824824
              ],
              [
                873.7754593252813,
                827.8900179117204
              ],
              [
                873.7760574189286,
                827.8902377759172
              ],
              [
                873.7769852041876,
                827.8906892984392
              ],
              [
                873.7854070037341,
                827.8937852219641
              ],
              [
                873.7936541313636,
                827.8976858228351
              ],
              [
                873.7951222779288,
                827.8982111340758
              ],
              [
                873.7953020805824,
                827.8982961743976
              ],
              [
                873.8174088064579,
                827.9062060873954
              ],
              [
                873.8303739529105,
                827.9120355148332
              ],
              [
                873.8427200431009,
                827.9161996874084
              ],
              [
                873.8565309224223,
                827.9221808565538
              ],
              [
                873.8926781952679,
                827.9337529078501
              ],
              [
                873.9254057960914,
                827.946438861726
              ],
              [
                873.9255889015601,
                827.9464998968823
              ],
              [
                873.9256805029999,
                827.9465254630197
              ],
              [
                873.9257720070289,
                827.9465609320386
              ],
              [
                873.9280764988479,
                827.9471941900525
              ],
              [
                873.9345063494718,
                827.9489887736838
              ],
              [
                873.9425023514071,
                827.9520284265282
              ],
              [
                873.947581019223,
                827.9534017382337
              ],
              [
                873.9658434783462,
                827.9601151700258
              ],
              [
                873.973768509996,
                827.9621524839044
              ],
              [
                873.9800995908035,
                827.9644177808394
              ],
              [
                874.0017792867127,
                827.9698482619656
              ],
              [
                874.0145738645423,
                827.9741637034767
              ],
              [
                874.0303365218267,
                827.9778223241824
              ],
              [
                874.0447699706563,
                827.982442993934
              ],
              [
                874.0860210256058,
                827.9912768101561
              ],
              [
                874.1165102882266,
                827.9997864217833
              ],
              [
                874.1238808843157,
                828.0010746078128
              ],
              [
                874.1339127984897,
                828.0037873162757
              ],
              [
                874.1390534350057,
                828.004642821675
              ],
              [
                874.1607218687744,
                828.0102131970117
              ],
              [
                874.1663331097867,
                828.0110668488952
              ],
              [
                874.1704883012802,
                828.0121076701814
              ],
              [
                874.1914401948613,
                828.0152155900066
              ],
              [
                874.2039352503077,
                828.0181157779476
              ],
              [
                874.2231678995053,
                828.0206464900576
              ],
              [
                874.238037939691,
                828.0238308741268
              ],
              [
                874.2831242150334,
                828.0289061470065
              ],
              [
                874.3117686914592,
                828.033912446892
              ],
              [
                874.3174643412339,
                828.0343339879532
              ],
              [
                874.3295077334403,
                828.0363382508546
              ],
              [
                874.3346894632688,
                828.0366793146467
              ],
              [
                874.3596478456669,
                828.0404762946903
              ],
              [
                874.3628060887055,
                828.0406353191004
              ],
              [
                874.3646346646534,
                828.0409065627194
              ],
              [
                874.3845878523481,
                828.0418867999738
              ],
              [
                874.3966691412728,
                828.0434765063045
              ],
              [
                874.4193243965125,
                828.0442379321681
              ],
              [
                874.4344473037814,
                828.0459402879414
              ],
              [
                874.4791344310435,
                828.0465315755415
              ],
              [
                874.4884661860443,
                828.0469900152675
              ],
              [
                874.5094461646204,
                828.0485427656615
              ],
              [
                874.5125631566215,
                828.0484639721743
              ],
              [
                874.5128030982141,
                828.0484817305053
              ],
              [
                874.5136691453155,
                828.0484598379655
              ],
              [
                874.5273646075844,
                828.0493612794631
              ],
              [
                874.5326147795927,
                828.0491855562341
              ],
              [
                874.5606689453125,
                828.0505981445312
              ],
              [
                874.5801251443887,
                828.0496423227621
              ],
              [
                874.5909547071657,
                828.0500062961141
              ],
              [
                874.6168801315167,
                828.0483541882188
              ],
              [
                874.6320798571686,
                828.0485553067479
              ],
              [
                874.6719889527752,
                828.0451293432484
              ],
              [
                874.7001514349072,
                828.0437458092196
              ],
              [
                874.710957933092,
                828.043472635058
              ],
              [
                874.7137551584602,
                828.0431227887215
              ],
              [
                874.725538639115,
                828.0427283956869
              ],
              [
                874.7282644693674,
                828.042364704399
              ],
              [
                874.7567032259716,
                828.0409675978757
              ],
              [
                874.7747115091263,
                828.03829632141
              ],
              [
                874.7849564584526,
                828.0376434579722
              ],
              [
                874.8138929572187,
                828.032947710659
              ],
              [
                874.8290054479786,
                828.031650391315
              ],
              [
                874.8657766573808,
                828.0247880827134
              ],
              [
                874.8949373299562,
                828.0204625055496
              ],
              [
                874.9076437325381,
                828.0188733277722
              ],
              [
                874.9113842101747,
                828.0180228413304
              ],
              [
                874.9174674386106,
                828.0171204796329
              ],
              [
                874.92208192881,
                828.0165047957024
              ],
              [
                874.9228662610724,
                828.0163196399716
              ],
              [
                874.9508495893448,
                828.0121687053377
              ],
              [
                874.9672423788162,
                828.0080625253339
              ],
              [
                874.9768415869038,
                828.006504788306
              ],
              [
                875.0084246009883,
                827.998166869369
              ],
              [
                875.0233008287933,
                827.9953906412361
              ],
              [
                875.0569510674363,
                827.9855916686188
              ],
              [
                875.0858051374701,
                827.9783641003269
              ],
              [
                875.100928529162,
                827.9749254379857
              ],
              [
                875.1050934846268,
                827.9735326208805
              ],
              [
                875.1412382998215,
                827.9644788159957
              ],
              [
                875.1558938893522,
                827.9592349622123
              ],
              [
                875.1647972808295,
                827.956884465955
              ],
              [
                875.1985608706908,
                827.9443547965968
              ],
              [
                875.2130684397879,
                827.9401301825061
              ],
              [
                875.2436738688264,
                827.9278267833396
              ],
              [
                875.2709181669269,
                827.918078617606
              ],
              [
                875.2889137622893,
                827.912060648566
              ],
              [
                875.2935389594697,
                827.9099847686135
              ],
              [
                875.3260358100426,
                827.8983572095539
              ],
              [
                875.3388799729311,
                827.8922823729318
              ],
              [
                875.3470478514004,
                827.8892512729511
              ],
              [
                875.3824316807944,
                827.8720460672463
              ],
              [
                875.3964549409958,
                827.8664087089967
              ],
              [
                875.4241324710277,
                827.8519609442753
              ],
              [
                875.4313226616038,
                827.848560237401
              ],
              [
                875.4555844175624,
                827.8378045773123
              ],
              [
                875.4557064878749,
                827.8377435421561
              ],
              [
                875.4604344501815,
                827.8350787722175
              ],
              [
                875.4697529267768,
                827.8308964556594
              ],
              [
                875.4748282837043,
                827.8279836105942
              ],
              [
                875.5034624189645,
                827.814440673228
              ],
              [
                875.5144688672162,
                827.8078436620242
              ],
              [
                875.5218715082543,
                827.804244165757
              ],
              [
                875.5582306525721,
                827.7819612378611
              ],
              [
                875.5716693127046,
                827.7749462116092
              ],
              [
                875.5965582971243,
                827.7586411512382
              ],
              [
                875.604511282194,
                827.7538743154334
              ],
              [
                875.628444179538,
                827.7403852769744
              ],
              [
                875.6328356026871,
                827.7373001678448
              ],
              [
                875.6416697105079,
                827.7322301032682
              ],
              [
                875.6471378541964,
                827.7283249314132
              ],
              [
                875.6718094113517,
                827.7135373691364
              ],
              [
                875.6809991061411,
                827.7067218269757
              ],
              [
                875.687616625904,
                827.7026662388014
              ],
              [
                875.7242340452007,
                827.6749992980717
              ],
              [
                875.7370003472106,
                827.6666359465795
              ],
              [
                875.7592452103138,
                827.6486905610725
              ],
              [
                875.764281270771,
                827.6449555640833
              ],
              [
                875.7906924562733,
                827.6264008981469
              ],
              [
                875.7947289574073,
                827.622920125846
              ],
              [
                875.80297544241,
                827.617030752236
              ],
              [
                875.8087328553045,
                827.6119880221314
              ],
              [
                875.8117989918345,
                827.609714020299
              ],
              [
                875.8153116404582,
                827.6071544625723
              ],
              [
                875.81562155075,
                827.6068790173911
              ],
              [
                875.8294555136398,
                827.5966190512568
              ],
              [
                875.8368948590506,
                827.5898764216043
              ],
              [
                875.8427173472701,
                827.5854771373413
              ],
              [
                875.8788187815817,
                827.5522281183543
              ],
              [
                875.8908333610999,
                827.5425357116103
              ],
              [
                875.910567838375,
                827.5231031253604
              ],
              [
                875.9122410749227,
                827.5215865921523
              ],
              [
                875.9408565415625,
                827.4969107849741
              ],
              [
                875.9445194981676,
                827.4930569320184
              ],
              [
                875.9520856796061,
                827.4864299605615
              ],
              [
                875.9567555003557,
                827.4814405684256
              ],
              [
                875.9600775835535,
                827.4784879339614
              ],
              [
                875.9615692867576,
                827.4768781070029
              ],
              [
                875.9748825076856,
                827.4648117069044
              ],
              [
                875.9806804900982,
                827.4584146191097
              ],
              [
                875.9857083769278,
                827.4537839913286
              ],
              [
                876.0204793438993,
                827.4148730070154
              ],
              [
                876.0316659648373,
                827.403857515032
              ],
              [
                876.047831679913,
                827.3844390148058
              ],
              [
                876.0494354606576,
                827.3826732349803
              ],
              [
                876.0774604372508,
                827.3531877262708
              ],
              [
                876.0807301142356,
                827.348981958831
              ],
              [
                876.087535770776,
                827.341710568548
              ],
              [
                876.0909357283083,
                827.3372675031281
              ],
              [
                876.0917192112327,
                827.3364219784088
              ],
              [
                876.0931433270142,
                827.334550404668
              ],
              [
                876.1040902453587,
                827.322497729993
              ],
              [
                876.105126633096,
                827.3211094591759
              ],
              [
                876.106689852038,
                827.3193847128586
              ],
              [
                876.1068102588624,
                827.3192223630497
              ],
              [
                876.1069950278193,
                827.319018501921
              ],
              [
                876.111191665174,
                827.3133599914867
              ],
              [
                876.1152388243097,
                827.3088309559332
              ],
              [
                876.1478433291252,
                827.2643035167011
              ],
              [
                876.1581227356531,
                827.2519557388854
              ],
              [
                876.1714038281903,
                827.2323488615682
              ],
              [
                876.19916143148,
                827.1966444098249
              ],
              [
                876.2020163215527,
                827.192107353932
              ],
              [
                876.2079952428511,
                827.1842940979675
              ],
              [
                876.2115350182397,
                827.1785724042937
              ],
              [
                876.2190004491154,
                827.1685722475485
              ],
              [
                876.2209163671793,
                827.1654133573787
              ],
              [
                876.2239133456989,
                827.1613723996329
              ],
              [
                876.2270729488997,
                827.1561009201625
              ],
              [
                876.2300849660813,
                827.1519874575359
              ],
              [
                876.2383787321509,
                827.1379867019848
              ],
              [
                876.2391759908425,
                827.1368805646376
              ],
              [
                876.2453716850404,
                827.1261818568557
              ],
              [
                876.2596854734892,
                827.1020186659238
              ],
              [
                876.2689686504251,
                827.0883139115305
              ],
              [
                876.2791372628911,
                827.0695450091647
              ],
              [
                876.3047632965195,
                827.0288195367564
              ],
              [
                876.3071797122643,
                827.0239723009958
              ],
              [
                876.3122808697291,
                827.0157267890095
              ],
              [
                876.3146846899666,
                827.0108118435345
              ],
              [
                876.3186141819132,
                827.0043330521312
              ],
              [
                876.3209748305727,
                826.9994350953767
              ],
              [
                876.3248166497905,
                826.9930254072458
              ],
              [
                876.3249513892493,
                826.9927405245954
              ],
              [
                876.3253659661967,
                826.9920488447458
              ],
              [
                876.3274911939039,
                826.9875554282896
              ],
              [
                876.3291618071208,
                826.9847352562382
              ],
              [
                876.3370527557627,
                826.9678672348853
              ],
              [
                876.3389694773957,
                826.9645574452159
              ],
              [
                876.3502046852655,
                826.9397531211389
              ],
              [
                876.3549399771147,
                826.9296307635302
              ],
              [
                876.3631211473667,
                826.9145302189661
              ],
              [
                876.3705215764481,
                826.896910991335
              ],
              [
                876.3932280467708,
                826.8513626972623
              ],
              [
                876.3951799910261,
                826.8462279825948
              ],
              [
                876.399368294639,
                826.8376644121713
              ],
              [
                876.4007997817013,
                826.8338114829952
              ],
              [
                876.4020125715899,
                826.8312951439361
              ],
              [
                876.4041839745763,
                826.8254021674513
              ],
              [
                876.4092825025226,
                826.8146222358239
              ],
              [
                876.4110420506454,
                826.8097046282567
              ],
              [
                876.4115333308798,
                826.8086544471109
              ],
              [
                876.4185080279669,
                826.7889576692381
              ],
              [
                876.4211319675437,
                826.7831647147707
              ],
              [
                876.4311195392437,
                826.7535918066825
              ],
              [
                876.4334259338494,
                826.7471458655798
              ],
              [
                876.4396606987215,
                826.7323018963593
              ],
              [
                876.4446644606284,
                826.7160559086849
              ],
              [
                876.4636861413719,
                826.6660181564054
              ],
              [
                876.4651454695683,
                826.6606213895143
              ],
              [
                876.4684020919959,
                826.6518560042745
              ],
              [
                876.470823495884,
                826.6426266815457
              ],
              [
                876.4754041089644,
                826.6298247256027
              ],
              [
                876.4825393478117,
                826.6013392553738
              ],
              [
                876.484848943493,
                826.5945006100195
              ],
              [
                876.4915556610803,
                826.565344115101
              ],
              [
                876.4936113247188,
                826.5571374458317
              ],
              [
                876.4978397912083,
                826.5434086522263
              ],
              [
                876.5008261307115,
                826.528670118246
              ],
              [
                876.5154450311195,
                826.4746077093228
              ],
              [
                876.5163819057311,
                826.4689781342863
              ],
              [
                876.5187041699107,
                826.4601266883624
              ],
              [
                876.5200760932112,
                826.4514841676244
              ],
              [
                876.5230939983064,
                826.439436015126
              ],
              [
                876.527772302755,
                826.4078974483479
              ],
              [
                876.529488747043,
                826.4004354524443
              ],
              [
                876.5331497359925,
                826.3716457381141
              ],
              [
                876.5345355011626,
                826.3623036681753
              ],
              [
                876.5370902265095,
                826.349695287147
              ],
              [
                876.5384269541847,
                826.3365118971701
              ],
              [
                876.5479959656983,
                826.2790127743722
              ],
              [
                876.5483795893787,
                826.2731844386966
              ],
              [
                876.5497804308203,
                826.2643597462333
              ],
              [
                876.5502448385986,
                826.2563999175296
              ],
              [
                876.5518928908444,
                826.2452896517528
              ],
              [
                876.5535771119991,
                826.2110065425662
              ],
              [
                876.55460884153,
                826.2028931068606
              ],
              [
                876.5553740293334,
                826.1744294499427
              ],
              [
                876.5558559664648,
                826.1646193942677
              ],
              [
                876.5570286705033,
                826.1530536767672
              ],
              [
                876.5570541402824,
                826.1413933186748
              ],
              [
                876.5610189943069,
                826.081155900228
              ],
              [
                876.5608185952234,
                826.0751684752045
              ],
              [
                876.5613256248142,
                826.0664781197029
              ],
              [
                876.5610311237095,
                826.0592766485167
              ],
              [
                876.5615234375,
                826.0492553710938
              ],
              [
                876.5596687591725,
                826.0146729612177
              ],
              [
                876.5599601989131,
                826.0038319091856
              ],
              [
                876.5574304569815,
                825.9691112012619
              ],
              [
                876.5574603970459,
                825.9554042950483
              ],
              [
                876.55646739153,
                825.9451653563465
              ],
              [
                876.5543861105307,
                825.8829818686975
              ],
              [
                876.5535721413967,
                825.8768812504983
              ],
              [
                876.5532263479844,
                825.8684255223013
              ],
              [
                876.5520679601601,
                825.8602067298824
              ],
              [
                876.5517097853757,
                825.8529159146534
              ],
              [
                876.5511520620639,
                825.849156049492
              ],
              [
                876.5510964118778,
                825.8480511659794
              ],
              [
                876.5505346999847,
                825.8443589105386
              ],
              [
                876.5500318569552,
                825.8349828783228
              ],
              [
                876.5457235488446,
                825.8084338874997
              ],
              [
                876.5454897685144,
                825.8052252524749
              ],
              [
                876.5412531688995,
                825.7808861650311
              ],
              [
                876.5394684423926,
                825.7698881847484
              ],
              [
                876.538381189738,
                825.7586774582157
              ],
              [
                876.5366034050369,
                825.749702248833
              ],
              [
                876.5330844081744,
                825.7233277151994
              ],
              [
                876.5328313815381,
                825.7211121691261
              ],
              [
                876.5327208297448,
                825.7206027308087
              ],
              [
                876.5316533576192,
                825.7126021327468
              ],
              [
                876.530749087662,
                825.7053808009036
              ],
              [
                876.5306036984821,
                825.7047350412718
              ],
              [
                876.5281625105462,
                825.6864385790025
              ],
              [
                876.5267080123573,
                825.6802772258011
              ],
              [
                876.5255621563474,
                825.6721473469385
              ],
              [
                876.5238595307285,
                825.6651647484713
              ],
              [
                876.5229108928377,
                825.6587695512802
              ],
              [
                876.5213564469774,
                825.6525638555462
              ],
              [
                876.5208333141992,
                825.6491251890869
              ],
              [
                876.5182244742724,
                825.6389769545873
              ],
              [
                876.5156891717446,
                825.6233537164585
              ],
              [
                876.5009510296331,
                825.5697099617685
              ],
              [
                876.4999773831032,
                825.5647944725836
              ],
              [
                876.499916347947,
                825.5645503319586
              ],
              [
                876.4974979072576,
                825.5565412349699
              ],
              [
                876.4927964676978,
                825.536625617402
              ],
              [
                876.4904426520678,
                825.5257789016904
              ],
              [
                876.4900179513767,
                825.5244696520876
              ],
              [
                876.4882078155944,
                825.516429764823
              ],
              [
                876.4875769339262,
                825.5145153175345
              ],
              [
                876.4826059522926,
                825.4934579014196
              ],
              [
                876.4804880252568,
                825.48729487252
              ],
              [
                876.4786047843968,
                825.4795715570734
              ],
              [
                876.4765892134881,
                825.4738430412765
              ],
              [
                876.4752210034957,
                825.4683808408035
              ],
              [
                876.4721938418618,
                825.4599204908046
              ],
              [
                876.4707352872133,
                825.4542467986587
              ],
              [
                876.4647710068788,
                825.4380222462714
              ],
              [
                876.458890033601,
                825.4166167335914
              ],
              [
                876.4454387132978,
                825.3841379441145
              ],
              [
                876.4441163519766,
                825.3797587091298
              ],
              [
                876.4405501496562,
                825.3710782714052
              ],
              [
                876.435376664444,
                825.3560237684242
              ],
              [
                876.428768422888,
                825.3356521565746
              ],
              [
                876.4282327262043,
                825.3344318513385
              ],
              [
                876.427589389276,
                825.3324796078354
              ],
              [
                876.4262118919972,
                825.3293548811151
              ],
              [
                876.4181642219088,
                825.3059366884718
              ],
              [
                876.4153655398565,
                825.299837363763
              ],
              [
                876.4128154759622,
                825.2925897490856
              ],
              [
                876.4107149672543,
                825.2880985468134
              ],
              [
                876.4090993970539,
                825.2835833305824
              ],
              [
                876.4041549200634,
                825.2731291123351
              ],
              [
                876.4013094156267,
                825.2653885245
              ],
              [
                876.3916162498757,
                825.2454710766237
              ],
              [
                876.391076454367,
                825.2440713414107
              ],
              [
                876.3839372056168,
                825.2296922312293
              ],
              [
                876.3744844479996,
                825.210268772272
              ],
              [
                876.3707616322091,
                825.2012071241304
              ],
              [
                876.3676111054774,
                825.1952484066383
              ],
              [
                876.362435573853,
                825.1837233059109
              ],
              [
                876.3503167843436,
                825.1544619691564
              ],
              [
                876.3410535942012,
                825.1378851741895
              ],
              [
                876.3354707323375,
                825.1257181303187
              ],
              [
                876.3319810332683,
                825.1197536016717
              ],
              [
                876.3288404535919,
                825.113038571867
              ],
              [
                876.3268749452802,
                825.1097343338602
              ],
              [
                876.325182860728,
                825.1061567216605
              ],
              [
                876.3179169533306,
                825.0940342875309
              ],
              [
                876.3132584176866,
                825.0844619617031
              ],
              [
                876.2917844110314,
                825.0497162890603
              ],
              [
                876.2605945696838,
                824.9939010032763
              ],
              [
                876.2453742887448,
                824.9717269671416
              ],
              [
                876.2353382973604,
                824.9545736376062
              ],
              [
                876.2311557819077,
                824.9488197776997
              ],
              [
                876.2275045709623,
                824.9426816861408
              ],
              [
                876.2258813751224,
                824.9404822019629
              ],
              [
                876.2242795566364,
                824.9378097292733
              ],
              [
                876.2143369921289,
                824.9244037329353
              ],
              [
                876.2074735323724,
                824.9132984217689
              ],
              [
                876.1977577128132,
                824.9006293271812
              ],
              [
                876.19623174398,
                824.8982042229876
              ],
              [
                876.1849277479554,
                824.8836639553589
              ],
              [
                876.1565838028517,
                824.8423703901847
              ],
              [
                876.1499167934765,
                824.8343493065462
              ],
              [
                876.149195158368,
                824.8333056137873
              ],
              [
                876.1401982705603,
                824.8226056352546
              ],
              [
                876.1388258485631,
                824.8206457992507
              ],
              [
                876.1378859991823,
                824.8195503246893
              ],
              [
                876.1358613473657,
                824.8166683835705
              ],
              [
                876.1309758545187,
                824.8110028887572
              ],
              [
                876.1187511422598,
                824.7941854298543
              ],
              [
                876.1138837137432,
                824.7887216576689
              ],
              [
                876.1098032106646,
                824.7831924407141
              ],
              [
                876.1087127695943,
                824.7819859553639
              ],
              [
                876.1073612387568,
                824.7801636269852
              ],
              [
                876.1070029186511,
                824.7797682816717
              ],
              [
                876.106933992663,
                824.7796753457352
              ],
              [
                876.1067492237062,
                824.7794714846066
              ],
              [
                876.1066288168818,
                824.7793091347977
              ],
              [
                876.1058029654799,
                824.7783979481906
              ],
              [
                876.1053470786005,
                824.7777832558914
              ],
              [
                876.0960165384274,
                824.7674885912287
              ],
              [
                876.0920680130372,
                824.7622712132528
              ],
              [
                876.0896435094947,
                824.7596521239939
              ],
              [
                876.0850254984089,
                824.7536303963467
              ],
              [
                876.0781745390931,
                824.7463478926397
              ],
              [
                876.0745307497508,
                824.7416609065417
              ],
              [
                876.0613414009925,
                824.7277841899496
              ],
              [
                876.0391018135406,
                824.7010277267443
              ],
              [
                876.0320012623195,
                824.6939271755232
              ],
              [
                876.0279922344465,
                824.689159247647
              ],
              [
                876.01530730423,
                824.6766744077197
              ],
              [
                876.011026295045,
                824.6716845266225
              ],
              [
                876.0099492682335,
                824.6706535896493
              ],
              [
                876.0063712341929,
                824.6665042982812
              ],
              [
                875.9974625264093,
                824.6580368735008
              ],
              [
                875.9868552296375,
                824.6461300005254
              ],
              [
                875.9818438349573,
                824.6415184250797
              ],
              [
                875.9735397342481,
                824.6323562618456
              ],
              [
                875.9630026289337,
                824.6228059862743
              ],
              [
                875.9623899483598,
                824.6221407441659
              ],
              [
                875.9621504314846,
                824.6219267112004
              ],
              [
                875.9576229838214,
                824.6170358998087
              ],
              [
                875.9510343838359,
                824.6111991332781
              ],
              [
                875.947153716409,
                824.6070740212143
              ],
              [
                875.9440369188856,
                824.6043663409703
              ],
              [
                875.9379268540625,
                824.5979378478384
              ],
              [
                875.9240179582451,
                824.5859438714489
              ],
              [
                875.9091407302869,
                824.5710666434907
              ],
              [
                875.9018495452973,
                824.5650063153762
              ],
              [
                875.8937681533298,
                824.5570523981388
              ],
              [
                875.8770601284419,
                824.5434512525452
              ],
              [
                875.8692413733453,
                824.5359670900086
              ],
              [
                875.868035074093,
                824.5350204671222
              ],
              [
                875.8626481754895,
                824.529900402593
              ],
              [
                875.8541317762878,
                824.5232795242722
              ],
              [
                875.8449669002838,
                824.5147871364236
              ],
              [
                875.8384006093015,
                824.5097907216896
              ],
              [
                875.8327231918273,
                824.5046122660112
              ],
              [
                875.8319954984565,
                824.504068044445
              ],
              [
                875.8281127402023,
                824.5005489174932
              ],
              [
                875.8277186267123,
                824.5002566230081
              ],
              [
                875.8275023886398,
                824.5000606362432
              ],
              [
                875.8156962671253,
                824.4913046197727
              ],
              [
                875.8094819797869,
                824.4857994526009
              ],
              [
                875.7995995570616,
                824.478654882747
              ],
              [
                875.7877627687733,
                824.4684477346656
              ],
              [
                875.7743059084789,
                824.4589938785601
              ],
              [
                875.7677980668466,
                824.4535846541795
              ],
              [
                875.7605753617448,
                824.448626982057
              ],
              [
                875.7477130908054,
                824.438156467386
              ],
              [
                875.7267497864436,
                824.4241492330166
              ],
              [
                875.7148365497676,
                824.4148005225143
              ],
              [
                875.7135038439872,
                824.4139515787173
              ],
              [
                875.7061048590436,
                824.4081994083638
              ],
              [
                875.6990804266977,
                824.403779365357
              ],
              [
                875.690833821337,
                824.3975043676999
              ],
              [
                875.6831873956645,
                824.3927786167418
              ],
              [
                875.676897242643,
                824.3880743868189
              ],
              [
                875.6747606818732,
                824.3867796659813
              ],
              [
                875.6698562863517,
                824.3831423183636
              ],
              [
                875.6559890613116,
                824.3748306235404
              ],
              [
                875.6490956258721,
                824.3698469639259
              ],
              [
                875.63929350008,
                824.3641435305934
              ],
              [
                875.625514492038,
                824.3544633558381
              ],
              [
                875.6059791759911,
                824.343452878265
              ],
              [
                875.5911221289299,
                824.3335257152264
              ],
              [
                875.5657791878215,
                824.3198498404734
              ],
              [
                875.5492988271693,
                824.3093517244207
              ],
              [
                875.5478353404112,
                824.3086101398549
              ],
              [
                875.5382799859751,
                824.3025975433243
              ],
              [
                875.5330643736231,
                824.2999974866262
              ],
              [
                875.5260790887929,
                824.2956803431802
              ],
              [
                875.5173501516259,
                824.2913914624544
              ],
              [
                875.5104840338253,
                824.2872307075088
              ],
              [
                875.5072389455271,
                824.2856732352566
              ],
              [
                875.5015092939645,
                824.282239014272
              ],
              [
                875.4855867098237,
                824.2747081928322
              ],
              [
                875.4780344558138,
                824.2703138626462
              ],
              [
                875.4684768032613,
                824.2659539124143
              ],
              [
                875.4527768003749,
                824.2571050906564
              ],
              [
                875.434942808585,
                824.2492462776139
              ],
              [
                875.425383772432,
                824.244087911005
              ],
              [
                875.3964139033781,
                824.2318174891317
              ],
              [
                875.3760255976441,
                824.2214485851296
              ],
              [
                875.3751460492782,
                824.2211042486787
              ],
              [
                875.3742224243109,
                824.2206362252978
              ],
              [
                875.3726151398793,
                824.2200112689543
              ],
              [
                875.360823146481,
                824.214132793073
              ],
              [
                875.357670046066,
                824.2129341527121
              ],
              [
                875.3522477829895,
                824.2102699750288
              ],
              [
                875.3424588551785,
                824.2065874308518
              ],
              [
                875.3350587830395,
                824.2030357841902
              ],
              [
                875.330623379197,
                824.201415995891
              ],
              [
                875.3240826850426,
                824.1983224779461
              ],
              [
                875.3061639804905,
                824.1919110629389
              ],
              [
                875.297973533183,
                824.1881747958543
              ],
              [
                875.292813099602,
                824.1864130968494
              ],
              [
                875.2921368827394,
                824.1861068019875
              ],
              [
                875.2900975345893,
                824.1854180589052
              ],
              [
                875.2747627732756,
                824.1786605688471
              ],
              [
                875.2575287812588,
                824.1729915746218
              ],
              [
                875.2519676367285,
                824.1706361069682
              ],
              [
                875.2220681656565,
                824.161175429293
              ],
              [
                875.1948325237345,
                824.1505128840123
              ],
              [
                875.1913198132087,
                824.1495186652699
              ],
              [
                875.1912934226588,
                824.149508403899
              ],
              [
                875.1904740072126,
                824.1492792728782
              ],
              [
                875.1894867309335,
                824.1489998394966
              ],
              [
                875.1754786056241,
                824.1436746984718
              ],
              [
                875.1745746821232,
                824.1434302704506
              ],
              [
                875.1709701049449,
                824.142074247099
              ],
              [
                875.1601692734183,
                824.1391669705716
              ],
              [
                875.1522820132457,
                824.1362865808272
              ],
              [
                875.1466050822285,
                824.1348199762541
              ],
              [
                875.1392851748215,
                824.1322008715043
              ],
              [
                875.1194833462912,
                824.1272407716696
              ],
              [
                875.1106760488427,
                824.124234084943
              ],
              [
                875.1059155617173,
                824.1231195272619
              ],
              [
                875.0901014359787,
                824.1179175875486
              ],
              [
                875.0738189241861,
                824.1142669643986
              ],
              [
                875.0724114167258,
                824.1138216062055
              ],
              [
                875.0575116896853,
                824.1106107982897
              ],
              [
                875.0399093989254,
                824.1066642738859
              ],
              [
                875.0076037158393,
                824.0975206466562
              ],
              [
                875.0010691495685,
                824.09634174416
              ],
              [
                874.983946088229,
                824.0917327032555
              ],
              [
                874.9722070706449,
                824.0897651886283
              ],
              [
                874.9638838346839,
                824.0876149254162
              ],
              [
                874.9569472898997,
                824.0865276089826
              ],
              [
                874.9488964643448,
                824.0845109821623
              ],
              [
                874.9273770983687,
                824.0813188857591
              ],
              [
                874.9179760554467,
                824.0791178495366
              ],
              [
                874.9157228195392,
                824.0788210020725
              ],
              [
                874.9004152839627,
                824.0753889736202
              ],
              [
                874.8509321817451,
                824.0692555017365
              ],
              [
                874.81611142586,
                824.062973481732
              ],
              [
                874.8088160662439,
                824.0623800868685
              ],
              [
                874.7929296559404,
                824.0597174496912
              ],
              [
                874.7889239096262,
                824.0594398773742
              ],
              [
                874.7884732235909,
                824.0593648741454
              ],
              [
                874.7801800705189,
                824.0588190150734
              ],
              [
                874.7716475681684,
                824.0574815292913
              ],
              [
                874.7634683378408,
                824.0570053178999
              ],
              [
                874.7547501009716,
                824.0557120896243
              ],
              [
                874.7330784033854,
                824.0546474273928
              ],
              [
                874.7074963543519,
                824.0514765110305
              ],
              [
                874.6593060043402,
                824.0502191369721
              ],
              [
                874.622168262544,
                824.0471984023707
              ],
              [
                874.6141370748991,
                824.0473282799596
              ],
              [
                874.5997121723038,
                824.0463287274862
              ],
              [
                874.5931703584791,
                824.0465099515621
              ],
              [
                874.5906163494468,
                824.0463418455369
              ],
              [
                874.5840762086094,
                824.0465607440158
              ],
              [
                874.5773928647062,
                824.0461716261682
              ],
              [
                874.5680240476203,
                824.0465388268533
              ],
              [
                874.5587158203125,
                824.0460815429688
              ],
              [
                874.5579223632812,
                824.0461205230131
              ],
              [
                874.55712890625,
                824.0460815429688
              ],
              [
                874.5375605401811,
                824.0470425759319
              ],
              [
                874.513167225548,
                824.0464061098963
              ],
              [
                874.4895740587172,
                824.0480876028163
              ],
              [
                874.4895285560823,
                824.0480869121947
              ],
              [
                874.4892422376247,
                824.048111251817
              ],
              [
                874.4880752664559,
                824.0481944222439
              ],
              [
                874.4862406170437,
                824.0481687517487
              ],
              [
                874.4757240795079,
                824.0490746954838
              ],
              [
                874.4667955252712,
                824.0497110365415
              ],
              [
                874.4276100338732,
                824.0503447307558
              ],
              [
                874.4188991740986,
                824.0513376851554
              ],
              [
                874.406105643144,
                824.0516920969269
              ],
              [
                874.3971105205223,
                824.0528184845967
              ],
              [
                874.3924423179162,
                824.0529747293131
              ],
              [
                874.3877109842089,
                824.0536060029766
              ],
              [
                874.3829584812248,
                824.0537922722074
              ],
              [
                874.3753299651322,
                824.0548401124338
              ],
              [
                874.3736445192076,
                824.0549182880106
              ],
              [
                874.3717249958157,
                824.055187018039
              ],
              [
                874.3610335904347,
                824.0557120896243
              ],
              [
                874.3410942857139,
                824.0586698060808
              ],
              [
                874.3192637986408,
                824.0602256722228
              ],
              [
                874.2917858414306,
                824.0648968064266
              ],
              [
                874.2903671938747,
                824.0650174041206
              ],
              [
                874.2901210940943,
                824.0650634048169
              ],
              [
                874.2872135412863,
                824.065313875016
              ],
              [
                874.2732377510933,
                824.0679416891894
              ],
              [
                874.2342783698538,
                824.0723826846837
              ],
              [
                874.2249756983867,
                824.0743735594266
              ],
              [
                874.2139257227786,
                824.0757572599942
              ],
              [
                874.2026318877427,
                824.0783000039713
              ],
              [
                874.1958990282212,
                824.0791983292976
              ],
              [
                874.192980196256,
                824.0798873720563
              ],
              [
                874.1901848754491,
                824.0802713326525
              ],
              [
                874.1814623275353,
                824.0823489702401
              ],
              [
                874.1668872270615,
                824.0845109821623
              ],
              [
                874.1470737560444,
                824.0894739982882
              ],
              [
                874.131776568021,
                824.0920378790368
              ],
              [
                874.1311734606238,
                824.0922002183877
              ],
              [
                874.1276179529517,
                824.0928046393558
              ],
              [
                874.0976577608727,
                824.1009553206538
              ],
              [
                874.0908896096159,
                824.10222791015
              ],
              [
                874.0803452962974,
                824.1053260675951
              ],
              [
                874.0440032901979,
                824.1131036594735
              ],
              [
                874.0342273963473,
                824.1162153360831
              ],
              [
                874.024974686698,
                824.1182985320619
              ],
              [
                874.0116060041713,
                824.1227040107524
              ],
              [
                874.0029183506383,
                824.1247548875511
              ],
              [
                874.0017638038523,
                824.1251516479578
              ],
              [
                874.0008967846786,
                824.1253581646364
              ],
              [
                873.9930624006893,
                824.1280518345261
              ],
              [
                873.9764985165848,
                824.1322008715043
              ],
              [
                873.9580694985721,
                824.1387948795875
              ],
              [
                873.9447525513051,
                824.1423794228803
              ],
              [
                873.9430835583624,
                824.143007289421
              ],
              [
                873.9400402395758,
                824.1438352254187
              ],
              [
                873.908406604538,
                824.1558455392658
              ],
              [
                873.8992274345899,
                824.1585425867506
              ],
              [
                873.891894776822,
                824.1615199486047
              ],
              [
                873.8585858819044,
                824.172122202556
              ],
              [
                873.8484836489047,
                824.176458900857
              ],
              [
                873.8410245297104,
                824.1789169583802
              ],
              [
                873.8264947838954,
                824.1853222178197
              ],
              [
                873.8168859533707,
                824.1886259896918
              ],
              [
                873.8163645560561,
                824.1888641642754
              ],
              [
                873.8153971376905,
                824.189196617935
              ],
              [
                873.8101689828578,
                824.1915955627028
              ],
              [
                873.8086783159412,
                824.1921159585912
              ],
              [
                873.8073978802001,
                824.1927060466807
              ],
              [
                873.7917010063636,
                824.1983224779461
              ],
              [
                873.774814075834,
                824.2063094012595
              ],
              [
                873.7634748732605,
                824.2105751508101
              ],
              [
                873.7608198622486,
                824.2118796653618
              ],
              [
                873.7583027764161,
                824.2128353250827
              ],
              [
                873.725591060522,
                824.2290461248925
              ],
              [
                873.7141391210623,
                824.2336960852181
              ],
              [
                873.7097292059381,
                824.2360235690918
              ],
              [
                873.6797812507078,
                824.2488796620532
              ],
              [
                873.6695240509556,
                824.2545208315944
              ],
              [
                873.6638003480626,
                824.2570440555002
              ],
              [
                873.6496810004463,
                824.2650053052913
              ],
              [
                873.6398941730228,
                824.2694759335079
              ],
              [
                873.6378326294819,
                824.2706722936825
              ],
              [
                873.6351785795374,
                824.2718901075062
              ],
              [
                873.6310579628658,
                824.2743009790125
              ],
              [
                873.6142743974417,
                824.282239014272
              ],
              [
                873.5990537916666,
                824.2913618942903
              ],
              [
                873.5896435674571,
                824.2959855189614
              ],
              [
                873.5861201983354,
                824.2981630808335
              ],
              [
                873.5841225063147,
                824.2991530681987
              ],
              [
                873.5522352084042,
                824.3190263752232
              ],
              [
                873.5468244936947,
                824.3220021151672
              ],
              [
                873.5374711901986,
                824.3269386417078
              ],
              [
                873.5356372655284,
                824.3281547740122
              ],
              [
                873.509281907772,
                824.3426494748091
              ],
              [
                873.4966649694707,
                824.351283997321
              ],
              [
                873.4902225055404,
                824.3549166059948
              ],
              [
                873.4787157445705,
                824.3630114077706
              ],
              [
                873.4715967948946,
                824.3671426946964
              ],
              [
                873.4700991150322,
                824.3682190522129
              ],
              [
                873.4686895412179,
                824.3690407926669
              ],
              [
                873.4667721782449,
                824.3704205525115
              ],
              [
                873.464034086825,
                824.3720225424834
              ],
              [
                873.4619400667732,
                824.3735446982827
              ],
              [
                873.4459274050546,
                824.3831423183636
              ],
              [
                873.4324609752441,
                824.3931297033889
              ],
              [
                873.424888834913,
                824.3978095434811
              ],
              [
                873.4206497046256,
                824.401035177722
              ],
              [
                873.4191449764395,
                824.4019729782628
              ],
              [
                873.390705698805,
                824.4237982385777
              ],
              [
                873.3487017488861,
                824.4525440438199
              ],
              [
                873.3343542151737,
                824.4645671772507
              ],
              [
                873.3273531904044,
                824.469492273712
              ],
              [
                873.3186647266692,
                824.4770006405024
              ],
              [
                873.31296400817,
                824.4811029532004
              ],
              [
                873.3081343103837,
                824.4853366422988
              ],
              [
                873.307429810755,
                824.4858591348332
              ],
              [
                873.3036458790731,
                824.4886096975839
              ],
              [
                873.3032719474361,
                824.488942816435
              ],
              [
                873.2882813027664,
                824.5000606362432
              ],
              [
                873.2766181210606,
                824.5106315279642
              ],
              [
                873.2707557559662,
                824.5150923122048
              ],
              [
                873.2659843649232,
                824.5195135944238
              ],
              [
                873.2649287921766,
                824.5203236765317
              ],
              [
                873.2447899920473,
                824.5391527946259
              ],
              [
                873.2395031027168,
                824.5440517495806
              ],
              [
                873.1995607778099,
                824.5775231399612
              ],
              [
                873.1840319635122,
                824.5933471199949
              ],
              [
                873.1766849371938,
                824.5996962479993
              ],
              [
                873.1718249772613,
                824.6048247268923
              ],
              [
                873.1686924502937,
                824.607570684478
              ],
              [
                873.163063935435,
                824.6135510426361
              ],
              [
                873.1428543087206,
                824.6318679805956
              ],
              [
                873.1330029787932,
                824.6427372482054
              ],
              [
                873.1286898004136,
                824.646733939884
              ],
              [
                873.1235954608641,
                824.6524657092672
              ],
              [
                873.122930892393,
                824.6530870590071
              ],
              [
                873.1114427764566,
                824.6661389997366
              ],
              [
                873.100350782431,
                824.6786188808157
              ],
              [
                873.0632707183721,
                824.7164037484862
              ],
              [
                873.0471805100444,
                824.7363559592719
              ],
              [
                873.0397113955408,
                824.7442377518406
              ],
              [
                873.0380654510267,
                824.7463632896955
              ],
              [
                873.0372024677907,
                824.747280218755
              ],
              [
                873.0310325720808,
                824.755244254569
              ],
              [
                873.0110469643682,
                824.7772949746414
              ],
              [
                873.0029747277207,
                824.7881791257934
              ],
              [
                873.0000232718027,
                824.7914998829793
              ],
              [
                872.9948351159148,
                824.7986199289347
              ],
              [
                872.9944927851809,
                824.7990088595891
              ],
              [
                872.9891229349495,
                824.8064591288081
              ],
              [
                872.9748457356565,
                824.8260526640214
              ],
              [
                872.9411216515153,
                824.8678712670895
              ],
              [
                872.926286107852,
                824.8904498774373
              ],
              [
                872.9197040436252,
                824.8989459359925
              ],
              [
                872.9187919148526,
                824.900390605958
              ],
              [
                872.9177904525629,
                824.90168387313
              ],
              [
                872.9123600180742,
                824.9103589180177
              ],
              [
                872.8941286464886,
                824.9349410769296
              ],
              [
                872.8877613570933,
                824.9455642574986
              ],
              [
                872.8859628130047,
                824.9480325172889
              ],
              [
                872.8809230910654,
                824.9565783931522
              ],
              [
                872.8808278741222,
                824.9567104996039
              ],
              [
                872.8794744295759,
                824.9590348940079
              ],
              [
                872.8673393663857,
                824.9796123673021
              ],
              [
                872.8666703870881,
                824.9805646095245
              ],
              [
                872.8648961027305,
                824.9837126297127
              ],
              [
                872.8637468286489,
                824.9856300776776
              ],
              [
                872.8342698037756,
                825.0304919495393
              ],
              [
                872.8224336839753,
                825.0530070415571
              ],
              [
                872.8172784091493,
                825.0611721942515
              ],
              [
                872.8144765243816,
                825.0667264615925
              ],
              [
                872.8121307714505,
                825.0704737698446
              ],
              [
                872.8085106209231,
                825.0777861227666
              ],
              [
                872.793225342397,
                825.1032880693167
              ],
              [
                872.7884483598614,
                825.1133881502935
              ],
              [
                872.7875780902411,
                825.1148638698335
              ],
              [
                872.7763040391344,
                825.1390651591238
              ],
              [
                872.7709177254568,
                825.1504535625572
              ],
              [
                872.7693121219064,
                825.1533023011876
              ],
              [
                872.7692510867502,
                825.1534243715001
              ],
              [
                872.7672069262658,
                825.158061362792
              ],
              [
                872.7437266027872,
                825.2027264770901
              ],
              [
                872.7347551192232,
                825.2247607969613
              ],
              [
                872.7308680945122,
                825.2324661725195
              ],
              [
                872.726950290896,
                825.2425300783254
              ],
              [
                872.7237798093848,
                825.248934143451
              ],
              [
                872.721593683524,
                825.2547404871804
              ],
              [
                872.7093088060711,
                825.2807146782386
              ],
              [
                872.7059688326553,
                825.2900492786007
              ],
              [
                872.7057917616864,
                825.2904293856008
              ],
              [
                872.7029575393084,
                825.2984652797087
              ],
              [
                872.6928133425058,
                825.3268164104993
              ],
              [
                872.6911239896302,
                825.3306485531479
              ],
              [
                872.6889252179616,
                825.3373208542648
              ],
              [
                872.6703491034125,
                825.3829445292141
              ],
              [
                872.6640484326658,
                825.4041099935654
              ],
              [
                872.6612682554105,
                825.4112516077863
              ],
              [
                872.6574289510229,
                825.4248445555527
              ],
              [
                872.6568143966672,
                825.4264593111943
              ],
              [
                872.6564827975033,
                825.4276748051547
              ],
              [
                872.653613433572,
                825.4352958271497
              ],
              [
                872.6524880365102,
                825.43951809075
              ],
              [
                872.6431871996293,
                825.4655121884598
              ],
              [
                872.6321151114199,
                825.5097144423454
              ],
              [
                872.6305055633119,
                825.5145987101355
              ],
              [
                872.6284823544809,
                825.5235849812611
              ],
              [
                872.6148318751156,
                825.5694402157274
              ],
              [
                872.6109543812324,
                825.5893864453978
              ],
              [
                872.6091193559924,
                825.5958832999629
              ],
              [
                872.6062001014826,
                825.6119886393814
              ],
              [
                872.6056015553935,
                825.614182641163
              ],
              [
                872.6050116406691,
                825.6176399864395
              ],
              [
                872.6023272383336,
                825.627711324508
              ],
              [
                872.6019019156029,
                825.6303322812703
              ],
              [
                872.5954973102873,
                825.6559008989365
              ],
              [
                872.5913822392306,
                825.6836424546102
              ],
              [
                872.5910391496101,
                825.685095805565
              ],
              [
                872.5898983004172,
                825.6936463574933
              ],
              [
                872.5893272626924,
                825.6974959811365
              ],
              [
                872.5879642912442,
                825.7035497462161
              ],
              [
                872.5865214630118,
                825.7150719043682
              ],
              [
                872.5777004273758,
                825.7604482242365
              ],
              [
                872.5759511493138,
                825.7788701634472
              ],
              [
                872.5749012752473,
                825.7846622511641
              ],
              [
                872.5733548932476,
                825.8031724060205
              ],
              [
                872.5728734209339,
                825.8059941969688
              ],
              [
                872.5725360996395,
                825.8106928076891
              ],
              [
                872.5715005136273,
                825.8176741615022
              ],
              [
                872.5704296493336,
                825.8242731246161
              ],
              [
                872.5703647728492,
                825.8253307039025
              ],
              [
                872.5666984177493,
                825.8500472623097
              ],
              [
                872.5653392301491,
                825.8777141615011
              ],
              [
                872.5648155496256,
                825.88163909526
              ],
              [
                872.5645061994087,
                825.8908817085327
              ],
              [
                872.5638991281769,
                825.8957296665815
              ],
              [
                872.563505556914,
                825.9099367740765
              ],
              [
                872.559306235373,
                825.9541605300573
              ],
              [
                872.5593504742241,
                825.9708049604952
              ],
              [
                872.5589288911145,
                825.9758513000443
              ],
              [
                872.5591904882588,
                825.996586297795
              ],
              [
                872.5589397880211,
                826.0000783477892
              ],
              [
                872.5590729641839,
                826.005266935488
              ],
              [
                872.5570678710938,
                826.0460815429688
              ],
              [
                872.5584022618106,
                826.0732521469216
              ],
              [
                872.5581826658494,
                826.0798131267906
              ],
              [
                872.5586168373102,
                826.0864094271343
              ],
              [
                872.5585357587362,
                826.0893361957413
              ],
              [
                872.559710577972,
                826.106290436259
              ],
              [
                872.5597512147209,
                826.1215796113602
              ],
              [
                872.559687809116,
                826.132818462083
              ],
              [
                872.5597838806681,
                826.1338698510946
              ],
              [
                872.5598234130272,
                826.1487435104361
              ],
              [
                872.5612952258405,
                826.1634143002696
              ],
              [
                872.5613491829483,
                826.1676911073157
              ],
              [
                872.5638248453272,
                826.1904018090318
              ],
              [
                872.5639325482573,
                826.1945979510972
              ],
              [
                872.564644659885,
                826.2003586410415
              ],
              [
                872.5646588373087,
                826.200647318982
              ]
            ],
            [
              [
                874.0010761149673,
                827.9696110914564
              ],
              [
                873.9800995908035,
                827.9643567456832
              ],
              [
                873.978827430983,
                827.9639015596209
              ],
              [
                873.9995032237898,
                827.9690805761106
              ],
              [
                874.0010761149673,
                827.9696110914564
              ]
            ],
            [
              [
                874.1704924954307,
                828.0117423909371
              ],
              [
                874.1707324419052,
                828.0118024944002
              ],
              [
                874.1873649040242,
                828.0142696870938
              ],
              [
                874.1907115983593,
                828.0150464777687
              ],
              [
                874.1704883012802,
                828.0120466350252
              ],
              [
                874.1669536726937,
                828.0111612566551
              ],
              [
                874.1683417801194,
                828.0113724328487
              ],
              [
                874.1688403520615,
                828.0114973186189
              ],
              [
                874.1704924954307,
                828.0117423909371
              ]
            ],
            [
              [
                874.3646346646534,
                828.0408455275632
              ],
              [
                874.3634289993216,
                828.0406666840056
              ],
              [
                874.3826831634306,
                828.0416361730705
              ],
              [
                874.3838476493092,
                828.041789400974
              ],
              [
                874.3646346646534,
                828.0408455275632
              ]
            ]
          ]
        ]
      }
    }
  ]
}