{
  "type": "FeatureCollection",
  "features": [
    {
      "type": "Feature",
      "properties": {
        "image_id": "0020_top_20250703_t1",
        "zone_type": "parking_spot",
        "generated_at": "2025-11-03T11:20:41",
        "source": "merged_t1_polygons"
      },
      "geometry": {
        "type": "MultiPolygon",
        "coordinates": [
          [
            [
              [
                171.16434188797984,
                316.80187950491023
              ],
              [
                171.1541853559235,
                316.8070387589614
              ],
              [
                171.15139882556613,
                316.8081467566185
              ],
              [
                171.1419158162864,
                316.8130310057585
              ],
              [
                171.12836064640706,
                316.8186457409628
              ],
              [
                171.12350755238475,
                316.82122161460035
              ],
              [
                171.12041703938118,
                316.8225161332787
              ],
              [
                171.10829418209252,
                316.8290040896061
              ],
              [
                171.0855075013829,
                316.8391058230783
              ],
              [
                171.06104509945348,
                316.8528796655696
              ],
              [
                171.03614254737346,
                316.8646720426985
              ],
              [
                171.0320260697625,
                316.867142584591
              ],
              [
                171.02906022994014,
                316.8685628957123
              ],
              [
                171.01577670664113,
                316.8766317236608
              ],
              [
                171.01410368533598,
                316.8774459280165
              ],
              [
                171.00728308575393,
                316.8816612903819
              ],
              [
                170.98916743578633,
                316.8908635692667
              ],
              [
                170.98235693190946,
                316.89521223334197
              ],
              [
                170.9787165674137,
                316.8970872127534
              ],
              [
                170.97008529769138,
                316.9026534474612
              ],
              [
                170.96013964722994,
                316.90793229405153
              ],
              [
                170.95723667419463,
                316.90984761443076
              ],
              [
                170.9534355632394,
                316.9118819072782
              ],
              [
                170.9376916204859,
                316.92233528954966
              ],
              [
                170.91408280021207,
                316.9356285128724
              ],
              [
                170.89122126110917,
                316.9516478853174
              ],
              [
                170.86767447168836,
                316.9657797075199
              ],
              [
                170.86165740530458,
                316.9702486126474
              ],
              [
                170.85947910457173,
                316.9715717807135
              ],
              [
                170.848791319067,
                316.9796145891315
              ],
              [
                170.8429401454017,
                316.9832308133307
              ],
              [
                170.8351324593011,
                316.9892184605775
              ],
              [
                170.8234311287162,
                316.9966900305036
              ],
              [
                170.8196275099394,
                316.9996824347584
              ],
              [
                170.81547646372516,
                317.00235941025045
              ],
              [
                170.80778128230602,
                317.0084551296868
              ],
              [
                170.80117390312546,
                317.01281453910735
              ],
              [
                170.80002506578438,
                317.013740672866
              ],
              [
                170.7956558284311,
                317.01664168114604
              ],
              [
                170.77764249250717,
                317.03123397914453
              ],
              [
                170.75302433136133,
                317.0484842390912
              ],
              [
                170.73306147000417,
                317.06562815137926
              ],
              [
                170.70954595120395,
                317.0830684487433
              ],
              [
                170.70083497131816,
                317.09096362070215
              ],
              [
                170.70075607860073,
                317.09102936463336
              ],
              [
                170.70032837632434,
                317.0914227716407
              ],
              [
                170.69189717666464,
                317.0990643655837
              ],
              [
                170.68327211997953,
                317.1056788472942
              ],
              [
                170.67497520769825,
                317.1134841036693
              ],
              [
                170.66898107112698,
                317.1181998443449
              ],
              [
                170.66863011897854,
                317.1185050201261
              ],
              [
                170.66756351734978,
                317.1195282946469
              ],
              [
                170.66321825910862,
                317.1229703805022
              ],
              [
                170.65700416274058,
                317.12896104454904
              ],
              [
                170.64849268745033,
                317.13585604636137
              ],
              [
                170.62879411219652,
                317.1551719499753
              ],
              [
                170.60382834388776,
                317.1766123103742
              ],
              [
                170.58756914477195,
                317.19362178193893
              ],
              [
                170.56411895715814,
                317.21487579309564
              ],
              [
                170.546310256894,
                317.2345246659259
              ],
              [
                170.53671574484719,
                317.2435506292941
              ],
              [
                170.52937134476895,
                317.2520047324055
              ],
              [
                170.5233781125978,
                317.2577824735871
              ],
              [
                170.5194119076895,
                317.26242925625843
              ],
              [
                170.51326579099418,
                317.2684559762703
              ],
              [
                170.49255989219003,
                317.293015188014
              ],
              [
                170.4679374229448,
                317.31877384854187
              ],
              [
                170.45511687472657,
                317.3351410580598
              ],
              [
                170.43231161280576,
                317.36030278714145
              ],
              [
                170.4239503580111,
                317.371576634153
              ],
              [
                170.42104377961513,
                317.3748128712606
              ],
              [
                170.41305839062002,
                317.385892006668
              ],
              [
                170.40475444162695,
                317.3954506418555
              ],
              [
                170.3994091431113,
                317.4030237993661
              ],
              [
                170.39727505123767,
                317.4055240890301
              ],
              [
                170.39521388255065,
                317.40847703228144
              ],
              [
                170.39118775430714,
                317.41325241233017
              ],
              [
                170.37023528775916,
                317.4435041868789
              ],
              [
                170.34666550618152,
                317.4735942849625
              ],
              [
                170.3397139245581,
                317.48453319652003
              ],
              [
                170.33928398283635,
                317.48508841414565
              ],
              [
                170.3366846195974,
                317.48924086139897
              ],
              [
                170.31539329492617,
                317.51794888942953
              ],
              [
                170.30312807612407,
                317.5384121707352
              ],
              [
                170.29568330976073,
                317.5487412323083
              ],
              [
                170.2920449184309,
                317.55513619909976
              ],
              [
                170.28872390281487,
                317.5598413758606
              ],
              [
                170.28459630926102,
                317.5671522100927
              ],
              [
                170.28335328334032,
                317.56894692671113
              ],
              [
                170.26299151900602,
                317.6052625001929
              ],
              [
                170.241185179199,
                317.6395766513409
              ],
              [
                170.23536866885198,
                317.6510917082104
              ],
              [
                170.23362430172395,
                317.65387831086025
              ],
              [
                170.2322191906763,
                317.65671649888515
              ],
              [
                170.21448999083455,
                317.68629588181676
              ],
              [
                170.20004135867467,
                317.7168449478284
              ],
              [
                170.18966124300016,
                317.7350894105626
              ],
              [
                170.16698325197518,
                317.786475626986
              ],
              [
                170.15251633774815,
                317.8151160539965
              ],
              [
                170.14791307956185,
                317.827006665908
              ],
              [
                170.14527333965827,
                317.8323386844667
              ],
              [
                170.14471302093088,
                317.833826889326
              ],
              [
                170.13057345450866,
                317.86372249073855
              ],
              [
                170.12063908244986,
                317.89148720065515
              ],
              [
                170.11209169350445,
                317.9108547882743
              ],
              [
                170.0923293207394,
                317.9705842967925
              ],
              [
                170.08151632629526,
                317.9985151916788
              ],
              [
                170.07864157464869,
                318.00886237187063
              ],
              [
                170.07539928743097,
                318.01792395759884
              ],
              [
                170.07510696384537,
                318.01870036816536
              ],
              [
                170.07506456080768,
                318.01885945584087
              ],
              [
                170.06445184806682,
                318.0485200009598
              ],
              [
                170.05793450958652,
                318.0745386746478
              ],
              [
                170.05175381387144,
                318.0932191196404
              ],
              [
                170.05112717212958,
                318.09597672741245
              ],
              [
                170.05102253108532,
                318.09629426677606
              ],
              [
                170.04753439997927,
                318.11178712710773
              ],
              [
                170.03707596304625,
                318.1578106602407
              ],
              [
                170.0353959423921,
                318.1645176786534
              ],
              [
                170.02887164830562,
                318.1880007668772
              ],
              [
                170.02874327919506,
                318.1887370007031
              ],
              [
                170.0285261393991,
                318.18951539147577
              ],
              [
                170.02713835520535,
                318.197483814617
              ],
              [
                170.0167619587248,
                318.23890871143647
              ],
              [
                170.0132179226047,
                318.2628006622632
              ],
              [
                170.00918892316898,
                318.2805307294052
              ],
              [
                170.00872225215363,
                318.2841749093187
              ],
              [
                170.0084812590177,
                318.28524530285677
              ],
              [
                170.0060614710402,
                318.30456927999
              ],
              [
                170.0057727579672,
                318.30590858595855
              ],
              [
                170.0047250548236,
                318.3152416515572
              ],
              [
                170.00389473318685,
                318.32187244585435
              ],
              [
                170.0003534725728,
                318.3495257398751
              ],
              [
                169.99860044751898,
                318.36134367484095
              ],
              [
                169.99435752477564,
                318.3857058227359
              ],
              [
                169.99374876522086,
                318.3940510601399
              ],
              [
                169.98796306618686,
                318.4330550748096
              ],
              [
                169.9869091877264,
                318.45451060325496
              ],
              [
                169.98478965494309,
                318.47106178929636
              ],
              [
                169.98464861875507,
                318.4755683393115
              ],
              [
                169.98441609595028,
                318.4774252232221
              ],
              [
                169.98372719532227,
                318.502293109166
              ],
              [
                169.98335244363187,
                318.5056314422912
              ],
              [
                169.98315918048706,
                318.5227972683466
              ],
              [
                169.98307152557007,
                318.5259614293152
              ],
              [
                169.98249549929164,
                318.5443672815299
              ],
              [
                169.98190148368843,
                318.5564606292453
              ],
              [
                169.97986910403066,
                318.58432169623956
              ],
              [
                169.98010346150676,
                318.59306590918203
              ],
              [
                169.97833251953125,
                318.6291198730469
              ],
              [
                169.97925917521246,
                318.64777801981325
              ],
              [
                169.97878107663902,
                318.66305477369934
              ],
              [
                169.97912631243537,
                318.66837545285904
              ],
              [
                169.9790527265096,
                318.67103175238196
              ],
              [
                169.98114957800414,
                318.70129217328923
              ],
              [
                169.98108986386887,
                318.7065960425803
              ],
              [
                169.98296700680783,
                318.727567178404
              ],
              [
                169.98405360618673,
                318.74431354923604
              ],
              [
                169.98427845330335,
                318.7488408300661
              ],
              [
                169.985204523262,
                318.7833938259939
              ],
              [
                169.98650130772438,
                318.79359784701234
              ],
              [
                169.98817466664886,
                318.82729081090235
              ],
              [
                169.99040065264958,
                318.84213248399544
              ],
              [
                169.9912186134997,
                318.854738671693
              ],
              [
                169.9922025934372,
                318.86080222927984
              ],
              [
                169.99244144871466,
                318.86424923601845
              ],
              [
                169.9983651098913,
                318.8995922834124
              ],
              [
                169.99900786614631,
                318.906773051827
              ],
              [
                170.0007623892216,
                318.9159056532594
              ],
              [
                170.00082154613904,
                318.9165390225248
              ],
              [
                170.00324566672822,
                318.92885271312065
              ],
              [
                170.00529576780295,
                318.94148600517457
              ],
              [
                170.0103108842162,
                318.9809485024331
              ],
              [
                170.01292673188826,
                318.9923242210598
              ],
              [
                170.01347748112386,
                318.99599631967504
              ],
              [
                170.01294376345732,
                318.99239828742816
              ],
              [
                170.01389557585617,
                318.99653750017757
              ],
              [
                170.01474630029512,
                319.0026653293674
              ],
              [
                170.01499183633703,
                319.00367940680013
              ],
              [
                170.01717887017304,
                319.0185302021979
              ],
              [
                170.01895245549602,
                319.0256423066575
              ],
              [
                170.01973702801914,
                319.0304770603895
              ],
              [
                170.01702529043973,
                319.0196511971297
              ],
              [
                170.01760424014176,
                319.023511321233
              ],
              [
                170.0203929555071,
                319.0345190676954
              ],
              [
                170.02198753730374,
                319.04434532347807
              ],
              [
                170.02375163078244,
                319.051058916001
              ],
              [
                170.02445670227888,
                319.05526566830713
              ],
              [
                170.03521251355951,
                319.0952246142423
              ],
              [
                170.03692551497073,
                319.1041410881049
              ],
              [
                170.03935322407744,
                319.11226656280866
              ],
              [
                170.03992435029528,
                319.11516768561955
              ],
              [
                170.04522375606012,
                319.13277653538427
              ],
              [
                170.05493926875067,
                319.1750270608499
              ],
              [
                170.0597819488905,
                319.18936920397294
              ],
              [
                170.06466958325268,
                319.2089686930384
              ],
              [
                170.06685475720303,
                319.2150960437098
              ],
              [
                170.06765529709324,
                319.2181426501885
              ],
              [
                170.0651106632637,
                319.21103087506043
              ],
              [
                170.06633158981808,
                319.21585017290874
              ],
              [
                170.06896194355798,
                319.22311534128556
              ],
              [
                170.07080402465905,
                319.230125730506
              ],
              [
                170.0734758073118,
                319.2373766887311
              ],
              [
                170.07479824612247,
                319.242289685023
              ],
              [
                170.09133429802688,
                319.2862457682595
              ],
              [
                170.0944599189685,
                319.2967071344193
              ],
              [
                170.10275486559465,
                319.3168372048259
              ],
              [
                170.1035576750561,
                319.3190159516119
              ],
              [
                170.11864720674373,
                319.36370530066574
              ],
              [
                170.12431916727698,
                319.3762294818928
              ],
              [
                170.1305978518492,
                319.39383526660515
              ],
              [
                170.1330141457749,
                319.3989579478003
              ],
              [
                170.13352083101535,
                319.4003330422556
              ],
              [
                170.13182695540354,
                319.3967516431787
              ],
              [
                170.13387713393362,
                319.4024143386548
              ],
              [
                170.13565794350876,
                319.4061329576777
              ],
              [
                170.13721777508982,
                319.410366188858
              ],
              [
                170.1409086239291,
                319.41802409166746
              ],
              [
                170.14299397405227,
                319.42356736306755
              ],
              [
                170.16233726030796,
                319.46293575335943
              ],
              [
                170.16594806440435,
                319.4717947101458
              ],
              [
                170.16906259330682,
                319.47775195057466
              ],
              [
                170.1710300973127,
                319.48252666413805
              ],
              [
                170.18032242732014,
                319.49988954157976
              ],
              [
                170.18688866748113,
                319.51438836985517
              ],
              [
                170.19137022737516,
                319.5245541441249
              ],
              [
                170.19199282917626,
                319.5256588019583
              ],
              [
                170.2008030629846,
                319.5451125630029
              ],
              [
                170.20700659601346,
                319.55582617040477
              ],
              [
                170.21432875069587,
                319.5713495567362
              ],
              [
                170.21658754513822,
                319.57512708278716
              ],
              [
                170.21957607930605,
                319.5813676265052
              ],
              [
                170.21985967026018,
                319.5818344956801
              ],
              [
                170.22061616476654,
                319.58340409705306
              ],
              [
                170.22541917124306,
                319.59132310477554
              ],
              [
                170.22840434220362,
                319.597398668871
              ],
              [
                170.249247159664,
                319.63112305594325
              ],
              [
                170.25366823002915,
                319.63957935220594
              ],
              [
                170.26166799369489,
                319.65188512269486
              ],
              [
                170.26586284645114,
                319.65972327676764
              ],
              [
                170.2752552613812,
                319.67369278013336
              ],
              [
                170.28170539154002,
                319.68483226498677
              ],
              [
                170.28872193649065,
                319.69728144410794
              ],
              [
                170.28981391926672,
                319.6988358307398
              ],
              [
                170.3005922995489,
                319.7174502774163
              ],
              [
                170.30704151737052,
                319.7263990312719
              ],
              [
                170.31505590546493,
                319.7398020037786
              ],
              [
                170.31737344198825,
                319.74293368113075
              ],
              [
                170.3202298975643,
                319.7476432924703
              ],
              [
                170.32209341925497,
                319.7501395327162
              ],
              [
                170.32258496430723,
                319.75094875187364
              ],
              [
                170.32660439185202,
                319.756289686899
              ],
              [
                170.33022836672333,
                319.76215340141516
              ],
              [
                170.33553227685377,
                319.769123803016
              ],
              [
                170.3357477639122,
                319.7694692165408
              ],
              [
                170.34178277178196,
                319.7773382068769
              ],
              [
                170.35609338333177,
                319.7961452204202
              ],
              [
                170.35233756880538,
                319.7913591157106
              ],
              [
                170.3568610155801,
                319.79831738349884
              ],
              [
                170.37111739262318,
                319.816270208303
              ],
              [
                170.37800054789483,
                319.82650764579387
              ],
              [
                170.38705493816482,
                319.83742341091636
              ],
              [
                170.39177932561276,
                319.8439788384984
              ],
              [
                170.40269776577156,
                319.85952072963056
              ],
              [
                170.40441696464512,
                319.8615144721434
              ],
              [
                170.4170255515716,
                319.8790097939008
              ],
              [
                170.4234505789914,
                319.8862752700082
              ],
              [
                170.43180925859286,
                319.8975703185817
              ],
              [
                170.43379022877687,
                319.89976058229325
              ],
              [
                170.43514010132094,
                319.9015687749149
              ],
              [
                170.43978956714182,
                319.9066878867223
              ],
              [
                170.44196625428182,
                319.90958022511023
              ],
              [
                170.44453078795706,
                319.9123697060569
              ],
              [
                170.44751113544703,
                319.9162864803619
              ],
              [
                170.45236218903196,
                319.92152167514894
              ],
              [
                170.4531290897266,
                319.9225216297944
              ],
              [
                170.47663326328205,
                319.94771470706763
              ],
              [
                170.4868785870828,
                319.9587713290599
              ],
              [
                170.47161564500792,
                319.94282603049703
              ],
              [
                170.47460164566036,
                319.9465862527763
              ],
              [
                170.49644401952094,
                319.9693003770558
              ],
              [
                170.50631083822296,
                319.9811955872517
              ],
              [
                170.51468240086726,
                319.9894409965899
              ],
              [
                170.51649982014325,
                319.99149614989335
              ],
              [
                170.53217755861846,
                320.0096775099352
              ],
              [
                170.53468912292075,
                320.01206476946567
              ],
              [
                170.54894843634938,
                320.0281893233787
              ],
              [
                170.55509921364123,
                320.0338861080474
              ],
              [
                170.56346441146513,
                320.04313510602907
              ],
              [
                170.57126307119387,
                320.05021827198857
              ],
              [
                170.573673532353,
                320.05284016599643
              ],
              [
                170.5751616408868,
                320.0541720300559
              ],
              [
                170.57588394792003,
                320.054957997195
              ],
              [
                170.5765946651416,
                320.05559176939147
              ],
              [
                170.57915276312616,
                320.0583524359145
              ],
              [
                170.58325862240648,
                320.0620016827558
              ],
              [
                170.58470788962816,
                320.0635550877721
              ],
              [
                170.60048123283238,
                320.07748981690014
              ],
              [
                170.60583497249647,
                320.0830572295297
              ],
              [
                170.63564129391764,
                320.10869006734714
              ],
              [
                170.63711422908798,
                320.1100278669976
              ],
              [
                170.64949804365753,
                320.1222250665686
              ],
              [
                170.65654784545012,
                320.1278942710764
              ],
              [
                170.66998897333443,
                320.1407602049133
              ],
              [
                170.67054380231272,
                320.1411955975474
              ],
              [
                170.67588878518572,
                320.14627604135364
              ],
              [
                170.67935785709975,
                320.14897314524933
              ],
              [
                170.69505299851957,
                320.1635098187088
              ],
              [
                170.70070267866822,
                320.16778234753025
              ],
              [
                170.7087534529896,
                320.1750944976438
              ],
              [
                170.71769803373394,
                320.181742764642
              ],
              [
                170.7186802181719,
                320.1826218242825
              ],
              [
                170.7203441720915,
                320.1838419541867
              ],
              [
                170.72391870622155,
                320.18701896452546
              ],
              [
                170.7240452013968,
                320.1871111376227
              ],
              [
                170.7248342335653,
                320.1878124215567
              ],
              [
                170.72783725275184,
                320.19000062817383
              ],
              [
                170.7292603683815,
                320.1912578588421
              ],
              [
                170.74446747004174,
                320.2022783932417
              ],
              [
                170.74938493178067,
                320.2065073115791
              ],
              [
                170.7524164006067,
                320.2086512406833
              ],
              [
                170.74782110169556,
                320.2047087585954
              ],
              [
                170.77884534362943,
                320.22719192028484
              ],
              [
                170.7944511988618,
                320.2387913339729
              ],
              [
                170.80611626374161,
                320.24817197194636
              ],
              [
                170.8104989038183,
                320.2510229906289
              ],
              [
                170.8243937969121,
                320.26192677240766
              ],
              [
                170.82576315198085,
                320.2627990620822
              ],
              [
                170.8324190488287,
                320.2679738309433
              ],
              [
                170.83700290729604,
                320.27085838721007
              ],
              [
                170.85389067784254,
                320.2836296387662
              ],
              [
                170.85883860752386,
                320.28664876813843
              ],
              [
                170.8662771702733,
                320.2921776523483
              ],
              [
                170.87644509595688,
                320.2982865383403
              ],
              [
                170.88136686787482,
                320.3018728803547
              ],
              [
                170.88387468368958,
                320.3033518035902
              ],
              [
                170.88474255693396,
                320.3039830963094
              ],
              [
                170.88508563914846,
                320.30418389795096
              ],
              [
                170.88544206445548,
                320.3044421981481
              ],
              [
                170.89965383532686,
                320.31278116569206
              ],
              [
                170.90396508212217,
                320.3158301851642
              ],
              [
                170.91033932631856,
                320.31948709069326
              ],
              [
                170.9064977425844,
                320.31679692987876
              ],
              [
                170.9389009870545,
                320.33581001462386
              ],
              [
                170.96420391690575,
                320.35101200552486
              ],
              [
                170.9745839720022,
                320.3577644950033
              ],
              [
                170.97594890323026,
                320.35846853675804
              ],
              [
                170.98993151951046,
                320.3673755705012
              ],
              [
                170.99222755779866,
                320.3685390293079
              ],
              [
                171.00022996716464,
                320.3735748305332
              ],
              [
                171.00606993625024,
                320.3764864290802
              ],
              [
                171.02388667101707,
                320.38735785020316
              ],
              [
                171.02796094936298,
                320.3893172070563
              ],
              [
                171.03451852380755,
                320.3932569953585
              ],
              [
                171.04375525698123,
                320.3976374737514
              ],
              [
                171.04819822041938,
                320.40025760311823
              ],
              [
                171.05080998668078,
                320.40147428153386
              ],
              [
                171.05180035466424,
                320.402055394651
              ],
              [
                171.05422985377692,
                320.40318184804966
              ],
              [
                171.05615850807933,
                320.4043106647982
              ],
              [
                171.06631934705095,
                320.40897286856193
              ],
              [
                171.0681901336568,
                320.41004613931716
              ],
              [
                171.07819569325952,
                320.41458842603
              ],
              [
                171.07659928170006,
                320.41368971823806
              ],
              [
                171.10486558355564,
                320.42665944044967
              ],
              [
                171.10652250697024,
                320.427427683995
              ],
              [
                171.10927589968338,
                320.4287103383938
              ],
              [
                171.13575600537337,
                320.44126840720827
              ],
              [
                171.16500792236877,
                320.4560910696241
              ],
              [
                171.16832383630071,
                320.457380388058
              ],
              [
                171.1776722913238,
                320.4620411915081
              ],
              [
                171.18488573088183,
                320.4647837363398
              ],
              [
                171.20335554513844,
                320.47366603501166
              ],
              [
                171.2064151576645,
                320.47477818648304
              ],
              [
                171.21185725738775,
                320.4773590773458
              ],
              [
                171.21992134487982,
                320.4802539726569
              ],
              [
                171.22376373618664,
                320.48204393167293
              ],
              [
                171.22607601176847,
                320.4828594604878
              ],
              [
                171.22678796480335,
                320.48318956224074
              ],
              [
                171.2322392572872,
                320.4851036321876
              ],
              [
                171.23668031721365,
                320.48714137005175
              ],
              [
                171.23675661115897,
                320.48717188762987
              ],
              [
                171.30094768675713,
                320.509341303047
              ],
              [
                171.3141212892368,
                320.5140704432115
              ],
              [
                171.347936924021,
                320.5272188910229
              ],
              [
                171.35234373645005,
                320.52845115657885
              ],
              [
                171.3630021147983,
                320.53250346480417
              ],
              [
                171.37167481777598,
                320.5348491178799
              ],
              [
                171.39051794799852,
                320.54169848681926
              ],
              [
                171.39245447528958,
                320.54219096809805
              ],
              [
                171.39658550206633,
                320.5436739492857
              ],
              [
                171.40327799037675,
                320.54535777199663
              ],
              [
                171.4064169506273,
                320.5464648686391
              ],
              [
                171.40837297416883,
                320.54694809478184
              ],
              [
                171.4087773606218,
                320.547090083853
              ],
              [
                171.41388975366505,
                320.5483476536342
              ],
              [
                171.41803920331006,
                320.5497807324863
              ],
              [
                171.4695677460271,
                320.56220558382927
              ],
              [
                171.4737730946026,
                320.5635360499445
              ],
              [
                171.48417516087488,
                320.5657278056586
              ],
              [
                171.48574051263142,
                320.5661052520572
              ],
              [
                171.49832413361815,
                320.5692712772814
              ],
              [
                171.5369568181821,
                320.5800740348952
              ],
              [
                171.54250031790696,
                320.58105124895957
              ],
              [
                171.55439801258834,
                320.58426914587073
              ],
              [
                171.5645773271662,
                320.5859637992851
              ],
              [
                171.58351824955326,
                320.5907806948288
              ],
              [
                171.58425715148175,
                320.5908919302268
              ],
              [
                171.58692422386426,
                320.59156296271
              ],
              [
                171.65051110742053,
                320.60321997657053
              ],
              [
                171.7109819730972,
                320.6107513754538
              ],
              [
                171.73024723994246,
                320.61414747731186
              ],
              [
                171.7369451527881,
                320.61465961391815
              ],
              [
                171.7499789422013,
                320.61682948061815
              ],
              [
                171.76166791826859,
                320.6175996115742
              ],
              [
                171.78044293964993,
                320.62042603128606
              ],
              [
                171.78343908143333,
                320.6205753821208
              ],
              [
                171.7860843368898,
                320.6209625127056
              ],
              [
                171.7915398106219,
                320.62122697804386
              ],
              [
                171.79438017523145,
                320.6216292101862
              ],
              [
                171.80053448082543,
                320.62190477385724
              ],
              [
                171.81453112441022,
                320.6236479985438
              ],
              [
                171.86260481393222,
                320.6256339536726
              ],
              [
                171.86318035260754,
                320.6256968913052
              ],
              [
                171.86443821716446,
                320.62570969274293
              ],
              [
                171.90146906934436,
                320.62723946113687
              ],
              [
                171.92594669687728,
                320.6291110723961
              ],
              [
                171.93378619174555,
                320.6289396647782
              ],
              [
                171.94782273057297,
                320.62986446546256
              ],
              [
                171.95732755619596,
                320.62954701126574
              ],
              [
                171.9794921875,
                320.6304626464844
              ],
              [
                171.98496961333254,
                320.6301629959113
              ],
              [
                171.98597779439518,
                320.6302081379782
              ],
              [
                172.0013193259817,
                320.62942218430766
              ],
              [
                172.01212548798188,
                320.62978869735684
              ],
              [
                172.01237653214196,
                320.6297722763112
              ],
              [
                172.0124608318686,
                320.6297750978226
              ],
              [
                172.0238277274978,
                320.6290269236304
              ],
              [
                172.02378554754114,
                320.6290260013815
              ],
              [
                172.04620457581376,
                320.6275595506701
              ],
              [
                172.06057938534383,
                320.62770584482246
              ],
              [
                172.06135758358602,
                320.62767532724433
              ],
              [
                172.08202131935303,
                320.625897322859
              ],
              [
                172.09714172827412,
                320.62576079913725
              ],
              [
                172.1018579269157,
                320.62526483926433
              ],
              [
                172.12217049623604,
                320.62482071254715
              ],
              [
                172.13029760633637,
                320.623840454888
              ],
              [
                172.13594440061837,
                320.6236731373775
              ],
              [
                172.13692782330784,
                320.6235484942167
              ],
              [
                172.14598496522046,
                320.6232459923271
              ],
              [
                172.15517286103702,
                320.62202082426
              ],
              [
                172.16871854530322,
                320.62137894777976
              ],
              [
                172.1738319741887,
                320.62064765001014
              ],
              [
                172.17628940761224,
                320.6205269240475
              ],
              [
                172.17699520613542,
                320.62042222872657
              ],
              [
                172.17751619409182,
                320.6203955382756
              ],
              [
                172.17873256638651,
                320.62021528658323
              ],
              [
                172.18127525356692,
                320.6200867786121
              ],
              [
                172.18460836266505,
                320.6195779024744
              ],
              [
                172.18861594013862,
                320.6193677142466
              ],
              [
                172.19194432569128,
                320.61884014224466
              ],
              [
                172.19778676643926,
                320.618520522998
              ],
              [
                172.2065411452077,
                320.6170717778109
              ],
              [
                172.21006505357565,
                320.6168412754952
              ],
              [
                172.2345840854069,
                320.61277010955445
              ],
              [
                172.24715408338818,
                320.6116885281896
              ],
              [
                172.269597334034,
                320.60762520587303
              ],
              [
                172.2875128060079,
                320.6057411980356
              ],
              [
                172.2877111702657,
                320.6057106804575
              ],
              [
                172.28760228558897,
                320.6050029300588
              ],
              [
                172.28912133988672,
                320.60468380764934
              ],
              [
                172.3170288955641,
                320.60131771627584
              ],
              [
                172.32330272116914,
                320.5999265495411
              ],
              [
                172.32723959927569,
                320.59942757291986
              ],
              [
                172.33101840749828,
                320.59857254485325
              ],
              [
                172.34251810396503,
                320.59703910769053
              ],
              [
                172.34806994959345,
                320.595728980825
              ],
              [
                172.35614327248754,
                320.5945743733868
              ],
              [
                172.3623296613652,
                320.59308173301275
              ],
              [
                172.36412506916582,
                320.59282137297424
              ],
              [
                172.3649435022409,
                320.5926210734718
              ],
              [
                172.36723402331847,
                320.59228164589484
              ],
              [
                172.36802386736997,
                320.5920858036142
              ],
              [
                172.37043577098538,
                320.5917280315096
              ],
              [
                172.37292055428165,
                320.591105625695
              ],
              [
                172.37304502391507,
                320.591087162369
              ],
              [
                172.37437656792736,
                320.590753627957
              ],
              [
                172.37500059920853,
                320.59066054003125
              ],
              [
                172.3765158963939,
                320.59027878213965
              ],
              [
                172.38088076670556,
                320.589612383807
              ],
              [
                172.38811621889408,
                320.5877455479475
              ],
              [
                172.3955355548531,
                320.58656953216956
              ],
              [
                172.40066644858507,
                320.5851936185667
              ],
              [
                172.40574849872183,
                320.5843497895946
              ],
              [
                172.40808627319436,
                320.58371846492867
              ],
              [
                172.41341413829358,
                320.58283676685227
              ],
              [
                172.42710502680308,
                320.57910863609635
              ],
              [
                172.4306539152634,
                320.5784661143018
              ],
              [
                172.47135493646934,
                320.56709724731155
              ],
              [
                172.5086453019555,
                320.5588284302843
              ],
              [
                172.51306991526488,
                320.5573798884556
              ],
              [
                172.5153108481268,
                320.5568728342789
              ],
              [
                172.5217756646014,
                320.5547378331679
              ],
              [
                172.53549061541307,
                320.5515013733093
              ],
              [
                172.53744175001992,
                320.5508310147531
              ],
              [
                172.5401935498199,
                320.550167065628
              ],
              [
                172.54457791482167,
                320.5486581832059
              ],
              [
                172.55056320457598,
                320.547193371242
              ],
              [
                172.55635566090362,
                320.54517023813895
              ],
              [
                172.56343373439174,
                320.5433972730269
              ],
              [
                172.56541561187558,
                320.5426881459243
              ],
              [
                172.56638021848073,
                320.54244512680737
              ],
              [
                172.57258515309516,
                320.5402116003523
              ],
              [
                172.57811709294285,
                320.5387894864321
              ],
              [
                172.5788023585908,
                320.5385375770832
              ],
              [
                172.5797501937386,
                320.5382933417162
              ],
              [
                172.58491149351022,
                320.5363913590132
              ],
              [
                172.5867493611293,
                320.53590772600484
              ],
              [
                172.58852890311488,
                320.53524786354893
              ],
              [
                172.59071485215838,
                320.5346720100504
              ],
              [
                172.5918174178097,
                320.5342562271115
              ],
              [
                172.59575466679993,
                320.53318408493135
              ],
              [
                172.59712389750013,
                320.5326681534365
              ],
              [
                172.59725089968677,
                320.532633856025
              ],
              [
                172.60175595816497,
                320.5309227748214
              ],
              [
                172.60189397751245,
                320.53087076859026
              ],
              [
                172.6058546769731,
                320.52978590774086
              ],
              [
                172.60836949408915,
                320.5288254734063
              ],
              [
                172.61026173547714,
                320.52829692055883
              ],
              [
                172.65956258080024,
                320.5094207248451
              ],
              [
                172.66820550018835,
                320.5065911826049
              ],
              [
                172.67341878146357,
                320.5049567970749
              ],
              [
                172.6741668811787,
                320.5046395296316
              ],
              [
                172.6951743446685,
                320.49776204962353
              ],
              [
                172.69780614073386,
                320.4966038917643
              ],
              [
                172.69840994496334,
                320.4964044858406
              ],
              [
                172.70550391707988,
                320.4932753818259
              ],
              [
                172.71921998710934,
                320.48855498629325
              ],
              [
                172.72020355430934,
                320.4881084701161
              ],
              [
                172.72685117692697,
                320.48582911419237
              ],
              [
                172.72873056835334,
                320.48496479822387
              ],
              [
                172.7317688841888,
                320.4839036046651
              ],
              [
                172.73891098044095,
                320.48061051043
              ],
              [
                172.74823124461298,
                320.47727566658506
              ],
              [
                172.75079380345437,
                320.47606366651695
              ],
              [
                172.75207594017888,
                320.4756021489553
              ],
              [
                172.75910219977993,
                320.4722578566036
              ],
              [
                172.7669753671015,
                320.46936361484546
              ],
              [
                172.76751985629764,
                320.46909862989054
              ],
              [
                172.76897789720692,
                320.46856132945993
              ],
              [
                172.77473816697275,
                320.46575073045153
              ],
              [
                172.77710727467584,
                320.46486064105943
              ],
              [
                172.78123012213817,
                320.46283693287853
              ],
              [
                172.78281855549395,
                320.462228757122
              ],
              [
                172.78344105645473,
                320.4619940089429
              ],
              [
                172.78347173870938,
                320.4619786678156
              ],
              [
                172.78441603736363,
                320.461617116891
              ],
              [
                172.78464431822724,
                320.4615043181858
              ],
              [
                172.78782037191593,
                320.4602913508525
              ],
              [
                172.83976842579756,
                320.4344082788972
              ],
              [
                172.85251509943578,
                320.42900244265104
              ],
              [
                172.8529576043186,
                320.42878881960416
              ],
              [
                172.8573396291998,
                320.4263989978897
              ],
              [
                172.8748196470546,
                320.4187066769217
              ],
              [
                172.87702179595323,
                320.4174634243418
              ],
              [
                172.87722081721571,
                320.4173749840408
              ],
              [
                172.87741364119523,
                320.41776063199984
              ],
              [
                172.88715903843882,
                320.412314640755
              ],
              [
                172.89161821595258,
                320.41029027994216
              ],
              [
                172.89242070217702,
                320.40982989338954
              ],
              [
                172.90607315418615,
                320.4035349892858
              ],
              [
                172.90711471597842,
                320.4029274614777
              ],
              [
                172.91060000470858,
                320.40132460713767
              ],
              [
                172.91787869238246,
                320.39703839947026
              ],
              [
                172.9256578535348,
                320.3933591302592
              ],
              [
                172.9287116068738,
                320.39152878094666
              ],
              [
                172.93027951113962,
                320.39078250475677
              ],
              [
                172.9372302016188,
                320.3865880398877
              ],
              [
                172.94578500332645,
                320.3824253860442
              ],
              [
                172.94643328092377,
                320.3820273599803
              ],
              [
                172.9479019298984,
                320.38131261690535
              ],
              [
                172.94831235153168,
                320.38105896238625
              ],
              [
                172.9502212326043,
                320.38012756516565
              ],
              [
                172.95641260102272,
                320.3762904216354
              ],
              [
                172.96216286938832,
                320.3734253555021
              ],
              [
                173.00686186559582,
                320.34542146725175
              ],
              [
                173.0379135719191,
                320.3280689349182
              ],
              [
                173.04763500726898,
                320.3213961318138
              ],
              [
                173.04974319974795,
                320.3202083369935
              ],
              [
                173.05374098082515,
                320.317402498915
              ],
              [
                173.07187062461801,
                320.3068277420099
              ],
              [
                173.07545940308148,
                320.3042436979122
              ],
              [
                173.08480615905788,
                320.2987396649153
              ],
              [
                173.0905193169224,
                320.2945449718517
              ],
              [
                173.09400484592203,
                320.2924558261676
              ],
              [
                173.09744242273766,
                320.2899063454445
              ],
              [
                173.09925563467448,
                320.288812144258
              ],
              [
                173.10386467666345,
                320.28536846102367
              ],
              [
                173.11236028019775,
                320.28015237512324
              ],
              [
                173.1144231293552,
                320.2785893773465
              ],
              [
                173.11588303132618,
                320.2776878331276
              ],
              [
                173.1172403687515,
                320.27665570609224
              ],
              [
                173.11906546983266,
                320.2755277315912
              ],
              [
                173.11935468701952,
                320.2753059334207
              ],
              [
                173.12163742294015,
                320.27389119199734
              ],
              [
                173.1242754056434,
                320.2718619707631
              ],
              [
                173.12722848688603,
                320.2700118675364
              ],
              [
                173.1394973980836,
                320.260546641554
              ],
              [
                173.14144834518277,
                320.2593052635382
              ],
              [
                173.14202849223662,
                320.25884591036026
              ],
              [
                173.14207395553433,
                320.2588169822882
              ],
              [
                173.1547841059236,
                320.2487532442507
              ],
              [
                173.16541372435125,
                320.2405527007058
              ],
              [
                173.18944418501067,
                320.2240581680861
              ],
              [
                173.2041252999431,
                320.21185543647215
              ],
              [
                173.21154579714005,
                320.2066473689981
              ],
              [
                173.2143164535605,
                320.2042618390802
              ],
              [
                173.22763425548268,
                320.1946725630071
              ],
              [
                173.2332280158187,
                320.18976593308327
              ],
              [
                173.24776591918874,
                320.17909196889883
              ],
              [
                173.255727795886,
                320.1719026955067
              ],
              [
                173.2573588684054,
                320.17068402639876
              ],
              [
                173.2586051250491,
                320.16954516848176
              ],
              [
                173.25933241238747,
                320.1689974449397
              ],
              [
                173.26066600530297,
                320.1677827829123
              ],
              [
                173.2681564881302,
                320.16210732769866
              ],
              [
                173.26943085852315,
                320.1609291991233
              ],
              [
                173.2701086519907,
                320.16041380114694
              ],
              [
                173.27419137038876,
                320.1566328658485
              ],
              [
                173.28145153544818,
                320.151031789938
              ],
              [
                173.29762345190923,
                320.1358284183018
              ],
              [
                173.29780591101544,
                320.13568423907054
              ],
              [
                173.2988311231403,
                320.13469861846306
              ],
              [
                173.3035578820498,
                320.1309560299039
              ],
              [
                173.30945855915937,
                320.1252028075281
              ],
              [
                173.3117293866442,
                320.1234502291642
              ],
              [
                173.31186671574577,
                320.1233281588517
              ],
              [
                173.31878019246238,
                320.11655593857427
              ],
              [
                173.33078684845105,
                320.106576178775
              ],
              [
                173.3414854991265,
                320.09587752809955
              ],
              [
                173.34217625502478,
                320.09529881518176
              ],
              [
                173.34720773576498,
                320.0901552914611
              ],
              [
                173.34945658322073,
                320.08790644400534
              ],
              [
                173.36134758828365,
                320.07766831122115
              ],
              [
                173.3629913961566,
                320.0759425215073
              ],
              [
                173.37192942118227,
                320.068102432119
              ],
              [
                173.37894911912593,
                320.0606385031318
              ],
              [
                173.39781418449235,
                320.0436040629319
              ],
              [
                173.40533077920162,
                320.03529258607364
              ],
              [
                173.4116854971258,
                320.0294177832563
              ],
              [
                173.4161327069959,
                320.02441674660827
              ],
              [
                173.4233691706114,
                320.0176136787132
              ],
              [
                173.4264566612773,
                320.0140850983335
              ],
              [
                173.4281345643794,
                320.012501242306
              ],
              [
                173.44479722259226,
                319.99324618419314
              ],
              [
                173.451034853276,
                319.987164428531
              ],
              [
                173.4552304142007,
                319.9821326130253
              ],
              [
                173.46074793170467,
                319.97661509552137
              ],
              [
                173.47472971133922,
                319.9597936066721
              ],
              [
                173.4806365100565,
                319.95375527305134
              ],
              [
                173.48730979797904,
                319.94542397208437
              ],
              [
                173.49768515296563,
                319.9345311656877
              ],
              [
                173.49833574674088,
                319.933696672061
              ],
              [
                173.50342712381644,
                319.9282830948325
              ],
              [
                173.5097821581555,
                319.9200732105027
              ],
              [
                173.51101179495092,
                319.91875626432403
              ],
              [
                173.5121843605772,
                319.91722123920755
              ],
              [
                173.52428177043927,
                319.9039238624289
              ],
              [
                173.52499295877118,
                319.9029760950601
              ],
              [
                173.53341778225354,
                319.8936603439632
              ],
              [
                173.53824045461698,
                319.8871024891986
              ],
              [
                173.54157635068515,
                319.88335116219173
              ],
              [
                173.54517364729472,
                319.878407788528
              ],
              [
                173.5516352678581,
                319.871023038254
              ],
              [
                173.55672942493828,
                319.8639084854148
              ],
              [
                173.55725117360743,
                319.86330790306636
              ],
              [
                173.55729487235564,
                319.86324599118205
              ],
              [
                173.5600992305244,
                319.86000532700837
              ],
              [
                173.572802434347,
                319.8419251189216
              ],
              [
                173.57480408646938,
                319.83954311877
              ],
              [
                173.57539466403904,
                319.838683531731
              ],
              [
                173.57822992101578,
                319.83527243208096
              ],
              [
                173.58077481833962,
                319.83156483657444
              ],
              [
                173.58294067382812,
                319.82896728515624
              ],
              [
                173.58275436335458,
                319.8288266507092
              ],
              [
                173.59024419559339,
                319.8177691442191
              ],
              [
                173.59434245452798,
                319.81179849610373
              ],
              [
                173.6044222530233,
                319.7992143193192
              ],
              [
                173.61010976567354,
                319.7904628875902
              ],
              [
                173.6209162336162,
                319.7765023254454
              ],
              [
                173.6211298566631,
                319.77619714966414
              ],
              [
                173.62631027574213,
                319.7679552537379
              ],
              [
                173.6375983464093,
                319.75291217083804
              ],
              [
                173.63920082201363,
                319.7502944227114
              ],
              [
                173.6468301557613,
                319.74002206151476
              ],
              [
                173.64872132805243,
                319.7368709437708
              ],
              [
                173.6531911334005,
                319.73079291646775
              ],
              [
                173.65575145222064,
                319.72645273227727
              ],
              [
                173.65658836087235,
                319.7253026596987
              ],
              [
                173.6594019186429,
                319.72051501126526
              ],
              [
                173.66503319094653,
                319.7126503177104
              ],
              [
                173.67152620054543,
                319.7014136179729
              ],
              [
                173.6729527977251,
                319.6993831716206
              ],
              [
                173.6732817124195,
                319.6989171690613
              ],
              [
                173.6732878485419,
                319.6989063007011
              ],
              [
                173.67603586626697,
                319.69499510373146
              ],
              [
                173.68877810080312,
                319.6723000253375
              ],
              [
                173.6903933811126,
                319.66991532940096
              ],
              [
                173.69961861163134,
                319.65299208979616
              ],
              [
                173.70068034885554,
                319.65110103925326
              ],
              [
                173.7123202036429,
                319.6331906800555
              ],
              [
                173.71789897570713,
                319.6224027627818
              ],
              [
                173.7247845964297,
                319.61150051414717
              ],
              [
                173.72531543653292,
                319.6104409254665
              ],
              [
                173.72662405695718,
                319.60835894847213
              ],
              [
                173.7289616566293,
                319.60366426121453
              ],
              [
                173.73617046069376,
                319.591888210906
              ],
              [
                173.73809205807467,
                319.58795923726456
              ],
              [
                173.74793782058276,
                319.57155398582967
              ],
              [
                173.75123403748748,
                319.5645931998711
              ],
              [
                173.75140040144194,
                319.5643111841318
              ],
              [
                173.75427632722625,
                319.55944117887526
              ],
              [
                173.7542877691752,
                319.5594165953449
              ],
              [
                173.75591041016273,
                319.55666593761214
              ],
              [
                173.7588383790377,
                319.5503125425461
              ],
              [
                173.76248733201197,
                319.5439977222299
              ],
              [
                173.769593160378,
                319.5283610555076
              ],
              [
                173.7747656952166,
                319.5191483006078
              ],
              [
                173.79327702012125,
                319.4766409180543
              ],
              [
                173.8032728051009,
                319.45731162834585
              ],
              [
                173.80803286791777,
                319.44533197182676
              ],
              [
                173.81332793087122,
                319.4347627086248
              ],
              [
                173.81421221746058,
                319.4324524295175
              ],
              [
                173.81498444148068,
                319.43090154366206
              ],
              [
                173.8152550153429,
                319.4301888176058
              ],
              [
                173.81911970816793,
                319.4222869145367
              ],
              [
                173.8209333948808,
                319.4174748921946
              ],
              [
                173.82151273896957,
                319.4162898452515
              ],
              [
                173.82169894869793,
                319.4157889255459
              ],
              [
                173.83202729102675,
                319.39397804891496
              ],
              [
                173.8344971509824,
                319.3870832117913
              ],
              [
                173.83679771841773,
                319.38214034150246
              ],
              [
                173.83826238441057,
                319.3779705179527
              ],
              [
                173.8405260409765,
                319.37305861312336
              ],
              [
                173.84163290474686,
                319.36983464374674
              ],
              [
                173.8430733139784,
                319.36666496416296
              ],
              [
                173.8476570923442,
                319.3532434288958
              ],
              [
                173.84819500137667,
                319.35202818857493
              ],
              [
                173.85035197263346,
                319.3455802374624
              ],
              [
                173.8552848898026,
                319.3342528258216
              ],
              [
                173.8682050917244,
                319.2938964549181
              ],
              [
                173.87638858964567,
                319.27330103464897
              ],
              [
                173.87993023382904,
                319.26094614601396
              ],
              [
                173.8857069036717,
                319.2456196488035
              ],
              [
                173.88740626228648,
                319.2393826492706
              ],
              [
                173.89828701430775,
                319.20900804734333
              ],
              [
                173.89997377726905,
                319.20228157556727
              ],
              [
                173.90160848422352,
                319.1976276547491
              ],
              [
                173.90364210758318,
                319.18931646810137
              ],
              [
                173.9060267585078,
                319.1823340893888
              ],
              [
                173.90607188438514,
                319.18214280435393
              ],
              [
                173.90617343486383,
                319.1818470176074
              ],
              [
                173.90954796985056,
                319.1674079522315
              ],
              [
                173.91192051217698,
                319.15735093243666
              ],
              [
                173.91677477761004,
                319.14218858919577
              ],
              [
                173.92473880838273,
                319.10463316824496
              ],
              [
                173.9309509162684,
                319.08296247035946
              ],
              [
                173.93281663474528,
                319.0727171383264
              ],
              [
                173.93533866910622,
                319.0634607477129
              ],
              [
                173.93594011146658,
                319.0599897389504
              ],
              [
                173.9360853568102,
                319.05945806778857
              ],
              [
                173.9367025033678,
                319.05581479562034
              ],
              [
                173.9460775136552,
                319.01842913827204
              ],
              [
                173.94703749028702,
                319.0119644901231
              ],
              [
                173.94808894676362,
                319.0076673074676
              ],
              [
                173.9494102183619,
                318.99843502480263
              ],
              [
                173.95075053632127,
                318.9927535226863
              ],
              [
                173.95127664618033,
                318.988857992623
              ],
              [
                173.95218181570527,
                318.9849849250749
              ],
              [
                173.95537556274445,
                318.9602602913062
              ],
              [
                173.9556238324126,
                318.95912067699805
              ],
              [
                173.9556584945484,
                318.958827374324
              ],
              [
                173.95861016516545,
                318.9449083883613
              ],
              [
                173.9623244266978,
                318.91067922646664
              ],
              [
                173.96642499482712,
                318.88816153018547
              ],
              [
                173.96705313360096,
                318.88043209623487
              ],
              [
                173.96757272120078,
                318.8774334828503
              ],
              [
                173.96809334501984,
                318.8705016340685
              ],
              [
                173.96910022567448,
                318.8645575998344
              ],
              [
                173.96925081510244,
                318.86237613099905
              ],
              [
                173.9749375599442,
                318.82408061077854
              ],
              [
                173.97523845897996,
                318.8179621996588
              ],
              [
                173.97579469045175,
                318.8140755754542
              ],
              [
                173.97624113130453,
                318.80401085349075
              ],
              [
                173.97682043112061,
                318.79972148348486
              ],
              [
                173.97710264949535,
                318.79205840925636
              ],
              [
                173.97808107613878,
                318.7844838455443
              ],
              [
                173.9787759801107,
                318.75906823184823
              ],
              [
                173.98036569454104,
                318.74441805384413
              ],
              [
                173.98058573609725,
                318.7139094080468
              ],
              [
                173.98246312776791,
                318.69080754660763
              ],
              [
                173.98229454831062,
                318.68141963258495
              ],
              [
                173.98238128993523,
                318.68026471073375
              ],
              [
                173.9822599308112,
                318.67518922192977
              ],
              [
                173.98247639107726,
                318.6707877691454
              ],
              [
                173.98271370612906,
                318.6673499754261
              ],
              [
                173.98268786658045,
                318.6664876753712
              ],
              [
                173.98458862304688,
                318.6278381347656
              ],
              [
                173.98430838422547,
                318.622139823647
              ],
              [
                173.9844608112045,
                318.6187034554156
              ],
              [
                173.98388385996162,
                318.60792823271913
              ],
              [
                173.98398916338684,
                318.60506892929965
              ],
              [
                173.98329795194098,
                318.59368035981396
              ],
              [
                173.98360658105275,
                318.5823924717071
              ],
              [
                173.98171849988165,
                318.55685230635146
              ],
              [
                173.98182016814698,
                318.5427560549456
              ],
              [
                173.97932819945723,
                318.5162285206612
              ],
              [
                173.97890811806627,
                318.4928348756444
              ],
              [
                173.9772593965544,
                318.4788073452198
              ],
              [
                173.9768430598332,
                318.47034165101064
              ],
              [
                173.97675919081212,
                318.4677254057651
              ],
              [
                173.97668693695564,
                318.46716708467227
              ],
              [
                173.9749375599442,
                318.4315956587527
              ],
              [
                173.97416296282034,
                318.42637938817177
              ],
              [
                173.97400444927985,
                318.42341896695694
              ],
              [
                173.97227634254014,
                318.41208561733794
              ],
              [
                173.97218873588864,
                318.41064218863886
              ],
              [
                173.97113697488567,
                318.4040430764891
              ],
              [
                173.9710603845436,
                318.4028364117269
              ],
              [
                173.96973467762263,
                318.39474656282135
              ],
              [
                173.9687018715914,
                318.38077574566535
              ],
              [
                173.96417866231724,
                318.3549584904531
              ],
              [
                173.96295879774027,
                318.34197277377007
              ],
              [
                173.95854164761255,
                318.31955437807625
              ],
              [
                173.95579480998677,
                318.29618393735046
              ],
              [
                173.95280942065128,
                318.2825809536241
              ],
              [
                173.95272943834212,
                318.28204233896446
              ],
              [
                173.9519598848102,
                318.2760958332712
              ],
              [
                173.95163770692807,
                318.274690431396
              ],
              [
                173.9460775136552,
                318.2372471312592
              ],
              [
                173.9449025766051,
                318.23256171837807
              ],
              [
                173.94452558152744,
                318.2300892918077
              ],
              [
                173.94154557498328,
                318.21837640309855
              ],
              [
                173.94153107865327,
                318.2182854481124
              ],
              [
                173.94119742297826,
                318.21700799479873
              ],
              [
                173.93954167784435,
                318.21050010355856
              ],
              [
                173.93904032048937,
                318.2074406752752
              ],
              [
                173.93699291321394,
                318.1997895870937
              ],
              [
                173.93478972070503,
                318.18721436011737
              ],
              [
                173.92685375298885,
                318.1587285650887
              ],
              [
                173.92397335478285,
                318.14410965813045
              ],
              [
                173.9182335035019,
                318.1250351244384
              ],
              [
                173.91334974755844,
                318.10278219687814
              ],
              [
                173.90957216604212,
                318.091192453039
              ],
              [
                173.90878387485827,
                318.0877537753102
              ],
              [
                173.90800247313214,
                318.0854115198969
              ],
              [
                173.89828701430775,
                318.0466682221879
              ],
              [
                173.8968112048613,
                318.04254836683526
              ],
              [
                173.8963060654758,
                318.0405629210594
              ],
              [
                173.8889128868637,
                318.0201162383711
              ],
              [
                173.88785651822184,
                318.0161686263214
              ],
              [
                173.88510138568802,
                318.008860342406
              ],
              [
                173.88208468901834,
                317.99803204697065
              ],
              [
                173.87285093537946,
                317.9742208816449
              ],
              [
                173.86938055326746,
                317.9626881925072
              ],
              [
                173.86092742817365,
                317.94194880374044
              ],
              [
                173.851988954114,
                317.9145252725164
              ],
              [
                173.8478564269149,
                317.9051234585442
              ],
              [
                173.84763417553305,
                317.9044572589636
              ],
              [
                173.84614755095296,
                317.90111620142596
              ],
              [
                173.83202729102675,
                317.8616982206163
              ],
              [
                173.830353575237,
                317.85816375134306
              ],
              [
                173.8298069443962,
                317.8566519811105
              ],
              [
                173.8198276955735,
                317.8357148934269
              ],
              [
                173.81801064014644,
                317.83089495943534
              ],
              [
                173.8145903706311,
                317.82398382817235
              ],
              [
                173.81107969660053,
                317.8149308208022
              ],
              [
                173.80116379753957,
                317.79532123629343
              ],
              [
                173.79791912309565,
                317.7873605632917
              ],
              [
                173.78646134431116,
                317.7654449718371
              ],
              [
                173.7723138546561,
                317.7332583558751
              ],
              [
                173.7652987541621,
                317.72078423471385
              ],
              [
                173.74793782058276,
                317.6841222837016
              ],
              [
                173.7461705852476,
                317.68117767275913
              ],
              [
                173.74566403911027,
                317.6801149073064
              ],
              [
                173.73298051804264,
                317.6590797464728
              ],
              [
                173.7301872593049,
                317.6534355778769
              ],
              [
                173.72615321391467,
                317.6469810434772
              ],
              [
                173.72245936946973,
                317.63967613301367
              ],
              [
                173.71260945113295,
                317.62418653514686
              ],
              [
                173.71019895747085,
                317.61957592123156
              ],
              [
                173.6971873151049,
                317.5995605443617
              ],
              [
                173.69621196727408,
                317.5979353958383
              ],
              [
                173.6769397577067,
                317.5636659114034
              ],
              [
                173.66772874969246,
                317.5504759587742
              ],
              [
                173.6468301557613,
                317.5156542080165
              ],
              [
                173.64507304270973,
                317.5132883788987
              ],
              [
                173.64468186868996,
                317.5126396309386
              ],
              [
                173.6292374485362,
                317.49191433475187
              ],
              [
                173.62524714974163,
                317.4855297955751
              ],
              [
                173.620659925675,
                317.47959029336204
              ],
              [
                173.61707817967954,
                317.4739577791387
              ],
              [
                173.6080202384591,
                317.46239779478253
              ],
              [
                173.6070061719199,
                317.46083788993866
              ],
              [
                173.5932806142444,
                317.4435535173702
              ],
              [
                173.58960527852892,
                317.43860493637516
              ],
              [
                173.56555852320517,
                317.40417053320056
              ],
              [
                173.55385116368092,
                317.39046453589816
              ],
              [
                173.52968009301574,
                317.3579198895902
              ],
              [
                173.5280337891421,
                317.3561063345003
              ],
              [
                173.52782595817575,
                317.3558274403565
              ],
              [
                173.509626931918,
                317.33582563252105
              ],
              [
                173.50421884988987,
                317.3288232897735
              ],
              [
                173.49914941926448,
                317.32345397343255
              ],
              [
                173.4959522065491,
                317.3193736059325
              ],
              [
                173.47086657000148,
                317.2931313862469
              ],
              [
                173.46823756559286,
                317.29023529616103
              ],
              [
                173.43920868567807,
                317.25625071159436
              ],
              [
                173.42472548221534,
                317.2423027355032
              ],
              [
                173.39761825499411,
                317.21244163228334
              ],
              [
                173.3751154796169,
                317.19208271930313
              ],
              [
                173.3682885816663,
                317.18485197142775
              ],
              [
                173.36281884596593,
                317.1801020794046
              ],
              [
                173.36024933968517,
                317.1774141050263
              ],
              [
                173.33359812780563,
                317.1545207680093
              ],
              [
                173.33321696018584,
                317.154175914618
              ],
              [
                173.29908565847143,
                317.12130593654325
              ],
              [
                173.28157457283496,
                317.1074535502633
              ],
              [
                173.25191917882862,
                317.08062345593726
              ],
              [
                173.22717802511417,
                317.0623122467193
              ],
              [
                173.21878862407928,
                317.0550269314431
              ],
              [
                173.2130113065682,
                317.0509369328401
              ],
              [
                173.21127801825838,
                317.0494480416931
              ],
              [
                173.1846410002406,
                317.03077290812905
              ],
              [
                173.14651516499003,
                317.0006129392899
              ],
              [
                173.12576424780138,
                316.9872547568629
              ],
              [
                173.09398901549733,
                316.96373754608993
              ],
              [
                173.0668345963387,
                316.94745248015414
              ],
              [
                173.05718425530307,
                316.94062061029786
              ],
              [
                173.0512020853027,
                316.93721928446735
              ],
              [
                173.05047461510858,
                316.93670925729276
              ],
              [
                173.04486641427155,
                316.9335484437341
              ],
              [
                173.04401576961965,
                316.93295606524856
              ],
              [
                173.02358411155134,
                316.9214773799866
              ],
              [
                172.98294069584446,
                316.89531361302954
              ],
              [
                172.96183271536074,
                316.88446758168203
              ],
              [
                172.93202931745233,
                316.86656956599273
              ],
              [
                172.93172045685182,
                316.8664217404594
              ],
              [
                172.93002364939773,
                316.86540412998835
              ],
              [
                172.898388133859,
                316.8503327465929
              ],
              [
                172.8850593912012,
                316.842754326607
              ],
              [
                172.8774236653194,
                316.83936315536357
              ],
              [
                172.87593353865617,
                316.8385259890939
              ],
              [
                172.8514999595478,
                316.8277746863514
              ],
              [
                172.80990985178596,
                316.80640420929996
              ],
              [
                172.7983670412597,
                316.80182932229894
              ],
              [
                172.79791322020935,
                316.8015993600634
              ],
              [
                172.79124582962143,
                316.7990068954315
              ],
              [
                172.78904002154343,
                316.7981326436468
              ],
              [
                172.76178314117124,
                316.78508707269293
              ],
              [
                172.76026110897286,
                316.78452805481305
              ],
              [
                172.75746872543547,
                316.78319774354225
              ],
              [
                172.7278568871768,
                316.7724224194224
              ],
              [
                172.72626485868363,
                316.771693963934
              ],
              [
                172.7208476168433,
                316.76982475112743
              ],
              [
                172.70410106105902,
                316.76238728685996
              ],
              [
                172.6992877128097,
                316.7607980089462
              ],
              [
                172.69603181029427,
                316.75936534148934
              ],
              [
                172.6684851482536,
                316.75035182618745
              ],
              [
                172.62905970164115,
                316.73472591230745
              ],
              [
                172.61702198534593,
                316.73126387837505
              ],
              [
                172.6149842185571,
                316.7304715386646
              ],
              [
                172.60701381625125,
                316.728242795693
              ],
              [
                172.5846140753408,
                316.72001573210855
              ],
              [
                172.58179996509793,
                316.7192743959329
              ],
              [
                172.5778544584609,
                316.7178386825382
              ],
              [
                172.57082711197538,
                316.7160189336645
              ],
              [
                172.56773923524938,
                316.714906381508
              ],
              [
                172.56193360626187,
                316.71344241856616
              ],
              [
                172.56192311427455,
                316.7134386644731
              ],
              [
                172.56126166235663,
                316.71327297939285
              ],
              [
                172.55311298923405,
                316.71121818817176
              ],
              [
                172.55266813925385,
                316.7110621432244
              ],
              [
                172.55201443483756,
                316.7109014924337
              ],
              [
                172.55067861514829,
                316.710433530425
              ],
              [
                172.54390585759302,
                316.7087712090936
              ],
              [
                172.54319342667165,
                316.70852538565777
              ],
              [
                172.53507813094296,
                316.7065790644258
              ],
              [
                172.51608287268144,
                316.70030718405116
              ],
              [
                172.51437406636802,
                316.69992529564394
              ],
              [
                172.50929459770612,
                316.6982632478633
              ],
              [
                172.4787744757837,
                316.6915040470719
              ],
              [
                172.44210129377655,
                316.68095688036647
              ],
              [
                172.4297440807337,
                316.678673318276
              ],
              [
                172.42596432439603,
                316.6776163947923
              ],
              [
                172.4190182376855,
                316.67639193119294
              ],
              [
                172.40209995033408,
                316.6719350558892
              ],
              [
                172.39794816155157,
                316.67125149890603
              ],
              [
                172.39282131459802,
                316.6699238891193
              ],
              [
                172.38342158074627,
                316.668428348499
              ],
              [
                172.37620475603268,
                316.6666085346664
              ],
              [
                172.3731400246617,
                316.6661509622204
              ],
              [
                172.37153440379788,
                316.665748775131
              ],
              [
                172.36416944302673,
                316.66465628640185
              ],
              [
                172.36375339804584,
                316.66455417135626
              ],
              [
                172.34988419057655,
                316.6625372693724
              ],
              [
                172.3441160670226,
                316.6616816490688
              ],
              [
                172.31746307835772,
                316.65577889079884
              ],
              [
                172.28422822479575,
                316.6517825872494
              ],
              [
                172.25080346763252,
                316.64560582974957
              ],
              [
                172.23830392034614,
                316.6445354179232
              ],
              [
                172.23267390263567,
                316.64354295237564
              ],
              [
                172.22703160487708,
                316.6431115303353
              ],
              [
                172.21586619849506,
                316.64127324040726
              ],
              [
                172.2103656459044,
                316.640894358259
              ],
              [
                172.20405925205253,
                316.6398909821718
              ],
              [
                172.19382462273714,
                316.6392537971959
              ],
              [
                172.19045893950477,
                316.63873592435937
              ],
              [
                172.18896537456376,
                316.63865320305877
              ],
              [
                172.1808401223814,
                316.6374400815596
              ],
              [
                172.18061898449906,
                316.63742914787304
              ],
              [
                172.17738804042474,
                316.6369498825931
              ],
              [
                172.14946558288977,
                316.63557814021664
              ],
              [
                172.12238863034742,
                316.632322289507
              ],
              [
                172.08679527041187,
                316.6315608159657
              ],
              [
                172.05697611848805,
                316.6290072216522
              ],
              [
                172.04450743846914,
                316.62915534587785
              ],
              [
                172.03697444570085,
                316.6285793572914
              ],
              [
                172.0328785198208,
                316.62866891317606
              ],
              [
                172.02757137838063,
                316.6283033533315
              ],
              [
                172.02074642820963,
                316.6284783385251
              ],
              [
                172.01329228626216,
                316.62801426043194
              ],
              [
                172.0030556655916,
                316.6283565681463
              ],
              [
                171.99614837808738,
                316.6279740070737
              ],
              [
                171.99535705035154,
                316.62800727349037
              ],
              [
                171.98135375976562,
                316.6273193359375
              ],
              [
                171.95340477148173,
                316.62870710011043
              ],
              [
                171.9259539294827,
                316.628119825127
              ],
              [
                171.88844841179008,
                316.63100928089284
              ],
              [
                171.86245307379016,
                316.6313180978089
              ],
              [
                171.85017940086288,
                316.6326635609557
              ],
              [
                171.8407506463421,
                316.63286971714035
              ],
              [
                171.83026323178257,
                316.63413466474407
              ],
              [
                171.82226274399324,
                316.634402197241
              ],
              [
                171.81221025539327,
                316.635706533
              ],
              [
                171.80171175345936,
                316.63614787673674
              ],
              [
                171.80084331326893,
                316.63626968917805
              ],
              [
                171.79474132096533,
                316.636552809495
              ],
              [
                171.79438179793686,
                316.6366031421109
              ],
              [
                171.78313704554296,
                316.6371614830551
              ],
              [
                171.7562514421769,
                316.64119384358065
              ],
              [
                171.73005477945708,
                316.6432120559077
              ],
              [
                171.69606880461234,
                316.6492269683359
              ],
              [
                171.67296557896537,
                316.6517066034105
              ],
              [
                171.66170316786213,
                316.65401516980177
              ],
              [
                171.66126685747614,
                316.65406445076223
              ],
              [
                171.65620194152248,
                316.6551292016491
              ],
              [
                171.64589224701402,
                316.65637271341166
              ],
              [
                171.63595625194637,
                316.65857593464926
              ],
              [
                171.63271535019473,
                316.6589964498286
              ],
              [
                171.63000645569664,
                316.6596154120176
              ],
              [
                171.61113924292908,
                316.6622567898951
              ],
              [
                171.60299280426702,
                316.6641799031939
              ],
              [
                171.5869165352123,
                316.66659105654804
              ],
              [
                171.5613279252941,
                316.67307370491756
              ],
              [
                171.5365818153293,
                316.67745332577755
              ],
              [
                171.51924120426068,
                316.6823169068694
              ],
              [
                171.51850087987407,
                316.6824547929196
              ],
              [
                171.51028328895057,
                316.68482936432275
              ],
              [
                171.50731858007003,
                316.68566088646446
              ],
              [
                171.48639687662774,
                316.6899494123381
              ],
              [
                171.4772977470503,
                316.69273859171074
              ],
              [
                171.47592666076707,
                316.69302682262105
              ],
              [
                171.46439812915702,
                316.69661746919553
              ],
              [
                171.4542758406226,
                316.6988619994032
              ],
              [
                171.44961923508643,
                316.7003864914723
              ],
              [
                171.43070607830072,
                316.7048512821428
              ],
              [
                171.41587047046343,
                316.7098427289968
              ],
              [
                171.4004181943192,
                316.7137133226762
              ],
              [
                171.39921738780149,
                316.71414297811845
              ],
              [
                171.3945776835366,
                316.7153184062243
              ],
              [
                171.37051058777547,
                316.7240318966846
              ],
              [
                171.3474022568848,
                316.73051317008026
              ],
              [
                171.3336979307896,
                316.73585582032496
              ],
              [
                171.33189443147458,
                316.73637696307094
              ],
              [
                171.32165796881065,
                316.7404472494823
              ],
              [
                171.30431154021377,
                316.74576449443634
              ],
              [
                171.2973715293847,
                316.7486391410448
              ],
              [
                171.29510288992122,
                316.749345725612
              ],
              [
                171.28140068631322,
                316.7550851476707
              ],
              [
                171.25499221788763,
                316.7639702886159
              ],
              [
                171.23420816613572,
                316.7731842217001
              ],
              [
                171.21562068409796,
                316.77983492911807
              ],
              [
                171.21504341360856,
                316.7801079577257
              ],
              [
                171.21371848428817,
                316.7805825722545
              ],
              [
                171.2117820464872,
                316.7814995547695
              ],
              [
                171.2080135177905,
                316.78286395033984
              ],
              [
                171.18566244072713,
                316.7935676583034
              ],
              [
                171.16434188797984,
                316.80187950491023
              ]
            ],
            [
              [
                170.70971379788364,
                317.0830684487433
              ],
              [
                170.73199877739913,
                317.06654078151195
              ],
              [
                170.73194761759473,
                317.06658471705725
              ],
              [
                170.7099401532621,
                317.0829297702655
              ],
              [
                170.70238113093836,
                317.08979167801857
              ],
              [
                170.70187869015223,
                317.0901697764546
              ],
              [
                170.70971379788364,
                317.0830684487433
              ]
            ],
            [
              [
                169.9935863556539,
                318.39627746690826
              ],
              [
                169.99343379828454,
                318.3983688139023
              ],
              [
                169.99192317960706,
                318.40767766563164
              ],
              [
                169.99140313040894,
                318.4161552097631
              ],
              [
                169.98899318522814,
                318.43228547402845
              ],
              [
                169.98895929540978,
                318.43296090035756
              ],
              [
                169.98890911110874,
                318.4332992154346
              ],
              [
                169.98846323532368,
                318.4423752255425
              ],
              [
                169.9871812345437,
                318.45238622116466
              ],
              [
                169.98813091286655,
                318.4330550748096
              ],
              [
                169.9935863556539,
                318.39627746690826
              ]
            ],
            [
              [
                170.02369055123071,
                318.211918301153
              ],
              [
                170.02214640424322,
                318.22143376363806
              ],
              [
                170.0203089333192,
                318.2287693587629
              ],
              [
                170.0195700359133,
                318.23165971708437
              ],
              [
                170.01954700529782,
                318.23181114593143
              ],
              [
                170.01770800364667,
                318.23915285206147
              ],
              [
                170.01604676140386,
                318.25035203757534
              ],
              [
                170.0137013091974,
                318.2606734649576
              ],
              [
                170.0169298054045,
                318.23890871143647
              ],
              [
                170.02369055123071,
                318.211918301153
              ]
            ],
            [
              [
                170.026542820865,
                318.20090327251285
              ],
              [
                170.02499609982223,
                318.20670625901505
              ],
              [
                170.02675536565792,
                318.19968287610385
              ],
              [
                170.026542820865,
                318.20090327251285
              ]
            ],
            [
              [
                170.0745743760821,
                318.020698530417
              ],
              [
                170.07204658740997,
                318.0301822854958
              ],
              [
                170.07123052820057,
                318.03246301819735
              ],
              [
                170.0687631118374,
                318.03923027394467
              ],
              [
                170.06864787286247,
                318.0396810563233
              ],
              [
                170.0653978929887,
                318.0487641415848
              ],
              [
                170.06208052408368,
                318.0620078206269
              ],
              [
                170.05862543043892,
                318.07245044549484
              ],
              [
                170.0646196947465,
                318.0485200009598
              ],
              [
                170.0745743760821,
                318.020698530417
              ]
            ],
            [
              [
                170.14405786383224,
                317.83556698461484
              ],
              [
                170.14061577030063,
                317.84470917471043
              ],
              [
                170.1367999981682,
                317.8526290108076
              ],
              [
                170.1365247525454,
                317.8533839127976
              ],
              [
                170.13151949943054,
                317.86396663136355
              ],
              [
                170.13137809620324,
                317.86436182690926
              ],
              [
                170.1313113262666,
                317.86450335682883
              ],
              [
                170.12609525366204,
                317.8791240246382
              ],
              [
                170.12152600784032,
                317.8894775102899
              ],
              [
                170.13074130118835,
                317.86372249073855
              ],
              [
                170.14405786383224,
                317.83556698461484
              ]
            ],
            [
              [
                170.20103629936523,
                317.71509620446943
              ],
              [
                170.21465783751424,
                317.68629588181676
              ],
              [
                170.23142251289073,
                317.65832571073673
              ],
              [
                170.22763598787475,
                317.665974123988
              ],
              [
                170.22341728112443,
                317.67302895565524
              ],
              [
                170.22300969728474,
                317.6736962382807
              ],
              [
                170.22297421554796,
                317.6737698824947
              ],
              [
                170.21501436044176,
                317.68708093756277
              ],
              [
                170.20549950575972,
                317.70724924511927
              ],
              [
                170.2053324156507,
                317.707545196761
              ],
              [
                170.20103629936523,
                317.71509620446943
              ]
            ],
            [
              [
                170.33577624338523,
                317.49069197998483
              ],
              [
                170.3342073728618,
                317.493198229207
              ],
              [
                170.3319841543481,
                317.496696654747
              ],
              [
                170.3157578097618,
                317.5186208477839
              ],
              [
                170.31569677460556,
                317.51871240051827
              ],
              [
                170.30775697744184,
                317.5319899132199
              ],
              [
                170.3041247375445,
                317.53702937688024
              ],
              [
                170.31556114160585,
                317.51794888942953
              ],
              [
                170.33577624338523,
                317.49069197998483
              ]
            ],
            [
              [
                170.45404831832124,
                317.3365052186456
              ],
              [
                170.45097311993757,
                317.3404311362739
              ],
              [
                170.43264371960916,
                317.3606906844526
              ],
              [
                170.4275681973182,
                317.3675484662455
              ],
              [
                170.42491370504757,
                317.37050402608867
              ],
              [
                170.43247945948545,
                317.36030278714145
              ],
              [
                170.45404831832124,
                317.3365052186456
              ]
            ],
            [
              [
                170.56428680383783,
                317.21487579309564
              ],
              [
                170.58648094535556,
                317.1947601957622
              ],
              [
                170.58472458735525,
                317.1965976000065
              ],
              [
                170.56446189595525,
                317.2149916082871
              ],
              [
                170.5568969870377,
                317.22335312770053
              ],
              [
                170.55680164144232,
                317.22344082801783
              ],
              [
                170.55550869498595,
                317.224887611601
              ],
              [
                170.54953100882005,
                317.23149476833856
              ],
              [
                170.54744927482193,
                317.2334531435762
              ],
              [
                170.56428680383783,
                317.21487579309564
              ]
            ],
            [
              [
                169.9866330941867,
                318.79463483648146
              ],
              [
                169.9870862694764,
                318.7982007414685
              ],
              [
                169.98736334348484,
                318.8054239262036
              ],
              [
                169.9878369827585,
                318.80883558388444
              ],
              [
                169.9885830741383,
                318.82435382085464
              ],
              [
                169.9897700536104,
                318.8324138650074
              ],
              [
                169.9902037147649,
                318.8390973314715
              ],
              [
                169.98813091286655,
                318.8251236361279
              ],
              [
                169.9866330941867,
                318.79463483648146
              ]
            ],
            [
              [
                169.9801622767359,
                318.59526038958194
              ],
              [
                169.98023943691408,
                318.5981393462924
              ],
              [
                169.97973041357355,
                318.60643715320936
              ],
              [
                169.9799577194451,
                318.6123629068045
              ],
              [
                169.9791575882963,
                318.6283095737086
              ],
              [
                169.97958817370716,
                318.6372654826265
              ],
              [
                169.97932116791327,
                318.64579715794673
              ],
              [
                169.97850036621094,
                318.62908935546875
              ],
              [
                169.9801622767359,
                318.59526038958194
              ]
            ],
            [
              [
                170.63005646927613,
                320.10361762654753
              ],
              [
                170.6311766909202,
                320.1046350726334
              ],
              [
                170.6050188772084,
                320.0821932872324
              ],
              [
                170.60071089144054,
                320.0776927054353
              ],
              [
                170.63005646927613,
                320.10361762654753
              ]
            ]
          ]
        ]
      }
    }
  ]
}