{
  "type": "FeatureCollection",
  "features": [
    {
      "type": "Feature",
      "properties": {
        "image_id": "0022_top_20250626_t1",
        "zone_type": "parking_spot",
        "generated_at": "2025-11-03T11:20:41",
        "source": "merged_t1_polygons"
      },
      "geometry": {
        "type": "MultiPolygon",
        "coordinates": [
          [
            [
              [
                584.4783099253528,
                480.23810049657266
              ],
              [
                584.4780657847278,
                480.2381310141508
              ],
              [
                584.4547781965354,
                480.24220092896326
              ],
              [
                584.4221110867779,
                480.245578673723
              ],
              [
                584.3981608612847,
                480.25058505486385
              ],
              [
                584.3822606837161,
                480.2525761076505
              ],
              [
                584.3789730438051,
                480.25331630144257
              ],
              [
                584.3610629489838,
                480.25582368442633
              ],
              [
                584.3503802920607,
                480.25834551764046
              ],
              [
                584.3441550133117,
                480.2592565811813
              ],
              [
                584.3433354890052,
                480.2594590406922
              ],
              [
                584.3416008159647,
                480.2597148802005
              ],
              [
                584.3410376086013,
                480.2598554299324
              ],
              [
                584.3397387895615,
                480.26004809153727
              ],
              [
                584.3391313475837,
                480.2602002478318
              ],
              [
                584.339128437999,
                480.2602006794279
              ],
              [
                584.3383139072621,
                480.26040470875614
              ],
              [
                584.3368091020615,
                480.26062792552165
              ],
              [
                584.3345140551328,
                480.2612028048503
              ],
              [
                584.3330810970276,
                480.26141851294483
              ],
              [
                584.3256094469964,
                480.26331853538755
              ],
              [
                584.3179521806974,
                480.26451147290214
              ],
              [
                584.299882183415,
                480.2692717262046
              ],
              [
                584.2863873830994,
                480.27163017943906
              ],
              [
                584.2852304183879,
                480.2719508152869
              ],
              [
                584.2846613486438,
                480.27205052966667
              ],
              [
                584.2521636298088,
                480.2811032554747
              ],
              [
                584.2204943157533,
                480.28772317881015
              ],
              [
                584.2069712829732,
                480.29204153870745
              ],
              [
                584.1933096476355,
                480.29511737971814
              ],
              [
                584.1900199320551,
                480.29620146349816
              ],
              [
                584.1806297843555,
                480.29841817667403
              ],
              [
                584.1780950835638,
                480.29927097788254
              ],
              [
                584.1777000968555,
                480.2993642215959
              ],
              [
                584.1762713642694,
                480.2998449193098
              ],
              [
                584.1708871006383,
                480.3011159715355
              ],
              [
                584.1610987208118,
                480.30447975168477
              ],
              [
                584.1561270336351,
                480.3057079829234
              ],
              [
                584.1543811426866,
                480.30632375051937
              ],
              [
                584.1464203915848,
                480.3083178148637
              ],
              [
                584.1414750408157,
                480.3100872896628
              ],
              [
                584.1410775336012,
                480.3101879338028
              ],
              [
                584.1405509698304,
                480.3103784563373
              ],
              [
                584.1400903270463,
                480.31049559667764
              ],
              [
                584.1313862287666,
                480.3136593047984
              ],
              [
                584.1187730628807,
                480.316982042684
              ],
              [
                584.1077697721443,
                480.3211314378285
              ],
              [
                584.0988715033012,
                480.32359746289103
              ],
              [
                584.0969245510693,
                480.3243474235244
              ],
              [
                584.0955120301085,
                480.32474090237196
              ],
              [
                584.0624674783586,
                480.3375535801472
              ],
              [
                584.0571879083485,
                480.3391478081797
              ],
              [
                584.0492685612365,
                480.34240133005767
              ],
              [
                584.0242813435896,
                480.35038059036003
              ],
              [
                584.0203923839392,
                480.35208071658343
              ],
              [
                584.0198868123396,
                480.35224216262566
              ],
              [
                584.019659190965,
                480.35234167126106
              ],
              [
                584.0093594906479,
                480.3557358060365
              ],
              [
                584.0068047015022,
                480.35686205335696
              ],
              [
                584.0019862364423,
                480.358483228069
              ],
              [
                583.9952078270733,
                480.36148821531066
              ],
              [
                583.9833658876905,
                480.3655577019193
              ],
              [
                583.9724604214542,
                480.3705616874562
              ],
              [
                583.9616228813636,
                480.37443942130557
              ],
              [
                583.960796336335,
                480.3748303479898
              ],
              [
                583.9605242485511,
                480.37492770255557
              ],
              [
                583.9552297551683,
                480.37743181143185
              ],
              [
                583.9546077776371,
                480.3776568567961
              ],
              [
                583.9543359766093,
                480.3777869331577
              ],
              [
                583.9537489129241,
                480.3779993280682
              ],
              [
                583.9424276236227,
                480.38341689931315
              ],
              [
                583.941325670013,
                480.38382498030245
              ],
              [
                583.9406488061088,
                480.3841535774434
              ],
              [
                583.9260468585843,
                480.3896600437915
              ],
              [
                583.921613202961,
                480.39187687160313
              ],
              [
                583.9172931145715,
                480.39354095774326
              ],
              [
                583.914639187329,
                480.3948724469108
              ],
              [
                583.9124409325376,
                480.39572479711137
              ],
              [
                583.8819443432436,
                480.4111434872399
              ],
              [
                583.878636323349,
                480.4125025279471
              ],
              [
                583.8708634073988,
                480.41661226792337
              ],
              [
                583.8325015199376,
                480.4336187625314
              ],
              [
                583.8213962667204,
                480.43987764599063
              ],
              [
                583.8031473295374,
                480.4482511914906
              ],
              [
                583.7932441632321,
                480.4540452906195
              ],
              [
                583.7830976396292,
                480.4588442388814
              ],
              [
                583.7763390108709,
                480.46289520506247
              ],
              [
                583.7748879351145,
                480.4635895876617
              ],
              [
                583.7663597434305,
                480.4687656941883
              ],
              [
                583.7663508012097,
                480.4687700353685
              ],
              [
                583.7661390002589,
                480.4688996722007
              ],
              [
                583.7616149106433,
                480.4716455262637
              ],
              [
                583.7433709836334,
                480.48079859979146
              ],
              [
                583.7418398199395,
                480.4817635631139
              ],
              [
                583.7418176933201,
                480.4817746264236
              ],
              [
                583.7413437610494,
                480.4820761871897
              ],
              [
                583.7401146862708,
                480.48285076935
              ],
              [
                583.737212574809,
                480.484318040228
              ],
              [
                583.7095770049737,
                480.5018885245974
              ],
              [
                583.7079880548737,
                480.5027286432592
              ],
              [
                583.7007650796745,
                480.50749107944455
              ],
              [
                583.6975197093427,
                480.50955446113085
              ],
              [
                583.6755885570118,
                480.52178187938966
              ],
              [
                583.6732880145423,
                480.52335096006993
              ],
              [
                583.6597027931183,
                480.5310075452912
              ],
              [
                583.6594311146084,
                480.5311984077571
              ],
              [
                583.6593365821808,
                480.5312516859162
              ],
              [
                583.6496338331793,
                480.53806816397133
              ],
              [
                583.6320028368249,
                480.5483836264678
              ],
              [
                583.6239783776537,
                480.5542166542141
              ],
              [
                583.6147506472421,
                480.559747542973
              ],
              [
                583.6070609328639,
                480.56545062384225
              ],
              [
                583.6053811907036,
                480.5664701277044
              ],
              [
                583.5947617196105,
                480.57445448369447
              ],
              [
                583.5787514053638,
                480.584544434292
              ],
              [
                583.5750170706699,
                480.587440703783
              ],
              [
                583.5715158840621,
                480.58966673150496
              ],
              [
                583.5683202602587,
                480.5921701872777
              ],
              [
                583.5680395698563,
                480.5923487891962
              ],
              [
                583.563115854895,
                480.5962473250926
              ],
              [
                583.5469767348326,
                480.60889073238087
              ],
              [
                583.546832759095,
                480.6089856621354
              ],
              [
                583.5461003040953,
                480.6095773293409
              ],
              [
                583.5409522619444,
                480.6136103121428
              ],
              [
                583.5269287109375,
                480.6231750488281
              ],
              [
                583.5212181245396,
                480.62792154341884
              ],
              [
                583.5056167411691,
                480.6387806147886
              ],
              [
                583.5056088631839,
                480.6387873088787
              ],
              [
                583.5053115653878,
                480.63899423783545
              ],
              [
                583.5021541927933,
                480.6416771238774
              ],
              [
                583.4970883054455,
                480.6452360647437
              ],
              [
                583.4932411368659,
                480.64855357101555
              ],
              [
                583.4916115305274,
                480.6497037824472
              ],
              [
                583.4864566191773,
                480.654182049488
              ],
              [
                583.4716146290731,
                480.6649707815683
              ],
              [
                583.4653569890489,
                480.6705454311815
              ],
              [
                583.457104544954,
                480.67666586085267
              ],
              [
                583.4487701801836,
                480.6842196887678
              ],
              [
                583.4468948013977,
                480.685629711142
              ],
              [
                583.4387375369516,
                480.6931361724814
              ],
              [
                583.4249926194583,
                480.70379643420256
              ],
              [
                583.4209221390175,
                480.70764206388367
              ],
              [
                583.4169479170839,
                480.7107554744269
              ],
              [
                583.4094697615326,
                480.71790237926024
              ],
              [
                583.4065556433408,
                480.72020974158045
              ],
              [
                583.3855848821997,
                480.7406564547277
              ],
              [
                583.3733026355244,
                480.75086514668055
              ],
              [
                583.3715004202505,
                480.75269638821663
              ],
              [
                583.3586384416561,
                480.7636254825222
              ],
              [
                583.3527104699255,
                480.7697365551579
              ],
              [
                583.3469242201562,
                480.7747261779164
              ],
              [
                583.3432544134922,
                480.7785872379245
              ],
              [
                583.339711517966,
                480.78166508566744
              ],
              [
                583.3349929313481,
                480.7866808977534
              ],
              [
                583.3235591997442,
                480.7968666941906
              ],
              [
                583.318914877769,
                480.8019136744934
              ],
              [
                583.3116775509081,
                480.808473205205
              ],
              [
                583.3030170053339,
                480.81802864474326
              ],
              [
                583.3009865672375,
                480.8198970903691
              ],
              [
                583.2950493442063,
                480.8265617252879
              ],
              [
                583.2835500605995,
                480.83742579575653
              ],
              [
                583.2793004447568,
                480.84230574488043
              ],
              [
                583.27499846718,
                480.8464171630136
              ],
              [
                583.2640769352263,
                480.8591279837371
              ],
              [
                583.2590786721146,
                480.86400134295343
              ],
              [
                583.2456662416486,
                480.88008712428245
              ],
              [
                583.2246247206065,
                480.9017785677131
              ],
              [
                583.216520717257,
                480.91192570804606
              ],
              [
                583.210320324468,
                480.9184492366198
              ],
              [
                583.2069283567103,
                480.9228123060049
              ],
              [
                583.2018397359661,
                480.9282214607998
              ],
              [
                583.1976160776877,
                480.9337289659475
              ],
              [
                583.189291820517,
                480.9427749283508
              ],
              [
                583.1860712366961,
                480.9470584168166
              ],
              [
                583.1798702065557,
                480.9539001992508
              ],
              [
                583.1712260210428,
                480.96555553417426
              ],
              [
                583.1690906546152,
                480.96795251969814
              ],
              [
                583.1650877954872,
                480.9734592275413
              ],
              [
                583.1557625817487,
                480.98416762338184
              ],
              [
                583.1515032852691,
                480.99014472102886
              ],
              [
                583.1470357048995,
                480.99534423089494
              ],
              [
                583.1336511202419,
                481.0144289762731
              ],
              [
                583.1271728515625,
                481.02219848632814
              ],
              [
                583.1269897460937,
                481.02244262695314
              ],
              [
                583.1199158777074,
                481.0328860311709
              ],
              [
                583.1045115687208,
                481.05217399025463
              ],
              [
                583.0949254787677,
                481.0668809890562
              ],
              [
                583.0886193302388,
                481.0749925530658
              ],
              [
                583.0855889989045,
                481.0798084241806
              ],
              [
                583.0793917020026,
                481.087889486222
              ],
              [
                583.075723563135,
                481.0938246595851
              ],
              [
                583.0701322370794,
                481.10126131765674
              ],
              [
                583.0681159379355,
                481.104583387151
              ],
              [
                583.0629518886761,
                481.1115463015389
              ],
              [
                583.0546819967493,
                481.12534378265985
              ],
              [
                583.0525034995146,
                481.12834072744994
              ],
              [
                583.0501135756364,
                481.132425540826
              ],
              [
                583.0428397809635,
                481.14263290282395
              ],
              [
                583.0387498333148,
                481.1497463539424
              ],
              [
                583.0342929910115,
                481.15610125420454
              ],
              [
                583.0235515399339,
                481.17515214025957
              ],
              [
                583.0190487575593,
                481.18179975848966
              ],
              [
                583.0140813864768,
                481.190912160707
              ],
              [
                582.9994114125252,
                481.21341886473135
              ],
              [
                582.9891254844636,
                481.2331104237309
              ],
              [
                582.9830174651993,
                481.24281742613425
              ],
              [
                582.9804168449075,
                481.24803416903353
              ],
              [
                582.9736068166884,
                481.25905302615627
              ],
              [
                582.970550976868,
                481.2653321440321
              ],
              [
                582.9672516970367,
                481.27076806206765
              ],
              [
                582.9661970442462,
                481.2729720071221
              ],
              [
                582.9620485845845,
                481.27989329392614
              ],
              [
                582.954517158856,
                481.2958171557283
              ],
              [
                582.9523710645375,
                481.2994852201624
              ],
              [
                582.9512449399158,
                481.3019394466883
              ],
              [
                582.9458505517044,
                481.3113216491397
              ],
              [
                582.9421155326264,
                481.3195858936494
              ],
              [
                582.9378569888377,
                481.3271387868193
              ],
              [
                582.9295564185351,
                481.34596912997904
              ],
              [
                582.9269258441559,
                481.350794791563
              ],
              [
                582.9237069533019,
                481.3583487938911
              ],
              [
                582.910297635865,
                481.3840198236581
              ],
              [
                582.9001691006157,
                481.4090080149788
              ],
              [
                582.89952624081,
                481.41029756668195
              ],
              [
                582.8991083315716,
                481.41112875938427
              ],
              [
                582.8990959298944,
                481.41116075359946
              ],
              [
                582.894552714948,
                481.4202742656284
              ],
              [
                582.8924363102094,
                481.4258416041543
              ],
              [
                582.8855558187483,
                481.4399795889532
              ],
              [
                582.8831591465191,
                481.44649922450947
              ],
              [
                582.8816614374432,
                481.4496290398772
              ],
              [
                582.8813095865944,
                481.45060156250275
              ],
              [
                582.8781320482586,
                481.4573199028479
              ],
              [
                582.871700129051,
                481.4752959128011
              ],
              [
                582.8696775749662,
                481.4797037783155
              ],
              [
                582.8694465673777,
                481.48037599526134
              ],
              [
                582.8657129650093,
                481.48863710510597
              ],
              [
                582.8625218671525,
                481.49804104312176
              ],
              [
                582.8586571905187,
                481.50680829459515
              ],
              [
                582.8526757194653,
                481.5250428913686
              ],
              [
                582.8514742011495,
                481.52786258068613
              ],
              [
                582.849623697874,
                481.5337089873298
              ],
              [
                582.8379955649218,
                481.56239684828483
              ],
              [
                582.8298596228221,
                481.5897786362213
              ],
              [
                582.829684185149,
                481.5902312355444
              ],
              [
                582.8290573182048,
                481.5924788195095
              ],
              [
                582.8289412702954,
                481.5928693826681
              ],
              [
                582.8240946203468,
                481.60561880648527
              ],
              [
                582.8225065516839,
                481.6114916707266
              ],
              [
                582.8161299471617,
                481.62883786311187
              ],
              [
                582.8145170738242,
                481.63511184591925
              ],
              [
                582.8120104418168,
                481.6421174130692
              ],
              [
                582.8074402473923,
                481.6603626519474
              ],
              [
                582.8031855793071,
                481.67290085564605
              ],
              [
                582.8007276003129,
                481.683407447082
              ],
              [
                582.797456958164,
                481.69337804465647
              ],
              [
                582.7936144660085,
                481.7106623327422
              ],
              [
                582.7933926230332,
                481.7113632146384
              ],
              [
                582.7925241708712,
                481.71543236080726
              ],
              [
                582.7831748244649,
                481.74689790192167
              ],
              [
                582.776639379583,
                481.78041936962904
              ],
              [
                582.7761345830012,
                481.7822292795526
              ],
              [
                582.7757674943078,
                481.7843381887296
              ],
              [
                582.7723357305993,
                481.7970292535678
              ],
              [
                582.7713137387102,
                481.80317028882945
              ],
              [
                582.7660319201758,
                481.82371625354
              ],
              [
                582.7652734116173,
                481.8287020966147
              ],
              [
                582.7643205524748,
                481.83250612354584
              ],
              [
                582.7616765543203,
                481.8503305112647
              ],
              [
                582.7588602601309,
                481.8623687152048
              ],
              [
                582.7573215665641,
                481.87391495736136
              ],
              [
                582.7548461662365,
                481.88504979659064
              ],
              [
                582.7525591219347,
                481.90393132538895
              ],
              [
                582.7463431361293,
                481.935814230257
              ],
              [
                582.7427240085824,
                481.9732900451133
              ],
              [
                582.7426945637037,
                481.9734570788096
              ],
              [
                582.74264394172,
                481.97411913192354
              ],
              [
                582.7425327740567,
                481.97527026537034
              ],
              [
                582.7419858174231,
                481.97841250833426
              ],
              [
                582.7418580343955,
                481.980166330385
              ],
              [
                582.7397847960204,
                481.9926241885184
              ],
              [
                582.7393648048451,
                481.999005049962
              ],
              [
                582.7357688224972,
                482.02264223043255
              ],
              [
                582.7355900619106,
                482.0261913582685
              ],
              [
                582.7355216599368,
                482.026652486919
              ],
              [
                582.7346776095137,
                482.04383352798123
              ],
              [
                582.7331565776957,
                482.0552472376875
              ],
              [
                582.7327170828163,
                482.0677445198848
              ],
              [
                582.7312355160852,
                482.07997613467154
              ],
              [
                582.730878983,
                482.0959444638776
              ],
              [
                582.727841616158,
                482.12739618696514
              ],
              [
                582.727841616158,
                482.16555399380104
              ],
              [
                582.7277116668268,
                482.16721782822793
              ],
              [
                582.7277490788852,
                482.1689196829604
              ],
              [
                582.7277309686195,
                482.16915653574443
              ],
              [
                582.7278134390424,
                482.1729284011078
              ],
              [
                582.7275153870244,
                482.1770191650449
              ],
              [
                582.727553795651,
                482.1784478992297
              ],
              [
                582.7267617674119,
                482.1904810626626
              ],
              [
                582.7269827135412,
                482.19708238219624
              ],
              [
                582.7256469726562,
                482.2236022949219
              ],
              [
                582.7265678489744,
                482.24260141636125
              ],
              [
                582.7263178353722,
                482.2497106926843
              ],
              [
                582.7271480318618,
                482.26304552268135
              ],
              [
                582.7268525774275,
                482.27627827405604
              ],
              [
                582.727841616158,
                482.2892855693886
              ],
              [
                582.727841616158,
                482.31986943803486
              ],
              [
                582.7319582928582,
                482.362497339882
              ],
              [
                582.7320213284685,
                482.36538033510317
              ],
              [
                582.7320782734956,
                482.3658524543474
              ],
              [
                582.7321020441385,
                482.3669337683114
              ],
              [
                582.7327667059458,
                482.3723591057443
              ],
              [
                582.7328667444075,
                482.37608036272
              ],
              [
                582.7330120095418,
                482.37722271572204
              ],
              [
                582.7333946511881,
                482.3886550941932
              ],
              [
                582.733790950429,
                482.39162531783
              ],
              [
                582.7350250361226,
                482.41708643947743
              ],
              [
                582.7380066825914,
                482.43745996949644
              ],
              [
                582.7384087666503,
                482.44391834728805
              ],
              [
                582.7406666541473,
                482.45795344015323
              ],
              [
                582.7417395949327,
                482.4720641693294
              ],
              [
                582.7435132731559,
                482.48214835983094
              ],
              [
                582.7463431361293,
                482.511451394743
              ],
              [
                582.7549880858953,
                482.55579289094476
              ],
              [
                582.7555243247398,
                482.56023873443127
              ],
              [
                582.7561045248575,
                482.56285529667616
              ],
              [
                582.7563936761061,
                482.5652155091569
              ],
              [
                582.7572763171623,
                482.5691289928044
              ],
              [
                582.7595170256218,
                482.58443970839113
              ],
              [
                582.7596182511726,
                482.58519838388816
              ],
              [
                582.7596440523399,
                482.5853076793867
              ],
              [
                582.763071278447,
                482.60872584606324
              ],
              [
                582.7683773855914,
                482.63020413453
              ],
              [
                582.7693149223901,
                482.63603188992164
              ],
              [
                582.7698598631798,
                482.6381067593029
              ],
              [
                582.7700092151439,
                482.63902941058257
              ],
              [
                582.7722666943733,
                482.6475932147402
              ],
              [
                582.7723967657555,
                482.64837479916656
              ],
              [
                582.7734082989332,
                482.6521155675393
              ],
              [
                582.77575308105,
                482.6654467508624
              ],
              [
                582.777785335193,
                482.6727240670076
              ],
              [
                582.7831748244649,
                482.70036772307833
              ],
              [
                582.7966616195299,
                482.7457579874005
              ],
              [
                582.7980136107313,
                482.75185514082267
              ],
              [
                582.7995388457665,
                482.75651401577045
              ],
              [
                582.80034421889,
                482.76008490625503
              ],
              [
                582.800806168357,
                482.76147075465593
              ],
              [
                582.809522680189,
                482.79675382573987
              ],
              [
                582.8173711855396,
                482.8190067577578
              ],
              [
                582.8187437541648,
                482.82423283124564
              ],
              [
                582.8190446758614,
                482.8250466624287
              ],
              [
                582.8195743264458,
                482.8270559052238
              ],
              [
                582.8237846984567,
                482.83841340356753
              ],
              [
                582.8241556555031,
                482.8397852462491
              ],
              [
                582.8252219057588,
                482.8425900859938
              ],
              [
                582.8285651990036,
                482.8545621132089
              ],
              [
                582.830374084508,
                482.8592184269587
              ],
              [
                582.8379955649218,
                482.88486877671517
              ],
              [
                582.8565301211867,
                482.93059553054354
              ],
              [
                582.859079991392,
                482.9383841835356
              ],
              [
                582.8610516551462,
                482.9428645890944
              ],
              [
                582.8625725835378,
                482.9473851014483
              ],
              [
                582.8629494833519,
                482.9482352818404
              ],
              [
                582.8739436171552,
                482.97940704018055
              ],
              [
                582.8810076789088,
                482.9945710127795
              ],
              [
                582.8815814118078,
                482.99615692832134
              ],
              [
                582.8846040487293,
                483.0024738875839
              ],
              [
                582.8871644056256,
                483.00938046237917
              ],
              [
                582.8938852224123,
                483.02321334824524
              ],
              [
                582.8946137501042,
                483.025129787106
              ],
              [
                582.8955815015333,
                483.0270710587373
              ],
              [
                582.8996669226265,
                483.0375874802378
              ],
              [
                582.9008221501563,
                483.0398687538303
              ],
              [
                582.910297635865,
                483.0632458013419
              ],
              [
                582.9339713028819,
                483.1085670798889
              ],
              [
                582.9381353640939,
                483.11802948592174
              ],
              [
                582.9403662872141,
                483.12199236628106
              ],
              [
                582.9557299457099,
                483.1549725559478
              ],
              [
                582.9655067658075,
                483.17155114736585
              ],
              [
                582.9671614297778,
                483.1750092024232
              ],
              [
                582.9695431800288,
                483.178933690843
              ],
              [
                582.972140546258,
                483.1842796289544
              ],
              [
                582.9799700744064,
                483.1970633014725
              ],
              [
                582.9802983933173,
                483.1977252594737
              ],
              [
                582.9818172839477,
                483.20016425550585
              ],
              [
                582.9829924590321,
                483.2024140310603
              ],
              [
                582.9830785003555,
                483.2025866266001
              ],
              [
                582.9831027213478,
                483.202625119149
              ],
              [
                582.987639353029,
                483.211310125487
              ],
              [
                582.9883729425757,
                483.212758773842
              ],
              [
                582.9885016523955,
                483.21296092634327
              ],
              [
                582.9994114125252,
                483.23384676026865
              ],
              [
                583.0281969955726,
                483.27800966062216
              ],
              [
                583.0344183823817,
                483.28906096551486
              ],
              [
                583.0368694346547,
                483.2925610992217
              ],
              [
                583.0541146684734,
                483.32180390849237
              ],
              [
                583.0627896868169,
                483.33370920405497
              ],
              [
                583.0629518886761,
                483.33397982150797
              ],
              [
                583.0649508115243,
                483.3366750569639
              ],
              [
                583.0668939090336,
                483.3393416968762
              ],
              [
                583.0700298753691,
                483.34450893200636
              ],
              [
                583.071352950656,
                483.34626881444717
              ],
              [
                583.0736994972896,
                483.3501001415902
              ],
              [
                583.0822014294237,
                483.36135856903087
              ],
              [
                583.0823404974558,
                483.36158188094794
              ],
              [
                583.0844694238835,
                483.36436189235303
              ],
              [
                583.0845597038614,
                483.36448144289324
              ],
              [
                583.1045115687208,
                483.39509163474537
              ],
              [
                583.1153599002965,
                483.40867498832154
              ],
              [
                583.1159565713318,
                483.40957344567147
              ],
              [
                583.1225250237719,
                483.41764654352363
              ],
              [
                583.1382624130995,
                483.4373515573415
              ],
              [
                583.1470017881556,
                483.4498314956713
              ],
              [
                583.1496737660691,
                483.4529459136756
              ],
              [
                583.1681751272714,
                483.47833654280186
              ],
              [
                583.1792835465394,
                483.4908349043338
              ],
              [
                583.1798702065557,
                483.49162592379605
              ],
              [
                583.1840914033079,
                483.4962832967061
              ],
              [
                583.190881255904,
                483.50527455440846
              ],
              [
                583.2031727143974,
                483.5186266886467
              ],
              [
                583.2246247206065,
                483.5454870572869
              ],
              [
                583.2364959353686,
                483.5577249455531
              ],
              [
                583.2380481819291,
                483.5596327675992
              ],
              [
                583.2537915523156,
                483.5755547828475
              ],
              [
                583.2630769042735,
                483.5851269371762
              ],
              [
                583.2748013416738,
                483.59879276829935
              ],
              [
                583.2777098533809,
                483.6015768143638
              ],
              [
                583.2968416558823,
                483.6231024858973
              ],
              [
                583.3105279302998,
                483.63578450696394
              ],
              [
                583.3116775509081,
                483.63705291784186
              ],
              [
                583.3147790612771,
                483.63986396298446
              ],
              [
                583.3225781421065,
                483.6483360555539
              ],
              [
                583.3362362138301,
                483.6605459632769
              ],
              [
                583.3586384416561,
                483.6836401424778
              ],
              [
                583.3713142333005,
                483.6944110298077
              ],
              [
                583.3740663925759,
                483.69719441868006
              ],
              [
                583.3999705523627,
                483.7187609081085
              ],
              [
                583.4012290534531,
                483.71983028301065
              ],
              [
                583.4018862123253,
                483.7204392217478
              ],
              [
                583.4165862633735,
                483.73451020491325
              ],
              [
                583.4197547188971,
                483.7369965966669
              ],
              [
                583.438907611435,
                483.7547441135764
              ],
              [
                583.4552496207071,
                483.7671790568544
              ],
              [
                583.457104544954,
                483.7688602621942
              ],
              [
                583.4588221514169,
                483.7701341259658
              ],
              [
                583.4675452692535,
                483.77793233247655
              ],
              [
                583.4824901090117,
                483.7888795146703
              ],
              [
                583.5053115653878,
                483.80827138716455
              ],
              [
                583.5185619253222,
                483.8174940695886
              ],
              [
                583.5227386114025,
                483.8209713665532
              ],
              [
                583.5530512094306,
                483.8415987576793
              ],
              [
                583.5709910869512,
                483.85567677240766
              ],
              [
                583.5744439586155,
                483.85787627812306
              ],
              [
                583.5930406903817,
                483.8720268823001
              ],
              [
                583.611983539037,
                483.8837342066128
              ],
              [
                583.6128423789726,
                483.8843633118693
              ],
              [
                583.6147506472421,
                483.88577858007386
              ],
              [
                583.6148817275728,
                483.88585714660053
              ],
              [
                583.6244123115491,
                483.8928383548899
              ],
              [
                583.6307885624498,
                483.8966168073936
              ],
              [
                583.6318389583796,
                483.8973804402281
              ],
              [
                583.6412360693575,
                483.90287927253326
              ],
              [
                583.6632856804122,
                483.91822652055816
              ],
              [
                583.6768767076501,
                483.9258606537004
              ],
              [
                583.6826738551279,
                483.9298055490977
              ],
              [
                583.7159494613181,
                483.9480163679431
              ],
              [
                583.7365288095494,
                483.96112557050117
              ],
              [
                583.7402854838593,
                483.96302916933575
              ],
              [
                583.7577954229258,
                483.9738509068198
              ],
              [
                583.7744609544518,
                483.982039358126
              ],
              [
                583.775498286677,
                483.9826689572602
              ],
              [
                583.7781264553573,
                483.9839266135828
              ],
              [
                583.7916964572776,
                483.991967954573
              ],
              [
                583.8006120981809,
                483.9961400691778
              ],
              [
                583.8029663998301,
                483.99751771705223
              ],
              [
                583.8110622691847,
                484.0012332082978
              ],
              [
                583.8310977113439,
                484.01248719449984
              ],
              [
                583.8443000440643,
                484.01825909162864
              ],
              [
                583.8523757631554,
                484.0226787093081
              ],
              [
                583.8883555620355,
                484.038059902639
              ],
              [
                583.9116052124078,
                484.04984106962405
              ],
              [
                583.9118849494171,
                484.04994983905834
              ],
              [
                583.9119714233453,
                484.0499936575147
              ],
              [
                583.9157741673238,
                484.0514722688452
              ],
              [
                583.9316267287293,
                484.05926127497116
              ],
              [
                583.950000242669,
                484.06617329619337
              ],
              [
                583.9543592644866,
                484.0682592168537
              ],
              [
                583.9559837892002,
                484.06884695680384
              ],
              [
                583.9678164253263,
                484.07438409255553
              ],
              [
                583.9793766440921,
                484.0784788454343
              ],
              [
                583.9831679618957,
                484.080218820166
              ],
              [
                583.9965266253542,
                484.08481067657027
              ],
              [
                584.0198868123396,
                484.09502346237434
              ],
              [
                584.0266782653467,
                484.09719220209325
              ],
              [
                584.0302565975827,
                484.0987219221483
              ],
              [
                584.0684840190737,
                484.11085005455993
              ],
              [
                584.0949004249975,
                484.1211214789135
              ],
              [
                584.0994307426124,
                484.12238827990495
              ],
              [
                584.1129044067739,
                484.12745700290094
              ],
              [
                584.1326741142822,
                484.1327784456481
              ],
              [
                584.1335121126634,
                484.1330752736194
              ],
              [
                584.1408164090257,
                484.13571790918155
              ],
              [
                584.1413644517835,
                484.13585665595036
              ],
              [
                584.1511074125079,
                484.13930771663377
              ],
              [
                584.1653441299007,
                484.14283936647644
              ],
              [
                584.1706726202266,
                484.1446709615685
              ],
              [
                584.187432869831,
                484.148628987331
              ],
              [
                584.2071935685789,
                484.1550171682191
              ],
              [
                584.20875974205,
                484.1553542998382
              ],
              [
                584.2146520981422,
                484.15722372424915
              ],
              [
                584.2147007690443,
                484.1572341211616
              ],
              [
                584.2160997845033,
                484.1576808739242
              ],
              [
                584.2210465987212,
                484.15871492003015
              ],
              [
                584.2233638017519,
                484.1594451158144
              ],
              [
                584.2547288032735,
                484.165973894914
              ],
              [
                584.256565699611,
                484.16651613929986
              ],
              [
                584.258733274312,
                484.1669336346125
              ],
              [
                584.2839203191586,
                484.1739766227858
              ],
              [
                584.2891630766734,
                484.17490082169155
              ],
              [
                584.2999284234897,
                484.17779854674455
              ],
              [
                584.319347694399,
                484.1810533079959
              ],
              [
                584.3404033237554,
                484.1862971183923
              ],
              [
                584.3578120798082,
                484.1888649813283
              ],
              [
                584.3636375755049,
                484.1902407043987
              ],
              [
                584.3784052496687,
                484.1922124061092
              ],
              [
                584.3922453964282,
                484.1952813393227
              ],
              [
                584.3935436556164,
                484.195437929857
              ],
              [
                584.4038370530868,
                484.1976367703886
              ],
              [
                584.4104906475662,
                484.19839648774666
              ],
              [
                584.4191735223152,
                484.20020387076704
              ],
              [
                584.4463784474767,
                484.20307586316125
              ],
              [
                584.4465274047129,
                484.20310455372856
              ],
              [
                584.4469546508067,
                484.2031655888848
              ],
              [
                584.4490368125006,
                484.2033565036734
              ],
              [
                584.4528970885087,
                484.203764028534
              ],
              [
                584.477210740919,
                484.2080500652025
              ],
              [
                584.4831154142046,
                484.2085015490315
              ],
              [
                584.4909448557784,
                484.2098138003088
              ],
              [
                584.5077097045397,
                484.2109754959206
              ],
              [
                584.5335005418569,
                484.21477975023
              ],
              [
                584.5554689367456,
                484.2158530126662
              ],
              [
                584.5601663645112,
                484.21648018836476
              ],
              [
                584.5605325754487,
                484.2165107059429
              ],
              [
                584.5713480565125,
                484.2168839449413
              ],
              [
                584.5871037957562,
                484.218784335594
              ],
              [
                584.5895074163841,
                484.21883688985844
              ],
              [
                584.5960414403407,
                484.2195829544755
              ],
              [
                584.603781018888,
                484.21971395745624
              ],
              [
                584.6038707879977,
                484.2197239968566
              ],
              [
                584.6041011629737,
                484.2197264672929
              ],
              [
                584.6180750432932,
                484.2212016736299
              ],
              [
                584.6451780671341,
                484.22134082557346
              ],
              [
                584.6478744015657,
                484.2215880542682
              ],
              [
                584.6535599791606,
                484.2215341015702
              ],
              [
                584.6729101978538,
                484.2230136602867
              ],
              [
                584.6793916629206,
                484.2228719454816
              ],
              [
                584.6841623394149,
                484.2232025225138
              ],
              [
                584.6980371061597,
                484.2228181578941
              ],
              [
                584.7284545898438,
                484.22430419921875
              ],
              [
                584.7521576238875,
                484.22312362872685
              ],
              [
                584.7549210164204,
                484.22321899257196
              ],
              [
                584.7639531232674,
                484.22265107987556
              ],
              [
                584.783327595115,
                484.22307469544296
              ],
              [
                584.7867719806032,
                484.2228113304313
              ],
              [
                584.7894669878979,
                484.2228569471256
              ],
              [
                584.7929885999672,
                484.22257518401824
              ],
              [
                584.7932984241423,
                484.2225799554943
              ],
              [
                584.7988291034102,
                484.22212969844804
              ],
              [
                584.818079214085,
                484.22222853208115
              ],
              [
                584.8443968168991,
                484.2197231752231
              ],
              [
                584.8496278850397,
                484.21967353554544
              ],
              [
                584.8555126527777,
                484.21902112603
              ],
              [
                584.8691339972125,
                484.2187233004378
              ],
              [
                584.8760753088421,
                484.21788606877664
              ],
              [
                584.8777688685748,
                484.21783915307316
              ],
              [
                584.8902518350279,
                484.2162760104582
              ],
              [
                584.9149296995424,
                484.2151317608175
              ],
              [
                584.9162078238621,
                484.2149528255744
              ],
              [
                584.9273102371922,
                484.2143998507298
              ],
              [
                584.9588555161324,
                484.2096534587302
              ],
              [
                584.9790270520498,
                484.20811110035874
              ],
              [
                584.9938797815395,
                484.2054928453082
              ],
              [
                585.0171858568413,
                484.2032741768374
              ],
              [
                585.0423221593875,
                484.19831065705193
              ],
              [
                585.0501618492951,
                484.1974415168375
              ],
              [
                585.0560498407954,
                484.19617830165953
              ],
              [
                585.0639923965406,
                484.19522030416647
              ],
              [
                585.0669062457089,
                484.19457418323674
              ],
              [
                585.0684727300712,
                484.1943837164629
              ],
              [
                585.0737579566959,
                484.19320663839886
              ],
              [
                585.0775377426638,
                484.1927319500947
              ],
              [
                585.0816622431438,
                484.19178948670697
              ],
              [
                585.0985317775787,
                484.1894277804174
              ],
              [
                585.1073065292271,
                484.1873563425427
              ],
              [
                585.1189404096573,
                484.18563061940023
              ],
              [
                585.1195801261034,
                484.18547037877227
              ],
              [
                585.1241359182675,
                484.1847849013821
              ],
              [
                585.1530694302668,
                484.17743072365806
              ],
              [
                585.1723174738102,
                484.17403765794205
              ],
              [
                585.1893131718177,
                484.16928519488846
              ],
              [
                585.2134037696039,
                484.16452816435316
              ],
              [
                585.2378063976456,
                484.1571840807449
              ],
              [
                585.2474354534862,
                484.15511825414063
              ],
              [
                585.2531226129172,
                484.1532823093746
              ],
              [
                585.255608802932,
                484.1527310181749
              ],
              [
                585.2558434615719,
                484.152654194997
              ],
              [
                585.2599818102742,
                484.1517325392527
              ],
              [
                585.2645099161094,
                484.1502456569453
              ],
              [
                585.278964942207,
                484.1468332881697
              ],
              [
                585.2939332452196,
                484.14179719596495
              ],
              [
                585.309329120134,
                484.1379407300582
              ],
              [
                585.3096090528386,
                484.13784056853484
              ],
              [
                585.310305682634,
                484.13766607185505
              ],
              [
                585.312244155675,
                484.1369724751104
              ],
              [
                585.317043238089,
                484.13575266795436
              ],
              [
                585.3431513667873,
                484.1262678185204
              ],
              [
                585.3613373679713,
                484.12118251406974
              ],
              [
                585.3747163501105,
                484.115980398257
              ],
              [
                585.3949553590838,
                484.10988937503635
              ],
              [
                585.4231568848893,
                484.0983913685711
              ],
              [
                585.4394410375603,
                484.0931344727116
              ],
              [
                585.4423186345712,
                484.0918728657331
              ],
              [
                585.4440251787021,
                484.09129869820134
              ],
              [
                585.4463903098467,
                484.09052206625375
              ],
              [
                585.4465730191586,
                484.09044147614674
              ],
              [
                585.4546788026202,
                484.0877142816966
              ],
              [
                585.4746262174662,
                484.0788712443626
              ],
              [
                585.4951031928551,
                484.0715444654132
              ],
              [
                585.4994742033667,
                484.06947713140613
              ],
              [
                585.5041215753351,
                484.0677887827737
              ],
              [
                585.5272670215121,
                484.0566645062349
              ],
              [
                585.5442663696234,
                484.0500546926709
              ],
              [
                585.5547769186259,
                484.0447287401977
              ],
              [
                585.5704032448335,
                484.0383577515851
              ],
              [
                585.5948165323216,
                484.0255887789574
              ],
              [
                585.6241635191249,
                484.0125787472342
              ],
              [
                585.6376722042106,
                484.0049522386023
              ],
              [
                585.642516209833,
                484.00276531183465
              ],
              [
                585.651518440144,
                483.99756556303333
              ],
              [
                585.672529801777,
                483.98762792908735
              ],
              [
                585.6791008397082,
                483.9836894005211
              ],
              [
                585.683518040959,
                483.9815663838436
              ],
              [
                585.701623524916,
                483.97052577987074
              ],
              [
                585.7065372338171,
                483.96808075151444
              ],
              [
                585.7086846298907,
                483.96673993530567
              ],
              [
                585.7193427724818,
                483.96133919354804
              ],
              [
                585.7270799576899,
                483.9564105472673
              ],
              [
                585.7382949079304,
                483.95054475009795
              ],
              [
                585.7662512409697,
                483.932361225672
              ],
              [
                585.7806927337349,
                483.924208088003
              ],
              [
                585.7925522942109,
                483.9175446992862
              ],
              [
                585.7927952361351,
                483.9173754585918
              ],
              [
                585.799442071405,
                483.913622898943
              ],
              [
                585.8111335397164,
                483.9053708075105
              ],
              [
                585.8151365644437,
                483.9030586334926
              ],
              [
                585.8226960019986,
                483.8976217724559
              ],
              [
                585.8408767941642,
                483.88672462499574
              ],
              [
                585.8418693710286,
                483.885988479822
              ],
              [
                585.8422195676017,
                483.88577858007386
              ],
              [
                585.8497074727111,
                483.880225171159
              ],
              [
                585.8534558298476,
                483.8779394478505
              ],
              [
                585.8655892167704,
                483.86877001913336
              ],
              [
                585.8700828216557,
                483.86596424969935
              ],
              [
                585.8750459957691,
                483.8621550468942
              ],
              [
                585.8848804950801,
                483.85589039545454
              ],
              [
                585.8900084063115,
                483.8518663540553
              ],
              [
                585.8971235738454,
                483.84723846446525
              ],
              [
                585.9230607484466,
                483.82662856164495
              ],
              [
                585.9509219750654,
                483.8072195882649
              ],
              [
                585.9534497010886,
                483.805068804535
              ],
              [
                585.9574212867276,
                483.80228296054077
              ],
              [
                585.9584981547237,
                483.8013576720706
              ],
              [
                585.9638328054101,
                483.7975923601309
              ],
              [
                585.9737195619327,
                483.78900335968683
              ],
              [
                585.9769736824715,
                483.78666294731653
              ],
              [
                585.982818083909,
                483.7815036136495
              ],
              [
                585.9998656698898,
                483.7688602621942
              ],
              [
                586.0102586949502,
                483.7594405733532
              ],
              [
                586.0122518189181,
                483.7579343320815
              ],
              [
                586.0191123096612,
                483.75158511836247
              ],
              [
                586.0230354367917,
                483.7485741446329
              ],
              [
                586.0304170009181,
                483.7416830899513
              ],
              [
                586.0392853186578,
                483.7347238279601
              ],
              [
                586.0420425089021,
                483.73208462777063
              ],
              [
                586.0454638055808,
                483.7293660358981
              ],
              [
                586.0457079462058,
                483.72915241285125
              ],
              [
                586.0762244368041,
                483.7006026157183
              ],
              [
                586.0979197119646,
                483.68214260684
              ],
              [
                586.101270016584,
                483.678682322701
              ],
              [
                586.1062338850521,
                483.6744171664537
              ],
              [
                586.1092430794952,
                483.67126893891253
              ],
              [
                586.1157328179715,
                483.6656310569107
              ],
              [
                586.1238468080735,
                483.6570059636541
              ],
              [
                586.1264197441709,
                483.65473462141784
              ],
              [
                586.1297762264419,
                483.6511161970375
              ],
              [
                586.1452926639356,
                483.63705291784186
              ],
              [
                586.1579129690931,
                483.6231285568586
              ],
              [
                586.1583332373563,
                483.62273960902354
              ],
              [
                586.1607414097019,
                483.6200188177308
              ],
              [
                586.1639735781812,
                483.6170014288212
              ],
              [
                586.1732681803211,
                483.60647457326394
              ],
              [
                586.1810702403575,
                483.5990063913462
              ],
              [
                586.2017383854986,
                483.57491590653365
              ],
              [
                586.2321764934518,
                483.5434786152614
              ],
              [
                586.2361137499607,
                483.53853649291085
              ],
              [
                586.2418018159241,
                483.5325856225831
              ],
              [
                586.2450142073989,
                483.5284862761118
              ],
              [
                586.2465278200633,
                483.52689378095835
              ],
              [
                586.2478558312395,
                483.52518556752017
              ],
              [
                586.2536045999714,
                483.5190746817783
              ],
              [
                586.2539506297574,
                483.518623470837
              ],
              [
                586.2547032327839,
                483.5178234610752
              ],
              [
                586.2608276430764,
                483.5098374406662
              ],
              [
                586.2619900324895,
                483.50858433761
              ],
              [
                586.2633120909181,
                483.50683854633314
              ],
              [
                586.277100008288,
                483.49162592379605
              ],
              [
                586.2898402737071,
                483.474447664462
              ],
              [
                586.2915874041136,
                483.47246890419325
              ],
              [
                586.3021905729157,
                483.4578303200507
              ],
              [
                586.3088697938756,
                483.45004511871815
              ],
              [
                586.3246324587851,
                483.4275358334752
              ],
              [
                586.325811284194,
                483.4259463714102
              ],
              [
                586.3524419664546,
                483.39251901159463
              ],
              [
                586.3567062534888,
                483.3859555794014
              ],
              [
                586.3628204125283,
                483.37815327495616
              ],
              [
                586.3657807537323,
                483.3734993912847
              ],
              [
                586.3682288142925,
                483.37035046451234
              ],
              [
                586.3701935607022,
                483.36722804506746
              ],
              [
                586.3771512667474,
                483.358155435653
              ],
              [
                586.3824648372819,
                483.34955789792656
              ],
              [
                586.3940183261676,
                483.33397982150797
              ],
              [
                586.4041832185362,
                483.31702072315534
              ],
              [
                586.4046909055322,
                483.31631981770454
              ],
              [
                586.408677236986,
                483.3095229063437
              ],
              [
                586.4170141482492,
                483.29561361021536
              ],
              [
                586.4214531996496,
                483.28927458856174
              ],
              [
                586.4313389672889,
                483.27171409350956
              ],
              [
                586.436216965745,
                483.2635756447606
              ],
              [
                586.4575960810062,
                483.2306697047418
              ],
              [
                586.4619071771046,
                483.22238127303353
              ],
              [
                586.468125026662,
                483.2126063361148
              ],
              [
                586.4707415630827,
                483.20743488487574
              ],
              [
                586.473830679332,
                483.2025255914439
              ],
              [
                586.4758948082205,
                483.1983850293802
              ],
              [
                586.4829361520616,
                483.18699189571873
              ],
              [
                586.4864623597058,
                483.1797462693919
              ],
              [
                586.4949216302592,
                483.16563282912074
              ],
              [
                586.5152281718362,
                483.1226982542601
              ],
              [
                586.5177362179373,
                483.1182431089686
              ],
              [
                586.5183013006114,
                483.1169590160046
              ],
              [
                586.5187127804373,
                483.1162289488124
              ],
              [
                586.5187738155936,
                483.1161068784999
              ],
              [
                586.5246488236054,
                483.1027799596017
              ],
              [
                586.529992418545,
                483.0914818773511
              ],
              [
                586.546659521434,
                483.05943802100603
              ],
              [
                586.550721214936,
                483.04935916828396
              ],
              [
                586.5567022369753,
                483.03753798223335
              ],
              [
                586.5588933466447,
                483.03189319766693
              ],
              [
                586.5622954295833,
                483.02506875194973
              ],
              [
                586.5642818673117,
                483.019843299987
              ],
              [
                586.5709871500017,
                483.0060653329218
              ],
              [
                586.5730657093678,
                483.0004110555514
              ],
              [
                586.5788381665851,
                482.98820622019895
              ],
              [
                586.5947001886799,
                482.94387483825096
              ],
              [
                586.5969009127135,
                482.9388826968522
              ],
              [
                586.6017329927606,
                482.92421946757986
              ],
              [
                586.6063377961751,
                482.91134990418226
              ],
              [
                586.6188028268712,
                482.8804186661406
              ],
              [
                586.6223075025868,
                482.86852426468005
              ],
              [
                586.6276996018458,
                482.8546330208489
              ],
              [
                586.6293931911217,
                482.8485637829284
              ],
              [
                586.6327535241844,
                482.83972421109286
              ],
              [
                586.6344727621034,
                482.83336626755295
              ],
              [
                586.6404130215883,
                482.81720705876313
              ],
              [
                586.6414092787769,
                482.8133316766564
              ],
              [
                586.6449597730269,
                482.8034087099777
              ],
              [
                586.6514278970343,
                482.77758651147894
              ],
              [
                586.6516122999489,
                482.77704991108044
              ],
              [
                586.6524307623434,
                482.77358284874
              ],
              [
                586.6557813331508,
                482.76020662027355
              ],
              [
                586.6575193390319,
                482.75493253986457
              ],
              [
                586.6612232560274,
                482.7384812463362
              ],
              [
                586.6646189747834,
                482.7249247771558
              ],
              [
                586.6733541161462,
                482.69527887362085
              ],
              [
                586.675987577507,
                482.6815856255041
              ],
              [
                586.6804338630333,
                482.66565167675736
              ],
              [
                586.6815661717312,
                482.65920931334716
              ],
              [
                586.684512413932,
                482.6483137640103
              ],
              [
                586.685763392959,
                482.64079677057913
              ],
              [
                586.6905110485742,
                482.622328668335
              ],
              [
                586.690809710072,
                482.62036550082155
              ],
              [
                586.6926496623689,
                482.61301999950103
              ],
              [
                586.6965640896879,
                482.5866310740359
              ],
              [
                586.6971688582024,
                482.58406923349753
              ],
              [
                586.6988862543778,
                482.5711975189263
              ],
              [
                586.7000606110995,
                482.56598150378386
              ],
              [
                586.7024088529843,
                482.5472288804521
              ],
              [
                586.7040752526502,
                482.53599492641547
              ],
              [
                586.7092232701207,
                482.5095898224774
              ],
              [
                586.709382394604,
                482.50794209948435
              ],
              [
                586.7098053451114,
                482.5057428774545
              ],
              [
                586.7112518275737,
                482.49031033434153
              ],
              [
                586.7143975211596,
                482.47241265211613
              ],
              [
                586.7149114605655,
                482.4656492836879
              ],
              [
                586.7170633485108,
                482.45271882905973
              ],
              [
                586.717570073519,
                482.4450202338096
              ],
              [
                586.7214485549069,
                482.4188736361279
              ],
              [
                586.7227528673011,
                482.39231961426844
              ],
              [
                586.7233924581869,
                482.3875259438026
              ],
              [
                586.7237518746695,
                482.3767874753248
              ],
              [
                586.7241257741669,
                482.3738015834185
              ],
              [
                586.7247250692689,
                482.3521682713888
              ],
              [
                586.7250348049324,
                482.345862475617
              ],
              [
                586.727724790092,
                482.31800786576923
              ],
              [
                586.727724790092,
                482.31456004985836
              ],
              [
                586.7278170381317,
                482.31357585413787
              ],
              [
                586.727764366457,
                482.29650689661617
              ],
              [
                586.7292637197374,
                482.27677562377676
              ],
              [
                586.7291068906338,
                482.26974314270495
              ],
              [
                586.7300863771194,
                482.2548619549155
              ],
              [
                586.7298506384625,
                482.24781867154275
              ],
              [
                586.7310791015625,
                482.2228088378906
              ],
              [
                586.7297863125946,
                482.19649351390746
              ],
              [
                586.7300253419631,
                482.189351912272
              ],
              [
                586.729469442624,
                482.1809062189634
              ],
              [
                586.7294891436076,
                482.18019505425866
              ],
              [
                586.7281621599848,
                482.161044874541
              ],
              [
                586.727724790092,
                482.15439998091284
              ],
              [
                586.727724790092,
                482.1255346146995
              ],
              [
                586.7253403147447,
                482.10084353777876
              ],
              [
                586.724889390743,
                482.0806233462894
              ],
              [
                586.7240119457416,
                482.07337308883535
              ],
              [
                586.7234534933432,
                482.0566879233849
              ],
              [
                586.722606089514,
                482.05033671545067
              ],
              [
                586.7214485549069,
                482.0267745572315
              ],
              [
                586.7208333136336,
                482.02262693746945
              ],
              [
                586.7207741462528,
                482.0214520448857
              ],
              [
                586.7176014021487,
                482.0005969021957
              ],
              [
                586.7170023133546,
                481.99149503812777
              ],
              [
                586.7117080543253,
                481.9596824261756
              ],
              [
                586.7092232701207,
                481.93395265799137
              ],
              [
                586.7037273477274,
                481.90576308737246
              ],
              [
                586.7013166314616,
                481.8858435328141
              ],
              [
                586.6996691558481,
                481.87842666492867
              ],
              [
                586.6972298933587,
                481.86014463368997
              ],
              [
                586.6958883948829,
                481.8544619549547
              ],
              [
                586.693653890048,
                481.8393981469616
              ],
              [
                586.6933496199905,
                481.83731907581176
              ],
              [
                586.693339281061,
                481.8372772254486
              ],
              [
                586.6926496623689,
                481.83262819385834
              ],
              [
                586.6911171329384,
                481.82650999341655
              ],
              [
                586.6905110485742,
                481.8225260679931
              ],
              [
                586.6858927570682,
                481.80456118455646
              ],
              [
                586.6844513787757,
                481.7959001031772
              ],
              [
                586.6767696101427,
                481.7674920214815
              ],
              [
                586.6723915817851,
                481.74503632965605
              ],
              [
                586.6630748136319,
                481.71368043175244
              ],
              [
                586.658772299356,
                481.69431068831136
              ],
              [
                586.656303886788,
                481.6867792878091
              ],
              [
                586.6516733351051,
                481.66716395610706
              ],
              [
                586.6503937390642,
                481.6634404154718
              ],
              [
                586.6468982182485,
                481.64929109613513
              ],
              [
                586.6463043163196,
                481.64760720109297
              ],
              [
                586.6449597730269,
                481.6422394833817
              ],
              [
                586.6421338119449,
                481.63434145125495
              ],
              [
                586.6404130215883,
                481.627647677565
              ],
              [
                586.6348973284378,
                481.6126434109222
              ],
              [
                586.6326924890282,
                481.60448965609464
              ],
              [
                586.6232525935812,
                481.5796574051339
              ],
              [
                586.6175708413282,
                481.5605352760192
              ],
              [
                586.6037606432781,
                481.5264640245937
              ],
              [
                586.597665828854,
                481.5078680698455
              ],
              [
                586.5944182439426,
                481.50049419171006
              ],
              [
                586.5935981476414,
                481.49816896589635
              ],
              [
                586.5872316047213,
                481.4796427431593
              ],
              [
                586.5865072973082,
                481.47806421940453
              ],
              [
                586.5824772812823,
                481.46663788169445
              ],
              [
                586.5809734686604,
                481.4634097426736
              ],
              [
                586.5788381665851,
                481.4574419731604
              ],
              [
                586.5743751214798,
                481.4480056571113
              ],
              [
                586.5709871500017,
                481.4387894034063
              ],
              [
                586.5651160739212,
                481.4267255581349
              ],
              [
                586.562234394427,
                481.41914511523777
              ],
              [
                586.551675584229,
                481.3979645537006
              ],
              [
                586.545268770385,
                481.38215825139247
              ],
              [
                586.5263487210109,
                481.3459373808702
              ],
              [
                586.518585291071,
                481.3283099476077
              ],
              [
                586.5154212738,
                481.322693010382
              ],
              [
                586.5006909527276,
                481.2910723659272
              ],
              [
                586.4979648291658,
                481.2864496677251
              ],
              [
                586.4949216302592,
                481.28001536423864
              ],
              [
                586.4885158536,
                481.26932797154916
              ],
              [
                586.4829361520616,
                481.2578628406094
              ],
              [
                586.4772312322714,
                481.24863208648566
              ],
              [
                586.4737696441757,
                481.2416882757436
              ],
              [
                586.4627276167919,
                481.2241400360093
              ],
              [
                586.4561549937248,
                481.2115572924657
              ],
              [
                586.4315837761353,
                481.1738600802125
              ],
              [
                586.4222917343809,
                481.15736433737567
              ],
              [
                586.4194369263522,
                481.1532896010919
              ],
              [
                586.4023062299641,
                481.12424101338263
              ],
              [
                586.3980672179974,
                481.11842353976374
              ],
              [
                586.3940183261676,
                481.1116683718514
              ],
              [
                586.3854069441815,
                481.1000572673637
              ],
              [
                586.3771512667474,
                481.08669930067515
              ],
              [
                586.3721001595393,
                481.08011283057834
              ],
              [
                586.3681677791362,
                481.07386340267516
              ],
              [
                586.3572615961781,
                481.0598348397957
              ],
              [
                586.3510548375292,
                481.050312417989
              ],
              [
                586.3211760301148,
                481.0129007291307
              ],
              [
                586.3186518180081,
                481.00943658761514
              ],
              [
                586.3097118603063,
                480.9966763705861
              ],
              [
                586.3073409580632,
                480.99391395407366
              ],
              [
                586.2882457711661,
                480.96770837907314
              ],
              [
                586.2822327827848,
                480.9609430148154
              ],
              [
                586.277100008288,
                480.9540222695633
              ],
              [
                586.2768056358234,
                480.95369749367785
              ],
              [
                586.2765456430617,
                480.95334670749384
              ],
              [
                586.2671048395184,
                480.9429229181998
              ],
              [
                586.2610307346702,
                480.9349403262787
              ],
              [
                586.2595101536257,
                480.9332993347254
              ],
              [
                586.2547032327839,
                480.92703127525294
              ],
              [
                586.2507476031657,
                480.92282647910247
              ],
              [
                586.246466784907,
                480.91732008622915
              ],
              [
                586.2362861840919,
                480.9066089196024
              ],
              [
                586.2309416856435,
                480.8999169954475
              ],
              [
                586.1957421357943,
                480.8636302154751
              ],
              [
                586.1893367838632,
                480.8564233931323
              ],
              [
                586.1819291052087,
                480.84779246206244
              ],
              [
                586.1801673233115,
                480.8461066027536
              ],
              [
                586.1595792425552,
                480.8229424359777
              ],
              [
                586.1524849837776,
                480.816368730342
              ],
              [
                586.1448539243015,
                480.8079431174475
              ],
              [
                586.13543700492,
                480.7994011845731
              ],
              [
                586.129389106991,
                480.7928743707261
              ],
              [
                586.1239402255325,
                480.78803145914696
              ],
              [
                586.116831450784,
                480.78047490012057
              ],
              [
                586.1143564562502,
                480.7783247784804
              ],
              [
                586.1098628892188,
                480.7735970275258
              ],
              [
                586.1009562374373,
                480.7659166068383
              ],
              [
                586.0969279645939,
                480.76176391025655
              ],
              [
                586.0562998865192,
                480.7272413759923
              ],
              [
                586.0452123330582,
                480.7169673903713
              ],
              [
                586.0401732136086,
                480.71214542776283
              ],
              [
                586.0390992481638,
                480.7113028633387
              ],
              [
                586.0175132870025,
                480.6913008082986
              ],
              [
                586.0101780398973,
                480.68571928033805
              ],
              [
                586.0100143782898,
                480.68556867598573
              ],
              [
                586.0096039743217,
                480.68526010964075
              ],
              [
                585.9995505596219,
                480.67614082231904
              ],
              [
                585.9904386470364,
                480.6693765856187
              ],
              [
                585.9846231638957,
                480.66420784211516
              ],
              [
                585.97453739693,
                480.6568586576303
              ],
              [
                585.9649314382226,
                480.64851359690033
              ],
              [
                585.964257044855,
                480.64803759546214
              ],
              [
                585.9596988039295,
                480.6441069143531
              ],
              [
                585.9525618906541,
                480.6390930144041
              ],
              [
                585.9502548408622,
                480.6371326655698
              ],
              [
                585.9041754257049,
                480.6050598906121
              ],
              [
                585.8876452572783,
                480.5924817734826
              ],
              [
                585.8858084034773,
                480.5910406957713
              ],
              [
                585.8854586519755,
                480.5908179442398
              ],
              [
                585.8633802080558,
                480.5740180395749
              ],
              [
                585.8550418681295,
                480.56886466209073
              ],
              [
                585.8420335458521,
                480.55920792206683
              ],
              [
                585.8334861831796,
                480.55407902815983
              ],
              [
                585.8280905295861,
                480.55014738331715
              ],
              [
                585.8165333039526,
                480.54333179126854
              ],
              [
                585.8117934356604,
                480.5399154874951
              ],
              [
                585.8096724397116,
                480.53870880303117
              ],
              [
                585.7974505271942,
                480.53012253552555
              ],
              [
                585.7925163851974,
                480.52734155877204
              ],
              [
                585.7922807258378,
                480.5271775321762
              ],
              [
                585.7759877172178,
                480.51802568552654
              ],
              [
                585.7402429095163,
                480.4978792285861
              ],
              [
                585.7392192447841,
                480.4972137622557
              ],
              [
                585.7384989972078,
                480.4968372067146
              ],
              [
                585.6986254755117,
                480.4721940150552
              ],
              [
                585.6897851889718,
                480.467850423868
              ],
              [
                585.6738183901266,
                480.45826945480786
              ],
              [
                585.6660685128024,
                480.4545988490656
              ],
              [
                585.6612591770415,
                480.45176266055364
              ],
              [
                585.6448966920032,
                480.4441402776986
              ],
              [
                585.6247128355311,
                480.4327642703439
              ],
              [
                585.5648691527279,
                480.4064741108139
              ],
              [
                585.5247941697082,
                480.38678364690384
              ],
              [
                585.5155282516581,
                480.3832978563025
              ],
              [
                585.4965235288447,
                480.37429657256956
              ],
              [
                585.4897729654317,
                480.37187665569655
              ],
              [
                585.4856936612742,
                480.36997633199894
              ],
              [
                585.4658954982156,
                480.36299361221296
              ],
              [
                585.4424700922145,
                480.3527025065862
              ],
              [
                585.4366954225309,
                480.3508246774762
              ],
              [
                585.4356795939104,
                480.35038059036003
              ],
              [
                585.4231513110237,
                480.34637988761244
              ],
              [
                585.4176639151352,
                480.344013686493
              ],
              [
                585.3898949064551,
                480.33560590718065
              ],
              [
                585.3814784457027,
                480.3328690103762
              ],
              [
                585.3435164916636,
                480.31858791897406
              ],
              [
                585.3338948316185,
                480.3159980418582
              ],
              [
                585.3118547563251,
                480.3080971976143
              ],
              [
                585.3106400267791,
                480.307792094943
              ],
              [
                585.3104887881027,
                480.3077379808793
              ],
              [
                585.3061407160521,
                480.3066488455287
              ],
              [
                585.3030404468336,
                480.3055553950328
              ],
              [
                585.2835508242422,
                480.30074057816165
              ],
              [
                585.280185645332,
                480.2996083622209
              ],
              [
                585.2765738401188,
                480.2987557306691
              ],
              [
                585.2533032731421,
                480.29118851895515
              ],
              [
                585.2438720108594,
                480.2891299679517
              ],
              [
                585.2394666217467,
                480.28772317881015
              ],
              [
                585.2145398436209,
                480.2825126662015
              ],
              [
                585.2012897730928,
                480.2785008676474
              ],
              [
                585.180382114693,
                480.27467678641005
              ],
              [
                585.1564924749478,
                480.26824637513045
              ],
              [
                585.1465767867834,
                480.2665844591003
              ],
              [
                585.1215888129691,
                480.260308249235
              ],
              [
                585.1204773768422,
                480.26014260007105
              ],
              [
                585.120100077626,
                480.26004809153727
              ],
              [
                585.1169314633827,
                480.25957807201434
              ],
              [
                585.115012467157,
                480.2591039932907
              ],
              [
                585.088594901189,
                480.25523780799006
              ],
              [
                585.0589615488294,
                480.2487697695232
              ],
              [
                585.0444984633754,
                480.24696845141045
              ],
              [
                585.0378498507221,
                480.245578673723
              ],
              [
                585.011287159768,
                480.24283211944135
              ],
              [
                584.9955800106186,
                480.24087585828585
              ],
              [
                584.9789044301159,
                480.23782583836953
              ],
              [
                584.9786602894909,
                480.2377953207914
              ],
              [
                584.9725325130012,
                480.2374138192251
              ],
              [
                584.9654760426591,
                480.2362311215662
              ],
              [
                584.9553192022712,
                480.23552731820496
              ],
              [
                584.9275562908358,
                480.2313895158093
              ],
              [
                584.9265671305869,
                480.23134019071705
              ],
              [
                584.9259537142528,
                480.23124919899936
              ],
              [
                584.9240382240506,
                480.23115509699994
              ],
              [
                584.9233730605712,
                480.2310577509663
              ],
              [
                584.9125272650649,
                480.2305319786652
              ],
              [
                584.8949415318398,
                480.22834174754996
              ],
              [
                584.8553148009103,
                480.22670474173015
              ],
              [
                584.8329677029923,
                480.22439407533057
              ],
              [
                584.799380879005,
                480.22439407533057
              ],
              [
                584.7876692423371,
                480.2239102600641
              ],
              [
                584.7722585590226,
                480.2228423993612
              ],
              [
                584.7715609065566,
                480.222861726023
              ],
              [
                584.7712819965226,
                480.2228423993612
              ],
              [
                584.7656179530022,
                480.22299930707527
              ],
              [
                584.7588236095605,
                480.22271862836436
              ],
              [
                584.7585850994467,
                480.2227029295212
              ],
              [
                584.7585069263192,
                480.2227055459753
              ],
              [
                584.72998046875,
                480.2215270996094
              ],
              [
                584.6848020846307,
                480.22362190606106
              ],
              [
                584.6739552167554,
                480.22337395924006
              ],
              [
                584.6604307763437,
                480.22439407533057
              ],
              [
                584.6269932345077,
                480.22439407533057
              ],
              [
                584.5946869708623,
                480.22773450898217
              ],
              [
                584.5776754673627,
                480.22820576880184
              ],
              [
                584.5754650175713,
                480.2284825658501
              ],
              [
                584.5744406040815,
                480.2285109445831
              ],
              [
                584.571547407242,
                480.2288732366144
              ],
              [
                584.5645814232371,
                480.2291962315271
              ],
              [
                584.5604110679161,
                480.22933581329744
              ],
              [
                584.5597932287707,
                480.229418247893
              ],
              [
                584.5446650270201,
                480.23011970402627
              ],
              [
                584.5388039557098,
                480.2309402440969
              ],
              [
                584.535677112835,
                480.23109139715825
              ],
              [
                584.5349677869377,
                480.23119601260134
              ],
              [
                584.5338851529347,
                480.23124919899936
              ],
              [
                584.5305018167115,
                480.2317510695192
              ],
              [
                584.5299956373814,
                480.23177629233015
              ],
              [
                584.5240439172469,
                480.23267222515943
              ],
              [
                584.5214716445314,
                480.23280485674496
              ],
              [
                584.4957067080088,
                480.23681881657586
              ],
              [
                584.4806191039252,
                480.2379568383516
              ],
              [
                584.4783099253528,
                480.23810049657266
              ]
            ],
            [
              [
                586.5279733230655,
                483.0953637520792
              ],
              [
                586.5271613379946,
                483.0970805502686
              ],
              [
                586.5276115365407,
                483.0960593159997
              ],
              [
                586.5279733230655,
                483.0953637520792
              ]
            ],
            [
              [
                586.604704766265,
                482.91540217153005
              ],
              [
                586.6038675277271,
                482.91774209648946
              ],
              [
                586.6043418699065,
                482.9163026774269
              ],
              [
                586.604704766265,
                482.91540217153005
              ]
            ],
            [
              [
                586.6633973000213,
                482.7290709781892
              ],
              [
                586.6628499745958,
                482.7312560237704
              ],
              [
                586.6631625523651,
                482.72986768039266
              ],
              [
                586.6633973000213,
                482.7290709781892
              ]
            ],
            [
              [
                585.999682564421,
                483.7688602621942
              ],
              [
                585.9990449262178,
                483.76933316691594
              ],
              [
                586.0084597376873,
                483.7608000791937
              ],
              [
                586.0091569294964,
                483.76027319823
              ],
              [
                585.999682564421,
                483.7688602621942
              ]
            ],
            [
              [
                586.1451095584669,
                483.63705291784186
              ],
              [
                586.1307428158985,
                483.65007417429666
              ],
              [
                586.1313544689949,
                483.64941478738575
              ],
              [
                586.1439498904981,
                483.63799896276373
              ],
              [
                586.1549022142895,
                483.62591493562076
              ],
              [
                586.156777066512,
                483.6241798064735
              ],
              [
                586.1451095584669,
                483.63705291784186
              ]
            ],
            [
              [
                586.5072606271611,
                483.13915706811486
              ],
              [
                586.5133065957033,
                483.1261116288612
              ],
              [
                586.5140827120164,
                483.12473298158045
              ],
              [
                586.5072606271611,
                483.13915706811486
              ]
            ],
            [
              [
                586.2642423137712,
                483.505610177823
              ],
              [
                586.2657776834526,
                483.50358270691964
              ],
              [
                586.2757572348505,
                483.4925719687179
              ],
              [
                586.2765651923179,
                483.4914825641845
              ],
              [
                586.2767948325068,
                483.4912291952804
              ],
              [
                586.2860945112155,
                483.4786900300962
              ],
              [
                586.2886960319721,
                483.4757436066966
              ],
              [
                586.2769169028193,
                483.49162592379605
              ],
              [
                586.2642423137712,
                483.505610177823
              ]
            ],
            [
              [
                586.4010357504638,
                483.3213660728403
              ],
              [
                586.4031217912415,
                483.31848611459213
              ],
              [
                586.3938352206989,
                483.33397982150797
              ],
              [
                586.3833802923428,
                483.34807666052274
              ],
              [
                586.3854616491668,
                483.34470895443894
              ],
              [
                586.3937131503864,
                483.33358309299234
              ],
              [
                586.4010357504638,
                483.3213660728403
              ]
            ],
            [
              [
                586.500099954511,
                483.1536422138877
              ],
              [
                586.501699943574,
                483.1509141457466
              ],
              [
                586.4947385247905,
                483.16563282912074
              ],
              [
                586.4872529860708,
                483.1781216959742
              ],
              [
                586.4888068172609,
                483.1749288947229
              ],
              [
                586.494616454478,
                483.1652361006051
              ],
              [
                586.500099954511,
                483.1536422138877
              ]
            ],
            [
              [
                586.5823587814035,
                482.9771171232506
              ],
              [
                586.583306943289,
                482.9750712660494
              ],
              [
                586.586412077193,
                482.9662241489805
              ],
              [
                586.5869038479512,
                482.96515240539526
              ],
              [
                586.5786550611164,
                482.98820622019895
              ],
              [
                586.5737045984378,
                482.99867309412065
              ],
              [
                586.5747852305403,
                482.99573346499915
              ],
              [
                586.5785329908039,
                482.9878094916833
              ],
              [
                586.5823587814035,
                482.9771171232506
              ]
            ],
            [
              [
                586.5885965005639,
                482.9604217582541
              ],
              [
                586.5928071823545,
                482.9481689501436
              ],
              [
                586.5937280354135,
                482.946080079114
              ],
              [
                586.5885965005639,
                482.9604217582541
              ]
            ],
            [
              [
                586.6470445965282,
                482.79347056948336
              ],
              [
                586.6471594695392,
                482.79314327442665
              ],
              [
                586.6489174041618,
                482.78599390230585
              ],
              [
                586.6499356356617,
                482.7819288942949
              ],
              [
                586.6507524787315,
                482.77955193448423
              ],
              [
                586.6447766675582,
                482.8034087099777
              ],
              [
                586.6418765713659,
                482.8115139358575
              ],
              [
                586.6425503663424,
                482.8088929128667
              ],
              [
                586.6446545972457,
                482.8030119814621
              ],
              [
                586.6470445965282,
                482.79347056948336
              ]
            ],
            [
              [
                586.6955845767264,
                482.59078035752526
              ],
              [
                586.6960713921246,
                482.58871817440644
              ],
              [
                586.6924665569002,
                482.61301999950103
              ],
              [
                586.6910929333518,
                482.6185038121009
              ],
              [
                586.6914354603049,
                482.61625230733165
              ],
              [
                586.6923444865877,
                482.6126232709854
              ],
              [
                586.6955845767264,
                482.59078035752526
              ]
            ],
            [
              [
                586.7222393136317,
                482.39616864825666
              ],
              [
                586.7224633727208,
                482.39448934753204
              ],
              [
                586.7212654494382,
                482.4188736361279
              ],
              [
                586.720866954336,
                482.42156007189294
              ],
              [
                586.7209599684377,
                482.41971336203596
              ],
              [
                586.7211433791257,
                482.4184769076123
              ],
              [
                586.7222393136317,
                482.39616864825666
              ]
            ],
            [
              [
                586.7297769702659,
                482.2456176494806
              ],
              [
                586.7297577111012,
                482.24504223365517
              ],
              [
                586.7308861295697,
                482.2226385177578
              ],
              [
                586.7308959960938,
                482.22283935546875
              ],
              [
                586.7297769702659,
                482.2456176494806
              ]
            ],
            [
              [
                586.7300999405195,
                482.20663527200014
              ],
              [
                586.7297076145339,
                482.1988448157648
              ],
              [
                586.729711506851,
                482.19872852303513
              ],
              [
                586.7300999405195,
                482.20663527200014
              ]
            ],
            [
              [
                586.7213587975745,
                482.02870521977576
              ],
              [
                586.7210243177989,
                482.0264197262337
              ],
              [
                586.7209297567863,
                482.0245420187741
              ],
              [
                586.7212654494382,
                482.0268050748096
              ],
              [
                586.7213587975745,
                482.02870521977576
              ]
            ],
            [
              [
                586.6928696827736,
                481.83537636532543
              ],
              [
                586.6918189393919,
                481.83112312112155
              ],
              [
                586.6914121801746,
                481.8284494035956
              ],
              [
                586.6924665569002,
                481.83265871143647
              ],
              [
                586.6928696827736,
                481.83537636532543
              ]
            ],
            [
              [
                586.6456460871169,
                481.64574091840024
              ],
              [
                586.6435002437966,
                481.6396567911179
              ],
              [
                586.6426289711941,
                481.63626759173013
              ],
              [
                586.6447766675582,
                481.6422700009598
              ],
              [
                586.6456460871169,
                481.64574091840024
              ]
            ],
            [
              [
                586.5750643725539,
                481.4498806176321
              ],
              [
                586.5786550611164,
                481.45747249073855
              ],
              [
                586.5801368705307,
                481.4616138706162
              ],
              [
                586.5786827007659,
                481.45849229676276
              ],
              [
                586.5780071321731,
                481.4566032180152
              ],
              [
                586.5758864914812,
                481.45211701680444
              ],
              [
                586.5750643725539,
                481.4498806176321
              ]
            ],
            [
              [
                586.4893854604992,
                481.2711148336058
              ],
              [
                586.4947385247905,
                481.28004588181676
              ],
              [
                586.4969671151359,
                481.28475784020986
              ],
              [
                586.4960005273525,
                481.2831187935904
              ],
              [
                586.4941691497066,
                481.2792445264201
              ],
              [
                586.4897587168131,
                481.2718817980183
              ],
              [
                586.4893854604992,
                481.2711148336058
              ]
            ],
            [
              [
                586.3969321764531,
                481.1168658479497
              ],
              [
                586.3967559630133,
                481.11662401871087
              ],
              [
                586.3936817406369,
                481.11149194552206
              ],
              [
                586.3938352206989,
                481.11169888942953
              ],
              [
                586.3969321764531,
                481.1168658479497
              ]
            ]
          ]
        ]
      }
    }
  ]
}