{
  "type": "FeatureCollection",
  "features": [
    {
      "type": "Feature",
      "properties": {
        "image_id": "0022_top_20250711_t1",
        "zone_type": "parking_spot",
        "generated_at": "2025-11-03T11:20:41",
        "source": "merged_t1_polygons"
      },
      "geometry": {
        "type": "MultiPolygon",
        "coordinates": [
          [
            [
              [
                1730.0094792316725,
                957.1990587903309
              ],
              [
                1730.0195078219333,
                957.2559485644096
              ],
              [
                1730.0230414145835,
                957.285244837947
              ],
              [
                1730.0231153725538,
                957.2855783705106
              ],
              [
                1730.023163484896,
                957.285977259822
              ],
              [
                1730.0270160299856,
                957.303351306674
              ],
              [
                1730.0315649307906,
                957.3344338538758
              ],
              [
                1730.0319995495179,
                957.3361931222329
              ],
              [
                1730.032447993881,
                957.3392162885635
              ],
              [
                1730.0334043159892,
                957.3430341404288
              ],
              [
                1730.0342814318944,
                957.3487996156006
              ],
              [
                1730.0393542590698,
                957.3685326161662
              ],
              [
                1730.0403021115187,
                957.3739095545267
              ],
              [
                1730.040341101693,
                957.3741438421353
              ],
              [
                1730.0403477387215,
                957.3741683866457
              ],
              [
                1730.0435526740891,
                957.3923492120913
              ],
              [
                1730.0590004977987,
                957.4475935230263
              ],
              [
                1730.0600750033086,
                957.4524392830729
              ],
              [
                1730.0603145326238,
                957.4535818248237
              ],
              [
                1730.0603616775734,
                957.4537321146919
              ],
              [
                1730.0656527708877,
                957.4775936662134
              ],
              [
                1730.0708652111512,
                957.4935152171882
              ],
              [
                1730.0780163325328,
                957.5224618335524
              ],
              [
                1730.079162950073,
                957.5257128477303
              ],
              [
                1730.0801378832232,
                957.5296049990402
              ],
              [
                1730.082353580767,
                957.5357974588353
              ],
              [
                1730.0843794588804,
                957.5436780060288
              ],
              [
                1730.0906004670983,
                957.5606009318586
              ],
              [
                1730.0964078179616,
                957.5813691062524
              ],
              [
                1730.1167794019193,
                957.6337614534692
              ],
              [
                1730.118125901342,
                957.63787437527
              ],
              [
                1730.1185488781384,
                957.6392227514516
              ],
              [
                1730.1186296777696,
                957.6394131750773
              ],
              [
                1730.1267191515483,
                957.6641227089264
              ],
              [
                1730.1330671848712,
                957.6785479696881
              ],
              [
                1730.142437269499,
                957.705115047993
              ],
              [
                1730.1445893513776,
                957.7097347854437
              ],
              [
                1730.146259489665,
                957.7144025092614
              ],
              [
                1730.1502086979451,
                957.7227524086228
              ],
              [
                1730.153805330467,
                957.7325362801874
              ],
              [
                1730.1606718104467,
                957.7466454742943
              ],
              [
                1730.1675356393603,
                957.7642981079047
              ],
              [
                1730.1923703656405,
                957.8133084227436
              ],
              [
                1730.193647423172,
                957.816210406234
              ],
              [
                1730.1945454961842,
                957.8183269297457
              ],
              [
                1730.1947192828266,
                957.8186460983972
              ],
              [
                1730.2057745242503,
                957.8437680113125
              ],
              [
                1730.2130414312276,
                957.8566765166179
              ],
              [
                1730.2242235980536,
                957.8806805637603
              ],
              [
                1730.2276558328897,
                957.8865006175644
              ],
              [
                1730.2301760259909,
                957.8918291181833
              ],
              [
                1730.2363015853452,
                957.9020489965438
              ],
              [
                1730.2418563284073,
                957.9134628429844
              ],
              [
                1730.248878625269,
                957.924825157986
              ],
              [
                1730.256251138483,
                957.939374510763
              ],
              [
                1730.2850297377825,
                957.9845523020102
              ],
              [
                1730.2857957647968,
                957.9859130272554
              ],
              [
                1730.287585196706,
                957.9891994165996
              ],
              [
                1730.2879422195022,
                957.9897258629004
              ],
              [
                1730.302057542538,
                958.0147994909056
              ],
              [
                1730.3100354235758,
                958.0261920061272
              ],
              [
                1730.3226083208172,
                958.0475119163049
              ],
              [
                1730.3275700216313,
                958.0543211831383
              ],
              [
                1730.3310793300825,
                958.0601761105704
              ],
              [
                1730.3397834631314,
                958.0719122753891
              ],
              [
                1730.3476412137213,
                958.0846263829186
              ],
              [
                1730.3543515018205,
                958.0933763678397
              ],
              [
                1730.3616999365768,
                958.1049122333613
              ],
              [
                1730.3937999234795,
                958.1458178471546
              ],
              [
                1730.396787503321,
                958.1502231690921
              ],
              [
                1730.3974475576126,
                958.1510176412608
              ],
              [
                1730.414640948312,
                958.175570021062
              ],
              [
                1730.4231316312248,
                958.1854666357007
              ],
              [
                1730.436668779615,
                958.2040445506144
              ],
              [
                1730.4433776610522,
                958.2115928816282
              ],
              [
                1730.447997647962,
                958.2178222128586
              ],
              [
                1730.4480956413445,
                958.2179303318948
              ],
              [
                1730.448241788587,
                958.2181273886398
              ],
              [
                1730.459811595951,
                958.230892703918
              ],
              [
                1730.4700892476849,
                958.2442944083408
              ],
              [
                1730.4760498689282,
                958.2506304912598
              ],
              [
                1730.4828665040711,
                958.2593170569389
              ],
              [
                1730.5173775427922,
                958.2953709719328
              ],
              [
                1730.5211189856618,
                958.2998743472891
              ],
              [
                1730.522228341843,
                958.3009722984405
              ],
              [
                1730.5267774295748,
                958.3062746479338
              ],
              [
                1730.5269699780677,
                958.3065040780947
              ],
              [
                1730.5269971202868,
                958.3065307161838
              ],
              [
                1730.54244050183,
                958.32453129369
              ],
              [
                1730.5512562066483,
                958.3329697428957
              ],
              [
                1730.5653353082262,
                958.3488104937098
              ],
              [
                1730.573769143946,
                958.356625482582
              ],
              [
                1730.5800491329394,
                958.3635543826856
              ],
              [
                1730.5952025294125,
                958.37728862068
              ],
              [
                1730.6079610296847,
                958.3908507834731
              ],
              [
                1730.612772289238,
                958.3950305071614
              ],
              [
                1730.6185839406849,
                958.4011019786386
              ],
              [
                1730.6547400348256,
                958.4321216699087
              ],
              [
                1730.6594030391905,
                958.4367367350238
              ],
              [
                1730.6609474376871,
                958.437993087799
              ],
              [
                1730.6647380676372,
                958.4417133119299
              ],
              [
                1730.6655278126984,
                958.4423512572693
              ],
              [
                1730.6842254235298,
                958.460248730304
              ],
              [
                1730.693189272435,
                958.4672829587573
              ],
              [
                1730.7074012637788,
                958.4804521213889
              ],
              [
                1730.7175264972361,
                958.48815660262
              ],
              [
                1730.7254761269853,
                958.495361727038
              ],
              [
                1730.7445269600055,
                958.5094907877544
              ],
              [
                1730.759861042246,
                958.5228120866933
              ],
              [
                1730.7631683618904,
                958.5251464644956
              ],
              [
                1730.767545213313,
                958.5289015321569
              ],
              [
                1730.8045736559927,
                958.5548315840346
              ],
              [
                1730.8103310199356,
                958.559515142185
              ],
              [
                1730.8116714679163,
                958.5604041180112
              ],
              [
                1730.814899165345,
                958.5630114081771
              ],
              [
                1730.816643153929,
                958.5641612991999
              ],
              [
                1730.8386302471074,
                958.5814152977983
              ],
              [
                1730.847576704217,
                958.5871142595491
              ],
              [
                1730.8615343427255,
                958.5977348901126
              ],
              [
                1730.86201747555,
                958.5980334826191
              ],
              [
                1730.8622667646005,
                958.5982231713626
              ],
              [
                1730.8736778024163,
                958.6052755805798
              ],
              [
                1730.8831222292733,
                958.6122800449176
              ],
              [
                1730.9063036907462,
                958.6261744782136
              ],
              [
                1730.9242517762511,
                958.6388426255054
              ],
              [
                1730.925752112802,
                958.6396896942912
              ],
              [
                1730.9283157434695,
                958.6414849379307
              ],
              [
                1730.9654587295224,
                958.6623947658402
              ],
              [
                1730.9724746287754,
                958.6670476616812
              ],
              [
                1730.9735636528217,
                958.6676261238113
              ],
              [
                1730.9760544611236,
                958.6692684270533
              ],
              [
                1730.9789436905862,
                958.670796036756
              ],
              [
                1731.0041679697058,
                958.6868640958919
              ],
              [
                1731.0126232826126,
                958.6911486099242
              ],
              [
                1731.0270214971447,
                958.7000471958823
              ],
              [
                1731.0410653671472,
                958.7069475185926
              ],
              [
                1731.0514692216605,
                958.7131833490092
              ],
              [
                1731.0777893252762,
                958.7256318309171
              ],
              [
                1731.0993472230625,
                958.7377679562186
              ],
              [
                1731.099469293375,
                958.7378289913748
              ],
              [
                1731.1359627980735,
                958.7538884573158
              ],
              [
                1731.1442994280733,
                958.758316665089
              ],
              [
                1731.1450957238555,
                958.7586448772217
              ],
              [
                1731.1467027295992,
                958.7594945423654
              ],
              [
                1731.1501735390166,
                958.7609204622315
              ],
              [
                1731.1537851238386,
                958.7628086494628
              ],
              [
                1731.155095226364,
                958.7633426314744
              ],
              [
                1731.1792443725642,
                958.7755795950147
              ],
              [
                1731.186454466794,
                958.7783830777322
              ],
              [
                1731.200852802948,
                958.7854575640337
              ],
              [
                1731.217604318198,
                958.7917593977107
              ],
              [
                1731.2288958305824,
                958.7970998853351
              ],
              [
                1731.2291965761062,
                958.7972074938042
              ],
              [
                1731.2298723930824,
                958.7975271314289
              ],
              [
                1731.2570683227304,
                958.8072579906535
              ],
              [
                1731.2769376156477,
                958.816017123651
              ],
              [
                1731.277758862129,
                958.8162877549466
              ],
              [
                1731.2791145957613,
                958.8168843640767
              ],
              [
                1731.3145009239825,
                958.8284692355687
              ],
              [
                1731.3241793627487,
                958.8324584329259
              ],
              [
                1731.324647726857,
                958.8326000564268
              ],
              [
                1731.3252543145986,
                958.8328492621329
              ],
              [
                1731.3266917940266,
                958.8332833258911
              ],
              [
                1731.329112753054,
                958.8342700796346
              ],
              [
                1731.3338642215822,
                958.8357000401401
              ],
              [
                1731.3621733742164,
                958.8467074164136
              ],
              [
                1731.3679919521724,
                958.8483344503105
              ],
              [
                1731.3821304809926,
                958.8536532919635
              ],
              [
                1731.4007163771273,
                958.8586560863723
              ],
              [
                1731.4146699033035,
                958.8636487378707
              ],
              [
                1731.4430530657166,
                958.8707583499441
              ],
              [
                1731.4608877726355,
                958.8766355499694
              ],
              [
                1731.4612331622795,
                958.8767133125216
              ],
              [
                1731.4621084757605,
                958.8770017609069
              ],
              [
                1731.4641465312006,
                958.8774606177238
              ],
              [
                1731.4656436384741,
                958.8779507447374
              ],
              [
                1731.4674526066822,
                958.8783518678405
              ],
              [
                1731.4677188337866,
                958.8784390259874
              ],
              [
                1731.4987158423405,
                958.8853123453765
              ],
              [
                1731.5104121483648,
                958.888832363572
              ],
              [
                1731.5106562889898,
                958.8888933987282
              ],
              [
                1731.518720807739,
                958.8904823701474
              ],
              [
                1731.5511932683773,
                958.8995625602859
              ],
              [
                1731.5555249972408,
                958.9003261620859
              ],
              [
                1731.5691544977085,
                958.9039948358071
              ],
              [
                1731.5890588978134,
                958.9073309069962
              ],
              [
                1731.6050586137803,
                958.9113386272127
              ],
              [
                1731.6330820969251,
                958.9154955182591
              ],
              [
                1731.6510595118411,
                958.9195430329745
              ],
              [
                1731.6557196394779,
                958.9201265836977
              ],
              [
                1731.659335240178,
                958.920928311979
              ],
              [
                1731.6923816773938,
                958.9249142335166
              ],
              [
                1731.7013351416501,
                958.9266943852984
              ],
              [
                1731.7036960279397,
                958.926928480239
              ],
              [
                1731.7085194046294,
                958.9278788416856
              ],
              [
                1731.715595512388,
                958.9285435638113
              ],
              [
                1731.7444836901377,
                958.9336360027025
              ],
              [
                1731.7472833538611,
                958.9338500709222
              ],
              [
                1731.7601709299972,
                958.9360100893713
              ],
              [
                1731.7812067591171,
                958.9374677363044
              ],
              [
                1731.7992049771533,
                958.9401375197507
              ],
              [
                1731.826058292313,
                958.9414567385304
              ],
              [
                1731.8432394322065,
                958.9436081960419
              ],
              [
                1731.848600749527,
                958.9437567175075
              ],
              [
                1731.854193639506,
                958.9444313082503
              ],
              [
                1731.8875760518672,
                958.9451612021884
              ],
              [
                1731.8951691176899,
                958.9459140966841
              ],
              [
                1731.900589389726,
                958.9459216942165
              ],
              [
                1731.909302685805,
                958.9467402120923
              ],
              [
                1731.9144821038244,
                958.9467028558881
              ],
              [
                1731.9240257332551,
                958.9473641676952
              ],
              [
                1731.9401831470727,
                958.9485995977867
              ],
              [
                1731.9414537496673,
                958.9485718165371
              ],
              [
                1731.9533884136338,
                958.9493988115763
              ],
              [
                1731.9753428758272,
                958.9487906198375
              ],
              [
                1731.9952392578125,
                958.9497680664062
              ],
              [
                1732.0206085905008,
                958.9485217510105
              ],
              [
                1732.0368459613662,
                958.9489715654826
              ],
              [
                1732.042842491572,
                958.9485560447149
              ],
              [
                1732.0504174388648,
                958.9487216680992
              ],
              [
                1732.0836801541614,
                958.9461783304175
              ],
              [
                1732.0899534420835,
                958.9461871236125
              ],
              [
                1732.0982814694157,
                958.9453849232488
              ],
              [
                1732.0986576494925,
                958.9453745021501
              ],
              [
                1732.1109646847035,
                958.9452857384863
              ],
              [
                1732.1140852579074,
                958.9449471200578
              ],
              [
                1732.1469949427935,
                958.9440354421356
              ],
              [
                1732.1696330924299,
                958.9412006466923
              ],
              [
                1732.1912735384717,
                958.9401375197507
              ],
              [
                1732.2148910590295,
                958.9366341915155
              ],
              [
                1732.2300634450028,
                958.9355828432775
              ],
              [
                1732.2366167961932,
                958.9344844707578
              ],
              [
                1732.2461168957998,
                958.933758073015
              ],
              [
                1732.278803158057,
                958.9279961037219
              ],
              [
                1732.283840536449,
                958.9275108763544
              ],
              [
                1732.292491497232,
                958.9258160657218
              ],
              [
                1732.3061413075354,
                958.9241068085312
              ],
              [
                1732.3114550192206,
                958.9235302091108
              ],
              [
                1732.3124775406477,
                958.923313372449
              ],
              [
                1732.3391748631589,
                958.9199702790683
              ],
              [
                1732.3622432716438,
                958.9147765555414
              ],
              [
                1732.3854199018447,
                958.9113386272127
              ],
              [
                1732.407068175928,
                958.9059160168441
              ],
              [
                1732.4210798772915,
                958.9035675897134
              ],
              [
                1732.4281008158703,
                958.901677752817
              ],
              [
                1732.4394073175602,
                958.8996846305984
              ],
              [
                1732.4710717211726,
                958.890830395355
              ],
              [
                1732.4749913328574,
                958.8900625038195
              ],
              [
                1732.4840236331274,
                958.8873583862747
              ],
              [
                1732.5281258992395,
                958.8774290070006
              ],
              [
                1732.5286798140987,
                958.8772464714289
              ],
              [
                1732.529224532052,
                958.8771238312194
              ],
              [
                1732.5520756690942,
                958.8695935306761
              ],
              [
                1732.5758086123215,
                958.8636487378707
              ],
              [
                1732.5953238961984,
                958.8566660576465
              ],
              [
                1732.6081038940074,
                958.8532260458697
              ],
              [
                1732.6154935737895,
                958.850446086432
              ],
              [
                1732.6284272117211,
                958.846829486726
              ],
              [
                1732.658648024014,
                958.8350788046589
              ],
              [
                1732.6615927178555,
                958.8341972132544
              ],
              [
                1732.6703113610806,
                958.8306304675277
              ],
              [
                1732.7131746890398,
                958.816505404901
              ],
              [
                1732.7373465286632,
                958.8058495471944
              ],
              [
                1732.7606061225426,
                958.7975271314289
              ],
              [
                1732.77788047326,
                958.7893569720133
              ],
              [
                1732.789381572052,
                958.7850303179399
              ],
              [
                1732.7970323853888,
                958.781271163162
              ],
              [
                1732.8113562133733,
                958.7757016653272
              ],
              [
                1732.8397471615228,
                958.7613152769018
              ],
              [
                1732.8418747303028,
                958.7604449010121
              ],
              [
                1732.8496275782593,
                958.7563518297555
              ],
              [
                1732.8903988706875,
                958.7383783077811
              ],
              [
                1732.9148438314132,
                958.724578128019
              ],
              [
                1732.9380327314645,
                958.713610595103
              ],
              [
                1732.9381632647262,
                958.7135323564769
              ],
              [
                1732.938643083027,
                958.7133054193217
              ],
              [
                1732.9386691896793,
                958.7132897715965
              ],
              [
                1732.9387651533395,
                958.7132443841655
              ],
              [
                1732.9536886076478,
                958.7042996098822
              ],
              [
                1732.9632128778553,
                958.6996199497886
              ],
              [
                1732.9710089210337,
                958.6948017301265
              ],
              [
                1732.9864326162317,
                958.6869861662044
              ],
              [
                1733.0126537327378,
                958.6702831140128
              ],
              [
                1733.0141273498994,
                958.6695051263519
              ],
              [
                1733.021201297027,
                958.6648382500459
              ],
              [
                1733.0253861082463,
                958.6621724932239
              ],
              [
                1733.0657384581239,
                958.6393919419116
              ],
              [
                1733.0868989999035,
                958.6244563734375
              ],
              [
                1733.1071121457267,
                958.6123410800739
              ],
              [
                1733.1205065389954,
                958.6024071209891
              ],
              [
                1733.1279676103995,
                958.5977959252689
              ],
              [
                1733.135784781963,
                958.5918476918929
              ],
              [
                1733.15197033883,
                958.5815373681108
              ],
              [
                1733.1757374925005,
                958.5628864972207
              ],
              [
                1733.176716717159,
                958.5622404759437
              ],
              [
                1733.1816240385342,
                958.5582671300223
              ],
              [
                1733.1901112721862,
                958.551606917308
              ],
              [
                1733.230129192129,
                958.5233614030996
              ],
              [
                1733.247880620618,
                958.5079400637729
              ],
              [
                1733.2647582480147,
                958.4954227621943
              ],
              [
                1733.2765401005363,
                958.4847443135156
              ],
              [
                1733.2821006893462,
                958.4805131565452
              ],
              [
                1733.2898064657875,
                958.4733728043803
              ],
              [
                1733.3063751624077,
                958.4603708006165
              ],
              [
                1733.3274679478463,
                958.4401806510824
              ],
              [
                1733.3281006309783,
                958.4396683820156
              ],
              [
                1733.3314112831067,
                958.4364060652746
              ],
              [
                1733.3430793566213,
                958.4252373104546
              ],
              [
                1733.3820292046903,
                958.3914000998793
              ],
              [
                1733.3964922481662,
                958.3760260240934
              ],
              [
                1733.4101852420606,
                958.3636154178419
              ],
              [
                1733.4203059420665,
                958.3524489461498
              ],
              [
                1733.4241666448988,
                958.3488715288661
              ],
              [
                1733.4316196022917,
                958.3404860193053
              ],
              [
                1733.4481600841075,
                958.3246533640025
              ],
              [
                1733.4664278000487,
                958.3033607840233
              ],
              [
                1733.4668431768018,
                958.3029514717539
              ],
              [
                1733.4691116013125,
                958.3002325848961
              ],
              [
                1733.4827597793037,
                958.2843244701443
              ],
              [
                1733.5199009866901,
                958.244843724747
              ],
              [
                1733.5312697386166,
                958.2300192631949
              ],
              [
                1733.541992586413,
                958.218188423796
              ],
              [
                1733.5504408946585,
                958.2067971987939
              ],
              [
                1733.55283317351,
                958.2041055857707
              ],
              [
                1733.5598823449934,
                958.1944315462863
              ],
              [
                1733.5759596376256,
                958.1756920913745
              ],
              [
                1733.5913251511256,
                958.1537499433773
              ],
              [
                1733.5916283466345,
                958.1533865394904
              ],
              [
                1733.5933535571778,
                958.1508533538299
              ],
              [
                1733.6077775589738,
                958.1302556964773
              ],
              [
                1733.6231723773012,
                958.110181382791
              ],
              [
                1733.633487603355,
                958.0969129645123
              ],
              [
                1733.6341266122377,
                958.0958974371389
              ],
              [
                1733.6423490206537,
                958.0851756993249
              ],
              [
                1733.6508857189895,
                958.0713630312657
              ],
              [
                1733.6589109042925,
                958.0605423215079
              ],
              [
                1733.665714688891,
                958.0491908926888
              ],
              [
                1733.6668936323078,
                958.0475729514611
              ],
              [
                1733.6695098230584,
                958.0431366667495
              ],
              [
                1733.6696644692354,
                958.0429239209876
              ],
              [
                1733.669709970508,
                958.0428461510602
              ],
              [
                1733.6697865395479,
                958.0427408155189
              ],
              [
                1733.673466640166,
                958.0364508560907
              ],
              [
                1733.6885430433995,
                958.0149215612181
              ],
              [
                1733.7010044102612,
                957.9927859234908
              ],
              [
                1733.7012725217076,
                957.992392246282
              ],
              [
                1733.7028560349172,
                957.9894968065707
              ],
              [
                1733.7169016030887,
                957.9645470869959
              ],
              [
                1733.7169844320063,
                957.964413066992
              ],
              [
                1733.7209865366935,
                957.9582730297999
              ],
              [
                1733.7221185308538,
                957.956105920555
              ],
              [
                1733.7237578568574,
                957.9534534353626
              ],
              [
                1733.7390894683945,
                957.9290880914439
              ],
              [
                1733.7402281481716,
                957.9268039442117
              ],
              [
                1733.7481339059677,
                957.9140121593906
              ],
              [
                1733.7541625322353,
                957.9016245811176
              ],
              [
                1733.7598142083841,
                957.8921953291208
              ],
              [
                1733.765041296035,
                957.8811435808359
              ],
              [
                1733.7652783550714,
                957.8807415989165
              ],
              [
                1733.7680526187244,
                957.8747862633766
              ],
              [
                1733.7699189745251,
                957.8715963228063
              ],
              [
                1733.7729614668617,
                957.8649656486756
              ],
              [
                1733.7848260616872,
                957.843890081625
              ],
              [
                1733.794455850904,
                957.8220073640234
              ],
              [
                1733.7947356994018,
                957.821495663553
              ],
              [
                1733.7964375525032,
                957.8175041484811
              ],
              [
                1733.8067058369304,
                957.7941705153852
              ],
              [
                1733.8101003133538,
                957.7876720708731
              ],
              [
                1733.8123316306749,
                957.7821671698437
              ],
              [
                1733.8275542186457,
                957.7516312519497
              ],
              [
                1733.8289634323019,
                957.7479242249634
              ],
              [
                1733.836184903908,
                957.7330855965937
              ],
              [
                1733.840083708455,
                957.7224797304917
              ],
              [
                1733.84373074471,
                957.7147687201989
              ],
              [
                1733.850286082366,
                957.69644777879
              ],
              [
                1733.8526124640964,
                957.6913777646532
              ],
              [
                1733.8550051057273,
                957.6844153342822
              ],
              [
                1733.8638814343892,
                957.6642447792389
              ],
              [
                1733.8708237830583,
                957.64303917253
              ],
              [
                1733.8711313579342,
                957.6423177884386
              ],
              [
                1733.873024029287,
                957.6363184561825
              ],
              [
                1733.8796393761866,
                957.6161116859267
              ],
              [
                1733.882402384297,
                957.6092950462464
              ],
              [
                1733.8850493169457,
                957.6003867050134
              ],
              [
                1733.898012313247,
                957.5662867110929
              ],
              [
                1733.8994332065072,
                957.5610320811049
              ],
              [
                1733.9056107754946,
                957.5442273224351
              ],
              [
                1733.9078038535697,
                957.5356963771848
              ],
              [
                1733.9098523511518,
                957.5299712099777
              ],
              [
                1733.9146179586871,
                957.5109458382312
              ],
              [
                1733.91705419448,
                957.5038565517054
              ],
              [
                1733.918771887297,
                957.4965802881676
              ],
              [
                1733.9249478150498,
                957.4777157365259
              ],
              [
                1733.929413317269,
                957.4575774012246
              ],
              [
                1733.92973486524,
                957.4565581682178
              ],
              [
                1733.9316542129325,
                957.4474715036067
              ],
              [
                1733.9350933548044,
                957.4319618053106
              ],
              [
                1733.937223124754,
                957.4247939926096
              ],
              [
                1733.9396782688539,
                957.412201118652
              ],
              [
                1733.9442034795002,
                957.3954663587455
              ],
              [
                1733.9449727165359,
                957.3927154230288
              ],
              [
                1733.945020215332,
                957.3924459738121
              ],
              [
                1733.9497712029945,
                957.3748762640103
              ],
              [
                1733.95091819618,
                957.3679841099004
              ],
              [
                1733.9557088024806,
                957.3493489320068
              ],
              [
                1733.9566568621244,
                957.3431171280859
              ],
              [
                1733.957542240494,
                957.339582499501
              ],
              [
                1733.9604304451568,
                957.3201118052293
              ],
              [
                1733.9626107527336,
                957.3108758741225
              ],
              [
                1733.963619374477,
                957.3033163538568
              ],
              [
                1733.9674371010415,
                957.2860993301344
              ],
              [
                1733.969695707023,
                957.2673737029337
              ],
              [
                1733.9699903522908,
                957.26597877968
              ],
              [
                1733.9714815380673,
                957.2525677533102
              ],
              [
                1733.9725858171603,
                957.2434124075836
              ],
              [
                1733.9740548130894,
                957.2358776642742
              ],
              [
                1733.9756468143232,
                957.2193926018613
              ],
              [
                1733.9776815600467,
                957.2071660417773
              ],
              [
                1733.9790461589525,
                957.1994250012684
              ],
              [
                1733.9791110409376,
                957.1985764505566
              ],
              [
                1733.9823221375732,
                957.1792813290597
              ],
              [
                1733.9828868585373,
                957.1707016101568
              ],
              [
                1733.985971900159,
                957.1504229551143
              ],
              [
                1733.9861623770278,
                957.1466412112215
              ],
              [
                1733.9863411330318,
                957.1454361361278
              ],
              [
                1733.9873066516682,
                957.1257825527849
              ],
              [
                1733.9888343527182,
                957.1143325844276
              ],
              [
                1733.989095317271,
                957.1065356141709
              ],
              [
                1733.990940097313,
                957.0912409308064
              ],
              [
                1733.9913122648256,
                957.0742194860096
              ],
              [
                1733.9915159856512,
                957.0723873163312
              ],
              [
                1733.9917704353763,
                957.0532646082368
              ],
              [
                1733.9917939220936,
                957.0521904202767
              ],
              [
                1733.9925563330607,
                957.0442957075661
              ],
              [
                1733.9925563330607,
                957.0237947683404
              ],
              [
                1733.9930580389043,
                957.0161724284869
              ],
              [
                1733.9940097540366,
                957.0037255443336
              ],
              [
                1733.9939767256994,
                957.0022149610627
              ],
              [
                1733.995345166182,
                956.9814244549154
              ],
              [
                1733.9950013381015,
                956.9711517290315
              ],
              [
                1733.99609375,
                956.949462890625
              ],
              [
                1733.9950639757008,
                956.9282069800902
              ],
              [
                1733.9954672364945,
                956.9161585528971
              ],
              [
                1733.9949425134857,
                956.908186516788
              ],
              [
                1733.9952304571616,
                956.8950171314476
              ],
              [
                1733.9940768541662,
                956.8799298827988
              ],
              [
                1733.9941075892673,
                956.8776200419655
              ],
              [
                1733.9925563330607,
                956.8592237591406
              ],
              [
                1733.9925563330607,
                956.8518224564964
              ],
              [
                1733.9901858151284,
                956.8272759076375
              ],
              [
                1733.9900875676467,
                956.8243405178165
              ],
              [
                1733.989719394188,
                956.8075017449748
              ],
              [
                1733.9894489191704,
                956.8052592934857
              ],
              [
                1733.9887122824057,
                956.7832504233849
              ],
              [
                1733.988595693704,
                956.7823766025892
              ],
              [
                1733.9885902120932,
                956.7822128257286
              ],
              [
                1733.9876494951982,
                956.7751622455896
              ],
              [
                1733.9867156865337,
                956.7558871933351
              ],
              [
                1733.9863517381432,
                956.7534003413442
              ],
              [
                1733.9863411330318,
                956.7531844693409
              ],
              [
                1733.9856590916386,
                956.7485865197505
              ],
              [
                1733.9856056892215,
                956.7475262636357
              ],
              [
                1733.983423771694,
                956.7331840412945
              ],
              [
                1733.9824442078857,
                956.7183016787528
              ],
              [
                1733.9811015166108,
                956.7102335966547
              ],
              [
                1733.9802668620775,
                956.6993176745128
              ],
              [
                1733.9779769651361,
                956.6863276413906
              ],
              [
                1733.9777405811255,
                956.683524373241
              ],
              [
                1733.974708170725,
                956.6670059728114
              ],
              [
                1733.9740548130894,
                956.6602404997883
              ],
              [
                1733.9686931520537,
                956.6327395797261
              ],
              [
                1733.9683926920304,
                956.6306865424644
              ],
              [
                1733.9662163979165,
                956.6126433456468
              ],
              [
                1733.9661424399462,
                956.6123098130831
              ],
              [
                1733.966094327604,
                956.6119109237718
              ],
              [
                1733.9655256876924,
                956.6093464952614
              ],
              [
                1733.9623666121086,
                956.5856695360337
              ],
              [
                1733.9612230502946,
                956.5808253304533
              ],
              [
                1733.9599613362775,
                956.5720030898171
              ],
              [
                1733.9595625209513,
                956.5703501620649
              ],
              [
                1733.9586694442094,
                956.5642477867492
              ],
              [
                1733.9577824153107,
                956.5606572330637
              ],
              [
                1733.957542240494,
                956.5590381059677
              ],
              [
                1733.9559843316679,
                956.5528185852995
              ],
              [
                1733.955342591543,
                956.5486002867432
              ],
              [
                1733.9521094750978,
                956.5360236531546
              ],
              [
                1733.949893273307,
                956.5227067438022
              ],
              [
                1733.947711162576,
                956.5146370422952
              ],
              [
                1733.9461934196609,
                956.5060272527525
              ],
              [
                1733.943173385917,
                956.4952270464369
              ],
              [
                1733.9425702064214,
                956.4919413564669
              ],
              [
                1733.9384140066695,
                956.4774324181593
              ],
              [
                1733.937223124754,
                956.4713241714529
              ],
              [
                1733.9289589984169,
                956.4435109751361
              ],
              [
                1733.9264160498035,
                956.4329714846529
              ],
              [
                1733.9236050416123,
                956.4202945173804
              ],
              [
                1733.9226633744454,
                956.4174181675248
              ],
              [
                1733.921944535026,
                956.4144388697202
              ],
              [
                1733.916810053855,
                956.3926888584508
              ],
              [
                1733.9164296498534,
                956.3915819077315
              ],
              [
                1733.9155540285185,
                956.3879528124847
              ],
              [
                1733.9140038305113,
                956.383448396641
              ],
              [
                1733.9122180424672,
                956.3762198070726
              ],
              [
                1733.9105982547583,
                956.3716272096086
              ],
              [
                1733.9098523511518,
                956.368649395491
              ],
              [
                1733.9094979211739,
                956.3676588300617
              ],
              [
                1733.9094861402143,
                956.3676117978348
              ],
              [
                1733.907103242709,
                956.360952045451
              ],
              [
                1733.905244564557,
                956.3537218963149
              ],
              [
                1733.9012881698666,
                956.3429593685129
              ],
              [
                1733.8981343835594,
                956.3312962967196
              ],
              [
                1733.8951069178056,
                956.3233323537083
              ],
              [
                1733.8933382757884,
                956.3170073585914
              ],
              [
                1733.889998486008,
                956.3084179712286
              ],
              [
                1733.8889300650173,
                956.3046882048156
              ],
              [
                1733.884018485991,
                956.2922621626528
              ],
              [
                1733.882402384297,
                956.2868231178161
              ],
              [
                1733.8714564326615,
                956.2598182719114
              ],
              [
                1733.8634820223751,
                956.2366469996792
              ],
              [
                1733.8625386609517,
                956.2337654746674
              ],
              [
                1733.8623169725897,
                956.2332617103887
              ],
              [
                1733.853941949184,
                956.2089263751953
              ],
              [
                1733.852781816802,
                956.2063708840013
              ],
              [
                1733.8523683234714,
                956.205167645503
              ],
              [
                1733.8502953687623,
                956.2006499390824
              ],
              [
                1733.847797105501,
                956.193566592632
              ],
              [
                1733.847382110937,
                956.1926757501652
              ],
              [
                1733.847308824251,
                956.1924679598195
              ],
              [
                1733.8451953850517,
                956.1879311741536
              ],
              [
                1733.8433645337725,
                956.1828142876136
              ],
              [
                1733.8391131534659,
                956.1738254991808
              ],
              [
                1733.8358186929704,
                956.1648636221563
              ],
              [
                1733.8314640993108,
                956.155915834151
              ],
              [
                1733.8276762889582,
                956.1459517558628
              ],
              [
                1733.8238170812128,
                956.1382103356079
              ],
              [
                1733.8222104543897,
                956.1340783569391
              ],
              [
                1733.8189531302328,
                956.1276501611675
              ],
              [
                1733.8173289471667,
                956.1235410615986
              ],
              [
                1733.8120323318076,
                956.1132125915597
              ],
              [
                1733.8101003133538,
                956.1084460931894
              ],
              [
                1733.7965477584203,
                956.0825008470757
              ],
              [
                1733.775677242833,
                956.0365281463521
              ],
              [
                1733.7722337932234,
                956.0305259708748
              ],
              [
                1733.7696748339001,
                956.0249490873499
              ],
              [
                1733.7676931051776,
                956.0215619535307
              ],
              [
                1733.7655224956964,
                956.0169024440522
              ],
              [
                1733.7623485269019,
                956.0115203329678
              ],
              [
                1733.7594479974466,
                956.0053876786917
              ],
              [
                1733.7528485548862,
                955.9943771739664
              ],
              [
                1733.7477676950302,
                955.9839370593594
              ],
              [
                1733.743330847679,
                955.9767580895423
              ],
              [
                1733.739211538707,
                955.9684949163686
              ],
              [
                1733.734556901886,
                955.9610976622255
              ],
              [
                1733.733494955267,
                955.9590019540808
              ],
              [
                1733.730702245588,
                955.9546178472109
              ],
              [
                1733.7284460075082,
                955.9502181530991
              ],
              [
                1733.7231275855786,
                955.9419439953655
              ],
              [
                1733.7209865366935,
                955.9378451342626
              ],
              [
                1733.704932151347,
                955.9132144634464
              ],
              [
                1733.6814612886799,
                955.8723030948174
              ],
              [
                1733.6751163581698,
                955.8633315019571
              ],
              [
                1733.6695423989229,
                955.8538045946374
              ],
              [
                1733.6684673381906,
                955.8523256404256
              ],
              [
                1733.6671377729328,
                955.8500710915076
              ],
              [
                1733.662725161298,
                955.8440153756999
              ],
              [
                1733.658544693355,
                955.8370406863046
              ],
              [
                1733.6491616125593,
                955.8243890664238
              ],
              [
                1733.6419828097162,
                955.8127735194251
              ],
              [
                1733.6377645045982,
                955.8072729946146
              ],
              [
                1733.6336096736675,
                955.8006700433002
              ],
              [
                1733.6282207017086,
                955.793738238445
              ],
              [
                1733.6280461571732,
                955.7934642314824
              ],
              [
                1733.6269603838446,
                955.7920806102186
              ],
              [
                1733.6269475243607,
                955.7920604228887
              ],
              [
                1733.6260555631761,
                955.7909237800654
              ],
              [
                1733.6231243231134,
                955.7863634907627
              ],
              [
                1733.6181314615278,
                955.7800446676911
              ],
              [
                1733.615886380498,
                955.7766002597859
              ],
              [
                1733.5974674740387,
                955.7535376794091
              ],
              [
                1733.5721384150947,
                955.717722944476
              ],
              [
                1733.5627166452311,
                955.7067671422776
              ],
              [
                1733.553077314135,
                955.6935384571981
              ],
              [
                1733.5472716638694,
                955.6870063742622
              ],
              [
                1733.5416263754755,
                955.6793945840164
              ],
              [
                1733.5290782739696,
                955.6655498874863
              ],
              [
                1733.5195347757526,
                955.653105494003
              ],
              [
                1733.5158150126679,
                955.6491514217038
              ],
              [
                1733.5119086794384,
                955.6441267268542
              ],
              [
                1733.5058892199672,
                955.6377935610058
              ],
              [
                1733.5057809568664,
                955.6376555993111
              ],
              [
                1733.5048687359686,
                955.6367025959845
              ],
              [
                1733.5023628966885,
                955.6335312773358
              ],
              [
                1733.4980188646773,
                955.6290166307872
              ],
              [
                1733.4957732286123,
                955.6262048372445
              ],
              [
                1733.4751615391933,
                955.6049565019104
              ],
              [
                1733.4486883330453,
                955.5741729851918
              ],
              [
                1733.4369772835312,
                955.5629113966471
              ],
              [
                1733.4244107855238,
                955.5487725141027
              ],
              [
                1733.4226215077426,
                955.5471145275811
              ],
              [
                1733.4210593312,
                955.5453609575567
              ],
              [
                1733.415552360601,
                955.5402933442442
              ],
              [
                1733.409819031123,
                955.5339675899706
              ],
              [
                1733.409754997502,
                955.5339095532794
              ],
              [
                1733.4096969608106,
                955.5338455196581
              ],
              [
                1733.393715187664,
                955.5193604848107
              ],
              [
                1733.3816629937528,
                955.5065491188707
              ],
              [
                1733.3786957815635,
                955.5039713890809
              ],
              [
                1733.3753047837502,
                955.5004036681509
              ],
              [
                1733.3701365677261,
                955.4959469907998
              ],
              [
                1733.3700635202526,
                955.4958706776114
              ],
              [
                1733.3691531533877,
                955.4950896391789
              ],
              [
                1733.367307180782,
                955.4931711648602
              ],
              [
                1733.3639036305929,
                955.4902621019288
              ],
              [
                1733.3617595075627,
                955.4880517520535
              ],
              [
                1733.3391618747635,
                955.4688500671701
              ],
              [
                1733.312217356292,
                955.4429396583556
              ],
              [
                1733.2980927615101,
                955.4317232870611
              ],
              [
                1733.2823448299712,
                955.4171308864236
              ],
              [
                1733.27868822277,
                955.414348504993
              ],
              [
                1733.2751510970397,
                955.4110935783295
              ],
              [
                1733.2699294412546,
                955.4071676239878
              ],
              [
                1733.2642699667647,
                955.4020381753057
              ],
              [
                1733.2443846913015,
                955.3872902498957
              ],
              [
                1733.2297629811915,
                955.3745878156504
              ],
              [
                1733.2277716693593,
                955.3731823046512
              ],
              [
                1733.2251406984608,
                955.3709135549781
              ],
              [
                1733.2211363232293,
                955.3681003588534
              ],
              [
                1733.2211022476245,
                955.3680711240931
              ],
              [
                1733.2202177809256,
                955.3674517551507
              ],
              [
                1733.2192382128794,
                955.3666145043585
              ],
              [
                1733.2170285534482,
                955.3650708098257
              ],
              [
                1733.215086383831,
                955.3634205073668
              ],
              [
                1733.190744118359,
                955.3464774971359
              ],
              [
                1733.1639484870145,
                955.3251990282754
              ],
              [
                1733.1511210422532,
                955.3168601333953
              ],
              [
                1733.1506275653926,
                955.3164728857954
              ],
              [
                1733.1471424237604,
                955.3142528238632
              ],
              [
                1733.1282117510245,
                955.2998481176999
              ],
              [
                1733.1224756657766,
                955.2963030220542
              ],
              [
                1733.116664707734,
                955.2919339948919
              ],
              [
                1733.1119682480373,
                955.2890835224134
              ],
              [
                1733.1066238644767,
                955.2851198574261
              ],
              [
                1733.0826329699614,
                955.2707402686353
              ],
              [
                1733.0653722471864,
                955.2585572768384
              ],
              [
                1733.0645454482203,
                955.258090477842
              ],
              [
                1733.0628924217256,
                955.2569291761506
              ],
              [
                1733.058667982743,
                955.254548201583
              ],
              [
                1733.0571122688066,
                955.2534653739732
              ],
              [
                1733.031299183104,
                955.2389660628014
              ],
              [
                1733.0052104557215,
                955.2220062427244
              ],
              [
                1732.9891427501434,
                955.2136058207477
              ],
              [
                1732.9850898427942,
                955.2110240877018
              ],
              [
                1732.9817673398059,
                955.2093404941043
              ],
              [
                1732.9634570184803,
                955.1980240931802
              ],
              [
                1732.9554819297214,
                955.1941056087404
              ],
              [
                1732.947157963323,
                955.1890534548492
              ],
              [
                1732.9431345445269,
                955.1871281301447
              ],
              [
                1732.9382768720895,
                955.1842165533345
              ],
              [
                1732.9109542221904,
                955.1712939023482
              ],
              [
                1732.8901547300625,
                955.1595709109689
              ],
              [
                1732.8891223635676,
                955.1591157628777
              ],
              [
                1732.88905609725,
                955.1590826297189
              ],
              [
                1732.8683958448564,
                955.1499778884163
              ],
              [
                1732.8622964760355,
                955.1472888084335
              ],
              [
                1732.8374258136614,
                955.1342860770997
              ],
              [
                1732.8181288660098,
                955.1264208736329
              ],
              [
                1732.8100134399358,
                955.122308588579
              ],
              [
                1732.8068679539253,
                955.121085537203
              ],
              [
                1732.789625712677,
                955.1126137250288
              ],
              [
                1732.7793076469595,
                955.1087321218992
              ],
              [
                1732.7682969855134,
                955.1034631952557
              ],
              [
                1732.7650690465994,
                955.102295352969
              ],
              [
                1732.7608502631676,
                955.1003000170086
              ],
              [
                1732.7362448753274,
                955.0914960684642
              ],
              [
                1732.7201817323078,
                955.0843743413503
              ],
              [
                1732.717700156647,
                955.0835394141156
              ],
              [
                1732.7128084781023,
                955.0813827786927
              ],
              [
                1732.7125430406315,
                955.0812953071622
              ],
              [
                1732.7113663298337,
                955.0807767439231
              ],
              [
                1732.7102989105383,
                955.0804254320914
              ],
              [
                1732.7095328651762,
                955.0800882921733
              ],
              [
                1732.7043033377524,
                955.0783762353927
              ],
              [
                1732.7013045939104,
                955.0770651606725
              ],
              [
                1732.6815939718808,
                955.0707708950957
              ],
              [
                1732.662098184446,
                955.0628246469279
              ],
              [
                1732.6396754271502,
                955.0560764895602
              ],
              [
                1732.6270844382836,
                955.0511807671802
              ],
              [
                1732.6241251758013,
                955.05035327627
              ],
              [
                1732.6083480346324,
                955.044417997099
              ],
              [
                1732.5956407180624,
                955.0409975490439
              ],
              [
                1732.5818398409742,
                955.0360045029279
              ],
              [
                1732.5795026309343,
                955.0354127966488
              ],
              [
                1732.5760527529465,
                955.0341784105668
              ],
              [
                1732.5562342032952,
                955.0292141223093
              ],
              [
                1732.5444678718945,
                955.0252553348772
              ],
              [
                1732.5381129838124,
                955.0237551493004
              ],
              [
                1732.5269203329228,
                955.02007139475
              ],
              [
                1732.524658623542,
                955.0195636647491
              ],
              [
                1732.5230038224634,
                955.0190219115126
              ],
              [
                1732.5116729429271,
                955.0165093866708
              ],
              [
                1732.5050916217467,
                955.0144077491226
              ],
              [
                1732.4924111244106,
                955.0117571100822
              ],
              [
                1732.4807987891352,
                955.0082623629905
              ],
              [
                1732.4805546485102,
                955.0082013278343
              ],
              [
                1732.4562711819838,
                955.0034166983392
              ],
              [
                1732.4380645441227,
                954.9983256233079
              ],
              [
                1732.4352988862388,
                954.9978380901762
              ],
              [
                1732.4213240179165,
                954.9940764532554
              ],
              [
                1732.4062402331128,
                954.9915483398914
              ],
              [
                1732.3896192608863,
                954.9873404452377
              ],
              [
                1732.3882395388287,
                954.9871336494788
              ],
              [
                1732.3856640424697,
                954.9864885212248
              ],
              [
                1732.3853612192956,
                954.9864436016502
              ],
              [
                1732.3848095502822,
                954.9863054157561
              ],
              [
                1732.3704510244177,
                954.9841755296424
              ],
              [
                1732.3640347072662,
                954.9826608426295
              ],
              [
                1732.3540402925196,
                954.9812616414683
              ],
              [
                1732.3374567620465,
                954.9775388130569
              ],
              [
                1732.3339699271955,
                954.9771052750962
              ],
              [
                1732.331387416072,
                954.976532625521
              ],
              [
                1732.3136842702193,
                954.9743973469167
              ],
              [
                1732.303474850722,
                954.9722632440355
              ],
              [
                1732.2922862452588,
                954.9711063540091
              ],
              [
                1732.2826915328706,
                954.9692158848769
              ],
              [
                1732.2617980011858,
                954.9672531684699
              ],
              [
                1732.2447741223623,
                954.9642521808912
              ],
              [
                1732.2422102443813,
                954.9640561413489
              ],
              [
                1732.2303075856278,
                954.9620611996912
              ],
              [
                1732.2135316064414,
                954.9608987328129
              ],
              [
                1732.1906631869092,
                954.9575065232181
              ],
              [
                1732.1809505687352,
                954.9570293728841
              ],
              [
                1732.18043262923,
                954.9569568622294
              ],
              [
                1732.1668544764757,
                954.9563268629241
              ],
              [
                1732.1447615702239,
                954.9535799265386
              ],
              [
                1732.1400540438235,
                954.9534548031123
              ],
              [
                1732.136529016744,
                954.9530296292497
              ],
              [
                1732.1123478958216,
                954.9525009181012
              ],
              [
                1732.0985927029922,
                954.9510786456431
              ],
              [
                1732.0896167813382,
                954.9510786456431
              ],
              [
                1732.081908251695,
                954.9503545144702
              ],
              [
                1732.064643780233,
                954.9504790333096
              ],
              [
                1732.0490746654273,
                954.949288585807
              ],
              [
                1732.0467233188074,
                954.9493399971199
              ],
              [
                1732.0370901019912,
                954.9486724774862
              ],
              [
                1732.020306344192,
                954.9491374281987
              ],
              [
                1731.99462890625,
                954.9478759765625
              ],
              [
                1731.9719952855594,
                954.9489878950459
              ],
              [
                1731.9506511729173,
                954.9484205804357
              ],
              [
                1731.9447626853748,
                954.9488367302682
              ],
              [
                1731.9403052173852,
                954.9487392694008
              ],
              [
                1731.9097099855835,
                954.9510786456431
              ],
              [
                1731.8926182345078,
                954.9510786456431
              ],
              [
                1731.8859529514361,
                954.951767828896
              ],
              [
                1731.8802462527965,
                954.9518089880762
              ],
              [
                1731.8667320180912,
                954.9532754394681
              ],
              [
                1731.8528508660686,
                954.953578945656
              ],
              [
                1731.850726256709,
                954.9538352070541
              ],
              [
                1731.8434835728315,
                954.9540358469269
              ],
              [
                1731.826854090739,
                954.9561182247191
              ],
              [
                1731.7985946255908,
                954.9575065232181
              ],
              [
                1731.7772184697524,
                954.9606773764042
              ],
              [
                1731.7569553258343,
                954.9621094086342
              ],
              [
                1731.7499605442858,
                954.9632934263683
              ],
              [
                1731.7446057604502,
                954.963702864485
              ],
              [
                1731.7078324743347,
                954.970185298718
              ],
              [
                1731.687736086778,
                954.9722632440355
              ],
              [
                1731.683405330662,
                954.9731685138314
              ],
              [
                1731.6797559182794,
                954.9735645174517
              ],
              [
                1731.6699969465367,
                954.9756340123289
              ],
              [
                1731.6579924667406,
                954.9770819419273
              ],
              [
                1731.656112210749,
                954.9774988724818
              ],
              [
                1731.6513036524661,
                954.9781010099942
              ],
              [
                1731.634976472203,
                954.9817769835802
              ],
              [
                1731.6044482622178,
                954.9863054157561
              ],
              [
                1731.5845123248184,
                954.9912991081138
              ],
              [
                1731.5654998769796,
                954.9945173752254
              ],
              [
                1731.5575073786858,
                954.9966847674641
              ],
              [
                1731.5513153386898,
                954.9977763069016
              ],
              [
                1731.508771915455,
                955.00967261425
              ],
              [
                1731.4861193157533,
                955.0144077491226
              ],
              [
                1731.4840732107239,
                955.0150611393826
              ],
              [
                1731.482475717445,
                955.0153999050071
              ],
              [
                1731.4763650116156,
                955.0173562641007
              ],
              [
                1731.4663760603491,
                955.0195712279188
              ],
              [
                1731.464760244965,
                955.0201002179136
              ],
              [
                1731.4623526163855,
                955.0206422820619
              ],
              [
                1731.4464609568022,
                955.0258791756385
              ],
              [
                1731.414059551741,
                955.0339953050981
              ],
              [
                1731.3957119777517,
                955.0405601720437
              ],
              [
                1731.3780895555444,
                955.0453389908454
              ],
              [
                1731.369240149134,
                955.0486895209962
              ],
              [
                1731.3622954445289,
                955.050631450774
              ],
              [
                1731.3150510730302,
                955.0690013603439
              ],
              [
                1731.290411480819,
                955.0768897928147
              ],
              [
                1731.2902904272426,
                955.0769425098241
              ],
              [
                1731.2899063435896,
                955.0770651606725
              ],
              [
                1731.2873631954353,
                955.0781769420372
              ],
              [
                1731.2798470176363,
                955.0806376085795
              ],
              [
                1731.2785164394743,
                955.0812231477008
              ],
              [
                1731.2784024593977,
                955.0812607083802
              ],
              [
                1731.2630652264615,
                955.088021938569
              ],
              [
                1731.2292620415199,
                955.1001169115399
              ],
              [
                1731.2126150959468,
                955.1079903304221
              ],
              [
                1731.2065066663317,
                955.1103030818825
              ],
              [
                1731.200364521698,
                955.1126137250288
              ],
              [
                1731.2002325768622,
                955.1126785548762
              ],
              [
                1731.1964909598664,
                955.114095192329
              ],
              [
                1731.1869553825343,
                955.1188084839451
              ],
              [
                1731.1793664428767,
                955.1217592721728
              ],
              [
                1731.1329195386616,
                955.1452950555387
              ],
              [
                1731.10020171525,
                955.1596929812814
              ],
              [
                1731.1000796449375,
                955.1597540164377
              ],
              [
                1731.0838376680545,
                955.168897517745
              ],
              [
                1731.0765472101668,
                955.1723456475261
              ],
              [
                1731.066650208253,
                955.1769385414902
              ],
              [
                1731.0658803514214,
                955.177390695982
              ],
              [
                1731.051835432598,
                955.1840334478658
              ],
              [
                1731.0434206543673,
                955.1890770718393
              ],
              [
                1731.042832271052,
                955.1893586306304
              ],
              [
                1731.0371482302464,
                955.1928085062666
              ],
              [
                1731.0265332158947,
                955.1980240931802
              ],
              [
                1731.025897730275,
                955.1984168448926
              ],
              [
                1731.0224159048278,
                955.2001378585362
              ],
              [
                1731.0123919364837,
                955.2063693420256
              ],
              [
                1731.0042900400183,
                955.2104747712956
              ],
              [
                1730.9610171147563,
                955.238039956362
              ],
              [
                1730.9290481653443,
                955.2560370347255
              ],
              [
                1730.9138351371341,
                955.2666903212846
              ],
              [
                1730.9002024733588,
                955.2746970959321
              ],
              [
                1730.8984442929852,
                955.2759725587808
              ],
              [
                1730.8834884402108,
                955.2849367519574
              ],
              [
                1730.8750693610393,
                955.291180766624
              ],
              [
                1730.873325526641,
                955.2922391706732
              ],
              [
                1730.869794959989,
                955.2948936626673
              ],
              [
                1730.8617784833505,
                955.2998481176999
              ],
              [
                1730.860691792796,
                955.3006750010519
              ],
              [
                1730.857505285661,
                955.3026559197777
              ],
              [
                1730.8472143330198,
                955.3105332005931
              ],
              [
                1730.83875231742,
                955.3159235693892
              ],
              [
                1730.7991439295552,
                955.3470055802379
              ],
              [
                1730.768277635188,
                955.3686204404994
              ],
              [
                1730.7548366059882,
                955.3801520117612
              ],
              [
                1730.7439543024536,
                955.3880465225154
              ],
              [
                1730.7413225251562,
                955.390374180519
              ],
              [
                1730.7258423379228,
                955.401855069837
              ],
              [
                1730.7176162970848,
                955.4093107186628
              ],
              [
                1730.7148391373353,
                955.4113987541108
              ],
              [
                1730.713217752401,
                955.4128907816656
              ],
              [
                1730.7076454044038,
                955.4171308864236
              ],
              [
                1730.7061791244591,
                955.4184895756168
              ],
              [
                1730.7033136102687,
                955.4206830032563
              ],
              [
                1730.692996824754,
                955.430302721093
              ],
              [
                1730.6843474938423,
                955.4370901368835
              ],
              [
                1730.6834825111534,
                955.4379181038621
              ],
              [
                1730.6833709313423,
                955.4380056642273
              ],
              [
                1730.6485211980955,
                955.4713640524553
              ],
              [
                1730.6193163625599,
                955.4964199940176
              ],
              [
                1730.6076996773345,
                955.5085560234487
              ],
              [
                1730.5993612091013,
                955.5159309264619
              ],
              [
                1730.5960059140446,
                955.5195319450544
              ],
              [
                1730.580415343877,
                955.5336624141894
              ],
              [
                1730.5727030503613,
                955.5421716188067
              ],
              [
                1730.5690628281338,
                955.54554473362
              ],
              [
                1730.568930903175,
                955.5456661333379
              ],
              [
                1730.568926589484,
                955.5456709755304
              ],
              [
                1730.5655794488512,
                955.5487725141027
              ],
              [
                1730.5638229924512,
                955.5507487473158
              ],
              [
                1730.5612943458634,
                955.5531065424495
              ],
              [
                1730.5513179567713,
                955.5644076186182
              ],
              [
                1730.5415860096425,
                955.5737231008412
              ],
              [
                1730.5093030338596,
                955.6113516607576
              ],
              [
                1730.4835989259461,
                955.6382049157173
              ],
              [
                1730.4741391159107,
                955.6502597286066
              ],
              [
                1730.4737319469323,
                955.6506910746887
              ],
              [
                1730.4734253851148,
                955.651089604311
              ],
              [
                1730.4677701352039,
                955.6571590139251
              ],
              [
                1730.4638775726487,
                955.6622420304906
              ],
              [
                1730.4486079995245,
                955.6790894082352
              ],
              [
                1730.4428261319883,
                955.6868853541362
              ],
              [
                1730.43691292024,
                955.6935384571981
              ],
              [
                1730.4366663016563,
                955.6938769080249
              ],
              [
                1730.43642463899,
                955.6941488087606
              ],
              [
                1730.4347220271452,
                955.6964854144527
              ],
              [
                1730.432786218053,
                955.6986782645708
              ],
              [
                1730.4242237427281,
                955.7105188263099
              ],
              [
                1730.4137864561244,
                955.7226843734693
              ],
              [
                1730.384612386251,
                955.7643453149564
              ],
              [
                1730.3624323584518,
                955.7926097392949
              ],
              [
                1730.3544695514877,
                955.8051100707744
              ],
              [
                1730.3504069037058,
                955.8104151893646
              ],
              [
                1730.3461996795145,
                955.8171710432114
              ],
              [
                1730.331689681645,
                955.8367355105233
              ],
              [
                1730.3315739972222,
                955.8369285183226
              ],
              [
                1730.33144554102,
                955.8371017214608
              ],
              [
                1730.3276730803393,
                955.8433956918636
              ],
              [
                1730.3223641801922,
                955.8506814430701
              ],
              [
                1730.3201485025734,
                955.8544385761246
              ],
              [
                1730.3190005915224,
                955.8560259572445
              ],
              [
                1730.3118787706485,
                955.8682098397522
              ],
              [
                1730.3012030503505,
                955.8834549036256
              ],
              [
                1730.2756582072755,
                955.9288312574708
              ],
              [
                1730.256983560358,
                955.9581474618933
              ],
              [
                1730.2507701840564,
                955.9704093054636
              ],
              [
                1730.2483647995673,
                955.9742718108388
              ],
              [
                1730.244627406689,
                955.9818071584452
              ],
              [
                1730.244536741475,
                955.9819534500128
              ],
              [
                1730.2441514081936,
                955.9827431833204
              ],
              [
                1730.2305422369284,
                956.005448713848
              ],
              [
                1730.2283073827289,
                956.0101739160482
              ],
              [
                1730.2239794574286,
                956.0175127956147
              ],
              [
                1730.2215162469815,
                956.0228004129981
              ],
              [
                1730.2210100512668,
                956.0236664034833
              ],
              [
                1730.2153221559374,
                956.0360086633796
              ],
              [
                1730.2049200320628,
                956.0544863832188
              ],
              [
                1730.1834898713307,
                956.1031842461634
              ],
              [
                1730.1682680612353,
                956.1332238647516
              ],
              [
                1730.163697874847,
                956.1449776288471
              ],
              [
                1730.1625943853821,
                956.1472024890555
              ],
              [
                1730.1588605458683,
                956.1570069158831
              ],
              [
                1730.1466257006025,
                956.1828753227699
              ],
              [
                1730.1455644639066,
                956.1858412806425
              ],
              [
                1730.142193128874,
                956.193078311382
              ],
              [
                1730.1397670984684,
                956.1999568554202
              ],
              [
                1730.1397382920125,
                956.2000193630342
              ],
              [
                1730.1392583805402,
                956.2013992275616
              ],
              [
                1730.1384852392957,
                956.2035913213155
              ],
              [
                1730.1376219109036,
                956.2054728212843
              ],
              [
                1730.1345762719116,
                956.214335431189
              ],
              [
                1730.1258646593608,
                956.2341316856049
              ],
              [
                1730.108987065843,
                956.2856847877887
              ],
              [
                1730.0971402398366,
                956.3161528664039
              ],
              [
                1730.0940665920448,
                956.3271448065957
              ],
              [
                1730.093894646511,
                956.3275963062916
              ],
              [
                1730.0917191315505,
                956.335539764999
              ],
              [
                1730.0908446464157,
                956.3386670876303
              ],
              [
                1730.0882310748602,
                956.346077368639
              ],
              [
                1730.0805040941607,
                956.367672832991
              ],
              [
                1730.080411285849,
                956.3680433445396
              ],
              [
                1730.0802599535357,
                956.3684662900223
              ],
              [
                1730.080076997466,
                956.3691966915949
              ],
              [
                1730.0777721919078,
                956.3757315258226
              ],
              [
                1730.0743448019186,
                956.3896050622726
              ],
              [
                1730.07318018052,
                956.3929940342321
              ],
              [
                1730.071433365027,
                956.4003936634052
              ],
              [
                1730.0647982787002,
                956.4206607283179
              ],
              [
                1730.0528516246811,
                956.4745372493775
              ],
              [
                1730.0442850959641,
                956.505172760565
              ],
              [
                1730.0405253499903,
                956.5265008927829
              ],
              [
                1730.0313207901656,
                956.5637595054992
              ],
              [
                1730.028797118867,
                956.5810037004435
              ],
              [
                1730.0276236222664,
                956.585974711815
              ],
              [
                1730.0268415060818,
                956.5918365953065
              ],
              [
                1730.0223089927085,
                956.6122771347093
              ],
              [
                1730.0156013712565,
                956.6678886135336
              ],
              [
                1730.0102116535475,
                956.6984631823253
              ],
              [
                1730.0086849876407,
                956.7184294863592
              ],
              [
                1730.0032745478413,
                956.7553989120851
              ],
              [
                1730.0022793985256,
                956.7759271634881
              ],
              [
                1730.0014000222818,
                956.7825180015099
              ],
              [
                1730.001255905428,
                956.7868238538167
              ],
              [
                1729.998805996437,
                956.8071355340373
              ],
              [
                1729.9975660074733,
                956.8638476407647
              ],
              [
                1729.9952480584634,
                956.8941626392601
              ],
              [
                1729.9956520288329,
                956.9126386187894
              ],
              [
                1729.993896484375,
                956.9488525390625
              ],
              [
                1729.9950596374729,
                956.9719528930947
              ],
              [
                1729.9947671385055,
                956.9806920330404
              ],
              [
                1729.994950378782,
                956.9834759744275
              ],
              [
                1729.9945156365884,
                957.0033593333961
              ],
              [
                1729.998885054444,
                957.0605042037715
              ],
              [
                1729.999538418312,
                957.0903864386189
              ],
              [
                1730.001942312225,
                957.1103166175039
              ],
              [
                1730.0020929738578,
                957.1133843603304
              ],
              [
                1730.0035186884663,
                957.1427944472899
              ],
              [
                1730.0035467739572,
                957.1429863548809
              ],
              [
                1730.0036491013432,
                957.1450699251903
              ],
              [
                1730.0038419025332,
                957.1463696852366
              ],
              [
                1730.004018334216,
                957.1498736387081
              ],
              [
                1730.0073397782876,
                957.1717062188912
              ],
              [
                1730.0077901671143,
                957.1785489071847
              ],
              [
                1730.008013709736,
                957.179892149863
              ],
              [
                1730.0094792316725,
                957.1990587903309
              ]
            ]
          ]
        ]
      }
    }
  ]
}