{
  "type": "FeatureCollection",
  "features": [
    {
      "type": "Feature",
      "properties": {
        "image_id": "0027_top_20250626_t1",
        "zone_type": "parking_spot",
        "generated_at": "2025-11-03T11:20:42",
        "source": "merged_t1_polygons"
      },
      "geometry": {
        "type": "MultiPolygon",
        "coordinates": [
          [
            [
              [
                842.6928028330764,
                203.11519121931082
              ],
              [
                842.6765820901544,
                203.11695135827205
              ],
              [
                842.6752863073758,
                203.11722614294126
              ],
              [
                842.659825727936,
                203.1190222239096
              ],
              [
                842.6303468751847,
                203.12557375949442
              ],
              [
                842.6219411866505,
                203.1268206256041
              ],
              [
                842.6150566065817,
                203.12779097048931
              ],
              [
                842.6145209605689,
                203.12792131216767
              ],
              [
                842.602067891124,
                203.12976855052167
              ],
              [
                842.5793839709155,
                203.1354505767399
              ],
              [
                842.5657365289585,
                203.13773795227888
              ],
              [
                842.5629295348704,
                203.13849351521907
              ],
              [
                842.5509123046583,
                203.1406106848851
              ],
              [
                842.516084866317,
                203.15027235861413
              ],
              [
                842.5072383202398,
                203.1520154147484
              ],
              [
                842.5071772850836,
                203.15203067353747
              ],
              [
                842.4978599460908,
                203.15485131037067
              ],
              [
                842.4793018893198,
                203.15878674582746
              ],
              [
                842.4756653191688,
                203.15995100365348
              ],
              [
                842.4587475823022,
                203.1637108906488
              ],
              [
                842.4352338583997,
                203.17154822480896
              ],
              [
                842.4233816606477,
                203.17443228501003
              ],
              [
                842.4224360794773,
                203.17476397697467
              ],
              [
                842.4116791806473,
                203.1774584398637
              ],
              [
                842.391964808141,
                203.1845123551386
              ],
              [
                842.3787125122426,
                203.1880794961225
              ],
              [
                842.375654252476,
                203.18922999768026
              ],
              [
                842.3655427433871,
                203.19203508775803
              ],
              [
                842.3311468292826,
                203.2052508234319
              ],
              [
                842.3252675382103,
                203.20702020356848
              ],
              [
                842.3245047528787,
                203.20733110568327
              ],
              [
                842.3197336692281,
                203.2087754552223
              ],
              [
                842.3079516165599,
                203.21364500175733
              ],
              [
                842.2872376526941,
                203.2202766336349
              ],
              [
                842.2865295597327,
                203.22058499745512
              ],
              [
                842.2864441956629,
                203.22061232699429
              ],
              [
                842.2812686056242,
                203.22286621850736
              ],
              [
                842.2633323655527,
                203.22884452749827
              ],
              [
                842.2462912909851,
                203.23655223248235
              ],
              [
                842.2372339097504,
                203.23972939026692
              ],
              [
                842.2358787237802,
                203.2403608491405
              ],
              [
                842.2268816704261,
                203.24358004630554
              ],
              [
                842.2101674933488,
                203.25148526332114
              ],
              [
                842.197434834198,
                203.25627522405227
              ],
              [
                842.1941584320467,
                203.25788505326378
              ],
              [
                842.18597120456,
                203.2610307825512
              ],
              [
                842.1558099826153,
                203.27608906242676
              ],
              [
                842.1499399089948,
                203.27848163374028
              ],
              [
                842.1456487725158,
                203.280725100115
              ],
              [
                842.1387386436382,
                203.2835810705541
              ],
              [
                842.124879075922,
                203.29097150333303
              ],
              [
                842.1015487208765,
                203.3011315215803
              ],
              [
                842.0934132419213,
                203.30569921591083
              ],
              [
                842.0756529200545,
                203.31373223758612
              ],
              [
                842.0646541578304,
                203.32014419542102
              ],
              [
                842.0584243247264,
                203.3230470319915
              ],
              [
                842.0566859295677,
                203.32407663673825
              ],
              [
                842.0494550615042,
                203.32749658263143
              ],
              [
                842.0356902249557,
                203.33574690815445
              ],
              [
                842.0236035283946,
                203.34168559220365
              ],
              [
                842.0201616003671,
                203.3438128207114
              ],
              [
                842.0138590096874,
                203.34695944966998
              ],
              [
                841.9879964538192,
                203.36314794488436
              ],
              [
                841.9821552669347,
                203.3662017993651
              ],
              [
                841.9746641393295,
                203.37107164887874
              ],
              [
                841.9659277279571,
                203.3757302257044
              ],
              [
                841.9511997236566,
                203.38554551441146
              ],
              [
                841.9257019177529,
                203.3998613505299
              ],
              [
                841.9149359645284,
                203.40742553881248
              ],
              [
                841.8977000319525,
                203.41747358518984
              ],
              [
                841.8921536686294,
                203.42152467437987
              ],
              [
                841.8886924857864,
                203.4235746399857
              ],
              [
                841.8866226181458,
                203.42509459323557
              ],
              [
                841.8811080691171,
                203.42839988672304
              ],
              [
                841.8701650159874,
                203.43651580805457
              ],
              [
                841.8588487958505,
                203.44350961672333
              ],
              [
                841.855311505211,
                203.44620120793016
              ],
              [
                841.8507984695182,
                203.4490261126723
              ],
              [
                841.8291854641491,
                203.46564476162226
              ],
              [
                841.8234172356418,
                203.46939458491605
              ],
              [
                841.81315661801,
                203.4775425635907
              ],
              [
                841.8029579662817,
                203.4843393236332
              ],
              [
                841.7877273364696,
                203.49680267000878
              ],
              [
                841.760691694476,
                203.51579798627247
              ],
              [
                841.7477463191237,
                203.52700046427432
              ],
              [
                841.7313613141558,
                203.53896814699493
              ],
              [
                841.7305349741862,
                203.5397134785468
              ],
              [
                841.7296896587061,
                203.54033421389525
              ],
              [
                841.7273633574077,
                203.54242473614866
              ],
              [
                841.723461966829,
                203.54531820460264
              ],
              [
                841.7151430528933,
                203.55285802869747
              ],
              [
                841.7047157169037,
                203.56079238544706
              ],
              [
                841.7011678070273,
                203.56407996148292
              ],
              [
                841.6982981526409,
                203.56628649306157
              ],
              [
                841.6807775525876,
                203.58266506602982
              ],
              [
                841.6751483663644,
                203.5871352149963
              ],
              [
                841.6626461444273,
                203.5991576113818
              ],
              [
                841.6513920381482,
                203.60836693669762
              ],
              [
                841.6360531472304,
                203.62365585409773
              ],
              [
                841.6081957791783,
                203.64776265241747
              ],
              [
                841.5972981646105,
                203.65930735153864
              ],
              [
                841.5829627302,
                203.67218983785648
              ],
              [
                841.5804750868622,
                203.67491395846739
              ],
              [
                841.5780349727831,
                203.67712554895502
              ],
              [
                841.5720806500575,
                203.68369513170344
              ],
              [
                841.562649761351,
                203.6924340131262
              ],
              [
                841.5591867112304,
                203.69633037779934
              ],
              [
                841.5577689288314,
                203.6976557463601
              ],
              [
                841.54408329534,
                203.71317011055956
              ],
              [
                841.5386773896109,
                203.7183685418324
              ],
              [
                841.5245523743598,
                203.73479336173148
              ],
              [
                841.5126832743574,
                203.74662379266172
              ],
              [
                841.497654193338,
                203.7648680373575
              ],
              [
                841.469764661776,
                203.79441360886835
              ],
              [
                841.4612986764186,
                203.8054193693849
              ],
              [
                841.4499391587638,
                203.81785873145196
              ],
              [
                841.4474010131613,
                203.82125791245448
              ],
              [
                841.4462276284307,
                203.82255254300082
              ],
              [
                841.4457377058667,
                203.82321312710812
              ],
              [
                841.4456172768682,
                203.82334600003207
              ],
              [
                841.4421937259026,
                203.82796212413916
              ],
              [
                841.4339832327402,
                203.83719995622155
              ],
              [
                841.4307067130195,
                203.84169653872385
              ],
              [
                841.4305109162702,
                203.84191849864115
              ],
              [
                841.4253689885338,
                203.84902184745724
              ],
              [
                841.4201018038108,
                203.85625034985665
              ],
              [
                841.4152273075615,
                203.8619185011166
              ],
              [
                841.4085275454222,
                203.87139181813424
              ],
              [
                841.4065157374491,
                203.87375641497783
              ],
              [
                841.3988856775029,
                203.88476605166773
              ],
              [
                841.3881617213207,
                203.8977841783544
              ],
              [
                841.3738794759571,
                203.91906411883775
              ],
              [
                841.346805829487,
                203.95425979385672
              ],
              [
                841.3405388828985,
                203.96437173647305
              ],
              [
                841.331913087395,
                203.97592372946318
              ],
              [
                841.3295411378446,
                203.97985655558566
              ],
              [
                841.3286989589886,
                203.98099210232016
              ],
              [
                841.3263466766025,
                203.9849166483846
              ],
              [
                841.3199227739422,
                203.99373259053107
              ],
              [
                841.3094713500216,
                204.01145511024453
              ],
              [
                841.3059044339765,
                204.0164986514581
              ],
              [
                841.2977990626589,
                204.03062688519844
              ],
              [
                841.2938640550991,
                204.03630482271274
              ],
              [
                841.2874803126057,
                204.04779521168228
              ],
              [
                841.2790213875505,
                204.06039865162782
              ],
              [
                841.2659373282066,
                204.08474401497838
              ],
              [
                841.2405694563187,
                204.12567598419258
              ],
              [
                841.2362247212301,
                204.134580436979
              ],
              [
                841.2300327532988,
                204.1448470690095
              ],
              [
                841.2282811516438,
                204.14852909232076
              ],
              [
                841.227795654897,
                204.1493390947074
              ],
              [
                841.2263293898594,
                204.15243925165856
              ],
              [
                841.2215380511786,
                204.16056394307563
              ],
              [
                841.2141259727877,
                204.1764749808813
              ],
              [
                841.2116884798235,
                204.18072370299274
              ],
              [
                841.2030177459976,
                204.1998232335991
              ],
              [
                841.1978169530256,
                204.20918437782765
              ],
              [
                841.1927004735733,
                204.22101501389614
              ],
              [
                841.1863087945882,
                204.23290793972458
              ],
              [
                841.1748841024577,
                204.2602968805835
              ],
              [
                841.1521356920244,
                204.30691931958995
              ],
              [
                841.1493978432101,
                204.3143488605828
              ],
              [
                841.1452893170612,
                204.32298534994217
              ],
              [
                841.1440885078144,
                204.3263229872707
              ],
              [
                841.1438791185711,
                204.3267657036292
              ],
              [
                841.1431019588084,
                204.32893771966022
              ],
              [
                841.1397517226239,
                204.33612945884292
              ],
              [
                841.1350489386576,
                204.34946330104896
              ],
              [
                841.1345016963545,
                204.34924440412772
              ],
              [
                841.1235505654463,
                204.38090765195807
              ],
              [
                841.1193135890708,
                204.39070464733274
              ],
              [
                841.1154714763094,
                204.40272950679986
              ],
              [
                841.1109129421492,
                204.41365789078526
              ],
              [
                841.1016638439544,
                204.44385451722528
              ],
              [
                841.099241297683,
                204.44997698340245
              ],
              [
                841.0986126590296,
                204.45216165934988
              ],
              [
                841.0824036797682,
                204.49614702305828
              ],
              [
                841.0809251776087,
                204.50188483380228
              ],
              [
                841.0785072199704,
                204.5086055229493
              ],
              [
                841.0777741211413,
                204.5115167947716
              ],
              [
                841.0777575121293,
                204.51156321385045
              ],
              [
                841.0774645418777,
                204.51273281665692
              ],
              [
                841.0753307856578,
                204.51878267328354
              ],
              [
                841.0739958350513,
                204.52418634370247
              ],
              [
                841.072284433613,
                204.52913455666146
              ],
              [
                841.0634860307002,
                204.56543105061294
              ],
              [
                841.0591215767105,
                204.57909070849828
              ],
              [
                841.0565449248162,
                204.59115959691124
              ],
              [
                841.0535567837096,
                204.60091533512994
              ],
              [
                841.048256614489,
                204.62716146048547
              ],
              [
                841.0458378450624,
                204.63556728688638
              ],
              [
                841.044186413246,
                204.64446161363853
              ],
              [
                841.0320824141588,
                204.69143513718888
              ],
              [
                841.0314902619364,
                204.6953186094447
              ],
              [
                841.0303361632971,
                204.6999017498279
              ],
              [
                841.0299555353032,
                204.7024545611392
              ],
              [
                841.0288793839158,
                204.7068106529602
              ],
              [
                841.0283678893471,
                204.7103056850033
              ],
              [
                841.0274812695059,
                204.71396330241666
              ],
              [
                841.0216266745266,
                204.75471466124228
              ],
              [
                841.0178294792563,
                204.7725005042204
              ],
              [
                841.0164913811311,
                204.784461022433
              ],
              [
                841.0147902942718,
                204.79288470422335
              ],
              [
                841.0125667600589,
                204.81475960866504
              ],
              [
                841.0105831437126,
                204.82544302396676
              ],
              [
                841.0092205375116,
                204.84106853250597
              ],
              [
                841.0086670742396,
                204.84492095619655
              ],
              [
                841.0083852280662,
                204.84684680539877
              ],
              [
                841.0016835326046,
                204.8907980858365
              ],
              [
                841.0015864301945,
                204.8927216291848
              ],
              [
                841.001244787561,
                204.89501297189574
              ],
              [
                841.0011982636693,
                204.89595518777142
              ],
              [
                841.0008331415913,
                204.89845005954604
              ],
              [
                841.0007600067556,
                204.89995870781564
              ],
              [
                841.0004362901616,
                204.90221196207648
              ],
              [
                840.9983024075207,
                204.94704218598625
              ],
              [
                840.9958410548256,
                204.96904285483345
              ],
              [
                840.9956949319154,
                204.98074294557827
              ],
              [
                840.9949851967808,
                204.98772524796826
              ],
              [
                840.9949276251896,
                205.00497063672404
              ],
              [
                840.9938059057324,
                205.01783380801015
              ],
              [
                840.9939952706187,
                205.03752978264015
              ],
              [
                840.9913940429688,
                205.09217834472656
              ],
              [
                840.9932992051957,
                205.1309859798778
              ],
              [
                840.9930787329737,
                205.1387965944753
              ],
              [
                840.9936254019682,
                205.14645062377826
              ],
              [
                840.9933713083567,
                205.16679595024746
              ],
              [
                840.9943496978292,
                205.1780869565958
              ],
              [
                840.9943313977581,
                205.18356868523458
              ],
              [
                840.9944594078731,
                205.18491748785587
              ],
              [
                840.9944534680706,
                205.1866967369924
              ],
              [
                840.9955394331669,
                205.19813921220586
              ],
              [
                840.9956625607865,
                205.21094580228052
              ],
              [
                840.9983228109179,
                205.23589812759764
              ],
              [
                840.99890552853,
                205.24819536707017
              ],
              [
                840.9992072700355,
                205.25763753441026
              ],
              [
                840.9994352895231,
                205.25937504940882
              ],
              [
                841.0004777416734,
                205.28137418495166
              ],
              [
                841.0007889647203,
                205.2835503394319
              ],
              [
                841.0010245896243,
                205.28834995448724
              ],
              [
                841.0016735666738,
                205.29272500237923
              ],
              [
                841.0016989982785,
                205.29322996195026
              ],
              [
                841.0022204144351,
                205.2966573446797
              ],
              [
                841.0024381322701,
                205.30081816351168
              ],
              [
                841.0064731655644,
                205.32633490480063
              ],
              [
                841.007252824097,
                205.33725107036685
              ],
              [
                841.009038671576,
                205.3476035964383
              ],
              [
                841.0104443892691,
                205.36382614159285
              ],
              [
                841.0121043631015,
                205.37267870785442
              ],
              [
                841.0129572366444,
                205.3816651701348
              ],
              [
                841.0149566735784,
                205.39191862637915
              ],
              [
                841.0161357975672,
                205.40297844553368
              ],
              [
                841.021827225851,
                205.4306554676476
              ],
              [
                841.0228677870462,
                205.43793134881858
              ],
              [
                841.0248408282132,
                205.4529659787821
              ],
              [
                841.0252991248991,
                205.45493191100314
              ],
              [
                841.0272823160664,
                205.46879891213598
              ],
              [
                841.0278520984075,
                205.4711604288142
              ],
              [
                841.0278638026617,
                205.47124230167196
              ],
              [
                841.02840496737,
                205.47348615304426
              ],
              [
                841.0288488196439,
                205.4765329207357
              ],
              [
                841.0290758660253,
                205.47745629925518
              ],
              [
                841.0298234821623,
                205.48249631786038
              ],
              [
                841.0315274589606,
                205.4892989745614
              ],
              [
                841.031962095957,
                205.49215593884279
              ],
              [
                841.0323250490025,
                205.4935678049292
              ],
              [
                841.0323265547838,
                205.49357768019394
              ],
              [
                841.0326872346144,
                205.49497741613195
              ],
              [
                841.0329684091042,
                205.4968150728612
              ],
              [
                841.0341608819016,
                205.50142646987698
              ],
              [
                841.0350848987376,
                205.50726976702788
              ],
              [
                841.0392992941214,
                205.52302388709543
              ],
              [
                841.0410745947643,
                205.53331527334507
              ],
              [
                841.0446347960146,
                205.54616205274448
              ],
              [
                841.0468933553284,
                205.55820684862584
              ],
              [
                841.0483655951002,
                205.5632453179946
              ],
              [
                841.0504411444368,
                205.5738890917212
              ],
              [
                841.053131977597,
                205.58288831029435
              ],
              [
                841.0550347252041,
                205.5921412403105
              ],
              [
                841.0641204763433,
                205.62157469726992
              ],
              [
                841.0649074939574,
                205.62483793769698
              ],
              [
                841.0695668508121,
                205.64482494622445
              ],
              [
                841.0696278859683,
                205.64503856927132
              ],
              [
                841.0701495223033,
                205.6465731549412
              ],
              [
                841.0722355144713,
                205.65522238191042
              ],
              [
                841.0741661459136,
                205.6608346717033
              ],
              [
                841.0748864288983,
                205.66376400196575
              ],
              [
                841.0760817711796,
                205.66716975947148
              ],
              [
                841.0775133715043,
                205.67288502833705
              ],
              [
                841.0807433991608,
                205.6819123508869
              ],
              [
                841.082060122943,
                205.68703432927097
              ],
              [
                841.0822636029527,
                205.68758785323237
              ],
              [
                841.0826704745054,
                205.68917055973972
              ],
              [
                841.0828040946577,
                205.68953404486103
              ],
              [
                841.0836289507956,
                205.69272383597513
              ],
              [
                841.0874840045332,
                205.70314645370982
              ],
              [
                841.0890998440808,
                205.70918673420692
              ],
              [
                841.0916778553794,
                205.71591419972273
              ],
              [
                841.0942093355685,
                205.72504889893074
              ],
              [
                841.1000355892913,
                205.74007635326242
              ],
              [
                841.1023618050235,
                205.74803739801624
              ],
              [
                841.1029462962005,
                205.74948724620475
              ],
              [
                841.1065457668831,
                205.76152531080913
              ],
              [
                841.1097013967656,
                205.76923492247988
              ],
              [
                841.1119966531153,
                205.77667044739627
              ],
              [
                841.1233787006034,
                205.80389414556987
              ],
              [
                841.1337986588012,
                205.83418466283487
              ],
              [
                841.1377782462397,
                205.84295475118668
              ],
              [
                841.1387389551485,
                205.84569199358845
              ],
              [
                841.1413961697193,
                205.8514254887309
              ],
              [
                841.1436349779461,
                205.8576825385583
              ],
              [
                841.1437826353655,
                205.8579947339414
              ],
              [
                841.1448556810711,
                205.86099369578486
              ],
              [
                841.1492479306091,
                205.87028032718305
              ],
              [
                841.1520963460921,
                205.87802883389838
              ],
              [
                841.1523278579288,
                205.87850454276972
              ],
              [
                841.1532953599932,
                205.8811299968163
              ],
              [
                841.1533784458968,
                205.88130027981177
              ],
              [
                841.1538261774747,
                205.8825107778754
              ],
              [
                841.1606954098556,
                205.89653412641576
              ],
              [
                841.1661312107169,
                205.91055449921194
              ],
              [
                841.1734573873802,
                205.92499904806618
              ],
              [
                841.1807331296715,
                205.94277462687944
              ],
              [
                841.1841257962026,
                205.9491896732197
              ],
              [
                841.1864904727069,
                205.95484553078828
              ],
              [
                841.1998184381595,
                205.97967695491135
              ],
              [
                841.2120019758826,
                206.00652664823292
              ],
              [
                841.2142592353565,
                206.01046313337167
              ],
              [
                841.2147934638351,
                206.01163914294668
              ],
              [
                841.2186544207576,
                206.01830285023502
              ],
              [
                841.2189965178055,
                206.0190441496912
              ],
              [
                841.2194004782853,
                206.01973606822148
              ],
              [
                841.2198129699487,
                206.020626105095
              ],
              [
                841.2226192906353,
                206.0254110340898
              ],
              [
                841.228772217397,
                206.03842030470668
              ],
              [
                841.235599906652,
                206.0498116160357
              ],
              [
                841.2417291242874,
                206.06237333221367
              ],
              [
                841.2426898077504,
                206.06392342936425
              ],
              [
                841.2428415023501,
                206.06423310970777
              ],
              [
                841.2495118255747,
                206.07495066656648
              ],
              [
                841.2561284618448,
                206.08799626050273
              ],
              [
                841.2635542503482,
                206.09964091876716
              ],
              [
                841.2637642130638,
                206.1000467526987
              ],
              [
                841.2645523014527,
                206.10126467187789
              ],
              [
                841.2722918672548,
                206.11589908195606
              ],
              [
                841.2756961556125,
                206.1210452522905
              ],
              [
                841.2778216093872,
                206.12500519983985
              ],
              [
                841.2927288632045,
                206.14730806743594
              ],
              [
                841.3061452035219,
                206.1707051225319
              ],
              [
                841.3106442358315,
                206.17707001947974
              ],
              [
                841.3137501409066,
                206.1824305668002
              ],
              [
                841.3217525713686,
                206.19354865340787
              ],
              [
                841.3296755214886,
                206.2067672970939
              ],
              [
                841.3390623300171,
                206.21942394324026
              ],
              [
                841.3479654974558,
                206.23378952254953
              ],
              [
                841.3546043874697,
                206.24242006353256
              ],
              [
                841.3606000300641,
                206.25182205620393
              ],
              [
                841.3684762690252,
                206.2618697449691
              ],
              [
                841.3689837254816,
                206.2626539729309
              ],
              [
                841.3713136937959,
                206.2655876901646
              ],
              [
                841.3803440439714,
                206.27923862548505
              ],
              [
                841.3835405074519,
                206.28317213084097
              ],
              [
                841.3851384987278,
                206.28556289900538
              ],
              [
                841.4012477449164,
                206.3052491386189
              ],
              [
                841.415385347514,
                206.3252499693371
              ],
              [
                841.4223727541237,
                206.33337977762577
              ],
              [
                841.4237121951583,
                206.33526083281353
              ],
              [
                841.4239406647459,
                206.3355225296988
              ],
              [
                841.4290604495893,
                206.34263564509186
              ],
              [
                841.4377612029672,
                206.3525039678505
              ],
              [
                841.4465938393682,
                206.364413399382
              ],
              [
                841.4588341395394,
                206.37791848947276
              ],
              [
                841.4709243297448,
                206.3936357075379
              ],
              [
                841.4758862545696,
                206.3988922642648
              ],
              [
                841.4803951069849,
                206.40464419053083
              ],
              [
                841.4884925295801,
                206.41313028457247
              ],
              [
                841.4894383385301,
                206.4143211745944
              ],
              [
                841.4937044166901,
                206.41873767997322
              ],
              [
                841.5038535723676,
                206.43122703217713
              ],
              [
                841.5066324374484,
                206.4340340789241
              ],
              [
                841.5074405263828,
                206.43502160076127
              ],
              [
                841.5243697234579,
                206.45205267774736
              ],
              [
                841.538744230133,
                206.46877733541217
              ],
              [
                841.5483239581795,
                206.47799541111448
              ],
              [
                841.553789614746,
                206.4842559612123
              ],
              [
                841.5545776661671,
                206.48499623746565
              ],
              [
                841.559601205947,
                206.49069389487374
              ],
              [
                841.568840736653,
                206.4992920655966
              ],
              [
                841.5784011837206,
                206.5098403934278
              ],
              [
                841.5877663512343,
                206.51832848649119
              ],
              [
                841.5882126810226,
                206.5188149977684
              ],
              [
                841.5938136497944,
                206.5238220172422
              ],
              [
                841.5945611527533,
                206.5246139058431
              ],
              [
                841.5961942947732,
                206.52637144428377
              ],
              [
                841.5963514517659,
                206.52651051021553
              ],
              [
                841.6093554471471,
                206.54028666398878
              ],
              [
                841.6120499816391,
                206.54261842050803
              ],
              [
                841.6144454954878,
                206.54512891759015
              ],
              [
                841.6225065479813,
                206.5520815345199
              ],
              [
                841.6239984212033,
                206.5536260130462
              ],
              [
                841.6305611279962,
                206.55921958363373
              ],
              [
                841.6416361480021,
                206.57040692018174
              ],
              [
                841.6613905695044,
                206.58679355001257
              ],
              [
                841.6751172491067,
                206.60000202222625
              ],
              [
                841.6870857210164,
                206.6094710670931
              ],
              [
                841.6979475840108,
                206.6196744358407
              ],
              [
                841.6994122199179,
                206.62079995819323
              ],
              [
                841.7041008733565,
                206.62516314978913
              ],
              [
                841.7137229602595,
                206.63248890250037
              ],
              [
                841.7238281777664,
                206.64164773778018
              ],
              [
                841.7343232538321,
                206.64943141667746
              ],
              [
                841.7357377584264,
                206.65069592150468
              ],
              [
                841.7411852192739,
                206.6546717996302
              ],
              [
                841.7424225328056,
                206.65576668033626
              ],
              [
                841.7442886452602,
                206.6571179763446
              ],
              [
                841.7614875875082,
                206.67195197688523
              ],
              [
                841.7615843521464,
                206.6720202686997
              ],
              [
                841.7618513624448,
                206.67225133013378
              ],
              [
                841.7693956898172,
                206.67755199525092
              ],
              [
                841.7714020605058,
                206.67926207867018
              ],
              [
                841.7805752162052,
                206.6856592488525
              ],
              [
                841.7923706054687,
                206.69544372558593
              ],
              [
                841.792431640625,
                206.69548950195312
              ],
              [
                841.8124721055098,
                206.7090000924341
              ],
              [
                841.8241496575168,
                206.71827326176364
              ],
              [
                841.8267148397667,
                206.7199408413579
              ],
              [
                841.8305838349078,
                206.7230018577396
              ],
              [
                841.8415982457228,
                206.7300650318427
              ],
              [
                841.8547762494239,
                206.7401918747361
              ],
              [
                841.8570145294967,
                206.74158359395668
              ],
              [
                841.8611519479521,
                206.74473360754237
              ],
              [
                841.8710055232402,
                206.75080189644962
              ],
              [
                841.8814742800546,
                206.75856605565977
              ],
              [
                841.8929933191578,
                206.76547030199637
              ],
              [
                841.8955730480784,
                206.76735314027138
              ],
              [
                841.9021099296779,
                206.77119644347482
              ],
              [
                841.9201353104254,
                206.78391788780405
              ],
              [
                841.9235516374756,
                206.78586238715457
              ],
              [
                841.9268615857217,
                206.78818796587635
              ],
              [
                841.9426363858612,
                206.7970447849474
              ],
              [
                841.9512294235519,
                206.80286737061357
              ],
              [
                841.9537347887101,
                206.80423452306903
              ],
              [
                841.959272802121,
                206.80796806077393
              ],
              [
                841.9756123275208,
                206.81673646366556
              ],
              [
                841.9828876888097,
                206.8214660473146
              ],
              [
                841.9896145187918,
                206.82498292843619
              ],
              [
                841.997322716877,
                206.82992593864452
              ],
              [
                842.0066926055825,
                206.83469887476147
              ],
              [
                842.0094403586935,
                206.83642905704107
              ],
              [
                842.0100288823204,
                206.83672495648779
              ],
              [
                842.022741839052,
                206.84462962688585
              ],
              [
                842.0258257029221,
                206.84614734736564
              ],
              [
                842.0292246684647,
                206.8482405880722
              ],
              [
                842.0391654991366,
                206.8530825350218
              ],
              [
                842.0498212724417,
                206.8594693597514
              ],
              [
                842.0622351475538,
                206.86534068541172
              ],
              [
                842.0661539132773,
                206.86764468994804
              ],
              [
                842.0718859523888,
                206.87029106589827
              ],
              [
                842.0888931926908,
                206.87997121865735
              ],
              [
                842.0954586631029,
                206.88290570165466
              ],
              [
                842.0991030824376,
                206.88495423551547
              ],
              [
                842.0996060288281,
                206.88517596347967
              ],
              [
                842.1027083888453,
                206.88691779482596
              ],
              [
                842.115320191892,
                206.89241004510836
              ],
              [
                842.1196724422044,
                206.89478502413357
              ],
              [
                842.12642518963,
                206.89766830861512
              ],
              [
                842.1365714422421,
                206.90311316876657
              ],
              [
                842.1484284262223,
                206.90801306809783
              ],
              [
                842.1506723308698,
                206.9091862129394
              ],
              [
                842.1619232341571,
                206.91377194562304
              ],
              [
                842.1738204814156,
                206.91983229520847
              ],
              [
                842.1805351108985,
                206.9224525235591
              ],
              [
                842.1810567378999,
                206.92271478854565
              ],
              [
                842.1826892861609,
                206.92334760095528
              ],
              [
                842.2002016627239,
                206.9319662993409
              ],
              [
                842.2041737901889,
                206.9334542280813
              ],
              [
                842.2066819169132,
                206.93467587815692
              ],
              [
                842.2165741331179,
                206.9383375891303
              ],
              [
                842.2272478813636,
                206.94338589607727
              ],
              [
                842.2404089421084,
                206.9480949989103
              ],
              [
                842.2458105282741,
                206.95058881087564
              ],
              [
                842.250611066362,
                206.95225215526273
              ],
              [
                842.2661704606903,
                206.95920653556425
              ],
              [
                842.2718284457285,
                206.96110160209253
              ],
              [
                842.2763882992416,
                206.96311185021352
              ],
              [
                842.2816651496262,
                206.9648507689047
              ],
              [
                842.2876038636316,
                206.96743698941196
              ],
              [
                842.3081164109541,
                206.9740041372353
              ],
              [
                842.3225329707763,
                206.97996178143478
              ],
              [
                842.3457197456474,
                206.9869119943549
              ],
              [
                842.3583459231149,
                206.99183906713603
              ],
              [
                842.3650365066379,
                206.99371217830384
              ],
              [
                842.3854201774112,
                207.0013477463579
              ],
              [
                842.3902910622912,
                207.00264079203794
              ],
              [
                842.3917951650064,
                207.0031975519493
              ],
              [
                842.4015126315497,
                207.00573882071734
              ],
              [
                842.4120453915848,
                207.0095075025191
              ],
              [
                842.4257923621736,
                207.01295093939373
              ],
              [
                842.432784224291,
                207.01537355835754
              ],
              [
                842.4365558097525,
                207.01627483280123
              ],
              [
                842.4502960339593,
                207.02087693740384
              ],
              [
                842.4548772092795,
                207.0219305923063
              ],
              [
                842.4603384562292,
                207.0237302765319
              ],
              [
                842.470777938483,
                207.02608066774445
              ],
              [
                842.4796681002573,
                207.02892687721942
              ],
              [
                842.5009251702755,
                207.03343466745252
              ],
              [
                842.5152751130552,
                207.0377360486607
              ],
              [
                842.5378236440014,
                207.04208606311346
              ],
              [
                842.5490890958628,
                207.04523996495467
              ],
              [
                842.554033404485,
                207.04610852601792
              ],
              [
                842.5765859607018,
                207.0520954228771
              ],
              [
                842.5823323252845,
                207.05302598535894
              ],
              [
                842.5827613109316,
                207.05313817178344
              ],
              [
                842.59218883985,
                207.0546310872734
              ],
              [
                842.6024341020615,
                207.05719739186114
              ],
              [
                842.6165970185829,
                207.05929826206975
              ],
              [
                842.6252447052301,
                207.06136475083207
              ],
              [
                842.6279186041423,
                207.0617295306303
              ],
              [
                842.6395342773993,
                207.06440109637856
              ],
              [
                842.6429470776285,
                207.06484358930314
              ],
              [
                842.6492894923099,
                207.06627154859947
              ],
              [
                842.6651192033466,
                207.0682537774228
              ],
              [
                842.6769483010919,
                207.07076226477483
              ],
              [
                842.6972017663019,
                207.07296000093203
              ],
              [
                842.6985509761112,
                207.07322842043368
              ],
              [
                842.6999960689468,
                207.07337202112248
              ],
              [
                842.7128469620567,
                207.07585118798673
              ],
              [
                842.7344152495812,
                207.07779599925956
              ],
              [
                842.7441790659778,
                207.07951119776328
              ],
              [
                842.7473399421011,
                207.0797472097461
              ],
              [
                842.7718294263669,
                207.08371302063907
              ],
              [
                842.7878509877802,
                207.0847013887105
              ],
              [
                842.7965804654347,
                207.08599628439907
              ],
              [
                842.8109854564221,
                207.08670395622724
              ],
              [
                842.821307964545,
                207.0881121779117
              ],
              [
                842.8228437072304,
                207.0881684194737
              ],
              [
                842.8321013620098,
                207.0893687378231
              ],
              [
                842.832679187953,
                207.08938712460585
              ],
              [
                842.8327727487285,
                207.08939925540122
              ],
              [
                842.8343953985188,
                207.089450889132
              ],
              [
                842.8414694126752,
                207.0903367116669
              ],
              [
                842.8627788187206,
                207.0909270337892
              ],
              [
                842.877438635609,
                207.0925177941504
              ],
              [
                842.899442480661,
                207.09267649540317
              ],
              [
                842.9132487251926,
                207.093921403696
              ],
              [
                842.9337455433047,
                207.09370160515363
              ],
              [
                842.9365287086569,
                207.0938732982677
              ],
              [
                842.9430951701264,
                207.09436359384753
              ],
              [
                842.9440755988504,
                207.0943388649571
              ],
              [
                842.9692411087674,
                207.0958913220405
              ],
              [
                842.9855800229702,
                207.09528123726864
              ],
              [
                842.9926147460938,
                207.0956268310547
              ],
              [
                843.0067140539077,
                207.09493417647786
              ],
              [
                843.0134012271507,
                207.09514696651118
              ],
              [
                843.0190547278876,
                207.0953540075182
              ],
              [
                843.0193426376923,
                207.09533602590912
              ],
              [
                843.026853466633,
                207.0955750251817
              ],
              [
                843.0279567098606,
                207.09550286115132
              ],
              [
                843.0350759418351,
                207.0957000811076
              ],
              [
                843.061810307567,
                207.09384756243603
              ],
              [
                843.0791006345075,
                207.09397226775636
              ],
              [
                843.1010843575099,
                207.0919071399228
              ],
              [
                843.1144519659085,
                207.09176379177848
              ],
              [
                843.1318293318029,
                207.08982038013298
              ],
              [
                843.1668903372756,
                207.08851122425764
              ],
              [
                843.1833262082353,
                207.08625777770473
              ],
              [
                843.1886490267528,
                207.08599628439907
              ],
              [
                843.2005138534836,
                207.084236303609
              ],
              [
                843.2058051249517,
                207.08386965271146
              ],
              [
                843.220618341893,
                207.08290070822997
              ],
              [
                843.2212263554983,
                207.08280106115356
              ],
              [
                843.2282934254716,
                207.08231135890253
              ],
              [
                843.2602499969055,
                207.076955287044
              ],
              [
                843.2798839156831,
                207.07511089734965
              ],
              [
                843.301578684069,
                207.07083632524132
              ],
              [
                843.3144201352143,
                207.069400191258
              ],
              [
                843.3287011137318,
                207.0663260941041
              ],
              [
                843.3628441180822,
                207.06164490406266
              ],
              [
                843.3791443544014,
                207.05773897185088
              ],
              [
                843.382795390126,
                207.05719739186114
              ],
              [
                843.3922218932335,
                207.05483617575254
              ],
              [
                843.4082363900819,
                207.0521520706671
              ],
              [
                843.4122408758184,
                207.0514957773002
              ],
              [
                843.412392747412,
                207.05145544560594
              ],
              [
                843.4193098577603,
                207.0502961053383
              ],
              [
                843.4516687311357,
                207.04158601734338
              ],
              [
                843.4537267531265,
                207.04120363200443
              ],
              [
                843.4574961800199,
                207.04011552806384
              ],
              [
                843.4777470313227,
                207.03612545439222
              ],
              [
                843.4997262036737,
                207.0295115479865
              ],
              [
                843.5111291853274,
                207.027056963141
              ],
              [
                843.5224230074957,
                207.0234059293466
              ],
              [
                843.5551860387217,
                207.0155551119404
              ],
              [
                843.5711125971143,
                207.01002638713095
              ],
              [
                843.5731841006027,
                207.0095075025191
              ],
              [
                843.5737475663329,
                207.00930589125704
              ],
              [
                843.5743437685715,
                207.00915655037068
              ],
              [
                843.5810134599618,
                207.00677009663178
              ],
              [
                843.6063338744761,
                206.9999545614947
              ],
              [
                843.6383615575647,
                206.9879059122308
              ],
              [
                843.6406549202517,
                206.9872438972754
              ],
              [
                843.6421065451774,
                206.98666688406146
              ],
              [
                843.659168496946,
                206.98153265287684
              ],
              [
                843.6868447031818,
                206.9702521645237
              ],
              [
                843.7025880567801,
                206.96516269922418
              ],
              [
                843.7110795244516,
                206.96143844963711
              ],
              [
                843.7420350104356,
                206.9506926024095
              ],
              [
                843.7567396078807,
                206.9438942755218
              ],
              [
                843.7591412787926,
                206.94303494392884
              ],
              [
                843.7649875179546,
                206.94026987873377
              ],
              [
                843.7876115525207,
                206.9317588335649
              ],
              [
                843.8183929696224,
                206.91663467537765
              ],
              [
                843.8344961261614,
                206.91007122270503
              ],
              [
                843.8508634438599,
                206.90151415930688
              ],
              [
                843.8545083564749,
                206.89999446415052
              ],
              [
                843.8689410014232,
                206.89220241610678
              ],
              [
                843.8868588316249,
                206.88434388395297
              ],
              [
                843.8927978886692,
                206.88099090995686
              ],
              [
                843.9215636650708,
                206.86769172567887
              ],
              [
                843.9343358537433,
                206.86017408104996
              ],
              [
                843.9365678877145,
                206.85911840760295
              ],
              [
                843.941638962592,
                206.8560789222924
              ],
              [
                843.9614428583242,
                206.84634846541354
              ],
              [
                843.9892392999583,
                206.82916931971738
              ],
              [
                844.0022807682216,
                206.82235105708023
              ],
              [
                844.0216789063479,
                206.8097406707005
              ],
              [
                844.0304732646822,
                206.80499268009314
              ],
              [
                844.0458532473353,
                206.79458146250698
              ],
              [
                844.062137383905,
                206.78538803566173
              ],
              [
                844.0658675776033,
                206.7827551841978
              ],
              [
                844.0920162265959,
                206.76736422375285
              ],
              [
                844.1028275552737,
                206.75946619786632
              ],
              [
                844.1049148801017,
                206.75821510351133
              ],
              [
                844.109260770343,
                206.7549919716399
              ],
              [
                844.1261975908683,
                206.74452444089385
              ],
              [
                844.1508241001202,
                206.72578566522807
              ],
              [
                844.1610187995144,
                206.71915827152927
              ],
              [
                844.172099379097,
                206.71035915929446
              ],
              [
                844.1721448818847,
                206.71032921885254
              ],
              [
                844.1726092403319,
                206.709954277384
              ],
              [
                844.1826641690856,
                206.70196963669284
              ],
              [
                844.1960715977084,
                206.69289370599697
              ],
              [
                844.2110133992969,
                206.68043293358252
              ],
              [
                844.2160643371084,
                206.6767430598607
              ],
              [
                844.2265281179101,
                206.66935749684964
              ],
              [
                844.2283990118052,
                206.66773218035087
              ],
              [
                844.2517256824517,
                206.6506912916587
              ],
              [
                844.2606040269847,
                206.642748162677
              ],
              [
                844.2625609823898,
                206.6412967856317
              ],
              [
                844.2662316774822,
                206.63796986152644
              ],
              [
                844.280330669815,
                206.62724167217013
              ],
              [
                844.3016798279892,
                206.60745904430055
              ],
              [
                844.3092876687919,
                206.60141764144902
              ],
              [
                844.3211111740311,
                206.5900479131425
              ],
              [
                844.323473145879,
                206.58814076318382
              ],
              [
                844.3335339617727,
                206.57825644328108
              ],
              [
                844.3496478281199,
                206.56481822299153
              ],
              [
                844.3635224158971,
                206.5506708576468
              ],
              [
                844.3760778561158,
                206.53943796611966
              ],
              [
                844.3784281304715,
                206.5373961936294
              ],
              [
                844.3787901145147,
                206.5370114080812
              ],
              [
                844.3991300868018,
                206.51881398143684
              ],
              [
                844.4061580010423,
                206.51114803429644
              ],
              [
                844.4079879764356,
                206.50948944127936
              ],
              [
                844.4110326079638,
                206.50613020804923
              ],
              [
                844.4223966253677,
                206.495600044491
              ],
              [
                844.4333082948666,
                206.48332305106615
              ],
              [
                844.4345663534324,
                206.48213868580177
              ],
              [
                844.4409579916497,
                206.4748007231467
              ],
              [
                844.4457586455453,
                206.4701843146129
              ],
              [
                844.4503394168837,
                206.46485771192306
              ],
              [
                844.4503681366782,
                206.46482999559905
              ],
              [
                844.4509139578125,
                206.46418962547406
              ],
              [
                844.4578666423675,
                206.45610491975154
              ],
              [
                844.4622170383013,
                206.45183084242345
              ],
              [
                844.472477710034,
                206.4395734775188
              ],
              [
                844.4896666164121,
                206.42204663331174
              ],
              [
                844.5023389853171,
                206.40623520865103
              ],
              [
                844.53278783624,
                206.37302204274226
              ],
              [
                844.5380993302882,
                206.36593368439054
              ],
              [
                844.539795320788,
                206.36406244723355
              ],
              [
                844.5422620651083,
                206.3607364275432
              ],
              [
                844.5510631539786,
                206.35083410139563
              ],
              [
                844.5619425307069,
                206.33590362051845
              ],
              [
                844.5645355732684,
                206.33292666080453
              ],
              [
                844.5680380263489,
                206.3279956676372
              ],
              [
                844.5692087275947,
                206.3266343553287
              ],
              [
                844.5743214890591,
                206.3194050225285
              ],
              [
                844.5765770629641,
                206.31675873045089
              ],
              [
                844.5829848723447,
                206.30756198272468
              ],
              [
                844.5870643796953,
                206.3026886165815
              ],
              [
                844.5971378478383,
                206.28795384516448
              ],
              [
                844.6147281601773,
                206.26600625980038
              ],
              [
                844.6260406217192,
                206.24857322386504
              ],
              [
                844.6513917685564,
                206.21474130919503
              ],
              [
                844.6551676248433,
                206.20850090327565
              ],
              [
                844.6567136386676,
                206.20641634494547
              ],
              [
                844.6586503092805,
                206.20318520523358
              ],
              [
                844.6651236127766,
                206.19430146708612
              ],
              [
                844.6755098714201,
                206.1766894483833
              ],
              [
                844.6791237433563,
                206.17160159212506
              ],
              [
                844.6855044565663,
                206.1604217204152
              ],
              [
                844.6878014424054,
                206.15712499324385
              ],
              [
                844.6933890312545,
                206.14716428132007
              ],
              [
                844.6968344181463,
                206.14212460803446
              ],
              [
                844.7063211306964,
                206.12485717915496
              ],
              [
                844.7235821882756,
                206.09825707660934
              ],
              [
                844.7333596247378,
                206.07927198619856
              ],
              [
                844.7537819466816,
                206.0455197538402
              ],
              [
                844.7562437308682,
                206.04036041818637
              ],
              [
                844.7576169427592,
                206.03806935255824
              ],
              [
                844.7590721594148,
                206.03499255544824
              ],
              [
                844.7635083355401,
                206.02747011454156
              ],
              [
                844.7722710902483,
                206.00865966569177
              ],
              [
                844.7727475553328,
                206.00782915345258
              ],
              [
                844.7733447958935,
                206.0065135768707
              ],
              [
                844.7772091536104,
                205.99974269999606
              ],
              [
                844.7815691262662,
                205.98997008762547
              ],
              [
                844.7829887088534,
                205.9874394695744
              ],
              [
                844.7876574755223,
                205.97681121041933
              ],
              [
                844.7904889963207,
                205.97165736141747
              ],
              [
                844.7989819786642,
                205.95185143715406
              ],
              [
                844.8151404601041,
                205.92047611375258
              ],
              [
                844.8231971403669,
                205.90004141108145
              ],
              [
                844.838957002778,
                205.86701235009417
              ],
              [
                844.8403599669978,
                205.8631239264796
              ],
              [
                844.8415334790851,
                205.86064274363642
              ],
              [
                844.8425582742566,
                205.85777863300203
              ],
              [
                844.8452946640948,
                205.85190459877427
              ],
              [
                844.8533291104816,
                205.82912446660123
              ],
              [
                844.8578316403956,
                205.81903232084446
              ],
              [
                844.8605135222158,
                205.81095735646096
              ],
              [
                844.8612380625466,
                205.80930796959925
              ],
              [
                844.8649022250272,
                205.79812317609202
              ],
              [
                844.867142369907,
                205.79289908188878
              ],
              [
                844.8742320414582,
                205.77059814218617
              ],
              [
                844.8884876450069,
                205.73444069142303
              ],
              [
                844.894635255302,
                205.71269577602632
              ],
              [
                844.9060839315395,
                205.6809648862355
              ],
              [
                844.9067090408273,
                205.67848925122487
              ],
              [
                844.9076550855269,
                205.67584523341517
              ],
              [
                844.9083047892937,
                205.67325147058526
              ],
              [
                844.909715601061,
                205.66925138433365
              ],
              [
                844.9102104800565,
                205.66724819187368
              ],
              [
                844.9102975952559,
                205.66700055181593
              ],
              [
                844.9111413615324,
                205.66357658054991
              ],
              [
                844.9113010887156,
                205.66312063174988
              ],
              [
                844.9160795912175,
                205.643651688946
              ],
              [
                844.9202019856232,
                205.63123943880487
              ],
              [
                844.9215873373676,
                205.62509283701485
              ],
              [
                844.9218089947827,
                205.62441623153384
              ],
              [
                844.9243979755403,
                205.6127985229784
              ],
              [
                844.9260695846001,
                205.60754038759382
              ],
              [
                844.9313483113398,
                205.5828368130839
              ],
              [
                844.9428904730615,
                205.5420106516835
              ],
              [
                844.9469469689274,
                205.519134038485
              ],
              [
                844.954506236916,
                205.48919689173383
              ],
              [
                844.9546515746589,
                205.48822473174886
              ],
              [
                844.9553449748689,
                205.4854565229385
              ],
              [
                844.9555123442834,
                205.48432820999656
              ],
              [
                844.9556501506502,
                205.48377805614163
              ],
              [
                844.9558218589638,
                205.48262049271804
              ],
              [
                844.956167002803,
                205.481223404657
              ],
              [
                844.9562964266939,
                205.4803390538279
              ],
              [
                844.956528786498,
                205.47939614663346
              ],
              [
                844.9567254038255,
                205.47804938977933
              ],
              [
                844.9571804477844,
                205.4761954146474
              ],
              [
                844.9608793452355,
                205.45075998121132
              ],
              [
                844.9637096424518,
                205.43820236903375
              ],
              [
                844.9637706776081,
                205.4378514168853
              ],
              [
                844.965748864388,
                205.42184787250991
              ],
              [
                844.9667133324047,
                205.4173343205333
              ],
              [
                844.9674297972792,
                205.41103377482725
              ],
              [
                844.9675365567671,
                205.41053033660347
              ],
              [
                844.9685691165952,
                205.40101467454943
              ],
              [
                844.9697797182906,
                205.39036872164306
              ],
              [
                844.97780506576,
                205.34510976516648
              ],
              [
                844.9794534492096,
                205.32330925181208
              ],
              [
                844.9844490431882,
                205.2896316927685
              ],
              [
                844.984519413308,
                205.28819927607344
              ],
              [
                844.9848791369056,
                205.2857256401468
              ],
              [
                844.9863506998109,
                205.2551788851645
              ],
              [
                844.9879061364369,
                205.24259539238372
              ],
              [
                844.9882708018363,
                205.22775933049405
              ],
              [
                844.9886892224116,
                205.22407976705367
              ],
              [
                844.988847759252,
                205.2141347425715
              ],
              [
                844.9892920861425,
                205.2100400020863
              ],
              [
                844.9894264347982,
                205.19141263178153
              ],
              [
                844.9928823732961,
                205.14570649866377
              ],
              [
                844.9924575579246,
                205.12841250784436
              ],
              [
                844.994140625,
                205.09347534179688
              ],
              [
                844.9932062971751,
                205.07548744712847
              ],
              [
                844.9924162818826,
                205.0591044522888
              ],
              [
                844.9927405296214,
                205.04591274414145
              ],
              [
                844.991744165906,
                205.03244299819403
              ],
              [
                844.9917894162011,
                205.02960444476136
              ],
              [
                844.9906906667336,
                205.01612754025098
              ],
              [
                844.9907465597486,
                205.00837800318777
              ],
              [
                844.9891512457776,
                204.99139554821832
              ],
              [
                844.9890301312261,
                204.98888392712504
              ],
              [
                844.9879716641026,
                204.94579433587793
              ],
              [
                844.9863140027646,
                204.932558031937
              ],
              [
                844.9847954482378,
                204.90106690611879
              ],
              [
                844.9842854949478,
                204.89756456143738
              ],
              [
                844.9842659377194,
                204.89716640293463
              ],
              [
                844.9837704303314,
                204.89382596346155
              ],
              [
                844.9833746020863,
                204.88620538683975
              ],
              [
                844.9787457226932,
                204.85671828534686
              ],
              [
                844.978227075421,
                204.84970674238764
              ],
              [
                844.9769618487132,
                204.84243409876254
              ],
              [
                844.9768559048075,
                204.84106744962222
              ],
              [
                844.9760527989281,
                204.83658420257953
              ],
              [
                844.9759845934868,
                204.83574761676402
              ],
              [
                844.9729522197483,
                204.81895348659293
              ],
              [
                844.9718851893418,
                204.80759472201228
              ],
              [
                844.9692048802151,
                204.79399132868207
              ],
              [
                844.9674576143611,
                204.78199115652856
              ],
              [
                844.9631220317523,
                204.74737184807336
              ],
              [
                844.9617984322205,
                204.74157854220076
              ],
              [
                844.9615718890028,
                204.7399012952292
              ],
              [
                844.9608980627175,
                204.73694034254038
              ],
              [
                844.9570292187055,
                204.7103692319822
              ],
              [
                844.9558384595305,
                204.70552391171873
              ],
              [
                844.9554670451814,
                204.7030200395615
              ],
              [
                844.9531931649715,
                204.69394220090598
              ],
              [
                844.9511924405948,
                204.68119709399215
              ],
              [
                844.9445757400714,
                204.65627566161757
              ],
              [
                844.9445062184839,
                204.6558760449105
              ],
              [
                844.943657897822,
                204.65281866013066
              ],
              [
                844.9420473292705,
                204.64675254377858
              ],
              [
                844.9416442031013,
                204.6445021378827
              ],
              [
                844.9387283782827,
                204.63425190054923
              ],
              [
                844.934861049512,
                204.61968582307793
              ],
              [
                844.9328997463845,
                204.60973160637263
              ],
              [
                844.9328387112282,
                204.60948746574763
              ],
              [
                844.929606531529,
                204.59878352712707
              ],
              [
                844.9275938406611,
                204.5905936831594
              ],
              [
                844.9218637326137,
                204.56541422785762
              ],
              [
                844.9207993992615,
                204.56212854036585
              ],
              [
                844.9185819041569,
                204.5524227138658
              ],
              [
                844.9177943777488,
                204.55008271895954
              ],
              [
                844.9133567628936,
                204.53169060545355
              ],
              [
                844.9125221738585,
                204.52926553713638
              ],
              [
                844.9110386868537,
                204.523229077543
              ],
              [
                844.9096714052306,
                204.51933125698912
              ],
              [
                844.9092863126025,
                204.51777662568347
              ],
              [
                844.9085311562203,
                204.5156414673383
              ],
              [
                844.9077771558394,
                204.51263132908483
              ],
              [
                844.9025853473279,
                204.49812119634436
              ],
              [
                844.8979406144134,
                204.4806270696543
              ],
              [
                844.8784401760478,
                204.42933702987926
              ],
              [
                844.8770387152579,
                204.42469584291888
              ],
              [
                844.8761350167579,
                204.42249616442456
              ],
              [
                844.8760375874003,
                204.4221739383466
              ],
              [
                844.8737352649767,
                204.41656227852943
              ],
              [
                844.8722175770228,
                204.41215232726253
              ],
              [
                844.8667180740342,
                204.39517489426046
              ],
              [
                844.8649323947873,
                204.3909837474206
              ],
              [
                844.8517446835589,
                204.3526641681641
              ],
              [
                844.8493825940336,
                204.34746105593743
              ],
              [
                844.8472508352925,
                204.34138387849515
              ],
              [
                844.8457679657951,
                204.3381823966552
              ],
              [
                844.8445398826,
                204.33471006675848
              ],
              [
                844.8427293307352,
                204.33083483666067
              ],
              [
                844.8416555493976,
                204.32783381886358
              ],
              [
                844.832764282887,
                204.30903481529316
              ],
              [
                844.8317830404033,
                204.3063756824449
              ],
              [
                844.8313653624269,
                204.3055208869941
              ],
              [
                844.824192433923,
                204.28665465530395
              ],
              [
                844.8040626707703,
                204.24674292861488
              ],
              [
                844.8034087373584,
                204.24514903724102
              ],
              [
                844.800221478416,
                204.23910151374398
              ],
              [
                844.7965763883741,
                204.2305461656117
              ],
              [
                844.7963932829053,
                204.23016469588515
              ],
              [
                844.7947980120891,
                204.2272244168686
              ],
              [
                844.7734799772078,
                204.18026593932086
              ],
              [
                844.7690359101447,
                204.17251961706557
              ],
              [
                844.7662578794685,
                204.16652191141696
              ],
              [
                844.7647918383144,
                204.16402066123993
              ],
              [
                844.7623457333389,
                204.1587851196306
              ],
              [
                844.7591324442127,
                204.15335337255684
              ],
              [
                844.7577390130717,
                204.15040720994176
              ],
              [
                844.7547862525588,
                204.14548082664763
              ],
              [
                844.7545863873262,
                204.14506069205638
              ],
              [
                844.7462057250973,
                204.1311650814475
              ],
              [
                844.7460125562784,
                204.13084279874343
              ],
              [
                844.7431364563005,
                204.12495673982596
              ],
              [
                844.7404824347561,
                204.12068098822476
              ],
              [
                844.7307418737246,
                204.10136816239864
              ],
              [
                844.7070906255782,
                204.06454461812075
              ],
              [
                844.6792640230548,
                204.01604088778623
              ],
              [
                844.6722176203701,
                204.006077428625
              ],
              [
                844.6688117694529,
                204.00026661957227
              ],
              [
                844.667488910356,
                203.99843905351585
              ],
              [
                844.6634786569776,
                203.99166011729255
              ],
              [
                844.6585461522972,
                203.98491391982589
              ],
              [
                844.6568357089801,
                203.98206021755453
              ],
              [
                844.6538512083957,
                203.97803608435677
              ],
              [
                844.65270605323,
                203.97613735251005
              ],
              [
                844.6411838870381,
                203.9607064298751
              ],
              [
                844.6366490866737,
                203.95340065650606
              ],
              [
                844.6309733308333,
                203.9460346538255
              ],
              [
                844.6283402907594,
                203.94193517175407
              ],
              [
                844.6221592674444,
                203.932221088411
              ],
              [
                844.6218510467369,
                203.9318318163998
              ],
              [
                844.6185950246905,
                203.92676238956656
              ],
              [
                844.5972876000407,
                203.90012801998083
              ],
              [
                844.5699411494697,
                203.86146073744473
              ],
              [
                844.5696262793575,
                203.86109460085706
              ],
              [
                844.5690866572822,
                203.8603315870541
              ],
              [
                844.559201125176,
                203.8488365138406
              ],
              [
                844.5558172087298,
                203.84416154063334
              ],
              [
                844.5555730681048,
                203.8438563648521
              ],
              [
                844.5545693809812,
                203.8427046617156
              ],
              [
                844.5488706107931,
                203.834910441234
              ],
              [
                844.5419428943082,
                203.8271451901883
              ],
              [
                844.5399173911005,
                203.82441411526645
              ],
              [
                844.5396366914908,
                203.8241044109729
              ],
              [
                844.539062898913,
                203.823330741243
              ],
              [
                844.5364712859414,
                203.82047133696588
              ],
              [
                844.5346799818612,
                203.81807235449884
              ],
              [
                844.5199188582466,
                203.80190802721492
              ],
              [
                844.5134063319808,
                203.79345606288132
              ],
              [
                844.5065291262283,
                203.78618425011965
              ],
              [
                844.4942983150602,
                203.77073716189554
              ],
              [
                844.4913843316714,
                203.7677484932927
              ],
              [
                844.4889592623673,
                203.76471714655892
              ],
              [
                844.4722028733161,
                203.74767339345257
              ],
              [
                844.4456365752328,
                203.7167816277699
              ],
              [
                844.4304793344389,
                203.7022061100858
              ],
              [
                844.4196019322093,
                203.6900136713187
              ],
              [
                844.4112304930647,
                203.6822894160005
              ],
              [
                844.4072555545606,
                203.6779037471972
              ],
              [
                844.4067618734801,
                203.67745630074756
              ],
              [
                844.4064620975294,
                203.67712554895502
              ],
              [
                844.4035983327965,
                203.67452998389663
              ],
              [
                844.401656410425,
                203.67240346090335
              ],
              [
                844.3834460062208,
                203.65603874698635
              ],
              [
                844.3746643763383,
                203.6467532361923
              ],
              [
                844.3667462945864,
                203.63991599102283
              ],
              [
                844.3505067136873,
                203.62326019066933
              ],
              [
                844.3347954416586,
                203.61016002852566
              ],
              [
                844.324122286304,
                203.59981519904608
              ],
              [
                844.3233165030406,
                203.599156104787
              ],
              [
                844.3091655984794,
                203.5855483009338
              ],
              [
                844.2892050741324,
                203.5696976053373
              ],
              [
                844.2768911551415,
                203.55833565757533
              ],
              [
                844.2678162380256,
                203.55146426669762
              ],
              [
                844.2610351034836,
                203.54531820460267
              ],
              [
                844.2564717526753,
                203.54193379298295
              ],
              [
                844.2549294819189,
                203.54054783694212
              ],
              [
                844.2441392308631,
                203.53262429785295
              ],
              [
                844.2389382508389,
                203.52798182463903
              ],
              [
                844.2289453238952,
                203.52091846619004
              ],
              [
                844.2231339891177,
                203.51588953900685
              ],
              [
                844.2230248471318,
                203.515812855548
              ],
              [
                844.2218373835353,
                203.51478748349535
              ],
              [
                844.2135591244224,
                203.50898591483997
              ],
              [
                844.2099381451503,
                203.50591788884626
              ],
              [
                844.2089649601409,
                203.50524174390318
              ],
              [
                844.1923095703125,
                203.4913543701172
              ],
              [
                844.1803258757045,
                203.48323639815342
              ],
              [
                844.1608967292019,
                203.46780767085355
              ],
              [
                844.1356989405378,
                203.4514270342739
              ],
              [
                844.1220835236489,
                203.44111764519496
              ],
              [
                844.1130679488618,
                203.43557828354716
              ],
              [
                844.1033890011954,
                203.42839988672304
              ],
              [
                844.0969556918819,
                203.42454390951332
              ],
              [
                844.0959266548386,
                203.42378826303258
              ],
              [
                844.0763786105638,
                203.41221048160872
              ],
              [
                844.0708729559833,
                203.40891051924837
              ],
              [
                844.0581237658408,
                203.39995290326428
              ],
              [
                844.057400345322,
                203.39954673617555
              ],
              [
                844.0564830827984,
                203.3989039003531
              ],
              [
                844.0557212374746,
                203.39847748155353
              ],
              [
                844.0538333292251,
                203.39714304042732
              ],
              [
                844.0503935580814,
                203.39521789082661
              ],
              [
                844.0329793965744,
                203.38342122214382
              ],
              [
                844.0212527745635,
                203.3770276066993
              ],
              [
                844.0021586979091,
                203.3646148853026
              ],
              [
                843.9713927456975,
                203.34853001370487
              ],
              [
                843.9566383111722,
                203.33946457409905
              ],
              [
                843.9478891260511,
                203.33519684837106
              ],
              [
                843.9350420088083,
                203.32749658263143
              ],
              [
                843.9266266128202,
                203.32351639675386
              ],
              [
                843.9261948158986,
                203.32326065503838
              ],
              [
                843.918843038393,
                203.3198350402193
              ],
              [
                843.9000699276205,
                203.31095602009
              ],
              [
                843.8967469894606,
                203.3091442802112
              ],
              [
                843.8859433042811,
                203.30307982210172
              ],
              [
                843.8858822691249,
                203.3030493045236
              ],
              [
                843.8850749638235,
                203.3026934139273
              ],
              [
                843.8848493477612,
                203.30256714254062
              ],
              [
                843.8840330552545,
                203.3022090388744
              ],
              [
                843.8822769627172,
                203.30122307431466
              ],
              [
                843.8819869510761,
                203.30109677861276
              ],
              [
                843.8640818470666,
                203.2913345172024
              ],
              [
                843.8527725347391,
                203.28651370265305
              ],
              [
                843.8343740558489,
                203.27689471967778
              ],
              [
                843.7978252817286,
                203.26199787950858
              ],
              [
                843.7821150648864,
                203.2543346633712
              ],
              [
                843.7738133474551,
                203.25124110494727
              ],
              [
                843.7576153998864,
                203.24358004630554
              ],
              [
                843.7229828357673,
                203.2311883167199
              ],
              [
                843.7196344846299,
                203.2297610168619
              ],
              [
                843.7086580874771,
                203.22492220740367
              ],
              [
                843.7070050036994,
                203.22437745474443
              ],
              [
                843.6871184568145,
                203.2159004269834
              ],
              [
                843.67639229627,
                203.21250325707098
              ],
              [
                843.6590464266335,
                203.20543328950598
              ],
              [
                843.6166377927985,
                203.19267108432635
              ],
              [
                843.6001589048384,
                203.18653037873284
              ],
              [
                843.592452672296,
                203.18448387742575
              ],
              [
                843.5728178896652,
                203.1774584398637
              ],
              [
                843.5389830702177,
                203.16898325879166
              ],
              [
                843.5370552870253,
                203.16837269483153
              ],
              [
                843.5247079304895,
                203.1643037810853
              ],
              [
                843.5229794698739,
                203.16391462781667
              ],
              [
                843.5037264178176,
                203.15781683644968
              ],
              [
                843.4936956895598,
                203.15567360987671
              ],
              [
                843.4776859961664,
                203.15085574677965
              ],
              [
                843.432460100639,
                203.1419955401975
              ],
              [
                843.4124850164434,
                203.1366908682076
              ],
              [
                843.4054839106894,
                203.13554346013336
              ],
              [
                843.3824291791885,
                203.12976855052167
              ],
              [
                843.3526644413969,
                203.12535336874754
              ],
              [
                843.3495253922375,
                203.12463745543346
              ],
              [
                843.3470199937793,
                203.1242983330311
              ],
              [
                843.3357568944089,
                203.1217625090177
              ],
              [
                843.3338920467605,
                203.1215289889774
              ],
              [
                843.3156023972716,
                203.11762111092628
              ],
              [
                843.297350112259,
                203.11552613822337
              ],
              [
                843.2755444270815,
                203.11125418577035
              ],
              [
                843.2346601880768,
                203.1075472370383
              ],
              [
                843.220862482518,
                203.10528593727784
              ],
              [
                843.2146344859128,
                203.10487855899092
              ],
              [
                843.1882828158153,
                203.10096965798374
              ],
              [
                843.1577178777619,
                203.09946809886378
              ],
              [
                843.1435769740435,
                203.09769734595028
              ],
              [
                843.1415222403061,
                203.0976404248527
              ],
              [
                843.1244868407059,
                203.09568512461928
              ],
              [
                843.0986951640919,
                203.09521937218048
              ],
              [
                843.0704017169425,
                203.0926540227796
              ],
              [
                843.0346428949628,
                203.09310516368754
              ],
              [
                843.027097607258,
                203.09261162032612
              ],
              [
                843.0216679612809,
                203.09278439505567
              ],
              [
                842.9922485351562,
                203.09133911132812
              ],
              [
                842.9640552358381,
                203.09272415930823
              ],
              [
                842.9499704448837,
                203.0923339765096
              ],
              [
                842.9476844225599,
                203.09249238307441
              ],
              [
                842.9321478701017,
                203.0922118201895
              ],
              [
                842.907057243596,
                203.0941770581531
              ],
              [
                842.905884717055,
                203.09416860138427
              ],
              [
                842.8994610158298,
                203.09477203712592
              ],
              [
                842.8988734296718,
                203.09481806015467
              ],
              [
                842.8644338912806,
                203.09525255670007
              ],
              [
                842.8343794268978,
                203.09874403331008
              ],
              [
                842.8330168893535,
                203.0987873901066
              ],
              [
                842.8283693000551,
                203.09938998189125
              ],
              [
                842.8121795196112,
                203.10018533480294
              ],
              [
                842.8103940044359,
                203.10025920486174
              ],
              [
                842.8102431984538,
                203.10028046016154
              ],
              [
                842.7962142544972,
                203.10096965798374
              ],
              [
                842.7706757219763,
                203.1047579414255
              ],
              [
                842.7567529612471,
                203.10572269871466
              ],
              [
                842.7542100368225,
                203.10614890482307
              ],
              [
                842.7403649259609,
                203.10723333121112
              ],
              [
                842.7101599299766,
                203.11255478217205
              ],
              [
                842.7051014358794,
                203.11302997179098
              ],
              [
                842.6960426697439,
                203.114814842151
              ],
              [
                842.6928028330764,
                203.11519121931082
              ]
            ]
          ]
        ]
      }
    }
  ]
}