{
  "type": "FeatureCollection",
  "features": [
    {
      "type": "Feature",
      "properties": {
        "image_id": "0028_top_20250704_t1",
        "zone_type": "parking_spot",
        "generated_at": "2025-11-03T11:20:42",
        "source": "merged_t1_polygons"
      },
      "geometry": {
        "type": "MultiPolygon",
        "coordinates": [
          [
            [
              [
                207.5367680386647,
                284.09914020821094
              ],
              [
                207.5065766208542,
                284.0973690945219
              ],
              [
                207.4965594009601,
                284.0977465228925
              ],
              [
                207.48556518554688,
                284.0971984863281
              ],
              [
                207.46984357896574,
                284.0979947398559
              ],
              [
                207.46205849109998,
                284.09769611181576
              ],
              [
                207.4057871681806,
                284.1011480379759
              ],
              [
                207.3493779306454,
                284.10201274551474
              ],
              [
                207.3338422118442,
                284.10387737398827
              ],
              [
                207.31427576676225,
                284.1046145976456
              ],
              [
                207.3005937319763,
                284.1064578722858
              ],
              [
                207.28806606113776,
                284.10707317360874
              ],
              [
                207.286755088841,
                284.107267637979
              ],
              [
                207.28343431072776,
                284.1074358257068
              ],
              [
                207.27563233088253,
                284.10862962272995
              ],
              [
                207.27109432851807,
                284.1088731723416
              ],
              [
                207.26576896634893,
                284.10973735965393
              ],
              [
                207.2632990035223,
                284.10988887784924
              ],
              [
                207.23130212946847,
                284.1150812557034
              ],
              [
                207.22306880005235,
                284.11562769472846
              ],
              [
                207.22261103638047,
                284.1156887298847
              ],
              [
                207.19813409318422,
                284.1201653375758
              ],
              [
                207.14270990557645,
                284.1268174609605
              ],
              [
                207.1328787573597,
                284.1290528126087
              ],
              [
                207.1235614213998,
                284.1303080651612
              ],
              [
                207.1099890726858,
                284.1334883995486
              ],
              [
                207.09391969776462,
                284.13587206614665
              ],
              [
                207.08815635496498,
                284.13731570836507
              ],
              [
                207.08340292343235,
                284.13804304072505
              ],
              [
                207.07261685512935,
                284.1408323307263
              ],
              [
                207.06673720341433,
                284.1417864668492
              ],
              [
                207.06434607667313,
                284.1424237948949
              ],
              [
                207.0594651666538,
                284.1432158575523
              ],
              [
                207.03430736437292,
                284.1501277388583
              ],
              [
                207.03247977585195,
                284.1504619879826
              ],
              [
                207.0159999035179,
                284.1551575500887
              ],
              [
                207.0072208593526,
                284.15756951400243
              ],
              [
                206.9993518433112,
                284.1594134175771
              ],
              [
                206.9397392359609,
                284.17296779974646
              ],
              [
                206.92349244142883,
                284.1784909386999
              ],
              [
                206.90945344965073,
                284.18195920362655
              ],
              [
                206.90828669334243,
                284.1823707131355
              ],
              [
                206.90353098728795,
                284.1835619554887
              ],
              [
                206.8934893062892,
                284.18715492640166
              ],
              [
                206.88748829528072,
                284.1887067949355
              ],
              [
                206.8792011432453,
                284.19177210276786
              ],
              [
                206.87432170605595,
                284.19307266208756
              ],
              [
                206.86439980235843,
                284.1968083228189
              ],
              [
                206.85272818378664,
                284.2000149956958
              ],
              [
                206.80268279646359,
                284.21956048351007
              ],
              [
                206.7426644466343,
                284.2399638735577
              ],
              [
                206.7350713287698,
                284.2434629644648
              ],
              [
                206.72680023521008,
                284.2463801405927
              ],
              [
                206.72293970515182,
                284.24817854945655
              ],
              [
                206.7187334770667,
                284.24968356193057
              ],
              [
                206.7186010843371,
                284.24974617902825
              ],
              [
                206.7170702690589,
                284.25029391349307
              ],
              [
                206.70302019874856,
                284.2569391018487
              ],
              [
                206.69769607081042,
                284.258908426292
              ],
              [
                206.69748244776355,
                284.2589999790264
              ],
              [
                206.69160038195523,
                284.2618684190341
              ],
              [
                206.68796002235734,
                284.26323903790046
              ],
              [
                206.67717695465777,
                284.26857744656803
              ],
              [
                206.66414472856934,
                284.2736672506405
              ],
              [
                206.62217596259296,
                284.2951755778841
              ],
              [
                206.59645437099778,
                284.30734098468844
              ],
              [
                206.56953515208698,
                284.3197460066831
              ],
              [
                206.5706133503373,
                284.3191390296394
              ],
              [
                206.55123471944282,
                284.3281664691474
              ],
              [
                206.5464230215625,
                284.33100405066165
              ],
              [
                206.53964366013707,
                284.3342104498189
              ],
              [
                206.52388105206143,
                284.3436581935141
              ],
              [
                206.52198008609514,
                284.34458521592575
              ],
              [
                206.51515733390931,
                284.348781377555
              ],
              [
                206.51501449975515,
                284.34885974460445
              ],
              [
                206.50949964875085,
                284.3515899999661
              ],
              [
                206.50567803003582,
                284.3539822700168
              ],
              [
                206.4929668742629,
                284.3609563427042
              ],
              [
                206.48930633514078,
                284.36326915560784
              ],
              [
                206.48405714358557,
                284.3659592830659
              ],
              [
                206.4516485256451,
                284.3869527037096
              ],
              [
                206.41521103384676,
                284.40879249581474
              ],
              [
                206.3983992137001,
                284.418660066736
              ],
              [
                206.4016790861704,
                284.4163632576575
              ],
              [
                206.38440336689825,
                284.4265511919109
              ],
              [
                206.37893737391184,
                284.43053409088
              ],
              [
                206.37129666774985,
                284.4351137539105
              ],
              [
                206.3465612754864,
                284.453458771095
              ],
              [
                206.34285332262016,
                284.4558015410939
              ],
              [
                206.34208198209984,
                284.4563906877753
              ],
              [
                206.34070975203628,
                284.4572496810785
              ],
              [
                206.32833832123018,
                284.46682969802345
              ],
              [
                206.3142174938263,
                284.47597678569224
              ],
              [
                206.2899105845424,
                284.49547378698026
              ],
              [
                206.25429018966744,
                284.5218916722977
              ],
              [
                206.23933267344194,
                284.53273489511855
              ],
              [
                206.24300875275816,
                284.52958104655767
              ],
              [
                206.22787073258874,
                284.5406116507089
              ],
              [
                206.22193061188574,
                284.5458911708367
              ],
              [
                206.21365056546176,
                284.55203207179017
              ],
              [
                206.18631376566145,
                284.5768087028992
              ],
              [
                206.1832636307469,
                284.5791706240564
              ],
              [
                206.17351510051378,
                284.588408736823
              ],
              [
                206.16940950798084,
                284.59212982899237
              ],
              [
                206.1563644854261,
                284.6025934720077
              ],
              [
                206.1375925460749,
                284.6209670423426
              ],
              [
                206.1061098746131,
                284.6495012724952
              ],
              [
                206.09226310450495,
                284.6617384407986
              ],
              [
                206.09611183040047,
                284.6577176508887
              ],
              [
                206.08310478949335,
                284.66927817931986
              ],
              [
                206.07689276135065,
                284.6759821203875
              ],
              [
                206.06822357141596,
                284.6838394161425
              ],
              [
                206.04029628736708,
                284.7146524257745
              ],
              [
                206.03872212690555,
                284.71614416570947
              ],
              [
                206.03417022918532,
                284.7214114893995
              ],
              [
                206.02788293836306,
                284.72834844582985
              ],
              [
                206.01885189654806,
                284.7371878352441
              ],
              [
                206.0054772389285,
                284.75306932564325
              ],
              [
                205.9716571660093,
                284.7903840258765
              ],
              [
                205.95857909988285,
                284.80440756171305
              ],
              [
                205.96238604935496,
                284.7995562947855
              ],
              [
                205.95146316181422,
                284.81134413487246
              ],
              [
                205.94520083157363,
                284.81957409270746
              ],
              [
                205.93641622706357,
                284.8292664101883
              ],
              [
                205.91775345069286,
                284.8544302511165
              ],
              [
                205.91711085332156,
                284.8551607841628
              ],
              [
                205.91427335216986,
                284.85912262077835
              ],
              [
                205.90888530775243,
                284.86638755767416
              ],
              [
                205.90851815261829,
                284.86681241891995
              ],
              [
                205.90755869566934,
                284.868176287002
              ],
              [
                205.90032117838854,
                284.8779349493763
              ],
              [
                205.89502150715842,
                284.8842279461882
              ],
              [
                205.8855049881226,
                284.89802640289383
              ],
              [
                205.88216221419685,
                284.90241947821943
              ],
              [
                205.85192491970471,
                284.9431897502082
              ],
              [
                205.8397008674853,
                284.95913611147444
              ],
              [
                205.83760354733315,
                284.96249988547817
              ],
              [
                205.83708328929978,
                284.9632013722309
              ],
              [
                205.84310406290163,
                284.9537497220618
              ],
              [
                205.83418039309052,
                284.9654772138192
              ],
              [
                205.82810578747018,
                284.9753061321812
              ],
              [
                205.81949790918398,
                284.9869125124764
              ],
              [
                205.80281822268046,
                285.01474088818827
              ],
              [
                205.8007935911208,
                285.0175677626166
              ],
              [
                205.79310670622235,
                285.03094357453205
              ],
              [
                205.78827486377492,
                285.0390050166328
              ],
              [
                205.78588001872225,
                285.0424774171662
              ],
              [
                205.78183800702914,
                285.0497442633139
              ],
              [
                205.7799776758461,
                285.0528480383818
              ],
              [
                205.78103378889304,
                285.05119011006246
              ],
              [
                205.77947581676477,
                285.0539910776544
              ],
              [
                205.77340539755045,
                285.0638132222692
              ],
              [
                205.74783865894355,
                285.1064687486503
              ],
              [
                205.7376246512913,
                285.1228504218914
              ],
              [
                205.73571239990608,
                285.1267001895951
              ],
              [
                205.73378725116604,
                285.1299121062236
              ],
              [
                205.73940130842365,
                285.1188329942328
              ],
              [
                205.7323563685708,
                285.1302319463634
              ],
              [
                205.72672069077234,
                285.14170194997064
              ],
              [
                205.71859460509236,
                285.15525950486364
              ],
              [
                205.7043223410524,
                285.18543567181615
              ],
              [
                205.70125785218758,
                285.19076813447356
              ],
              [
                205.69582815742882,
                285.2028722602145
              ],
              [
                205.69518492464078,
                285.2039919984532
              ],
              [
                205.69516966585172,
                285.20402251603133
              ],
              [
                205.6902058130601,
                285.21528256256124
              ],
              [
                205.68569274176457,
                285.22482465010256
              ],
              [
                205.6880504406461,
                285.2201718279544
              ],
              [
                205.68705773510825,
                285.22242368976737
              ],
              [
                205.6870462765759,
                285.22244923365565
              ],
              [
                205.6808951768935,
                285.2349682487713
              ],
              [
                205.6602183379634,
                285.27868575160454
              ],
              [
                205.65179767796016,
                285.2956383265509
              ],
              [
                205.6501165033722,
                285.30004428633305
              ],
              [
                205.64920579696758,
                285.3019698132455
              ],
              [
                205.6479073041304,
                285.3046125685731
              ],
              [
                205.6477970647271,
                285.30490560662207
              ],
              [
                205.6474536344,
                285.3056118975151
              ],
              [
                205.65226517328807,
                285.2932374146771
              ],
              [
                205.64694600041946,
                285.3040632521668
              ],
              [
                205.64201012120742,
                285.31718379138283
              ],
              [
                205.63467806876648,
                285.3326861137854
              ],
              [
                205.62317678739873,
                285.364830041852
              ],
              [
                205.6194966481559,
                285.3730339778224
              ],
              [
                205.609352916427,
                285.40346517300907
              ],
              [
                205.60874534810387,
                285.4051632127187
              ],
              [
                205.60903650964767,
                285.40441439334705
              ],
              [
                205.60780845522635,
                285.40809855661104
              ],
              [
                205.6054887840785,
                285.4142646994513
              ],
              [
                205.58975622151942,
                285.4582342662354
              ],
              [
                205.58301860887624,
                285.47589195065797
              ],
              [
                205.58179039592346,
                285.4803643343079
              ],
              [
                205.5797115762006,
                285.4858902466176
              ],
              [
                205.57956664989362,
                285.48642866276435
              ],
              [
                205.57895228003437,
                285.48808419982265
              ],
              [
                205.58252556985266,
                285.4753054461617
              ],
              [
                205.57875027248966,
                285.48534093021135
              ],
              [
                205.57478097765252,
                285.5000872690657
              ],
              [
                205.56855646232464,
                285.5174836240067
              ],
              [
                205.56011994684658,
                285.55116408175024
              ],
              [
                205.55632566420252,
                285.5625469296825
              ],
              [
                205.5478005440323,
                285.60034589466744
              ],
              [
                205.53700322583134,
                285.6434512051902
              ],
              [
                205.53192746645203,
                285.66193394729737
              ],
              [
                205.53120875629608,
                285.66608321465156
              ],
              [
                205.529370032357,
                285.6729142633335
              ],
              [
                205.52923116027932,
                285.67374283240196
              ],
              [
                205.5285573645505,
                285.67629508796534
              ],
              [
                205.53084701038577,
                285.6633064793073
              ],
              [
                205.52840872864607,
                285.67236494692725
              ],
              [
                205.52567474722477,
                285.68867702691733
              ],
              [
                205.5208665729826,
                285.70787233448334
              ],
              [
                205.51571220835092,
                285.74262023832813
              ],
              [
                205.5123751214186,
                285.7574163267806
              ],
              [
                205.50695627729078,
                285.8016479308352
              ],
              [
                205.50236027294704,
                285.83263167537353
              ],
              [
                205.498999678411,
                285.85203310595546
              ],
              [
                205.49871584008756,
                285.8558100330095
              ],
              [
                205.49735477879278,
                285.8639306956222
              ],
              [
                205.49727447015502,
                285.86508965856615
              ],
              [
                205.4967279162991,
                285.8684576751825
              ],
              [
                205.49772225827923,
                285.8554533012721
              ],
              [
                205.49639347508185,
                285.8633813792159
              ],
              [
                205.49516131739796,
                285.88116309157624
              ],
              [
                205.49206768044468,
                285.9020186978565
              ],
              [
                205.49095130238138,
                285.92474663299504
              ],
              [
                205.49084343779487,
                285.92552981731507
              ],
              [
                205.4906229401092,
                285.9314316411201
              ],
              [
                205.4903328449127,
                285.9373375837637
              ],
              [
                205.48808348945096,
                285.9556980676261
              ],
              [
                205.48699186925333,
                286.0053552926219
              ],
              [
                205.48607566444875,
                286.0240079731581
              ],
              [
                205.48454165370308,
                286.0444204622691
              ],
              [
                205.48461418791697,
                286.0477947620627
              ],
              [
                205.48396605658772,
                286.05714817925866
              ],
              [
                205.48400823348763,
                286.05867067799653
              ],
              [
                205.48374818947892,
                286.0627513747205
              ],
              [
                205.48346761675586,
                286.04991910711374
              ],
              [
                205.48300475287678,
                286.0565988628524
              ],
              [
                205.48353487160358,
                286.0757350510034
              ],
              [
                205.48243713378906,
                286.09808349609375
              ],
              [
                205.48307669401606,
                286.1099985722322
              ],
              [
                205.48333865071726,
                286.1152002725809
              ],
              [
                205.4833007093111,
                286.11611244448534
              ],
              [
                205.4835582728867,
                286.1205239713351
              ],
              [
                205.4834152873867,
                286.12435111004316
              ],
              [
                205.4841252755497,
                286.13575512291567
              ],
              [
                205.48369311213932,
                286.1554140077096
              ],
              [
                205.4881558606298,
                286.21255377526745
              ],
              [
                205.48868793122185,
                286.2373057590922
              ],
              [
                205.48903886586754,
                286.2402660883677
              ],
              [
                205.4893294260284,
                286.2507547084185
              ],
              [
                205.48956854026275,
                286.25266423026085
              ],
              [
                205.4897256459682,
                286.2573387101106
              ],
              [
                205.4882199004901,
                286.24485489101465
              ],
              [
                205.48836812231747,
                286.2502053920123
              ],
              [
                205.4898959707027,
                286.26240650530536
              ],
              [
                205.48990972416422,
                286.2628157220085
              ],
              [
                205.49068509845262,
                286.2687083328774
              ],
              [
                205.4910705288737,
                286.2717863085979
              ],
              [
                205.49211758825948,
                286.2933743715713
              ],
              [
                205.49241173018243,
                286.29536531666946
              ],
              [
                205.49262001878625,
                286.29950132425495
              ],
              [
                205.49359121297508,
                286.30588519661376
              ],
              [
                205.49392871433378,
                286.312172883396
              ],
              [
                205.49779912919482,
                286.3360234544297
              ],
              [
                205.49924778978883,
                286.354571694329
              ],
              [
                205.50905963678272,
                286.40915244650853
              ],
              [
                205.51139992785508,
                286.4288941057021
              ],
              [
                205.51195610071798,
                286.43144712790433
              ],
              [
                205.51339458909584,
                286.44293462878386
              ],
              [
                205.51391420840673,
                286.44524256652034
              ],
              [
                205.514590498981,
                286.4503821710288
              ],
              [
                205.51193511933266,
                286.4384070508557
              ],
              [
                205.5124332853849,
                286.4423853123776
              ],
              [
                205.51509225782465,
                286.4541953869941
              ],
              [
                205.5152704525211,
                286.45554961297347
              ],
              [
                205.51749030861302,
                286.46511355348883
              ],
              [
                205.5208149650824,
                286.48761700500097
              ],
              [
                205.52189753068896,
                286.491948829731
              ],
              [
                205.52288311646487,
                286.49842730114744
              ],
              [
                205.52616781500302,
                286.51120458605595
              ],
              [
                205.52640121184442,
                286.5126675227509
              ],
              [
                205.52656552007213,
                286.5132899422966
              ],
              [
                205.5282713995445,
                286.5238020452603
              ],
              [
                205.5323163175003,
                286.53852331088825
              ],
              [
                205.5345923421996,
                286.55118424416054
              ],
              [
                205.54920030170922,
                286.60241065089724
              ],
              [
                205.5524662975193,
                286.6174026801235
              ],
              [
                205.55316333388896,
                286.61957122583595
              ],
              [
                205.55593586116345,
                286.63188566486457
              ],
              [
                205.55682674336606,
                286.63458909896843
              ],
              [
                205.55809680457818,
                286.6400609806493
              ],
              [
                205.55438888681402,
                286.6287350375768
              ],
              [
                205.5549745574525,
                286.6313363484583
              ],
              [
                205.5586856002237,
                286.6425977246076
              ],
              [
                205.55922252699196,
                286.64491099873896
              ],
              [
                205.5627034208421,
                286.65523127933295
              ],
              [
                205.56842092749065,
                286.6781095571425
              ],
              [
                205.57012639518587,
                286.68288358758036
              ],
              [
                205.57034093703865,
                286.6837328729035
              ],
              [
                205.57096837500245,
                286.68547614021196
              ],
              [
                205.57298114345073,
                286.69330569157563
              ],
              [
                205.57690283953823,
                286.70397382923
              ],
              [
                205.5773710476305,
                286.7057474584155
              ],
              [
                205.57836463267344,
                286.7084033722232
              ],
              [
                205.57919290139853,
                286.71150169712854
              ],
              [
                205.58159361719473,
                286.71786544493386
              ],
              [
                205.58510105526616,
                286.7306305808618
              ],
              [
                205.58762667861558,
                286.73716220271604
              ],
              [
                205.5893741568114,
                286.7432901652671
              ],
              [
                205.60810343464792,
                286.790495047209
              ],
              [
                205.6115048978369,
                286.80107731914677
              ],
              [
                205.61229070211644,
                286.80289772291223
              ],
              [
                205.61655428748182,
                286.8158358218522
              ],
              [
                205.61791187969507,
                286.818915324596
              ],
              [
                205.61982507781818,
                286.8245876439233
              ],
              [
                205.61517854947073,
                286.8140288803441
              ],
              [
                205.61559298377088,
                286.81528650544595
              ],
              [
                205.6202540324684,
                286.8258594242599
              ],
              [
                205.62135071563551,
                286.8291109103708
              ],
              [
                205.6262843393742,
                286.840083712588
              ],
              [
                205.63447662850896,
                286.8630159779103
              ],
              [
                205.63612302407063,
                286.8665011598458
              ],
              [
                205.6367225381859,
                286.86816684381523
              ],
              [
                205.6391048728472,
                286.87318119229843
              ],
              [
                205.64240701503735,
                286.8821639657343
              ],
              [
                205.64656600805782,
                286.8907098349407
              ],
              [
                205.64734124803377,
                286.89278209898197
              ],
              [
                205.64836245763811,
                286.894854350703
              ],
              [
                205.64941928900876,
                286.8976557686493
              ],
              [
                205.6506301014422,
                286.9000980314174
              ],
              [
                205.65319209206447,
                286.9067237042211
              ],
              [
                205.65817740337732,
                286.91670043552466
              ],
              [
                205.66304670651922,
                286.9289729257914
              ],
              [
                205.6810141801637,
                286.9636850833326
              ],
              [
                205.69373533967985,
                286.9925412046718
              ],
              [
                205.68116521719543,
                286.9639768784588
              ],
              [
                205.6851260751143,
                286.97162903517267
              ],
              [
                205.68796634615552,
                286.9782088416627
              ],
              [
                205.68881226468778,
                286.9797426540346
              ],
              [
                205.69469664339078,
                286.99309052107805
              ],
              [
                205.69657790590685,
                286.99642263171893
              ],
              [
                205.70106806985632,
                287.00640914134146
              ],
              [
                205.7076425201746,
                287.01789761745266
              ],
              [
                205.71834539455546,
                287.04055405878324
              ],
              [
                205.7196955779494,
                287.0428088631923
              ],
              [
                205.7208396410003,
                287.0452168921385
              ],
              [
                205.72565521408575,
                287.0532217716106
              ],
              [
                205.7304580129775,
                287.06309052853123
              ],
              [
                205.73446312198064,
                287.06957093102693
              ],
              [
                205.73561424888965,
                287.07190681262085
              ],
              [
                205.73621137966973,
                287.0728640058932
              ],
              [
                205.73758434181292,
                287.07561161251857
              ],
              [
                205.74559133381098,
                287.0884445445304
              ],
              [
                205.75487500206447,
                287.10638007410745
              ],
              [
                205.77946248674226,
                287.1441088746593
              ],
              [
                205.78113913181826,
                287.14714895341723
              ],
              [
                205.7828709140315,
                287.1496775406413
              ],
              [
                205.79107121441294,
                287.16424407098367
              ],
              [
                205.7923939625685,
                287.16613297211234
              ],
              [
                205.79362197410393,
                287.1683080382019
              ],
              [
                205.79412473453525,
                287.1690203434035
              ],
              [
                205.79762146953098,
                287.17513068792215
              ],
              [
                205.8060159516795,
                287.1869637684828
              ],
              [
                205.81921886197838,
                287.2090126105053
              ],
              [
                205.8200528004871,
                287.2101379450739
              ],
              [
                205.82188425010034,
                287.21318234563705
              ],
              [
                205.82965379280407,
                287.22362576682156
              ],
              [
                205.8297437311036,
                287.22377305709733
              ],
              [
                205.82986218542655,
                287.22392985817737
              ],
              [
                205.8362428982916,
                287.2342540684655
              ],
              [
                205.83972348619142,
                287.2387926353929
              ],
              [
                205.841310017245,
                287.2413358250953
              ],
              [
                205.8420875522536,
                287.2423425435688
              ],
              [
                205.84344207206345,
                287.24450407898377
              ],
              [
                205.85253687107618,
                287.2562394528014
              ],
              [
                205.86394292460602,
                287.2737417196803
              ],
              [
                205.8901516820245,
                287.3063189342667
              ],
              [
                205.89015623711396,
                287.3063255851844
              ],
              [
                205.89017662188814,
                287.30634993425946
              ],
              [
                205.89332263867556,
                287.31026040061005
              ],
              [
                205.9036546201869,
                287.3250146011401
              ],
              [
                205.9053626289171,
                287.3270054308973
              ],
              [
                205.91009873802014,
                287.3336815735788
              ],
              [
                205.92019910912387,
                287.34533214140134
              ],
              [
                205.93055658439596,
                287.35925412893647
              ],
              [
                205.9361247684168,
                287.3667679562721
              ],
              [
                205.93624706977468,
                287.3669029877973
              ],
              [
                205.9388857712222,
                287.3704497950738
              ],
              [
                205.94824183354785,
                287.38074435753447
              ],
              [
                205.95212574022804,
                287.38582936385643
              ],
              [
                205.95422063139713,
                287.388092975298
              ],
              [
                205.95869093225514,
                287.3939220938876
              ],
              [
                205.9613081013308,
                287.3967041193846
              ],
              [
                205.96337482479942,
                287.399380022942
              ],
              [
                205.96389856884267,
                287.39993379397697
              ],
              [
                205.96531836547342,
                287.40176581293457
              ],
              [
                205.97601735630593,
                287.41304907992014
              ],
              [
                205.98916236531846,
                287.4293881902604
              ],
              [
                206.02065182349094,
                287.4613848138546
              ],
              [
                206.03145417370507,
                287.47397587376815
              ],
              [
                206.03305058067752,
                287.4755039647633
              ],
              [
                206.03743725984756,
                287.4805639078744
              ],
              [
                206.04126360152452,
                287.48419565443686
              ],
              [
                206.04161381613625,
                287.4845987847684
              ],
              [
                206.0486100351794,
                287.49118042399
              ],
              [
                206.07072033436162,
                287.5155085919769
              ],
              [
                206.07940959145407,
                287.52336451900555
              ],
              [
                206.0803630473439,
                287.5243947652031
              ],
              [
                206.0870994033032,
                287.53041906070797
              ],
              [
                206.096562714255,
                287.54047846902
              ],
              [
                206.09801931432054,
                287.5417438727529
              ],
              [
                206.10059175299307,
                287.54446379299713
              ],
              [
                206.10078867524203,
                287.54463421030647
              ],
              [
                206.10221663157694,
                287.5461401479059
              ],
              [
                206.11453940376757,
                287.55678453619413
              ],
              [
                206.12928408083695,
                287.571766689257
              ],
              [
                206.16219166129352,
                287.5991186355805
              ],
              [
                206.17323909540474,
                287.60969331038206
              ],
              [
                206.17466236608672,
                287.61081019791936
              ],
              [
                206.17843401963216,
                287.61439003760825
              ],
              [
                206.1851213455531,
                287.61960238862554
              ],
              [
                206.1881701912686,
                287.6224705667683
              ],
              [
                206.19382572965506,
                287.626807750463
              ],
              [
                206.2161215892215,
                287.6469653593278
              ],
              [
                206.2304084971185,
                287.6575366982175
              ],
              [
                206.23044297121433,
                287.657567317765
              ],
              [
                206.23079092320444,
                287.65781966747744
              ],
              [
                206.2357743570114,
                287.66150706911725
              ],
              [
                206.25278208803797,
                287.6761983163584
              ],
              [
                206.2667257987054,
                287.6860047595614
              ],
              [
                206.28291015625,
                287.6994567871094
              ],
              [
                206.31954377588525,
                287.7245034279122
              ],
              [
                206.3276439189824,
                287.7308598778764
              ],
              [
                206.3288380851011,
                287.731620570847
              ],
              [
                206.33175696743123,
                287.7338956565034
              ],
              [
                206.341590607154,
                287.7401273627696
              ],
              [
                206.34783821669077,
                287.7449186007318
              ],
              [
                206.35187361912915,
                287.747412616597
              ],
              [
                206.3736928692683,
                287.76355737578507
              ],
              [
                206.37373864563548,
                287.7635878933632
              ],
              [
                206.38995719423286,
                287.77325387641037
              ],
              [
                206.39031325887586,
                287.7735121097668
              ],
              [
                206.3942024586337,
                287.77578398281804
              ],
              [
                206.39538068199397,
                287.7764861841869
              ],
              [
                206.41552469830143,
                287.790653227416
              ],
              [
                206.41992154929412,
                287.79313235566207
              ],
              [
                206.42772462428204,
                287.7984673680994
              ],
              [
                206.47911831423227,
                287.8273502286577
              ],
              [
                206.49318164158078,
                287.83630867597
              ],
              [
                206.49409581457397,
                287.83677190980416
              ],
              [
                206.4959576031222,
                287.8379517495878
              ],
              [
                206.5091372874222,
                287.84460690879763
              ],
              [
                206.51900175662504,
                287.850703486046
              ],
              [
                206.52092540484662,
                287.8516396622656
              ],
              [
                206.52497562175407,
                287.85408749584184
              ],
              [
                206.5259810090764,
                287.8545792144996
              ],
              [
                206.5409632764201,
                287.86355391533164
              ],
              [
                206.54342065033177,
                287.86471552330846
              ],
              [
                206.5473287982442,
                287.8670447139411
              ],
              [
                206.56155772626508,
                287.87368054750726
              ],
              [
                206.58052201236225,
                287.88433833120524
              ],
              [
                206.5863470655353,
                287.8869700133092
              ],
              [
                206.58883391739852,
                287.88837220426547
              ],
              [
                206.58889495255477,
                287.8884027218436
              ],
              [
                206.61291645206316,
                287.89897371129484
              ],
              [
                206.62097163414225,
                287.9026129361898
              ],
              [
                206.62382292049702,
                287.90415528053086
              ],
              [
                206.63123650644886,
                287.9072504699507
              ],
              [
                206.6491843766088,
                287.9153590806881
              ],
              [
                206.66825804443909,
                287.92502417509286
              ],
              [
                206.66884621131626,
                287.92525287053326
              ],
              [
                206.6694846609335,
                287.92557525942766
              ],
              [
                206.67752791410484,
                287.9286983515477
              ],
              [
                206.68437548135068,
                287.9320473857959
              ],
              [
                206.69223610979523,
                287.9350610348198
              ],
              [
                206.69582359109637,
                287.93675684793004
              ],
              [
                206.69992831942193,
                287.9387544839861
              ],
              [
                206.7004737203937,
                287.9389549779173
              ],
              [
                206.71832196801518,
                287.94739189779807
              ],
              [
                206.72386194773745,
                287.9493730943521
              ],
              [
                206.73047283757566,
                287.95245616319795
              ],
              [
                206.73407300347873,
                287.9537106413571
              ],
              [
                206.74025087385428,
                287.95650172161425
              ],
              [
                206.74047975569022,
                287.9565932743486
              ],
              [
                206.75622120717395,
                287.96203692906204
              ],
              [
                206.7685402549409,
                287.9674580945454
              ],
              [
                206.80053094615818,
                287.97793129324447
              ],
              [
                206.80895089195482,
                287.9814466402459
              ],
              [
                206.8292026536302,
                287.98760386073184
              ],
              [
                206.85118704609133,
                287.9961519964917
              ],
              [
                206.86715247134575,
                288.0006163670414
              ],
              [
                206.90304104767824,
                288.01345076848764
              ],
              [
                206.90975730112677,
                288.0151322539999
              ],
              [
                206.92021732033334,
                288.0187495019338
              ],
              [
                206.93945690043248,
                288.0234132465316
              ],
              [
                206.95506929765386,
                288.02852447520615
              ],
              [
                206.98730673821836,
                288.03567284969864
              ],
              [
                207.00089066398982,
                288.0398028225563
              ],
              [
                207.00101273430232,
                288.0398333401344
              ],
              [
                207.01921809738883,
                288.043491227826
              ],
              [
                207.02378463903239,
                288.0446498874152
              ],
              [
                207.02821893997077,
                288.04592491283904
              ],
              [
                207.02847833938483,
                288.0459859479953
              ],
              [
                207.03032361404556,
                288.04630900862634
              ],
              [
                207.0328532952251,
                288.0469508596342
              ],
              [
                207.0402069402524,
                288.0490071403639
              ],
              [
                207.04266610611288,
                288.04944064475376
              ],
              [
                207.0490797581908,
                288.05106796802414
              ],
              [
                207.0611122636229,
                288.05315019894454
              ],
              [
                207.06971610755465,
                288.05542450445404
              ],
              [
                207.0704332706406,
                288.05557709234466
              ],
              [
                207.07280633327179,
                288.05595331405124
              ],
              [
                207.09334329099147,
                288.06109495993115
              ],
              [
                207.09737013542602,
                288.0616919923684
              ],
              [
                207.10504606608853,
                288.06355266604095
              ],
              [
                207.11308417228474,
                288.0647074706299
              ],
              [
                207.1178651009379,
                288.0658481441166
              ],
              [
                207.13181473896125,
                288.0677162529085
              ],
              [
                207.14668570404527,
                288.0710137611977
              ],
              [
                207.1704851021117,
                288.0738843439693
              ],
              [
                207.18406705287393,
                288.07661327885984
              ],
              [
                207.20358402024308,
                288.07866801747247
              ],
              [
                207.23183493071141,
                288.0827875276116
              ],
              [
                207.23349736201277,
                288.0830805827806
              ],
              [
                207.23422752594152,
                288.08313641266153
              ],
              [
                207.23527531970825,
                288.0832892005531
              ],
              [
                207.23577719134843,
                288.08337604968466
              ],
              [
                207.2359751147587,
                288.0833912437354
              ],
              [
                207.2391894419544,
                288.0838599526461
              ],
              [
                207.2394335825794,
                288.0838904702242
              ],
              [
                207.249176449467,
                288.0846245703292
              ],
              [
                207.25598020112287,
                288.08581573408946
              ],
              [
                207.2609066067806,
                288.0861006627529
              ],
              [
                207.2641109139631,
                288.086610482672
              ],
              [
                207.26640130233451,
                288.0867530770947
              ],
              [
                207.27686456441728,
                288.0883043927625
              ],
              [
                207.2773923959088,
                288.0883880743569
              ],
              [
                207.27744900731554,
                288.0883910440781
              ],
              [
                207.28739775664556,
                288.0898660764904
              ],
              [
                207.28862049988413,
                288.08992611687523
              ],
              [
                207.29329472574835,
                288.0905976453853
              ],
              [
                207.30082905993586,
                288.09095627363945
              ],
              [
                207.30104320084814,
                288.090986253005
              ],
              [
                207.30798159535829,
                288.09130818072225
              ],
              [
                207.31815835456564,
                288.0926710328132
              ],
              [
                207.32916714405917,
                288.093023900966
              ],
              [
                207.34154410337334,
                288.094516757469
              ],
              [
                207.35742083157493,
                288.09486389618223
              ],
              [
                207.3697535733923,
                288.0961622823676
              ],
              [
                207.40400197893658,
                288.0965562557382
              ],
              [
                207.4282485788566,
                288.09842668558906
              ],
              [
                207.43157316019804,
                288.0983676960484
              ],
              [
                207.43539758480466,
                288.0986558566625
              ],
              [
                207.451582203426,
                288.0982820230245
              ],
              [
                207.45487787975347,
                288.0984872044118
              ],
              [
                207.45732523719317,
                288.09840536594595
              ],
              [
                207.48326110839844,
                288.0996398925781
              ],
              [
                207.48517146831614,
                288.099549019375
              ],
              [
                207.48641967773438,
                288.099609375
              ],
              [
                207.48648071289062,
                288.099609375
              ],
              [
                207.496930332977,
                288.09908714251725
              ],
              [
                207.50167982617913,
                288.0988687538082
              ],
              [
                207.50769341546857,
                288.09910684360307
              ],
              [
                207.5116013682119,
                288.0988715218799
              ],
              [
                207.52013593124803,
                288.09914508288267
              ],
              [
                207.52808489603356,
                288.09859540200466
              ],
              [
                207.5377679027321,
                288.09880711731796
              ],
              [
                207.54586309249032,
                288.09818814195864
              ],
              [
                207.55645396135424,
                288.09830997304067
              ],
              [
                207.59000250277805,
                288.09555661303256
              ],
              [
                207.61761004757918,
                288.09506675995965
              ],
              [
                207.62450657582724,
                288.0942878017989
              ],
              [
                207.63186466409934,
                288.0941178440772
              ],
              [
                207.64811455989656,
                288.0921354685717
              ],
              [
                207.66989621657407,
                288.0911339158416
              ],
              [
                207.67627928619132,
                288.09024811312133
              ],
              [
                207.678477161264,
                288.0901421279254
              ],
              [
                207.6785705183455,
                288.090128534817
              ],
              [
                207.68033780590844,
                288.09004328648973
              ],
              [
                207.68043438117292,
                288.0900292192023
              ],
              [
                207.68332370937006,
                288.08988727561
              ],
              [
                207.6844966375816,
                288.08971328814545
              ],
              [
                207.68588753862105,
                288.08964377617303
              ],
              [
                207.69985478760898,
                288.08753563274513
              ],
              [
                207.7066799364691,
                288.0871246488116
              ],
              [
                207.7103693940773,
                288.0865297826319
              ],
              [
                207.71185537091174,
                288.08643336403935
              ],
              [
                207.71771751813256,
                288.0854820685048
              ],
              [
                207.72173579874186,
                288.0852041993642
              ],
              [
                207.72659984091626,
                288.0843686272669
              ],
              [
                207.73346735966692,
                288.08384352223374
              ],
              [
                207.73411700826549,
                288.0837290014835
              ],
              [
                207.7425410459842,
                288.08303763287023
              ],
              [
                207.7749944106155,
                288.07729030352266
              ],
              [
                207.805804675727,
                288.07381030509714
              ],
              [
                207.81614095017957,
                288.0716374047981
              ],
              [
                207.82693793539033,
                288.070320246874
              ],
              [
                207.83852774856842,
                288.06773228015214
              ],
              [
                207.85194434619777,
                288.06587040813923
              ],
              [
                207.86127192039243,
                288.0636881715391
              ],
              [
                207.8711087431445,
                288.0622553262456
              ],
              [
                207.87339885464286,
                288.0616922912295
              ],
              [
                207.8774700727432,
                288.0610883830721
              ],
              [
                207.8810970288719,
                288.0601798778567
              ],
              [
                207.88330715592286,
                288.0598462928521
              ],
              [
                207.894297240286,
                288.05704388712223
              ],
              [
                207.89600655953703,
                288.05677758959786
              ],
              [
                207.89775644471428,
                288.0563166101874
              ],
              [
                207.90348518866165,
                288.0553929416192
              ],
              [
                207.9131802382324,
                288.0528182812375
              ],
              [
                207.92639300169785,
                288.05047836659105
              ],
              [
                207.94179484895002,
                288.0462378583084
              ],
              [
                207.94585637741204,
                288.0454976667453
              ],
              [
                207.94637517624017,
                288.0453755964328
              ],
              [
                207.9609326034625,
                288.0411991818037
              ],
              [
                207.99114487243605,
                288.0348479332383
              ],
              [
                208.00469454470317,
                288.0306277874334
              ],
              [
                208.01873397078825,
                288.02749283029954
              ],
              [
                208.025495668795,
                288.0252671344193
              ],
              [
                208.03090461047347,
                288.0240016831614
              ],
              [
                208.0427126077784,
                288.0200656840598
              ],
              [
                208.0583179868012,
                288.0162290259603
              ],
              [
                208.06270542546193,
                288.0146893426496
              ],
              [
                208.06785878321986,
                288.01339849373005
              ],
              [
                208.06817654622725,
                288.01328479630797
              ],
              [
                208.0683318056808,
                288.0132459058394
              ],
              [
                208.07397115552936,
                288.0112281141991
              ],
              [
                208.0767721600895,
                288.0105138748021
              ],
              [
                208.08576227407377,
                288.0072368851726
              ],
              [
                208.0872424297248,
                288.00684795288
              ],
              [
                208.08971452169527,
                288.00593705362536
              ],
              [
                208.09615395080695,
                288.00422697025823
              ],
              [
                208.1010208205372,
                288.0023990225977
              ],
              [
                208.10640748297976,
                288.00091594161853
              ],
              [
                208.11173726874074,
                287.99889726064737
              ],
              [
                208.11246261404654,
                287.9986986298736
              ],
              [
                208.1184698038538,
                287.99638307376046
              ],
              [
                208.11907357402586,
                287.9962130316479
              ],
              [
                208.1192566794946,
                287.9961519964917
              ],
              [
                208.12397593829908,
                287.9944232949386
              ],
              [
                208.13200310998056,
                287.992120360723
              ],
              [
                208.14573280940152,
                287.9867003750672
              ],
              [
                208.1719686432819,
                287.9785290302474
              ],
              [
                208.18775397123588,
                287.97191705292937
              ],
              [
                208.18894121911427,
                287.97153530826307
              ],
              [
                208.18918535973927,
                287.9714437555287
              ],
              [
                208.18973620476226,
                287.9712053464043
              ],
              [
                208.20540098403998,
                287.9660490920629
              ],
              [
                208.22114505266515,
                287.9590881437233
              ],
              [
                208.24022609523823,
                287.9523920357953
              ],
              [
                208.24639079512443,
                287.949535380685
              ],
              [
                208.25312931590204,
                287.94712429939756
              ],
              [
                208.26137641036868,
                287.9432237142114
              ],
              [
                208.26435455650235,
                287.9421381491104
              ],
              [
                208.274447589443,
                287.9372699752475
              ],
              [
                208.27707504765615,
                287.93627481331504
              ],
              [
                208.2827720968759,
                287.93413505853005
              ],
              [
                208.28762086484423,
                287.9317387625797
              ],
              [
                208.28791188165005,
                287.9316290187085
              ],
              [
                208.29279930896902,
                287.92918530504903
              ],
              [
                208.30016145359127,
                287.9263474624749
              ],
              [
                208.30575272100307,
                287.92353033769587
              ],
              [
                208.31162946937738,
                287.92121041131475
              ],
              [
                208.32441719074794,
                287.9146731293155
              ],
              [
                208.34665449382194,
                287.90535862258065
              ],
              [
                208.36275865946962,
                287.896739934682
              ],
              [
                208.37355514683156,
                287.8920001412613
              ],
              [
                208.37622208884645,
                287.89052370442755
              ],
              [
                208.3851367094817,
                287.8865822700254
              ],
              [
                208.39827480003612,
                287.8791539790247
              ],
              [
                208.41514288194375,
                287.8713374926957
              ],
              [
                208.42254693066556,
                287.86699573519894
              ],
              [
                208.43055592482386,
                287.8632077630717
              ],
              [
                208.44109479500426,
                287.8568910073785
              ],
              [
                208.44418497425178,
                287.85540052082877
              ],
              [
                208.45331067673226,
                287.8498536676782
              ],
              [
                208.46148561251283,
                287.84581355570884
              ],
              [
                208.46765317456536,
                287.8419578164986
              ],
              [
                208.4735900254657,
                287.8389665716611
              ],
              [
                208.47815712727015,
                287.8360788832825
              ],
              [
                208.48357951480858,
                287.8333068744608
              ],
              [
                208.49531987025966,
                287.82579532766164
              ],
              [
                208.51363596996373,
                287.8159928485812
              ],
              [
                208.5276124579885,
                287.8067129893729
              ],
              [
                208.53435175515196,
                287.80298206964903
              ],
              [
                208.5410066801304,
                287.79845321539193
              ],
              [
                208.5562058028719,
                287.7898596145021
              ],
              [
                208.56683583127995,
                287.78238426929903
              ],
              [
                208.58144311978455,
                287.77381850929993
              ],
              [
                208.58984663690669,
                287.7677325844995
              ],
              [
                208.5989029172111,
                287.7623044589801
              ],
              [
                208.6114390694006,
                287.7530070148606
              ],
              [
                208.6130983650896,
                287.7519933195031
              ],
              [
                208.62038671254567,
                287.74647427112166
              ],
              [
                208.63051901430148,
                287.7401399184492
              ],
              [
                208.6333244440515,
                287.73796964976765
              ],
              [
                208.63760347142903,
                287.73526410516644
              ],
              [
                208.64125349110165,
                287.732426159489
              ],
              [
                208.64625007647737,
                287.7292293154887
              ],
              [
                208.65685041750322,
                287.72090387434076
              ],
              [
                208.67141570477202,
                287.71123307471333
              ],
              [
                208.6831996521012,
                287.70168709879016
              ],
              [
                208.68629760742186,
                287.6995788574219
              ],
              [
                208.68654174804686,
                287.69939575195315
              ],
              [
                208.69466748352005,
                287.6926474664849
              ],
              [
                208.69971994678323,
                287.6891521180105
              ],
              [
                208.70130470511194,
                287.6878218455332
              ],
              [
                208.71695659609952,
                287.6768149804787
              ],
              [
                208.72523181388917,
                287.66968506532044
              ],
              [
                208.73758164169067,
                287.66074117644564
              ],
              [
                208.74670694440604,
                287.6526855214697
              ],
              [
                208.75654901949918,
                287.64538614110046
              ],
              [
                208.77009517750506,
                287.6331086191408
              ],
              [
                208.77201542833572,
                287.63165452309187
              ],
              [
                208.77799892084326,
                287.6261045130185
              ],
              [
                208.7907951549146,
                287.61615524687
              ],
              [
                208.7935921357569,
                287.6135077891573
              ],
              [
                208.79812450150564,
                287.6099480976144
              ],
              [
                208.80750910580528,
                287.60098611813135
              ],
              [
                208.8185788457528,
                287.592018709498
              ],
              [
                208.83375319591707,
                287.5771391417424
              ],
              [
                208.8389625329263,
                287.5728128757257
              ],
              [
                208.84208139781015,
                287.56965155019816
              ],
              [
                208.84229746942873,
                287.56947017609076
              ],
              [
                208.8466068747871,
                287.56510849603484
              ],
              [
                208.86583704400135,
                287.5485398112628
              ],
              [
                208.87196092443563,
                287.54211353509857
              ],
              [
                208.88210769746757,
                287.53315614429044
              ],
              [
                208.8916436162446,
                287.5229435357905
              ],
              [
                208.90197601354498,
                287.5135787967481
              ],
              [
                208.9160261593449,
                287.4980768497236
              ],
              [
                208.91816394133858,
                287.49609394231885
              ],
              [
                208.92084170815852,
                287.4930608212004
              ],
              [
                208.93172298257102,
                287.4827612462333
              ],
              [
                208.9337503606841,
                287.4804299923729
              ],
              [
                208.9377867943901,
                287.47657533479725
              ],
              [
                208.94590115719805,
                287.4671698072757
              ],
              [
                208.95380574220894,
                287.4594187795891
              ],
              [
                208.96995543525986,
                287.44026367142476
              ],
              [
                208.9731300405412,
                287.4370505569949
              ],
              [
                208.97326736964277,
                287.4368979691043
              ],
              [
                208.97427344294775,
                287.43565982487786
              ],
              [
                208.978110890061,
                287.43177013424634
              ],
              [
                208.9836742283846,
                287.424883855307
              ],
              [
                209.0014097093216,
                287.4062726006246
              ],
              [
                209.005630165431,
                287.400868250931
              ],
              [
                209.01367843334043,
                287.39224886026886
              ],
              [
                209.0232852088958,
                287.3797347251855
              ],
              [
                209.03378335789736,
                287.3681518027023
              ],
              [
                209.0476319458606,
                287.3494791434117
              ],
              [
                209.04962941428454,
                287.3471822822863
              ],
              [
                209.0500920626175,
                287.3466582379899
              ],
              [
                209.05012512542146,
                287.3466122709529
              ],
              [
                209.05906030873027,
                287.336337828091
              ],
              [
                209.060418007125,
                287.33443093311365
              ],
              [
                209.06393481898337,
                287.33035452298697
              ],
              [
                209.07074983426955,
                287.3207117016563
              ],
              [
                209.07588377889599,
                287.3146223435292
              ],
              [
                209.08593106571408,
                287.3001157814998
              ],
              [
                209.08678588867187,
                287.29909057617186
              ],
              [
                209.09261186955217,
                287.29046984453805
              ],
              [
                209.0946920528865,
                287.28746641593904
              ],
              [
                209.09499527536957,
                287.287091088307
              ],
              [
                209.10049604819716,
                287.28032145225393
              ],
              [
                209.10063419555223,
                287.280111254431
              ],
              [
                209.1026212411217,
                287.27765169701047
              ],
              [
                209.10663853900317,
                287.27152569680555
              ],
              [
                209.12236564113525,
                287.2513869351681
              ],
              [
                209.124968701051,
                287.2472781116994
              ],
              [
                209.13107136898643,
                287.23932855459014
              ],
              [
                209.1400220298946,
                287.2249975530092
              ],
              [
                209.15064485302693,
                287.21069466893664
              ],
              [
                209.1620610852562,
                287.19167266226054
              ],
              [
                209.17160842398943,
                287.17826337169333
              ],
              [
                209.1724096308822,
                287.1768694336517
              ],
              [
                209.17539243891136,
                287.1726489464362
              ],
              [
                209.18090825450312,
                287.16298498136507
              ],
              [
                209.1837182498628,
                287.15892782914824
              ],
              [
                209.1944765991747,
                287.1397401193524
              ],
              [
                209.1970955562046,
                287.1358648361719
              ],
              [
                209.20412533164955,
                287.1228675366817
              ],
              [
                209.21127166268312,
                287.1119700561693
              ],
              [
                209.21400124690845,
                287.1067438843907
              ],
              [
                209.22753701273882,
                287.0853782323847
              ],
              [
                209.22884007946465,
                287.08278999740367
              ],
              [
                209.23319575612547,
                287.075816075617
              ],
              [
                209.24098483004036,
                287.060167979276
              ],
              [
                209.2517525178484,
                287.04222659325154
              ],
              [
                209.26088741691208,
                287.0229359704031
              ],
              [
                209.2683078394453,
                287.0100259351213
              ],
              [
                209.26867556877892,
                287.0092125708423
              ],
              [
                209.2711204832367,
                287.00492896717054
              ],
              [
                209.27536982059522,
                286.99546560175935
              ],
              [
                209.2763421749686,
                286.99373139021867
              ],
              [
                209.28167693708457,
                286.98163024938015
              ],
              [
                209.28239535174936,
                286.98033102520145
              ],
              [
                209.28711603583542,
                286.9694266415
              ],
              [
                209.29074557391485,
                286.96271601556344
              ],
              [
                209.296959885243,
                286.9479079377185
              ],
              [
                209.30299587797265,
                286.9363511831892
              ],
              [
                209.3039272840546,
                286.93403416276
              ],
              [
                209.30456004570797,
                286.9328202817459
              ],
              [
                209.30531097944726,
                286.93093800994194
              ],
              [
                209.30704697520935,
                286.9274504285902
              ],
              [
                209.3159083969898,
                286.9098493024319
              ],
              [
                209.31625321880816,
                286.90895526621966
              ],
              [
                209.31910271313177,
                286.9032306881522
              ],
              [
                209.32554056228767,
                286.8864046924211
              ],
              [
                209.33584198829237,
                286.86465065633683
              ],
              [
                209.34267528867787,
                286.84557488118327
              ],
              [
                209.3452484782177,
                286.839844332904
              ],
              [
                209.34824826035512,
                286.83320924722506
              ],
              [
                209.3483117960494,
                286.8330222584095
              ],
              [
                209.35022643512997,
                286.82875831612364
              ],
              [
                209.35399995514857,
                286.81757588136276
              ],
              [
                209.35448453087756,
                286.81647669099283
              ],
              [
                209.3581630541792,
                286.8053139970743
              ],
              [
                209.35908432827915,
                286.80318593129033
              ],
              [
                209.3637034195193,
                286.7888648195004
              ],
              [
                209.36692024032635,
                286.78119945959037
              ],
              [
                209.37157912326413,
                286.7660780721943
              ],
              [
                209.37426752585785,
                286.7590516493208
              ],
              [
                209.37689372112965,
                286.7525185718439
              ],
              [
                209.3772952725026,
                286.7511383150866
              ],
              [
                209.38799404150146,
                286.7231759572954
              ],
              [
                209.39291448556716,
                286.7053276258761
              ],
              [
                209.40210171157338,
                286.6796806547652
              ],
              [
                209.40664029107904,
                286.6615817116126
              ],
              [
                209.41197275321684,
                286.64577951375037
              ],
              [
                209.4149559418296,
                286.6329726607254
              ],
              [
                209.41510295719593,
                286.6325265340052
              ],
              [
                209.4163481101395,
                286.62699607082595
              ],
              [
                209.41748158954036,
                286.6221300345212
              ],
              [
                209.4183386422026,
                286.61947281336063
              ],
              [
                209.42203628705204,
                286.60257668098654
              ],
              [
                209.42229216297082,
                286.60147820358196
              ],
              [
                209.42488159736357,
                286.5930736480024
              ],
              [
                209.42669248449008,
                286.5841587778608
              ],
              [
                209.42731502958753,
                286.5843144141352
              ],
              [
                209.42992000266958,
                286.5710944703387
              ],
              [
                209.43922964225817,
                286.53732484902974
              ],
              [
                209.4424897159443,
                286.5186214083109
              ],
              [
                209.44989221092084,
                286.4891017456939
              ],
              [
                209.4523954316071,
                286.4722446260104
              ],
              [
                209.45578374801738,
                286.45769855604914
              ],
              [
                209.4589488930739,
                286.4339070810081
              ],
              [
                209.45960631612945,
                286.43090303182964
              ],
              [
                209.46187413677652,
                286.41191887468705
              ],
              [
                209.46224305794843,
                286.4091458015113
              ],
              [
                209.46406813220983,
                286.40016108910083
              ],
              [
                209.46457111854605,
                286.395243975941
              ],
              [
                209.46631573133402,
                286.3863902633393
              ],
              [
                209.4672247640271,
                286.3767134178675
              ],
              [
                209.47233346338828,
                286.3474041859753
              ],
              [
                209.47374901252053,
                286.3284459305514
              ],
              [
                209.47380719887352,
                286.32805409361856
              ],
              [
                209.47389937603006,
                286.32749550633037
              ],
              [
                209.4739067302284,
                286.3273838323146
              ],
              [
                209.47875225720983,
                286.2947532182004
              ],
              [
                209.47950923799507,
                286.2793609466951
              ],
              [
                209.4812509493655,
                286.266269008772
              ],
              [
                209.48209320814888,
                286.24266297311897
              ],
              [
                209.4825029253411,
                286.23923318885846
              ],
              [
                209.4829844282995,
                286.2176846943944
              ],
              [
                209.48311846097286,
                286.2139281529031
              ],
              [
                209.48410021708068,
                286.2043306638065
              ],
              [
                209.4841263953439,
                286.196791974206
              ],
              [
                209.48517710174073,
                286.1856069821638
              ],
              [
                209.48510991069537,
                286.17629097913846
              ],
              [
                209.48718585947253,
                286.14848808182677
              ],
              [
                209.48676536247547,
                286.1318165964883
              ],
              [
                209.4884033203125,
                286.0985107421875
              ],
              [
                209.48772711912426,
                286.0847610242496
              ],
              [
                209.48813691476488,
                286.07327565812034
              ],
              [
                209.48672749463336,
                286.0501728592815
              ],
              [
                209.48681517885896,
                286.04624876490783
              ],
              [
                209.48499258174476,
                286.0217346792301
              ],
              [
                209.48474819616166,
                286.0177287828765
              ],
              [
                209.48478378694773,
                286.0074795204838
              ],
              [
                209.48381936551607,
                285.99735757019516
              ],
              [
                209.48372262813479,
                285.98394498326525
              ],
              [
                209.48282763332466,
                285.97569706588416
              ],
              [
                209.4821594240123,
                285.9492045062906
              ],
              [
                209.48035325470516,
                285.9348225774697
              ],
              [
                209.47966779307365,
                285.9208845598285
              ],
              [
                209.47964478181405,
                285.92031600637665
              ],
              [
                209.47963712150164,
                285.9202608912058
              ],
              [
                209.47875225720983,
                285.9022682661746
              ],
              [
                209.47697366055183,
                285.8902908896304
              ],
              [
                209.47637744317555,
                285.88051787035766
              ],
              [
                209.47283529443243,
                285.8582181343715
              ],
              [
                209.47250290633457,
                285.85374748628044
              ],
              [
                209.46771430107864,
                285.8259787203722
              ],
              [
                209.46715465869616,
                285.8224554698592
              ],
              [
                209.46611221958435,
                285.8115146959172
              ],
              [
                209.46364585338605,
                285.79892538590633
              ],
              [
                209.4619670987592,
                285.7834546487481
              ],
              [
                209.4604379981623,
                285.77624397638476
              ],
              [
                209.45731935243842,
                285.75141123194555
              ],
              [
                209.45455238667543,
                285.7393021656771
              ],
              [
                209.45351792695615,
                285.7323359355755
              ],
              [
                209.45276929438123,
                285.7269496001285
              ],
              [
                209.45263515631618,
                285.72639120588656
              ],
              [
                209.44989221092084,
                285.7079197386811
              ],
              [
                209.44735322656464,
                285.6977947792151
              ],
              [
                209.44608217358964,
                285.6897928154856
              ],
              [
                209.44056989184728,
                285.66857030907505
              ],
              [
                209.43969943225198,
                285.6635225785893
              ],
              [
                209.43116351691413,
                285.63235538726065
              ],
              [
                209.43055181894414,
                285.6300003254739
              ],
              [
                209.4282663997199,
                285.61833464049215
              ],
              [
                209.42533358192185,
                285.6085751966738
              ],
              [
                209.4245983171541,
                285.6049881852215
              ],
              [
                209.42305075572125,
                285.5999395812684
              ],
              [
                209.4201317112038,
                285.5861744479136
              ],
              [
                209.41814207745415,
                285.57995980838643
              ],
              [
                209.41775047819726,
                285.5782460534077
              ],
              [
                209.41459876415374,
                285.56426265130915
              ],
              [
                209.41445849431932,
                285.5638393515012
              ],
              [
                209.4129124259469,
                285.55707329583555
              ],
              [
                209.4095821294459,
                285.547168684007
              ],
              [
                209.4071693459249,
                285.5371246713365
              ],
              [
                209.40678324984367,
                285.5360098635917
              ],
              [
                209.40210171157338,
                285.5173408296098
              ],
              [
                209.39914886684474,
                285.5090976968732
              ],
              [
                209.39753356281642,
                285.50287871139705
              ],
              [
                209.3902520013383,
                285.48297515291785
              ],
              [
                209.38871033395773,
                285.477346062151
              ],
              [
                209.3755578330054,
                285.4428098340374
              ],
              [
                209.37534210222168,
                285.4422201514148
              ],
              [
                209.37161296668097,
                285.4298108265584
              ],
              [
                209.36882115454364,
                285.4230265534128
              ],
              [
                209.36878323505582,
                285.42290284880755
              ],
              [
                209.36679184635605,
                285.41809521120064
              ],
              [
                209.3649249428908,
                285.4135585223328
              ],
              [
                209.3643914658847,
                285.41206927309094
              ],
              [
                209.35864182339634,
                285.3941102112878
              ],
              [
                209.35685631737348,
                285.3900101704773
              ],
              [
                209.3527831803751,
                285.37771844634176
              ],
              [
                209.35205866888703,
                285.37608855714626
              ],
              [
                209.34937981856578,
                285.3681214069028
              ],
              [
                209.34619318976488,
                285.3610630782671
              ],
              [
                209.34327942254527,
                285.352649912682
              ],
              [
                209.34249656649942,
                285.3509476840898
              ],
              [
                209.33584198829237,
                285.33237082803817
              ],
              [
                209.33281954151735,
                285.32598817614354
              ],
              [
                209.3311842520068,
                285.3215182447282
              ],
              [
                209.3223660369858,
                285.3031372342968
              ],
              [
                209.32001059508667,
                285.29695224491485
              ],
              [
                209.30198095542997,
                285.26060080784345
              ],
              [
                209.29670076249582,
                285.2477696181485
              ],
              [
                209.2883100664554,
                285.23199529339644
              ],
              [
                209.28498960063268,
                285.22498329978595
              ],
              [
                209.27812262881034,
                285.20921473650156
              ],
              [
                209.27722806534172,
                285.2076214376189
              ],
              [
                209.27553345914828,
                285.20377837540633
              ],
              [
                209.27520674198135,
                285.2031994761919
              ],
              [
                209.27295836041344,
                285.1981414296528
              ],
              [
                209.2714012462287,
                285.195400194461
              ],
              [
                209.26735271417837,
                285.1864327647764
              ],
              [
                209.26481732833113,
                285.1820432974779
              ],
              [
                209.26170828115093,
                285.1752830392763
              ],
              [
                209.26036830165836,
                285.172989272349
              ],
              [
                209.2517525178484,
                285.15479489112346
              ],
              [
                209.2489956937946,
                285.1502014031405
              ],
              [
                209.24765284647066,
                285.14740232298533
              ],
              [
                209.23755502584888,
                285.13070497134737
              ],
              [
                209.2342401809015,
                285.12402156669816
              ],
              [
                209.21117874297227,
                285.08699009486287
              ],
              [
                209.20425551487216,
                285.0739745776927
              ],
              [
                209.19401468304568,
                285.05859069196003
              ],
              [
                209.1879271300344,
                285.0484474615407
              ],
              [
                209.18206785893622,
                285.0381324568416
              ],
              [
                209.17939279986072,
                285.0333679333779
              ],
              [
                209.17922911105285,
                285.0331349584726
              ],
              [
                209.17879384950038,
                285.0323686984918
              ],
              [
                209.176914032998,
                285.0290379145399
              ],
              [
                209.1768513869299,
                285.0289490733872
              ],
              [
                209.17589501104567,
                285.02726541315457
              ],
              [
                209.173267790448,
                285.0235452514431
              ],
              [
                209.16764603583633,
                285.0138124101657
              ],
              [
                209.16622850433313,
                285.0118414675928
              ],
              [
                209.16323314909226,
                285.0067140407739
              ],
              [
                209.16116491595074,
                285.00385560279574
              ],
              [
                209.15064485302693,
                284.98632681543836
              ],
              [
                209.148473214508,
                284.9834028569391
              ],
              [
                209.1477181481333,
                284.9821543094316
              ],
              [
                209.13661423373216,
                284.96725629802364
              ],
              [
                209.13219807676296,
                284.96016494522394
              ],
              [
                209.11929845327788,
                284.9433202577124
              ],
              [
                209.1192113183061,
                284.94318346976365
              ],
              [
                209.11848122287657,
                284.9422530955002
              ],
              [
                209.10467763358244,
                284.924227984266
              ],
              [
                209.10173319038483,
                284.9197652117192
              ],
              [
                209.10097196267222,
                284.918820934704
              ],
              [
                209.09517280655737,
                284.91010938113794
              ],
              [
                209.08288367851884,
                284.8950911607037
              ],
              [
                209.07898255543742,
                284.8898385729037
              ],
              [
                209.0788021649141,
                284.88957562748834
              ],
              [
                209.07867198168307,
                284.88942040719115
              ],
              [
                209.076134438488,
                284.8860037837855
              ],
              [
                209.0625302766485,
                284.866740200805
              ],
              [
                209.06220582792,
                284.8663651487035
              ],
              [
                209.0613032668513,
                284.8650851870366
              ],
              [
                209.05916023158625,
                284.8626146053769
              ],
              [
                209.05761192489888,
                284.8604400331226
              ],
              [
                209.05633630304743,
                284.85897537517457
              ],
              [
                209.0487923185723,
                284.848549078788
              ],
              [
                209.04581963796744,
                284.8451870374153
              ],
              [
                209.03349479028137,
                284.8285924970121
              ],
              [
                209.0203582722641,
                284.81412141454905
              ],
              [
                209.01483484526491,
                284.8069087697845
              ],
              [
                208.99859384466157,
                284.7894783667506
              ],
              [
                208.99804475081172,
                284.788778646186
              ],
              [
                208.99417434912138,
                284.784735211427
              ],
              [
                208.98794564544392,
                284.7780503514157
              ],
              [
                208.98691917374006,
                284.77676187259993
              ],
              [
                208.98420851399058,
                284.7739798589219
              ],
              [
                208.98220628342708,
                284.7714961601955
              ],
              [
                208.97938582573235,
                284.76860915459673
              ],
              [
                208.97050939919276,
                284.7577615069832
              ],
              [
                208.95633131480184,
                284.74355096978024
              ],
              [
                208.9546945242749,
                284.7415993888431
              ],
              [
                208.95312831110442,
                284.74006143072
              ],
              [
                208.9491985516306,
                284.7357324393289
              ],
              [
                208.93395869109122,
                284.7181156597894
              ],
              [
                208.93316673502136,
                284.71736397561517
              ],
              [
                208.929849129646,
                284.71353929987225
              ],
              [
                208.92834458338726,
                284.7121209255273
              ],
              [
                208.92834162819972,
                284.7121175238253
              ],
              [
                208.9280311569844,
                284.7118254504189
              ],
              [
                208.9272598166354,
                284.7110982880895
              ],
              [
                208.91947620639732,
                284.702295183038
              ],
              [
                208.91542426422683,
                284.6985269563
              ],
              [
                208.90143295225974,
                284.6831142397052
              ],
              [
                208.88904345090103,
                284.67190509879697
              ],
              [
                208.88324377136752,
                284.6656806823213
              ],
              [
                208.86349748675656,
                284.64821621165345
              ],
              [
                208.86232731419784,
                284.6469937244863
              ],
              [
                208.85525189682363,
                284.6409234542381
              ],
              [
                208.85077571715772,
                284.636964526773
              ],
              [
                208.8491185365435,
                284.6352682454494
              ],
              [
                208.84875601450435,
                284.6349617817311
              ],
              [
                208.84780801141278,
                284.6339888239233
              ],
              [
                208.84293654858772,
                284.62989664952977
              ],
              [
                208.83147299571328,
                284.6184068572484
              ],
              [
                208.81774820177105,
                284.60712362711985
              ],
              [
                208.81689277931247,
                284.60628363678927
              ],
              [
                208.81370267836417,
                284.6037055450017
              ],
              [
                208.81014875657533,
                284.6002401800284
              ],
              [
                208.80766875939258,
                284.59824771933177
              ],
              [
                208.79142161003688,
                284.5828267565885
              ],
              [
                208.79056687038405,
                284.58216199655016
              ],
              [
                208.78704662448027,
                284.5788396269338
              ],
              [
                208.7865955866158,
                284.578490510857
              ],
              [
                208.78387425855786,
                284.57592504510336
              ],
              [
                208.78224019906955,
                284.57466838816424
              ],
              [
                208.77651696425116,
                284.5693458920468
              ],
              [
                208.77128258216985,
                284.56535443143343
              ],
              [
                208.76985178663668,
                284.5640292437912
              ],
              [
                208.76958440620365,
                284.56382703931655
              ],
              [
                208.75573387609424,
                284.55129606335913
              ],
              [
                208.74458363661245,
                284.54304364431925
              ],
              [
                208.7386506780151,
                284.5377962783748
              ],
              [
                208.71532462231337,
                284.52087451204034
              ],
              [
                208.71336604156974,
                284.51919417096815
              ],
              [
                208.70431271702907,
                284.5128543641057
              ],
              [
                208.70367673595905,
                284.5123167274865
              ],
              [
                208.70026989486917,
                284.5099531379642
              ],
              [
                208.69940365835623,
                284.509324731171
              ],
              [
                208.69517537420566,
                284.5057728460903
              ],
              [
                208.69151956500522,
                284.503277315094
              ],
              [
                208.6909394779188,
                284.50279212419014
              ],
              [
                208.6903727716142,
                284.50240757111004
              ],
              [
                208.67941054047157,
                284.4933954593636
              ],
              [
                208.66596035142186,
                284.4843974152978
              ],
              [
                208.66058440525245,
                284.48007831303266
              ],
              [
                208.65313808362973,
                284.4751906251322
              ],
              [
                208.6511223119365,
                284.4736303607716
              ],
              [
                208.6444801529299,
                284.46838026683344
              ],
              [
                208.64367195833827,
                284.4678635761542
              ],
              [
                208.6324535833375,
                284.4591802362919
              ],
              [
                208.63034957691556,
                284.4578584398827
              ],
              [
                208.62484739238295,
                284.4536270404614
              ],
              [
                208.62439934324112,
                284.4533491070536
              ],
              [
                208.62127673848957,
                284.4509679752059
              ],
              [
                208.61618083558162,
                284.44781672376786
              ],
              [
                208.6110141073137,
                284.4439094237338
              ],
              [
                208.6088753342308,
                284.44260438646546
              ],
              [
                208.59780371276295,
                284.4344101535118
              ],
              [
                208.5960601244596,
                284.4333673255001
              ],
              [
                208.59569644703214,
                284.4330985453066
              ],
              [
                208.58805431255848,
                284.4285469247909
              ],
              [
                208.58240250710998,
                284.4244468517914
              ],
              [
                208.55551498424666,
                284.40865519581416
              ],
              [
                208.55259551141336,
                284.4066107651942
              ],
              [
                208.5390630408476,
                284.3989925938841
              ],
              [
                208.53680964708977,
                284.39766912428865
              ],
              [
                208.5305375169847,
                284.39338763851316
              ],
              [
                208.52719565463477,
                284.39156519919635
              ],
              [
                208.51579517043197,
                284.3839383874951
              ],
              [
                208.50672937930656,
                284.3790894776257
              ],
              [
                208.50019464097372,
                284.3748001434953
              ],
              [
                208.48831380321818,
                284.368540824516
              ],
              [
                208.47596772715193,
                284.36064779665475
              ],
              [
                208.47413189149816,
                284.3597180666045
              ],
              [
                208.46691677092136,
                284.35518532356224
              ],
              [
                208.46416030638943,
                284.3538088668918
              ],
              [
                208.45523469131717,
                284.3482893627255
              ],
              [
                208.45233471408932,
                284.34686634378903
              ],
              [
                208.4509536877109,
                284.3460128225478
              ],
              [
                208.44908440422657,
                284.3451031038548
              ],
              [
                208.44101811413918,
                284.34018121229684
              ],
              [
                208.4371219587565,
                284.33830751636793
              ],
              [
                208.4296131489447,
                284.33381654955474
              ],
              [
                208.42667166301263,
                284.3324281531195
              ],
              [
                208.425155905099,
                284.3315253746038
              ],
              [
                208.4203964838868,
                284.3292970160112
              ],
              [
                208.41595477221574,
                284.32668829734956
              ],
              [
                208.38561786597026,
                284.31260987291347
              ],
              [
                208.38156403182023,
                284.3103277469064
              ],
              [
                208.36429362641718,
                284.30271394968463
              ],
              [
                208.36411105122622,
                284.30262922215803
              ],
              [
                208.35552995464835,
                284.29794963749913
              ],
              [
                208.3531353447504,
                284.29693849711674
              ],
              [
                208.34221194384665,
                284.29109603000967
              ],
              [
                208.3380197460791,
                284.289359670486
              ],
              [
                208.33045538516467,
                284.2853744508565
              ],
              [
                208.31409579371322,
                284.27867030564227
              ],
              [
                208.29753778354242,
                284.2702847621998
              ],
              [
                208.2947030128831,
                284.26918937721763
              ],
              [
                208.29201778297082,
                284.26784849197077
              ],
              [
                208.288779418494,
                284.2666097539932
              ],
              [
                208.27997290701242,
                284.2622883984728
              ],
              [
                208.27740825453634,
                284.2613273617744
              ],
              [
                208.27415314967882,
                284.25973534270287
              ],
              [
                208.27235601670645,
                284.25907010293776
              ],
              [
                208.2615492400178,
                284.25387302748834
              ],
              [
                208.25859067576124,
                284.25279760647896
              ],
              [
                208.25616412782082,
                284.25164448892406
              ],
              [
                208.2534065058722,
                284.2506461109528
              ],
              [
                208.25243569529064,
                284.2501878833828
              ],
              [
                208.2516977352366,
                284.2499243448773
              ],
              [
                208.25088870705707,
                284.2495428411951
              ],
              [
                208.24738143049595,
                284.24829145594794
              ],
              [
                208.2453867198551,
                284.2473575334397
              ],
              [
                208.24381958287216,
                284.2468056541967
              ],
              [
                208.240857999872,
                284.2454312746821
              ],
              [
                208.2256560796538,
                284.24008903284516
              ],
              [
                208.22387390277325,
                284.2392788715826
              ],
              [
                208.208670969587,
                284.2341064489009
              ],
              [
                208.20427881501624,
                284.23217013220835
              ],
              [
                208.19628577493094,
                284.2295361278704
              ],
              [
                208.17073169689803,
                284.219919833394
              ],
              [
                208.15292859413552,
                284.21262413859995
              ],
              [
                208.1319056286909,
                284.2062827681073
              ],
              [
                208.11097474299356,
                284.19819485532275
              ],
              [
                208.103267657097,
                284.19607270978065
              ],
              [
                208.09716131748883,
                284.1937845181013
              ],
              [
                208.09677984776226,
                284.1936624477888
              ],
              [
                208.09394449173735,
                284.1929139906206
              ],
              [
                208.07522040433935,
                284.18613506416193
              ],
              [
                208.07514086639583,
                284.1861146609512
              ],
              [
                208.07438683715773,
                284.18584057568074
              ],
              [
                208.06729359110543,
                284.1840366812029
              ],
              [
                208.06651303530535,
                284.18375818134814
              ],
              [
                208.06252743656216,
                284.1827625471496
              ],
              [
                208.05874328582595,
                284.18143272512117
              ],
              [
                208.05332792788872,
                284.1800995473248
              ],
              [
                208.05182734806706,
                284.1795735213217
              ],
              [
                208.0485378780671,
                284.17877705014723
              ],
              [
                208.04704396976857,
                284.17825859699695
              ],
              [
                208.0386408796044,
                284.1762579085422
              ],
              [
                208.03702305149932,
                284.1757074824709
              ],
              [
                208.02304459462874,
                284.1724467081307
              ],
              [
                208.02032865802863,
                284.17155170589
              ],
              [
                208.01238508643112,
                284.16976325504305
              ],
              [
                208.01196380522347,
                284.1696258617706
              ],
              [
                208.00843389231432,
                284.1688501063785
              ],
              [
                208.006687811942,
                284.1682820389498
              ],
              [
                208.00392896287534,
                284.1676798671755
              ],
              [
                207.96924788581487,
                284.1572186618187
              ],
              [
                207.94484246793226,
                284.152450345445
              ],
              [
                207.93748313101176,
                284.1504239525582
              ],
              [
                207.9324748068587,
                284.1489688971334
              ],
              [
                207.9317443073409,
                284.14884376787705
              ],
              [
                207.91814436290295,
                284.14509902416336
              ],
              [
                207.9180070338014,
                284.14506850658523
              ],
              [
                207.9099011093254,
                284.1437270728431
              ],
              [
                207.88881834210335,
                284.13831888495275
              ],
              [
                207.88546353325256,
                284.1377951953086
              ],
              [
                207.88138653560299,
                284.1367583676712
              ],
              [
                207.86449810137213,
                284.13421595760184
              ],
              [
                207.85828666725803,
                284.1327119985373
              ],
              [
                207.85218706679328,
                284.1318651930826
              ],
              [
                207.8519769421023,
                284.131815164577
              ],
              [
                207.84743892092132,
                284.13120600960866
              ],
              [
                207.8194805732395,
                284.1273245617241
              ],
              [
                207.81879786823617,
                284.12717452626964
              ],
              [
                207.81783178185086,
                284.1270605846466
              ],
              [
                207.81198278906385,
                284.12578392967947
              ],
              [
                207.8019889543165,
                284.1245397089096
              ],
              [
                207.79892507051733,
                284.1239410890721
              ],
              [
                207.79640845505398,
                284.1234233012184
              ],
              [
                207.79610560219115,
                284.1233902229878
              ],
              [
                207.7648359515386,
                284.1172807768016
              ],
              [
                207.73972413726787,
                284.11504510258794
              ],
              [
                207.6986836568013,
                284.1086386348679
              ],
              [
                207.69198603033456,
                284.1082457332164
              ],
              [
                207.68446184550632,
                284.10711303121394
              ],
              [
                207.66797617960947,
                284.106291258367
              ],
              [
                207.66104526409424,
                284.10532904172703
              ],
              [
                207.61434107420015,
                284.10353751657857
              ],
              [
                207.60934012007024,
                284.10299130178515
              ],
              [
                207.6047752644857,
                284.1029243501103
              ],
              [
                207.60255172445926,
                284.1026902566949
              ],
              [
                207.60071293045473,
                284.1026691042979
              ],
              [
                207.55750473755168,
                284.09882233155383
              ],
              [
                207.5367680386647,
                284.09914020821094
              ]
            ]
          ]
        ]
      }
    }
  ]
}