{
  "type": "FeatureCollection",
  "features": [
    {
      "type": "Feature",
      "properties": {
        "image_id": "0047_top_20250623_t1",
        "zone_type": "parking_spot",
        "generated_at": "2025-11-03T11:20:42",
        "source": "merged_t1_polygons"
      },
      "geometry": {
        "type": "MultiPolygon",
        "coordinates": [
          [
            [
              [
                1567.2088419787694,
                917.0004109437256
              ],
              [
                1567.212219629643,
                917.0135498077742
              ],
              [
                1567.214413367318,
                917.0267317327603
              ],
              [
                1567.2243261073177,
                917.0633902083267
              ],
              [
                1567.227327656496,
                917.0787856918283
              ],
              [
                1567.2356686395592,
                917.1068575520528
              ],
              [
                1567.2473745164575,
                917.1564444423304
              ],
              [
                1567.2530041766017,
                917.1728263844735
              ],
              [
                1567.2535534419078,
                917.1750497241774
              ],
              [
                1567.254859150332,
                917.1787518100524
              ],
              [
                1567.2555529222857,
                917.1815215029465
              ],
              [
                1567.2559073522636,
                917.1825120683757
              ],
              [
                1567.2559191332232,
                917.1825591006027
              ],
              [
                1567.2585031738968,
                917.1897810104816
              ],
              [
                1567.260213111149,
                917.196104559065
              ],
              [
                1567.2564353992875,
                917.1855465617039
              ],
              [
                1567.2589400057554,
                917.1952893341538
              ],
              [
                1567.2629211329947,
                917.2061191415794
              ],
              [
                1567.2661722570656,
                917.2181421798429
              ],
              [
                1567.2779056307916,
                917.2490075726444
              ],
              [
                1567.282148396953,
                917.2632867454652
              ],
              [
                1567.2949131952382,
                917.2947788826665
              ],
              [
                1567.311816246841,
                917.3439656552782
              ],
              [
                1567.317491842279,
                917.3563347986268
              ],
              [
                1567.317974378874,
                917.357702938618
              ],
              [
                1567.3206141620137,
                917.3633695933834
              ],
              [
                1567.322040739665,
                917.3673566108239
              ],
              [
                1567.3263968396652,
                917.3765668104463
              ],
              [
                1567.3279406607098,
                917.3806279308086
              ],
              [
                1567.324041146748,
                917.3723831012554
              ],
              [
                1567.328365877342,
                917.3841476083124
              ],
              [
                1567.3325361403552,
                917.3927166350193
              ],
              [
                1567.3366303516668,
                917.4034867206997
              ],
              [
                1567.3491797177362,
                917.428660259697
              ],
              [
                1567.3544504678962,
                917.4416637700918
              ],
              [
                1567.3725035721475,
                917.4762249458414
              ],
              [
                1567.3741334377537,
                917.4797770033376
              ],
              [
                1567.3752584568444,
                917.4823757029359
              ],
              [
                1567.3756544772605,
                917.4830918900143
              ],
              [
                1567.3945097364124,
                917.5241842134313
              ],
              [
                1567.3995106723912,
                917.5327317200546
              ],
              [
                1567.3997607074286,
                917.5332684543853
              ],
              [
                1567.4035512184503,
                917.5396960384942
              ],
              [
                1567.4059572759909,
                917.5447832197458
              ],
              [
                1567.4125616729063,
                917.5558019903128
              ],
              [
                1567.4134713706394,
                917.5576268084935
              ],
              [
                1567.409861164771,
                917.5516035438906
              ],
              [
                1567.4164168752823,
                917.5650741711094
              ],
              [
                1567.4203835883088,
                917.5714924476099
              ],
              [
                1567.425095101918,
                917.5809435601939
              ],
              [
                1567.4375075978055,
                917.6006697794799
              ],
              [
                1567.4435642445565,
                917.6122647290186
              ],
              [
                1567.4667567969007,
                917.6478467902344
              ],
              [
                1567.4686677078064,
                917.651302596155
              ],
              [
                1567.4701278197072,
                917.653429232873
              ],
              [
                1567.4727496208652,
                917.6579103665765
              ],
              [
                1567.4921559991224,
                917.6912387191462
              ],
              [
                1567.4926511960614,
                917.6919257681985
              ],
              [
                1567.4946421713896,
                917.6953287061439
              ],
              [
                1567.5034690529715,
                917.7074717909952
              ],
              [
                1567.5068605800825,
                917.7131302121329
              ],
              [
                1567.5132199264053,
                917.7217047980412
              ],
              [
                1567.5222017605963,
                917.7362377110436
              ],
              [
                1567.5256023848842,
                917.7406720081709
              ],
              [
                1567.5306969669575,
                917.7487684332623
              ],
              [
                1567.5310612414655,
                917.7492369975494
              ],
              [
                1567.5313298881554,
                917.7496640272866
              ],
              [
                1567.542428248174,
                917.7639420854626
              ],
              [
                1567.548664400752,
                917.7735096034953
              ],
              [
                1567.5765187559186,
                917.8083864462819
              ],
              [
                1567.5779270890516,
                917.8104376678015
              ],
              [
                1567.5789374887158,
                917.8116416042966
              ],
              [
                1567.605820910181,
                917.8489403591609
              ],
              [
                1567.6085916000018,
                917.8520882103425
              ],
              [
                1567.61122932649,
                917.8557169138957
              ],
              [
                1567.619473425171,
                917.8649710563888
              ],
              [
                1567.623778897962,
                917.870776314421
              ],
              [
                1567.63417340932,
                917.8822448903854
              ],
              [
                1567.6446497945599,
                917.8959057364658
              ],
              [
                1567.6466875696196,
                917.8980718717092
              ],
              [
                1567.653039923785,
                917.9062441856526
              ],
              [
                1567.663268873818,
                917.9170075292536
              ],
              [
                1567.6687775526377,
                917.9239050260368
              ],
              [
                1567.7012377079104,
                917.9573677980692
              ],
              [
                1567.7020188061927,
                917.9582985116884
              ],
              [
                1567.7024407605961,
                917.9587126288601
              ],
              [
                1567.734259017393,
                917.9948621597429
              ],
              [
                1567.7390165275199,
                917.9993102757893
              ],
              [
                1567.7408724176012,
                918.0013983843348
              ],
              [
                1567.7416630088821,
                918.002130964654
              ],
              [
                1567.7431252391125,
                918.0037723432246
              ],
              [
                1567.7503210159362,
                918.0103940263747
              ],
              [
                1567.7555862423144,
                918.0162033084669
              ],
              [
                1567.7696747058906,
                918.0289723475449
              ],
              [
                1567.7896589572167,
                918.0500006410589
              ],
              [
                1567.7984457732239,
                918.0575783886216
              ],
              [
                1567.8027912736873,
                918.0620581112278
              ],
              [
                1567.8266334978118,
                918.0823173515926
              ],
              [
                1567.8283444623034,
                918.0840283160843
              ],
              [
                1567.836388347815,
                918.090606253245
              ],
              [
                1567.839397477671,
                918.0931631743073
              ],
              [
                1567.8762569171768,
                918.1276255422183
              ],
              [
                1567.881136149702,
                918.1313700297319
              ],
              [
                1567.8829383731538,
                918.1330400120139
              ],
              [
                1567.88676206227,
                918.1359495292269
              ],
              [
                1567.8890334732728,
                918.1380397224517
              ],
              [
                1567.8947743658232,
                918.1423560701701
              ],
              [
                1567.9010132363603,
                918.1480106528193
              ],
              [
                1567.9173952456183,
                918.1601603789344
              ],
              [
                1567.9398436586216,
                918.1795198837636
              ],
              [
                1567.9466765585564,
                918.1843204704732
              ],
              [
                1567.949464397419,
                918.1866893559145
              ],
              [
                1567.9791584213606,
                918.2073573644866
              ],
              [
                1567.9829856694992,
                918.2104871203386
              ],
              [
                1567.9921353445484,
                918.2165545535233
              ],
              [
                1568.0304731014396,
                918.2459762404872
              ],
              [
                1568.0353703593128,
                918.2490283871308
              ],
              [
                1568.0370714521005,
                918.2503227807376
              ],
              [
                1568.044388541469,
                918.2548449906661
              ],
              [
                1568.0475198625786,
                918.2571993058893
              ],
              [
                1568.0514685988394,
                918.2595959545914
              ],
              [
                1568.0586593386483,
                918.2649289706989
              ],
              [
                1568.077389580253,
                918.276155445479
              ],
              [
                1568.102117311438,
                918.2935283938344
              ],
              [
                1568.1065555648595,
                918.296029929009
              ],
              [
                1568.1074385124434,
                918.296644489308
              ],
              [
                1568.1432162364686,
                918.3167409767888
              ],
              [
                1568.1494707019174,
                918.3208885067297
              ],
              [
                1568.1573144316708,
                918.3250283039812
              ],
              [
                1568.1954506313148,
                918.3487961505513
              ],
              [
                1568.2002653738205,
                918.3511821711179
              ],
              [
                1568.2018261846447,
                918.3521468052573
              ],
              [
                1568.2130088186998,
                918.3576412867441
              ],
              [
                1568.2170266069895,
                918.3600798459321
              ],
              [
                1568.218923110611,
                918.3609873789181
              ],
              [
                1568.2270063310355,
                918.3658322747905
              ],
              [
                1568.2481015631272,
                918.3758095765091
              ],
              [
                1568.2748843324375,
                918.3909051632498
              ],
              [
                1568.2751284730625,
                918.3910272335623
              ],
              [
                1568.320335938804,
                918.4110684925632
              ],
              [
                1568.326138632781,
                918.4141310632194
              ],
              [
                1568.3325105367232,
                918.4167183193462
              ],
              [
                1568.3696309014163,
                918.4351138936673
              ],
              [
                1568.374267966962,
                918.4368744441847
              ],
              [
                1568.375657490448,
                918.4375571734087
              ],
              [
                1568.3903122112108,
                918.4430702038094
              ],
              [
                1568.4044329399574,
                918.4497488111164
              ],
              [
                1568.4207891662863,
                918.455601162476
              ],
              [
                1568.4446131895672,
                918.4661627680247
              ],
              [
                1568.4502551317285,
                918.4680610019736
              ],
              [
                1568.4525967953352,
                918.469093295526
              ],
              [
                1568.474973899915,
                918.4764673847218
              ],
              [
                1568.4818722176772,
                918.4794421240539
              ],
              [
                1568.501983399336,
                918.4855312999061
              ],
              [
                1568.5112269463086,
                918.489284561687
              ],
              [
                1568.5160148475852,
                918.4906913552389
              ],
              [
                1568.5513683645759,
                918.5041139933314
              ],
              [
                1568.5557401271965,
                918.5053033329638
              ],
              [
                1568.5569351684926,
                918.5057529013385
              ],
              [
                1568.5731582601468,
                918.5101196960109
              ],
              [
                1568.5892304501785,
                918.5158704175582
              ],
              [
                1568.6014578266988,
                918.5189332159339
              ],
              [
                1568.6203270499805,
                918.5252817744978
              ],
              [
                1568.6301175891915,
                918.5275930072879
              ],
              [
                1568.636546952323,
                918.5297117218444
              ],
              [
                1568.6808314118175,
                918.5396821209424
              ],
              [
                1568.6982463597196,
                918.5449549428995
              ],
              [
                1568.7081483967247,
                918.5467660588647
              ],
              [
                1568.7389460779518,
                918.5551445793942
              ],
              [
                1568.742974478068,
                918.5558293900381
              ],
              [
                1568.7439591852085,
                918.5560944451821
              ],
              [
                1568.7616529267827,
                918.5590599995913
              ],
              [
                1568.7796191606553,
                918.5635603069002
              ],
              [
                1568.7873103802885,
                918.5647011915598
              ],
              [
                1568.8007602146088,
                918.5678762667455
              ],
              [
                1568.8147695990062,
                918.5698375568672
              ],
              [
                1568.8254979884036,
                918.572252993912
              ],
              [
                1568.8586450588357,
                918.5764037379316
              ],
              [
                1568.8647771218675,
                918.5776774429899
              ],
              [
                1568.8811598860184,
                918.5794039827798
              ],
              [
                1568.889886779713,
                918.5810952763849
              ],
              [
                1568.8907412719004,
                918.5812173466974
              ],
              [
                1568.893827007004,
                918.5815005558703
              ],
              [
                1568.899213053005,
                918.5825132734215
              ],
              [
                1568.900691861142,
                918.5826406648715
              ],
              [
                1568.9305919236408,
                918.5877235465272
              ],
              [
                1568.9342103155202,
                918.587981430531
              ],
              [
                1568.9349756174972,
                918.5881096987463
              ],
              [
                1568.9540089132258,
                918.5894285830644
              ],
              [
                1568.9737655240283,
                918.5923591994382
              ],
              [
                1568.9766540214703,
                918.5925011022181
              ],
              [
                1568.984362292645,
                918.5935802471456
              ],
              [
                1569.0025539499554,
                918.5944243038942
              ],
              [
                1569.017677908769,
                918.5963181569794
              ],
              [
                1569.0502049829981,
                918.5972192356602
              ],
              [
                1569.063195761014,
                918.5985883022561
              ],
              [
                1569.0810180713247,
                918.5986809763315
              ],
              [
                1569.0913064395806,
                918.5996252441208
              ],
              [
                1569.0968661410784,
                918.59957396582
              ],
              [
                1569.1244953505482,
                918.6015431088537
              ],
              [
                1569.1276501126538,
                918.6014607953608
              ],
              [
                1569.1281931011338,
                918.6014984209513
              ],
              [
                1569.144990710285,
                918.6010330865228
              ],
              [
                1569.1695556640625,
                918.6021728515625
              ],
              [
                1569.169921875,
                918.6021728515625
              ],
              [
                1569.1912310484906,
                918.6011259989978
              ],
              [
                1569.2112844379287,
                918.6016815264201
              ],
              [
                1569.2424708030621,
                918.5995205129781
              ],
              [
                1569.2627105326044,
                918.5996257573706
              ],
              [
                1569.281171935488,
                918.5978740745609
              ],
              [
                1569.2927060092907,
                918.5977676933627
              ],
              [
                1569.2999816675856,
                918.5969643510193
              ],
              [
                1569.3188244793519,
                918.5964727077194
              ],
              [
                1569.3214763393883,
                918.5961440074511
              ],
              [
                1569.3217996302935,
                918.5961350515106
              ],
              [
                1569.3405061408612,
                918.5937925839606
              ],
              [
                1569.3659561556592,
                918.5925423049069
              ],
              [
                1569.3712486501595,
                918.5917572375087
              ],
              [
                1569.3720123856297,
                918.5917191866673
              ],
              [
                1569.3864891364108,
                918.5895409737493
              ],
              [
                1569.4045019215653,
                918.588292804215
              ],
              [
                1569.4213211413312,
                918.5854738237791
              ],
              [
                1569.4234850598623,
                918.5853083659838
              ],
              [
                1569.43500212563,
                918.5832781253041
              ],
              [
                1569.461335904518,
                918.5807794837824
              ],
              [
                1569.480198370514,
                918.5770657105697
              ],
              [
                1569.4928975257023,
                918.5756635324198
              ],
              [
                1569.5014289866092,
                918.5738387264025
              ],
              [
                1569.511743408963,
                918.5725602451298
              ],
              [
                1569.513868442629,
                918.5720838016182
              ],
              [
                1569.5139795506589,
                918.5720698884433
              ],
              [
                1569.5256885243064,
                918.5694336783229
              ],
              [
                1569.5334048608318,
                918.567703635863
              ],
              [
                1569.5601025190322,
                918.5637434123689
              ],
              [
                1569.5614886037151,
                918.5633962162301
              ],
              [
                1569.5644970502822,
                918.5629499553377
              ],
              [
                1569.566422149728,
                918.5624677430294
              ],
              [
                1569.568838066705,
                918.5621042373197
              ],
              [
                1569.5844894366853,
                918.5581260491044
              ],
              [
                1569.595518353854,
                918.5562775506509
              ],
              [
                1569.6094637861545,
                918.5525238370695
              ],
              [
                1569.6167754816227,
                918.5512349235671
              ],
              [
                1569.6295801280444,
                918.5476543934232
              ],
              [
                1569.6570951957656,
                918.5422370359329
              ],
              [
                1569.6761068275441,
                918.5364766405072
              ],
              [
                1569.6898507847297,
                918.5335369264246
              ],
              [
                1569.699154134789,
                918.5305417934927
              ],
              [
                1569.7014295609788,
                918.5300316312014
              ],
              [
                1569.7152710053037,
                918.5254785904508
              ],
              [
                1569.722568457832,
                918.5237558955915
              ],
              [
                1569.7272305143615,
                918.522187344599
              ],
              [
                1569.754885760759,
                918.5152600659957
              ],
              [
                1569.7591751887717,
                918.5137252841116
              ],
              [
                1569.7617453865264,
                918.5130720038919
              ],
              [
                1569.778086747278,
                918.5071353338201
              ],
              [
                1569.78254237057,
                918.5059360068072
              ],
              [
                1569.7934575353522,
                918.5018297780877
              ],
              [
                1569.8057953757836,
                918.4983797796948
              ],
              [
                1569.8197512172983,
                918.4929533651091
              ],
              [
                1569.848040248034,
                918.4843819807511
              ],
              [
                1569.8669402291985,
                918.476524514375
              ],
              [
                1569.8815684224567,
                918.4718150943185
              ],
              [
                1569.8969915204875,
                918.465071178598
              ],
              [
                1569.8982823182453,
                918.4646368891184
              ],
              [
                1569.9062921166455,
                918.461086005616
              ],
              [
                1569.9396832709801,
                918.4491384595539
              ],
              [
                1569.9461542479619,
                918.4460779153759
              ],
              [
                1569.9488237237726,
                918.4451081187112
              ],
              [
                1569.9660221357074,
                918.436842134598
              ],
              [
                1569.969313212677,
                918.4356040484087
              ],
              [
                1569.977160953227,
                918.431748135307
              ],
              [
                1569.9887243774358,
                918.427251958296
              ],
              [
                1570.0036489053593,
                918.419689334651
              ],
              [
                1570.0322708133792,
                918.4077900804704
              ],
              [
                1570.0507942501986,
                918.3978192785797
              ],
              [
                1570.066106171022,
                918.3911239762906
              ],
              [
                1570.0858122278876,
                918.3800246101989
              ],
              [
                1570.117109879902,
                918.365221923228
              ],
              [
                1570.1254997336932,
                918.3601932383885
              ],
              [
                1570.1282201893966,
                918.358885719781
              ],
              [
                1570.1396940534592,
                918.3518890336139
              ],
              [
                1570.1431445184803,
                918.3501936802573
              ],
              [
                1570.1538371140687,
                918.3435852927558
              ],
              [
                1570.1638007802942,
                918.338536459173
              ],
              [
                1570.1794638623203,
                918.3285589558695
              ],
              [
                1570.207953465121,
                918.3132235627544
              ],
              [
                1570.2258359925804,
                918.30115672524
              ],
              [
                1570.2415925760415,
                918.2922818859263
              ],
              [
                1570.2575062529186,
                918.2810715756692
              ],
              [
                1570.2854568722892,
                918.2643186191364
              ],
              [
                1570.2855448103307,
                918.2642533998398
              ],
              [
                1570.2859451535392,
                918.2640134433551
              ],
              [
                1570.2958601241025,
                918.2566600000206
              ],
              [
                1570.2981579782852,
                918.255258783788
              ],
              [
                1570.3044672460815,
                918.250490751442
              ],
              [
                1570.3078992510245,
                918.2483696557376
              ],
              [
                1570.3210136973685,
                918.2383906260056
              ],
              [
                1570.3293385028926,
                918.2330876610796
              ],
              [
                1570.345461738077,
                918.220435225625
              ],
              [
                1570.37333984375,
                918.2016235351563
              ],
              [
                1570.373583984375,
                918.2014404296875
              ],
              [
                1570.38681503732,
                918.1904082905588
              ],
              [
                1570.3931532981583,
                918.1860110695907
              ],
              [
                1570.3965776884188,
                918.1831033969823
              ],
              [
                1570.4062479756044,
                918.1762912114351
              ],
              [
                1570.4082856751222,
                918.1745239240133
              ],
              [
                1570.4092063405665,
                918.173874098412
              ],
              [
                1570.419257548353,
                918.1651422329167
              ],
              [
                1570.4435912558272,
                918.1470951254755
              ],
              [
                1570.455162815223,
                918.1366072753758
              ],
              [
                1570.4569539673557,
                918.135253668019
              ],
              [
                1570.4587926030333,
                918.1335520563841
              ],
              [
                1570.4620323299712,
                918.1310868870139
              ],
              [
                1570.477033055007,
                918.1171868653487
              ],
              [
                1570.4837433264702,
                918.1119210935851
              ],
              [
                1570.5026432656946,
                918.0938299505149
              ],
              [
                1570.5317811277498,
                918.0695346091353
              ],
              [
                1570.5387680490692,
                918.0623686134543
              ],
              [
                1570.5416628975534,
                918.0599105783001
              ],
              [
                1570.547338870019,
                918.0540496809722
              ],
              [
                1570.5488965280651,
                918.0527133067636
              ],
              [
                1570.5496886360108,
                918.0518857862486
              ],
              [
                1570.5584025483774,
                918.0443282501222
              ],
              [
                1570.5587479276514,
                918.0439616488698
              ],
              [
                1570.5611063531278,
                918.0419127951918
              ],
              [
                1570.569578764002,
                918.0329067041096
              ],
              [
                1570.589018249873,
                918.0152877811231
              ],
              [
                1570.5995951524299,
                918.0036179674818
              ],
              [
                1570.6040982855238,
                917.9994452593348
              ],
              [
                1570.6203484387693,
                917.9811618037587
              ],
              [
                1570.62552824817,
                917.9762036569713
              ],
              [
                1570.644778852794,
                917.9537654364557
              ],
              [
                1570.64638344753,
                917.9519950389844
              ],
              [
                1570.6504976238225,
                917.947775416608
              ],
              [
                1570.654626437723,
                917.9436503851391
              ],
              [
                1570.6551980775398,
                917.9429544905524
              ],
              [
                1570.6755727291227,
                917.9220576379091
              ],
              [
                1570.6832874977606,
                917.9123141540028
              ],
              [
                1570.6846139646789,
                917.9109283850639
              ],
              [
                1570.686047706519,
                917.9091013410165
              ],
              [
                1570.6989781351276,
                917.8953564200596
              ],
              [
                1570.7059094883946,
                917.8863181737619
              ],
              [
                1570.7208255942255,
                917.8698607870773
              ],
              [
                1570.7286580647285,
                917.8592999231472
              ],
              [
                1570.732764814135,
                917.8546793162394
              ],
              [
                1570.7495411628975,
                917.831656034608
              ],
              [
                1570.753327801688,
                917.8272423843432
              ],
              [
                1570.7673986245277,
                917.807149071016
              ],
              [
                1570.7709265351798,
                917.8023074882817
              ],
              [
                1570.7727346839786,
                917.7998694818543
              ],
              [
                1570.7792087642297,
                917.7919881599656
              ],
              [
                1570.7803933942023,
                917.7902169935289
              ],
              [
                1570.7984747581793,
                917.7674841164896
              ],
              [
                1570.8007712588796,
                917.7639362583784
              ],
              [
                1570.803433681507,
                917.7605737113937
              ],
              [
                1570.808753411893,
                917.7522132342204
              ],
              [
                1570.8214261690912,
                917.7356883946374
              ],
              [
                1570.826883471783,
                917.726858293395
              ],
              [
                1570.837743912105,
                917.7122146847892
              ],
              [
                1570.843165783576,
                917.703168838734
              ],
              [
                1570.8468252729328,
                917.6981466819299
              ],
              [
                1570.8633363567697,
                917.6701487736051
              ],
              [
                1570.865911207462,
                917.6664718541869
              ],
              [
                1570.8744589321325,
                917.6512881798114
              ],
              [
                1570.88236192062,
                917.6378870518571
              ],
              [
                1570.8848823297674,
                917.6339932781535
              ],
              [
                1570.8883256951751,
                917.62884502648
              ],
              [
                1570.8888548377547,
                917.6278561606326
              ],
              [
                1570.9043401037354,
                917.6039330124686
              ],
              [
                1570.9096902486037,
                917.5935811122839
              ],
              [
                1570.9140078442795,
                917.5867955879299
              ],
              [
                1570.9163836852078,
                917.5820439060734
              ],
              [
                1570.9272110544052,
                917.5645248547031
              ],
              [
                1570.9312925888532,
                917.5561381468193
              ],
              [
                1570.9386472161966,
                917.543867692402
              ],
              [
                1570.9420484814223,
                917.5366763212916
              ],
              [
                1570.9452099956964,
                917.5313153293853
              ],
              [
                1570.9606170717236,
                917.4982419380617
              ],
              [
                1570.9621942257497,
                917.4954403745936
              ],
              [
                1570.9623162960622,
                917.4951962339686
              ],
              [
                1570.9671024253587,
                917.4843202414164
              ],
              [
                1570.9757205720498,
                917.4658202134101
              ],
              [
                1570.9802522224834,
                917.4570520035551
              ],
              [
                1570.9809263748646,
                917.455792142241
              ],
              [
                1570.9810199145963,
                917.4555666097344
              ],
              [
                1570.9937902246174,
                917.4308575639196
              ],
              [
                1570.9990442153749,
                917.4176867608899
              ],
              [
                1570.9999448293897,
                917.4159094360297
              ],
              [
                1571.0015644730945,
                917.4117439800923
              ],
              [
                1571.0026896156892,
                917.4094320451106
              ],
              [
                1571.0061224269116,
                917.4025664226657
              ],
              [
                1571.0064374973508,
                917.4017309245935
              ],
              [
                1571.0152620523454,
                917.3835982919062
              ],
              [
                1571.018098952823,
                917.3758811093065
              ],
              [
                1571.0225637525225,
                917.3664410834801
              ],
              [
                1571.0243783047124,
                917.3613697498434
              ],
              [
                1571.026996324251,
                917.355749813618
              ],
              [
                1571.0403774581655,
                917.3178101741559
              ],
              [
                1571.0413716687642,
                917.3155509315826
              ],
              [
                1571.043924576994,
                917.3077529988564
              ],
              [
                1571.0517579318341,
                917.2855430232056
              ],
              [
                1571.0659763189003,
                917.2499001025967
              ],
              [
                1571.0703176343868,
                917.2349222117842
              ],
              [
                1571.0710726507884,
                917.2329804343774
              ],
              [
                1571.072478153192,
                917.2279540945342
              ],
              [
                1571.0766001458023,
                917.2167410929152
              ],
              [
                1571.0766011804344,
                917.2167383712491
              ],
              [
                1571.0766012753688,
                917.2167380201705
              ],
              [
                1571.084687923932,
                917.1947400177476
              ],
              [
                1571.0864451257012,
                917.1879046057963
              ],
              [
                1571.0886853589643,
                917.181643573259
              ],
              [
                1571.0893778806308,
                917.1788788717917
              ],
              [
                1571.0914172612172,
                917.1730965991774
              ],
              [
                1571.093488621356,
                917.1647120586149
              ],
              [
                1571.094153003186,
                917.1628047782757
              ],
              [
                1571.1003552818106,
                917.1369168954126
              ],
              [
                1571.101898733745,
                917.1306692443609
              ],
              [
                1571.102438049425,
                917.1290218888696
              ],
              [
                1571.1035978069594,
                917.1237916628054
              ],
              [
                1571.1097687395734,
                917.0988126966474
              ],
              [
                1571.120213404885,
                917.0627777535302
              ],
              [
                1571.123327082662,
                917.0461087988369
              ],
              [
                1571.1239277946609,
                917.0439605402163
              ],
              [
                1571.1249718281476,
                917.0380379900233
              ],
              [
                1571.1259099234142,
                917.0343888543861
              ],
              [
                1571.128360070182,
                917.0253279241665
              ],
              [
                1571.1285818771362,
                917.02399511092
              ],
              [
                1571.134785950918,
                916.9998616273193
              ],
              [
                1571.135662331258,
                916.9941009871794
              ],
              [
                1571.1363752483064,
                916.9912548627823
              ],
              [
                1571.1364276446507,
                916.9909016353213
              ],
              [
                1571.1378686629594,
                916.9850686195008
              ],
              [
                1571.13964748989,
                916.9729139310597
              ],
              [
                1571.1407523603966,
                916.9683022778293
              ],
              [
                1571.146363462692,
                916.9270238247292
              ],
              [
                1571.149228857779,
                916.9074446380499
              ],
              [
                1571.1559868209636,
                916.8712661410409
              ],
              [
                1571.1575775332788,
                916.8530736879277
              ],
              [
                1571.1580012370775,
                916.8506701184559
              ],
              [
                1571.158489626361,
                916.8442827819234
              ],
              [
                1571.1609110047607,
                916.8297329892159
              ],
              [
                1571.1610962876348,
                916.8269180149588
              ],
              [
                1571.1650490485965,
                916.8009356504268
              ],
              [
                1571.1651711623713,
                916.7985111931931
              ],
              [
                1571.1659149052837,
                916.7934292129149
              ],
              [
                1571.1666862353698,
                916.7775179745989
              ],
              [
                1571.1676921234578,
                916.7701180909257
              ],
              [
                1571.169385684681,
                916.7218328897247
              ],
              [
                1571.1697996632,
                916.7132932113276
              ],
              [
                1571.1729571093008,
                916.6771825396471
              ],
              [
                1571.172757525071,
                916.6576819006868
              ],
              [
                1571.1729648321616,
                916.6549706615211
              ],
              [
                1571.172859812644,
                916.6501674912734
              ],
              [
                1571.1732224136636,
                916.6426876440052
              ],
              [
                1571.1739340333695,
                916.6318761150717
              ],
              [
                1571.1738574484334,
                916.6295879481088
              ],
              [
                1571.17529296875,
                916.5999755859375
              ],
              [
                1571.174340179202,
                916.5805750706847
              ],
              [
                1571.1747028764005,
                916.5702341943368
              ],
              [
                1571.1713324471261,
                916.5184427908744
              ],
              [
                1571.170963236985,
                916.4823686297499
              ],
              [
                1571.1687416148,
                916.4618176894107
              ],
              [
                1571.168674472313,
                916.4587468621623
              ],
              [
                1571.168138959126,
                916.4543070349503
              ],
              [
                1571.1676737586697,
                916.4448347138388
              ],
              [
                1571.1673011495932,
                916.4337020835411
              ],
              [
                1571.1670255870497,
                916.4316367695161
              ],
              [
                1571.1656624220943,
                916.4038802701222
              ],
              [
                1571.1624815858943,
                916.3824368142693
              ],
              [
                1571.1617145069238,
                916.370649563088
              ],
              [
                1571.1536541066798,
                916.3222518886444
              ],
              [
                1571.1500241240874,
                916.2886730217272
              ],
              [
                1571.1455909023362,
                916.2673658380368
              ],
              [
                1571.1451714760415,
                916.2638884628343
              ],
              [
                1571.1443411339028,
                916.2601438205569
              ],
              [
                1571.1423831839018,
                916.246944393812
              ],
              [
                1571.1410775496086,
                916.2371587938462
              ],
              [
                1571.1406849038697,
                916.2354955198056
              ],
              [
                1571.1368635295564,
                916.209733906749
              ],
              [
                1571.1310483424036,
                916.1865183782905
              ],
              [
                1571.1288569075632,
                916.1733601793476
              ],
              [
                1571.1167610335424,
                916.128802205395
              ],
              [
                1571.1103384641274,
                916.0979337142686
              ],
              [
                1571.1035516466764,
                916.0761930956037
              ],
              [
                1571.1026821900498,
                916.0722720564429
              ],
              [
                1571.1016132985558,
                916.0690070961653
              ],
              [
                1571.0992574399002,
                916.0596019812094
              ],
              [
                1571.0974032031809,
                916.0521512935065
              ],
              [
                1571.095520991355,
                916.0441781162633
              ],
              [
                1571.0951509705376,
                916.0431013799298
              ],
              [
                1571.0901101750396,
                916.0228464725388
              ],
              [
                1571.0899085791643,
                916.0222792370281
              ],
              [
                1571.0891736402143,
                916.0193451962723
              ],
              [
                1571.0803624930666,
                915.9947196896834
              ],
              [
                1571.0764586766782,
                915.9803390712467
              ],
              [
                1571.061023908914,
                915.9399614471117
              ],
              [
                1571.0522828386486,
                915.9119606534064
              ],
              [
                1571.0430520139548,
                915.8901299425091
              ],
              [
                1571.0416158093892,
                915.8857430137299
              ],
              [
                1571.041598788205,
                915.8857043348182
              ],
              [
                1571.0413716687642,
                915.8850105918549
              ],
              [
                1571.040080233463,
                915.8820759363437
              ],
              [
                1571.0320434639766,
                915.8594626708825
              ],
              [
                1571.0310792609714,
                915.8566569033155
              ],
              [
                1571.0309330296552,
                915.8563382132094
              ],
              [
                1571.0247908461965,
                915.8390557932897
              ],
              [
                1571.024262517037,
                915.8379307601398
              ],
              [
                1571.0230520337725,
                915.8345476860511
              ],
              [
                1571.0109357790554,
                915.8089300178128
              ],
              [
                1571.005043832245,
                915.7935165812543
              ],
              [
                1570.9869930120374,
                915.7575515538333
              ],
              [
                1570.9764081437945,
                915.7325185577401
              ],
              [
                1570.9651092396846,
                915.7117119700855
              ],
              [
                1570.9623162960622,
                915.7053652894688
              ],
              [
                1570.9604579766421,
                915.7020642803643
              ],
              [
                1570.9418790290042,
                915.6625019514476
              ],
              [
                1570.940909801779,
                915.6608725284483
              ],
              [
                1570.9391354974466,
                915.6571210771292
              ],
              [
                1570.923465328498,
                915.6309769797039
              ],
              [
                1570.9153265713194,
                915.614761061439
              ],
              [
                1570.8953929632312,
                915.5833315711672
              ],
              [
                1570.8834343627966,
                915.561310172831
              ],
              [
                1570.870262073841,
                915.5418455939997
              ],
              [
                1570.8660332777745,
                915.5343338098756
              ],
              [
                1570.8634278988516,
                915.5306132957573
              ],
              [
                1570.842163331511,
                915.4948642224816
              ],
              [
                1570.8406460812107,
                915.4928014133228
              ],
              [
                1570.838232193355,
                915.4887740847421
              ],
              [
                1570.818826334238,
                915.4626083127158
              ],
              [
                1570.8082041275807,
                915.4458601886769
              ],
              [
                1570.7871158391981,
                915.4189811135591
              ],
              [
                1570.7742437339741,
                915.3999601136628
              ],
              [
                1570.759409695591,
                915.3820739833325
              ],
              [
                1570.7534498720006,
                915.3735632797193
              ],
              [
                1570.7498995231088,
                915.3694250454716
              ],
              [
                1570.7363869926385,
                915.3510538040188
              ],
              [
                1570.7350505834515,
                915.3492097092018
              ],
              [
                1570.7349313003065,
                915.3490746872743
              ],
              [
                1570.726592190313,
                915.3377370770816
              ],
              [
                1570.724429342396,
                915.335328703314
              ],
              [
                1570.7213138754755,
                915.331127982454
              ],
              [
                1570.6980629304308,
                915.3054745178221
              ],
              [
                1570.6847477983836,
                915.2885030866651
              ],
              [
                1570.663212730488,
                915.2660845669096
              ],
              [
                1570.6498723790787,
                915.2499994484946
              ],
              [
                1570.6336167883808,
                915.2338876067804
              ],
              [
                1570.6256503184825,
                915.2246020070912
              ],
              [
                1570.621228571093,
                915.2203694821243
              ],
              [
                1570.6073478123815,
                915.2046572304484
              ],
              [
                1570.6056924866705,
                915.2031128751329
              ],
              [
                1570.5962648495859,
                915.1926150154977
              ],
              [
                1570.593370825016,
                915.1899645796954
              ],
              [
                1570.589506531123,
                915.1857009884081
              ],
              [
                1570.562377373602,
                915.161112553291
              ],
              [
                1570.546192231056,
                915.1442634335356
              ],
              [
                1570.5248838216044,
                915.1261161709481
              ],
              [
                1570.5115004714228,
                915.1128511703869
              ],
              [
                1570.4940837702572,
                915.098665663119
              ],
              [
                1570.4838653967827,
                915.0888845704773
              ],
              [
                1570.480031394733,
                915.0858759023713
              ],
              [
                1570.4663143544037,
                915.073078430547
              ],
              [
                1570.4627953270997,
                915.0703795636572
              ],
              [
                1570.4524209057267,
                915.0608783527405
              ],
              [
                1570.448724446568,
                915.058103544623
              ],
              [
                1570.4440795370772,
                915.0538936440557
              ],
              [
                1570.4131176519404,
                915.0309307450304
              ],
              [
                1570.393923075585,
                915.0145837240026
              ],
              [
                1570.3734670848412,
                915.0004261141173
              ],
              [
                1570.360441037087,
                914.9898166942661
              ],
              [
                1570.3421352950654,
                914.9776642760734
              ],
              [
                1570.329460573205,
                914.9677180029829
              ],
              [
                1570.326363412053,
                914.9657450875902
              ],
              [
                1570.3132619411501,
                914.9556971047325
              ],
              [
                1570.3075900728604,
                914.9521586960551
              ],
              [
                1570.2964285170478,
                914.9437800898427
              ],
              [
                1570.2918748379175,
                914.9410109457788
              ],
              [
                1570.2864334347892,
                914.9369753261761
              ],
              [
                1570.2517636631494,
                914.9161950647592
              ],
              [
                1570.2294631271739,
                914.9007608434337
              ],
              [
                1570.2104256892521,
                914.8902277652792
              ],
              [
                1570.1981274954715,
                914.8820635076565
              ],
              [
                1570.1792078332346,
                914.8720058559784
              ],
              [
                1570.1639228506067,
                914.8622692048893
              ],
              [
                1570.161683000988,
                914.861134218257
              ],
              [
                1570.1496140908034,
                914.853604999604
              ],
              [
                1570.1415494196942,
                914.8495963494483
              ],
              [
                1570.1297713906667,
                914.8424339960565
              ],
              [
                1570.125964231307,
                914.8406005726112
              ],
              [
                1570.125868900823,
                914.8405427126617
              ],
              [
                1570.1242641043498,
                914.83977477016
              ],
              [
                1570.118086442402,
                914.8360720220845
              ],
              [
                1570.0838516534045,
                914.8198801727787
              ],
              [
                1570.066302191,
                914.8100225711252
              ],
              [
                1570.062162496836,
                914.8081963596055
              ],
              [
                1570.0544570972536,
                914.8039330981128
              ],
              [
                1570.0379611953308,
                914.7968551681114
              ],
              [
                1570.0253032322203,
                914.7901072626328
              ],
              [
                1570.004951846148,
                914.7816987406013
              ],
              [
                1570.0032994182682,
                914.7808773797315
              ],
              [
                1569.9888464477483,
                914.7735537057665
              ],
              [
                1569.9875563350786,
                914.7730520745176
              ],
              [
                1569.976892868162,
                914.7677516589475
              ],
              [
                1569.9674524232732,
                914.764146236938
              ],
              [
                1569.967115947052,
                914.7639809125288
              ],
              [
                1569.9659516913246,
                914.7635429255264
              ],
              [
                1569.9540346703623,
                914.7578040153402
              ],
              [
                1569.9494769078105,
                914.756133935202
              ],
              [
                1569.9470079230134,
                914.7549524530682
              ],
              [
                1569.9451598507305,
                914.754283835409
              ],
              [
                1569.9406598334801,
                914.7521554857586
              ],
              [
                1569.9113776282468,
                914.7416781451933
              ],
              [
                1569.8897938810155,
                914.7321565510204
              ],
              [
                1569.8784143062692,
                914.7283980617339
              ],
              [
                1569.8706551652488,
                914.7250688314032
              ],
              [
                1569.85899810528,
                914.7213954648779
              ],
              [
                1569.8442896793686,
                914.7153184280173
              ],
              [
                1569.8217156240325,
                914.7084875609156
              ],
              [
                1569.8099893747842,
                914.7040091621085
              ],
              [
                1569.8059174460961,
                914.7024258843677
              ],
              [
                1569.805642155231,
                914.7023489054955
              ],
              [
                1569.7967047281368,
                914.6989355921683
              ],
              [
                1569.7874431563785,
                914.6963889349543
              ],
              [
                1569.7858382690074,
                914.695785184599
              ],
              [
                1569.781854975975,
                914.6947129954526
              ],
              [
                1569.7708898596284,
                914.6906950978954
              ],
              [
                1569.7656308606472,
                914.6893316935327
              ],
              [
                1569.7605507784742,
                914.6874937607404
              ],
              [
                1569.7584705131749,
                914.686967104591
              ],
              [
                1569.755862323259,
                914.6860338793168
              ],
              [
                1569.7322116808148,
                914.6801097017844
              ],
              [
                1569.7067360138865,
                914.671695501487
              ],
              [
                1569.6873745576834,
                914.6673135440175
              ],
              [
                1569.6798954755918,
                914.6649567396544
              ],
              [
                1569.67336977229,
                914.6635983824646
              ],
              [
                1569.656828962064,
                914.6585931640965
              ],
              [
                1569.6322615252466,
                914.6537185944641
              ],
              [
                1569.6107255743493,
                914.6477968474708
              ],
              [
                1569.6018030763257,
                914.6462481471434
              ],
              [
                1569.5988142522915,
                914.6454436407554
              ],
              [
                1569.5918247639997,
                914.6442721696036
              ],
              [
                1569.5820789233226,
                914.6417455439578
              ],
              [
                1569.5761814399527,
                914.6408173844543
              ],
              [
                1569.5683301983863,
                914.6388297030502
              ],
              [
                1569.5660457703123,
                914.6384873079753
              ],
              [
                1569.5654736127822,
                914.6383439899748
              ],
              [
                1569.5639618245782,
                914.6381197373786
              ],
              [
                1569.5616894330947,
                914.6375505329436
              ],
              [
                1569.5447959922801,
                914.6350446277174
              ],
              [
                1569.5187073887153,
                914.6291401569968
              ],
              [
                1569.4908665106152,
                914.6256094322772
              ],
              [
                1569.4840857550284,
                914.6241979847017
              ],
              [
                1569.4827913282468,
                914.6240613335677
              ],
              [
                1569.4647187946603,
                914.6204754558852
              ],
              [
                1569.4384607885422,
                914.61789641718
              ],
              [
                1569.4206851717959,
                914.6148110588642
              ],
              [
                1569.412243471696,
                914.6141734993499
              ],
              [
                1569.4077978200028,
                914.6134283871912
              ],
              [
                1569.3977125876431,
                914.6127295458033
              ],
              [
                1569.3893977191296,
                914.6114209326632
              ],
              [
                1569.3830171993657,
                914.6110470107076
              ],
              [
                1569.3781181910626,
                914.610320311473
              ],
              [
                1569.372235564095,
                914.6094386104801
              ],
              [
                1569.3721434124268,
                914.6094340367837
              ],
              [
                1569.3675430697217,
                914.6087516404056
              ],
              [
                1569.351863567756,
                914.607981355868
              ],
              [
                1569.3274550603683,
                914.6048859175671
              ],
              [
                1569.2966848250135,
                914.6039713043675
              ],
              [
                1569.2698014788955,
                914.601330845307
              ],
              [
                1569.2422209550678,
                914.6013325464813
              ],
              [
                1569.228351058555,
                914.6002850223596
              ],
              [
                1569.22050903796,
                914.6004504856696
              ],
              [
                1569.2145803363662,
                914.6000396649862
              ],
              [
                1569.2014141150967,
                914.6004044011813
              ],
              [
                1569.194678916428,
                914.6000096937357
              ],
              [
                1569.1918473298297,
                914.6001202621868
              ],
              [
                1569.1715087890625,
                914.59912109375
              ],
              [
                1569.1571789244017,
                914.5998246367631
              ],
              [
                1569.1347560365255,
                914.5991581397736
              ],
              [
                1569.1020821775544,
                914.6013411902799
              ],
              [
                1569.0739462365523,
                914.6013429257125
              ],
              [
                1569.0454654521677,
                914.6041438311236
              ],
              [
                1569.0355121061743,
                914.6043538425045
              ],
              [
                1569.0283625140967,
                914.6051983493634
              ],
              [
                1569.0209738072065,
                914.6054030344269
              ],
              [
                1569.008195952837,
                914.6070031035105
              ],
              [
                1568.9849726442076,
                914.6080799091044
              ],
              [
                1568.982778908943,
                914.6083870283312
              ],
              [
                1568.9753524380908,
                914.6087516404056
              ],
              [
                1568.9623892831382,
                914.610674542797
              ],
              [
                1568.942400766737,
                914.6120100428642
              ],
              [
                1568.9081500954235,
                914.6176479299052
              ],
              [
                1568.8790312839603,
                914.6205115812529
              ],
              [
                1568.8687955456187,
                914.6225438267278
              ],
              [
                1568.8624187039654,
                914.6232031854418
              ],
              [
                1568.8449983657567,
                914.6268446063837
              ],
              [
                1568.8404777219623,
                914.627376968638
              ],
              [
                1568.8336464168074,
                914.6288605537576
              ],
              [
                1568.8287938868411,
                914.6294681974942
              ],
              [
                1568.8231979357038,
                914.6307280946863
              ],
              [
                1568.8013705661713,
                914.6337838895045
              ],
              [
                1568.7925308751246,
                914.6358706574915
              ],
              [
                1568.7812060747178,
                914.6375505329436
              ],
              [
                1568.7696408859738,
                914.6404474619161
              ],
              [
                1568.7521765065862,
                914.6433222142772
              ],
              [
                1568.733588494064,
                914.6482585293589
              ],
              [
                1568.732136620213,
                914.6485113363599
              ],
              [
                1568.718784121815,
                914.6521900441415
              ],
              [
                1568.71673002915,
                914.6527355381038
              ],
              [
                1568.6869258202398,
                914.6586529879905
              ],
              [
                1568.6866816796148,
                914.6587140231468
              ],
              [
                1568.6737446403665,
                914.6626422409962
              ],
              [
                1568.6608019329408,
                914.6653476905288
              ],
              [
                1568.6413467218988,
                914.6715603947737
              ],
              [
                1568.620937401543,
                914.6763783817522
              ],
              [
                1568.6056127092438,
                914.6815343812909
              ],
              [
                1568.590817364241,
                914.6852404222856
              ],
              [
                1568.5807021343533,
                914.6888597094119
              ],
              [
                1568.5658507115293,
                914.6928037191539
              ],
              [
                1568.5500672184178,
                914.6986727447511
              ],
              [
                1568.5462541896218,
                914.6997232611627
              ],
              [
                1568.525564875078,
                914.7076357196237
              ],
              [
                1568.4960950310763,
                914.7165839777996
              ],
              [
                1568.4820585561467,
                914.7224264718047
              ],
              [
                1568.464588960777,
                914.7280051020788
              ],
              [
                1568.4548906683713,
                914.7322448789661
              ],
              [
                1568.4452235411297,
                914.7354973882253
              ],
              [
                1568.423737170592,
                914.7450226714916
              ],
              [
                1568.4215521637448,
                914.7458044794427
              ],
              [
                1568.4167958087216,
                914.7474759524165
              ],
              [
                1568.4165099338334,
                914.7476086181531
              ],
              [
                1568.4060198540199,
                914.7513620287274
              ],
              [
                1568.4034623956468,
                914.7525716164536
              ],
              [
                1568.4030901665199,
                914.7527048021649
              ],
              [
                1568.3969514395762,
                914.755608203778
              ],
              [
                1568.3851546147052,
                914.7599948035405
              ],
              [
                1568.3722254828963,
                914.7662791110473
              ],
              [
                1568.36616682662,
                914.7685961943907
              ],
              [
                1568.3407398822374,
                914.7812484701524
              ],
              [
                1568.3122095917392,
                914.7931238200558
              ],
              [
                1568.2997178065532,
                914.7998520001391
              ],
              [
                1568.2903447023996,
                914.8038937420281
              ],
              [
                1568.2878957865262,
                914.8052435291853
              ],
              [
                1568.2869102084164,
                914.805680453172
              ],
              [
                1568.2758608949375,
                914.8105108523752
              ],
              [
                1568.2515893550108,
                914.8241431826248
              ],
              [
                1568.241699036378,
                914.828732975084
              ],
              [
                1568.2390394354784,
                914.8302950194067
              ],
              [
                1568.225663557598,
                914.8366213384908
              ],
              [
                1568.2177622869672,
                914.8413571778535
              ],
              [
                1568.2117671413048,
                914.844271166159
              ],
              [
                1568.201645987203,
                914.8504606527201
              ],
              [
                1568.1935482154017,
                914.8544900492668
              ],
              [
                1568.1638713231605,
                914.873020053411
              ],
              [
                1568.1368491466894,
                914.88757442389
              ],
              [
                1568.129392532071,
                914.8926069456093
              ],
              [
                1568.1211554647825,
                914.8971470311874
              ],
              [
                1568.1190785551823,
                914.898569073621
              ],
              [
                1568.1079267936934,
                914.9048325614732
              ],
              [
                1568.105097294446,
                914.90680198518
              ],
              [
                1568.1028790626494,
                914.9080522230256
              ],
              [
                1568.0836712289788,
                914.9215463138944
              ],
              [
                1568.0752513014838,
                914.9264915295258
              ],
              [
                1568.0730029428742,
                914.928122589638
              ],
              [
                1568.0573165652108,
                914.9375246425824
              ],
              [
                1568.0481000648003,
                914.9443600651466
              ],
              [
                1568.0472993089527,
                914.9448497590597
              ],
              [
                1568.0398473953305,
                914.9504595601488
              ],
              [
                1568.0300026275631,
                914.9566065510819
              ],
              [
                1567.9967434634966,
                914.9821327361734
              ],
              [
                1567.9717529296875,
                914.9989990234375
              ],
              [
                1567.9715087890625,
                914.9991821289062
              ],
              [
                1567.9691719533682,
                915.0012088557585
              ],
              [
                1567.9617526645545,
                915.0062887800461
              ],
              [
                1567.9597283696892,
                915.0079834952675
              ],
              [
                1567.949952678669,
                915.0147876948668
              ],
              [
                1567.9451969899837,
                915.018828703779
              ],
              [
                1567.9406307859142,
                915.0220366018531
              ],
              [
                1567.9251815276164,
                915.0353588699677
              ],
              [
                1567.9190031305786,
                915.0398409561092
              ],
              [
                1567.917154852752,
                915.041475653194
              ],
              [
                1567.8996704629228,
                915.054442960462
              ],
              [
                1567.8902562351775,
                915.0629755191275
              ],
              [
                1567.8889114029603,
                915.0639866447358
              ],
              [
                1567.88297605715,
                915.069448456616
              ],
              [
                1567.8770500124272,
                915.0739966561483
              ],
              [
                1567.8443883646214,
                915.1044879175082
              ],
              [
                1567.8398533940046,
                915.1083413776256
              ],
              [
                1567.8136235766287,
                915.1303006640525
              ],
              [
                1567.8116538765516,
                915.1323031019709
              ],
              [
                1567.8032795549373,
                915.1394189395535
              ],
              [
                1567.796997399148,
                915.1458951361485
              ],
              [
                1567.7904667006248,
                915.1515267150259
              ],
              [
                1567.7785539455454,
                915.1640603077831
              ],
              [
                1567.7744100372263,
                915.1677253600557
              ],
              [
                1567.7729298017557,
                915.1693139999104
              ],
              [
                1567.754243468877,
                915.1862503048144
              ],
              [
                1567.7451769250408,
                915.196253694405
              ],
              [
                1567.7430031688,
                915.1982540239629
              ],
              [
                1567.7383358065713,
                915.2034932183009
              ],
              [
                1567.7361118710376,
                915.20556937196
              ],
              [
                1567.712654414013,
                915.232136755708
              ],
              [
                1567.7032984165146,
                915.2424595082009
              ],
              [
                1567.6781502888743,
                915.2680256159292
              ],
              [
                1567.676254290386,
                915.2703677114965
              ],
              [
                1567.6692658338877,
                915.2775720247445
              ],
              [
                1567.6619058756494,
                915.2867875353838
              ],
              [
                1567.6538628049366,
                915.2952497737292
              ],
              [
                1567.6536403633384,
                915.2955358991278
              ],
              [
                1567.652520031499,
                915.2967146174792
              ],
              [
                1567.643943531223,
                915.307746522397
              ],
              [
                1567.6428189633289,
                915.3089534475189
              ],
              [
                1567.6416591768038,
                915.3104679290552
              ],
              [
                1567.6224361245245,
                915.3316772988602
              ],
              [
                1567.6139548210865,
                915.3431130127294
              ],
              [
                1567.6111072561775,
                915.3463094532918
              ],
              [
                1567.5875949093409,
                915.3786552392914
              ],
              [
                1567.5766986246022,
                915.3933471784985
              ],
              [
                1567.5565968068292,
                915.4181786214508
              ],
              [
                1567.5548061706431,
                915.4208886320216
              ],
              [
                1567.549152682002,
                915.4279674472859
              ],
              [
                1567.5422629338482,
                915.4385377129873
              ],
              [
                1567.53081903727,
                915.4532579339252
              ],
              [
                1567.5227207420703,
                915.4661279278733
              ],
              [
                1567.505517806645,
                915.4893234011483
              ],
              [
                1567.4978487133455,
                915.5021185103168
              ],
              [
                1567.4945201010771,
                915.5066976610436
              ],
              [
                1567.4706296755526,
                915.5475307313474
              ],
              [
                1567.465767201106,
                915.5556432798512
              ],
              [
                1567.4500972601588,
                915.5793587090034
              ],
              [
                1567.4484549697395,
                915.5824580832814
              ],
              [
                1567.4440525258065,
                915.5892123217626
              ],
              [
                1567.4380963551698,
                915.6006149180868
              ],
              [
                1567.4252171722305,
                915.6210828069936
              ],
              [
                1567.4186580508765,
                915.6342401486697
              ],
              [
                1567.4046145025534,
                915.6576703935355
              ],
              [
                1567.3979693050744,
                915.6717204831355
              ],
              [
                1567.3943876660999,
                915.6778421537562
              ],
              [
                1567.372075102897,
                915.7264691737304
              ],
              [
                1567.3714805022585,
                915.7277263511544
              ],
              [
                1567.3596453208932,
                915.7500620210612
              ],
              [
                1567.3582037908336,
                915.7535626282796
              ],
              [
                1567.3549387491462,
                915.7598132806894
              ],
              [
                1567.3500697980196,
                915.7718255094358
              ],
              [
                1567.3367524219793,
                915.7985396464878
              ],
              [
                1567.3316907221144,
                915.8118547729146
              ],
              [
                1567.3206979662275,
                915.8350970024574
              ],
              [
                1567.3152690778627,
                915.8502697289996
              ],
              [
                1567.3116941765286,
                915.8580607119093
              ],
              [
                1567.294155101661,
                915.9090982705469
              ],
              [
                1567.2860849321744,
                915.9286958456187
              ],
              [
                1567.284903548003,
                915.9325976924785
              ],
              [
                1567.282636678203,
                915.9381903053161
              ],
              [
                1567.2789572346387,
                915.950573596909
              ],
              [
                1567.266294327378,
                915.9838841873446
              ],
              [
                1567.262684470861,
                915.9972338602852
              ],
              [
                1567.2545763597857,
                916.0198945126785
              ],
              [
                1567.250533722254,
                916.0360336263817
              ],
              [
                1567.247252446145,
                916.0455819248571
              ],
              [
                1567.2350709365724,
                916.0971836274764
              ],
              [
                1567.2301024340204,
                916.1135934766606
              ],
              [
                1567.2292446385895,
                916.1178830180083
              ],
              [
                1567.227815937746,
                916.1226913589529
              ],
              [
                1567.2253768901926,
                916.1352016708412
              ],
              [
                1567.2145354376305,
                916.1752946344272
              ],
              [
                1567.212327732964,
                916.1885604855072
              ],
              [
                1567.2068864704436,
                916.2102832231552
              ],
              [
                1567.2043751916628,
                916.2272128895321
              ],
              [
                1567.2016958878914,
                916.23856260244
              ],
              [
                1567.1948472024826,
                916.2898928225894
              ],
              [
                1567.192220159571,
                916.303029765019
              ],
              [
                1567.191750219635,
                916.3076788887739
              ],
              [
                1567.1909842494106,
                916.3116076872883
              ],
              [
                1567.1909612805216,
                916.3118455285403
              ],
              [
                1567.1904959681606,
                916.314232199007
              ],
              [
                1567.1892274747424,
                916.3273673604157
              ],
              [
                1567.1819845030518,
                916.3708895693778
              ],
              [
                1567.1811243985885,
                916.3839570044312
              ],
              [
                1567.1780875779057,
                916.4044295865284
              ],
              [
                1567.177226845171,
                916.4219556588779
              ],
              [
                1567.1754722879068,
                916.4351058921349
              ],
              [
                1567.1737904410772,
                916.4853552825773
              ],
              [
                1567.1727915615659,
                916.4952372145209
              ],
              [
                1567.1727815946433,
                916.4976633087508
              ],
              [
                1567.1719944481893,
                916.5058141557151
              ],
              [
                1567.1719944481893,
                916.5226669390684
              ],
              [
                1567.168961474443,
                916.5687464435221
              ],
              [
                1567.1693895671808,
                916.5815367872982
              ],
              [
                1567.16845703125,
                916.6005249023438
              ],
              [
                1567.1693453874875,
                916.6181624023661
              ],
              [
                1567.1688394041305,
                916.6332799236654
              ],
              [
                1567.1719944481893,
                916.6812140236358
              ],
              [
                1567.1719944481893,
                916.6982874067849
              ],
              [
                1567.1739882049674,
                916.7189326200053
              ],
              [
                1567.1755943582193,
                916.7669204750526
              ],
              [
                1567.1775921016824,
                916.781893364832
              ],
              [
                1567.178578881091,
                916.8014849668331
              ],
              [
                1567.1809263915602,
                916.8169156678903
              ],
              [
                1567.1818624327393,
                916.8311367978097
              ],
              [
                1567.188559594405,
                916.8713792952155
              ],
              [
                1567.188604890641,
                916.8719051110575
              ],
              [
                1567.188926089326,
                916.8736133769912
              ],
              [
                1567.1904959681606,
                916.889869363493
              ],
              [
                1567.1952567959354,
                916.9142885021128
              ],
              [
                1567.201817958204,
                916.9634637647475
              ],
              [
                1567.2066498687188,
                916.9839320661492
              ],
              [
                1567.2071020401656,
                916.9870217445008
              ],
              [
                1567.2074803981445,
                916.9885532781833
              ],
              [
                1567.2078630329436,
                916.9911327924698
              ],
              [
                1567.209728136427,
                916.9985787029551
              ],
              [
                1567.2109359280917,
                917.005836188344
              ],
              [
                1567.207705103606,
                916.9929380139912
              ],
              [
                1567.2088419787694,
                917.0004109437256
              ]
            ],
            [
              [
                1567.1776271284284,
                916.7821558868305
              ],
              [
                1567.1787484249546,
                916.7905598934561
              ],
              [
                1567.1790641404057,
                916.7969864290966
              ],
              [
                1567.1800537590432,
                916.8036578960406
              ],
              [
                1567.1805802172737,
                916.8116562951059
              ],
              [
                1567.1783317185307,
                916.7964981478466
              ],
              [
                1567.1776271284284,
                916.7821558868305
              ]
            ],
            [
              [
                1567.1694874007565,
                916.5844598106445
              ],
              [
                1567.1694965893087,
                916.5847343416751
              ],
              [
                1567.168713155849,
                916.6007078065803
              ],
              [
                1567.168701171875,
                916.6004638671875
              ],
              [
                1567.1694874007565,
                916.5844598106445
              ]
            ],
            [
              [
                1567.1697237392334,
                916.60685819543
              ],
              [
                1567.1694366666754,
                916.6154352077882
              ],
              [
                1567.168725162508,
                916.6009522077405
              ],
              [
                1567.1694336827045,
                916.6009539591485
              ],
              [
                1567.1697237392334,
                916.60685819543
              ]
            ],
            [
              [
                1567.1776128422857,
                916.4190626486578
              ],
              [
                1567.1783317185307,
                916.4044295865284
              ],
              [
                1567.1809296541012,
                916.3869157275266
              ],
              [
                1567.1808624973853,
                916.3879360292009
              ],
              [
                1567.1783000950788,
                916.4052392120018
              ],
              [
                1567.1776274997633,
                916.4189527923128
              ],
              [
                1567.1776128422857,
                916.4190626486578
              ]
            ],
            [
              [
                1567.2050321217473,
                916.2244300890383
              ],
              [
                1567.2071306110686,
                916.2102832231552
              ],
              [
                1567.211844428018,
                916.1914646110179
              ],
              [
                1567.2115528681209,
                916.1932165619165
              ],
              [
                1567.2070047253633,
                916.2114049090129
              ],
              [
                1567.205149443511,
                916.2239331060722
              ],
              [
                1567.2050321217473,
                916.2244300890383
              ]
            ],
            [
              [
                1567.2514342799911,
                916.0334130623747
              ],
              [
                1567.2548205004107,
                916.0198945126785
              ],
              [
                1567.2619291028818,
                916.0000272996976
              ],
              [
                1567.2612687398237,
                916.0024693997663
              ],
              [
                1567.254539529187,
                916.0213098400595
              ],
              [
                1567.2517233993847,
                916.0325717438836
              ],
              [
                1567.2514342799911,
                916.0334130623747
              ]
            ],
            [
              [
                1567.3163777299098,
                915.8478535814353
              ],
              [
                1567.3209421068525,
                915.8350970024574
              ],
              [
                1567.3306908186876,
                915.8144850830673
              ],
              [
                1567.3295259595022,
                915.8175493199315
              ],
              [
                1567.3204482236183,
                915.8367787131098
              ],
              [
                1567.3168962264524,
                915.8467235928497
              ],
              [
                1567.3163777299098,
                915.8478535814353
              ]
            ],
            [
              [
                1567.3992434096497,
                915.6695428073281
              ],
              [
                1567.4048586431784,
                915.6576703935355
              ],
              [
                1567.4174513858356,
                915.6366606716899
              ],
              [
                1567.4156598988748,
                915.6402543246779
              ],
              [
                1567.4040981561611,
                915.6595828282802
              ],
              [
                1567.4000349692867,
                915.6681898883407
              ],
              [
                1567.3992434096497,
                915.6695428073281
              ]
            ],
            [
              [
                1567.5003330051334,
                915.4987008859049
              ],
              [
                1567.4992402961252,
                915.5002041187377
              ],
              [
                1567.50576194727,
                915.4893234011483
              ],
              [
                1567.5213541392475,
                915.4682997639977
              ],
              [
                1567.5188319382346,
                915.4723081029099
              ],
              [
                1567.5046863775367,
                915.4914230752612
              ],
              [
                1567.5003330051334,
                915.4987008859049
              ]
            ],
            [
              [
                1567.6168178460032,
                915.3398992180424
              ],
              [
                1567.6154125118412,
                915.3414767297983
              ],
              [
                1567.6226802651495,
                915.3316772988602
              ],
              [
                1567.6403289520792,
                915.3122049735381
              ],
              [
                1567.6373059308764,
                915.3161525187948
              ],
              [
                1567.6212473491332,
                915.3339136066078
              ],
              [
                1567.6168178460032,
                915.3398992180424
              ]
            ],
            [
              [
                1567.7483605216069,
                915.1933240916318
              ],
              [
                1567.7466479791674,
                915.194900003961
              ],
              [
                1567.754487609502,
                915.1862503048144
              ],
              [
                1567.771603900671,
                915.1707370027693
              ],
              [
                1567.7678676137891,
                915.1747469149533
              ],
              [
                1567.7526622111354,
                915.1885663436137
              ],
              [
                1567.7483605216069,
                915.1933240916318
              ]
            ],
            [
              [
                1567.9026001504228,
                915.0531001870245
              ],
              [
                1567.9025524776762,
                915.0531433950836
              ],
              [
                1567.8976695223755,
                915.0567764634941
              ],
              [
                1567.8936864548052,
                915.0603964740516
              ],
              [
                1567.8916885627093,
                915.0618986092882
              ],
              [
                1567.8999146035478,
                915.054442960462
              ],
              [
                1567.9158868127154,
                915.0425971628077
              ],
              [
                1567.91143509164,
                915.0465344580343
              ],
              [
                1567.9058512992003,
                915.0506889707577
              ],
              [
                1567.9026001504228,
                915.0531001870245
              ]
            ],
            [
              [
                1568.05180947733,
                914.9420916124808
              ],
              [
                1568.0494917004569,
                914.9435090248297
              ],
              [
                1568.0575607058358,
                914.9375246425824
              ],
              [
                1568.0718422011435,
                914.9289646437164
              ],
              [
                1568.0697252353045,
                914.9305003856234
              ],
              [
                1568.0602462527108,
                914.9361818691449
              ],
              [
                1568.057411519741,
                914.9382842504006
              ],
              [
                1568.0548773688083,
                914.9398090071874
              ],
              [
                1568.05180947733,
                914.9420916124808
              ]
            ],
            [
              [
                1568.2280188987463,
                914.8356228150084
              ],
              [
                1568.221408752168,
                914.8395847843957
              ],
              [
                1568.219053617642,
                914.8407295162925
              ],
              [
                1568.225907698223,
                914.8366213384908
              ],
              [
                1568.2280188987463,
                914.8356228150084
              ]
            ]
          ]
        ]
      }
    }
  ]
}