{
  "type": "FeatureCollection",
  "features": [
    {
      "type": "Feature",
      "properties": {
        "method": "Homography",
        "mode": "tmpl2img",
        "inside_ratio": 1.0
      },
      "geometry": {
        "type": "Polygon",
        "coordinates": [
          [
            [
              248.78036596211723,
              239.0962301445609
            ],
            [
              248.78123372308303,
              239.0918061725944
            ],
            [
              248.81160932447173,
              239.1112597843254
            ],
            [
              248.91898863018446,
              238.45059018051646
            ],
            [
              248.96098025468388,
              238.26044194707492
            ],
            [
              249.01853504337768,
              237.89916715137778
            ],
            [
              249.1927721119901,
              237.07935209978922
            ],
            [
              249.22211240524587,
              236.88394625788476
            ],
            [
              249.25355209195496,
              236.73391570440208
            ],
            [
              249.36257223823995,
              235.9971994920976
            ],
            [
              249.37491614763871,
              235.93646496675294
            ],
            [
              249.4504299517891,
              235.407055950054
            ],
            [
              249.48522880292415,
              235.22425114868216
            ],
            [
              249.5697806512872,
              234.79003188285833
            ],
            [
              249.57443706639216,
              234.75562364082504
            ],
            [
              249.69872844548087,
              234.1026980376837
            ],
            [
              249.7326286738425,
              233.83886233005202
            ],
            [
              249.76042947690374,
              233.6910586938008
            ],
            [
              249.81547785089245,
              233.25045123330239
            ],
            [
              249.92653270297808,
              232.62779133238737
            ],
            [
              249.9092670307403,
              232.61908171479334
            ],
            [
              250.0250713807482,
              231.6452262630373
            ],
            [
              250.29362914366166,
              229.99287854443347
            ],
            [
              250.3634678000889,
              229.2825392134405
            ],
            [
              250.4661684526134,
              228.59855465692127
            ],
            [
              250.4802307526102,
              228.4444931766386
            ],
            [
              250.49718321259348,
              228.3299349730858
            ],
            [
              250.560540234809,
              227.62434125343245
            ],
            [
              250.5653965006469,
              227.59029514820475
            ],
            [
              250.59900225003054,
              227.19599794693687
            ],
            [
              250.60202424231622,
              227.16234265975024
            ],
            [
              250.68986401451178,
              226.51325702766798
            ],
            [
              250.7152669214386,
              226.19127203535464
            ],
            [
              250.81630970871385,
              225.4048851414874
            ],
            [
              250.84234105520952,
              225.0314330141766
            ],
            [
              250.8746378117289,
              224.77292961359558
            ],
            [
              250.91355653927374,
              224.17351975656715
            ],
            [
              250.92288068295247,
              224.09510846929604
            ],
            [
              250.99231071377747,
              222.97325965849282
            ],
            [
              251.04935100048277,
              222.4427435218956
            ],
            [
              251.05296621960863,
              222.37282079273885
            ],
            [
              251.10006646151206,
              221.95125063924013
            ],
            [
              251.10578201006462,
              221.81236095361675
            ],
            [
              251.13277703614722,
              221.54599319837794
            ],
            [
              251.13451984855863,
              221.50782088331707
            ],
            [
              251.14439967542077,
              221.41033337759742
            ],
            [
              251.1504322319746,
              221.2782072766042
            ],
            [
              251.21659050634796,
              220.60530165725342
            ],
            [
              251.23068742257175,
              220.2227609207251
            ],
            [
              251.26075200933434,
              219.89338416570163
            ],
            [
              251.26390737869826,
              219.80211899185096
            ],
            [
              251.2657128050532,
              219.78214724553382
            ],
            [
              251.26633205608556,
              219.76408742420722
            ],
            [
              251.2713235826639,
              219.70849785129698
            ],
            [
              251.29366582226152,
              219.04549074555294
            ],
            [
              251.29437425673083,
              219.03717866401635
            ],
            [
              251.29763190189473,
              218.92779712901591
            ],
            [
              251.30457742374256,
              218.72168841200403
            ],
            [
              251.35811750253114,
              218.04306128057664
            ],
            [
              251.37340522651775,
              217.41265522461157
            ],
            [
              251.39174960330033,
              217.1494822637014
            ],
            [
              251.39888119406714,
              217.05102216682303
            ],
            [
              251.39893283827905,
              217.04795278510917
            ],
            [
              251.4038121519029,
              216.98071958391506
            ],
            [
              251.4039104325446,
              216.9750200032934
            ],
            [
              251.4365911288634,
              216.50617466083244
            ],
            [
              251.44271282290492,
              216.02367744854195
            ],
            [
              251.46694319429952,
              215.6504914692168
            ],
            [
              251.4767742130236,
              214.17585941702768
            ],
            [
              251.4939711940577,
              213.8432489153177
            ],
            [
              251.49373340578722,
              213.75916536589196
            ],
            [
              251.53810230973636,
              212.7873899284997
            ],
            [
              251.53164324220205,
              212.05818878641804
            ],
            [
              251.53293600848468,
              212.0207971134106
            ],
            [
              251.56903444163459,
              211.04121257276088
            ],
            [
              251.5508104026549,
              210.0971583272717
            ],
            [
              251.56644078568888,
              209.45262234990983
            ],
            [
              251.54766938535238,
              208.81928682012088
            ],
            [
              251.55488082742662,
              208.42246179784692
            ],
            [
              251.55252030416466,
              208.35670079693466
            ],
            [
              251.55437405468564,
              208.24919640607567
            ],
            [
              251.5446476867853,
              207.98941645383226
            ],
            [
              251.55097057800046,
              207.49106136371793
            ],
            [
              251.5252595102405,
              206.90316720233116
            ],
            [
              251.5285167600755,
              206.4145866040405
            ],
            [
              251.47182643843823,
              205.30512707839463
            ],
            [
              251.46104971366034,
              204.08848087122416
            ],
            [
              251.4232886335764,
              203.4911876300489
            ],
            [
              251.4081459820806,
              202.70675754585736
            ],
            [
              251.3868275690015,
              202.40824760361443
            ],
            [
              251.38290196698097,
              202.21987495447306
            ],
            [
              251.38257160696884,
              202.2155303350049
            ],
            [
              251.38226040313012,
              202.20059704843067
            ],
            [
              251.38182595210688,
              202.194883495799
            ],
            [
              251.3816006210223,
              202.1840664666692
            ],
            [
              251.37771156733348,
              202.13292064400653
            ],
            [
              251.37755912108514,
              202.12580551148025
            ],
            [
              251.3773744967519,
              202.12339625834917
            ],
            [
              251.37679990325867,
              202.09582505009877
            ],
            [
              251.37513585491737,
              202.0739406422939
            ],
            [
              251.3735992754238,
              202.00155831623917
            ],
            [
              251.32815601865767,
              201.41304051525438
            ],
            [
              251.31048710087015,
              200.81690207031787
            ],
            [
              251.26041678179828,
              200.21908982424264
            ],
            [
              251.2437148975922,
              199.75379781041033
            ],
            [
              251.23104798794256,
              199.61353394390298
            ],
            [
              251.2261126612601,
              199.48171711946526
            ],
            [
              251.21128125125657,
              199.3213880116187
            ],
            [
              251.2111112643514,
              199.3169528336995
            ],
            [
              251.19324298970608,
              199.12639249997406
            ],
            [
              251.17789040488256,
              198.96042943729793
            ],
            [
              251.15539526960168,
              198.44606889753965
            ],
            [
              251.08992921938784,
              197.795882983199
            ],
            [
              251.08878378962558,
              197.77232739113106
            ],
            [
              251.08513091573343,
              197.73729153268854
            ],
            [
              251.05554176405164,
              197.15821621182454
            ],
            [
              250.97841953154378,
              196.45438393552655
            ],
            [
              250.9112113308401,
              195.39130512684784
            ],
            [
              250.85889496581302,
              194.9495959466155
            ],
            [
              250.82250881245912,
              194.43520699334056
            ],
            [
              250.74890410402114,
              193.8381756833293
            ],
            [
              250.70754172473144,
              193.29420640441958
            ],
            [
              250.6924372223629,
              193.1800956371961
            ],
            [
              250.68448871685712,
              193.0771576588425
            ],
            [
              250.6254324644633,
              192.63772409723026
            ],
            [
              250.5897850105835,
              192.21211297942818
            ],
            [
              250.5124077213979,
              191.6558500885123
            ],
            [
              250.46450509982014,
              191.12541234920684
            ],
            [
              250.43341939505726,
              190.91261922860275
            ],
            [
              250.41913177489928,
              190.758168546386
            ],
            [
              250.39066889601875,
              190.56715607855273
            ],
            [
              250.38802373618947,
              190.53894616183416
            ],
            [
              250.30128295702946,
              189.96332412986467
            ],
            [
              250.25051016773963,
              189.45906654412042
            ],
            [
              250.1278683402254,
              188.6894247221633
            ],
            [
              250.07326158188442,
              188.1792688964785
            ],
            [
              250.06872515820336,
              188.1523387183229
            ],
            [
              250.04937727314766,
              187.97576621080256
            ],
            [
              249.9951103973892,
              187.656627992567
            ],
            [
              249.89062975541486,
              186.77449371789348
            ],
            [
              249.8484426596913,
              186.53424517213068
            ],
            [
              249.81567850963066,
              186.26848468143402
            ],
            [
              249.66620115057978,
              185.42713677518051
            ],
            [
              249.55600616565178,
              184.59464100890577
            ],
            [
              249.5172021298253,
              184.39145747372578
            ],
            [
              249.49954947345995,
              184.26010525708935
            ],
            [
              249.44526036345113,
              183.98020922452312
            ],
            [
              249.4424165934276,
              183.95929672190337
            ],
            [
              249.44030632357268,
              183.94854696143761
            ],
            [
              249.40783984204282,
              183.71514644994284
            ],
            [
              249.30746538438555,
              183.20504851718326
            ],
            [
              249.3053108176217,
              183.19029971259536
            ],
            [
              249.2903744014624,
              183.0855689624137
            ],
            [
              249.2890448863776,
              183.07895341064946
            ],
            [
              249.22128461457606,
              182.61510934473566
            ],
            [
              249.16384787283766,
              182.33404261850296
            ],
            [
              249.1377739498167,
              182.15906227293152
            ],
            [
              249.09241043985182,
              181.9411036532024
            ],
            [
              249.08457574449068,
              181.8891116915547
            ],
            [
              248.91810356075695,
              181.09751592666487
            ],
            [
              248.84177834094587,
              180.61853512194406
            ],
            [
              248.6894427508053,
              179.92935677836508
            ],
            [
              248.62036922549146,
              179.5405696987152
            ],
            [
              248.56366305945642,
              179.21763744437155
            ],
            [
              248.52786171956652,
              179.00510516588216
            ],
            [
              248.52172869877373,
              178.97882818294406
            ],
            [
              248.4055112206518,
              178.31698883060028
            ],
            [
              248.39527258073747,
              178.2735912614969
            ],
            [
              248.3909980828464,
              178.2495318328698
            ],
            [
              248.14097762240593,
              177.18534721574684
            ],
            [
              248.03874725345688,
              176.6500542411043
            ],
            [
              247.93508333098143,
              176.10637840659277
            ],
            [
              247.93439974304016,
              176.10367560799924
            ],
            [
              247.92973621159214,
              176.0792566838907
            ],
            [
              247.92842286283994,
              176.07407014882878
            ],
            [
              247.92671726345773,
              176.0651393882907
            ],
            [
              247.85545497789786,
              175.78371788582052
            ],
            [
              247.82681262916898,
              175.63604775875987
            ],
            [
              247.7896921409799,
              175.49180142305323
            ],
            [
              247.7722108792155,
              175.40296253221214
            ],
            [
              247.65561378304443,
              174.9511418953249
            ],
            [
              247.60918919351394,
              174.72013716386914
            ],
            [
              247.60353073184285,
              174.69862985923322
            ],
            [
              247.52220951330398,
              174.30068443305535
            ],
            [
              247.43086801605085,
              173.95787013376102
            ],
            [
              247.3906991110297,
              173.76487009691976
            ],
            [
              247.3255195123488,
              173.52458236106946
            ],
            [
              247.30972564581248,
              173.44948057780402
            ],
            [
              247.03774534145472,
              172.45694613801868
            ],
            [
              246.939567703711,
              172.01278268484958
            ],
            [
              246.8637105774543,
              171.74880038756217
            ],
            [
              246.5575087603273,
              170.44548599903064
            ],
            [
              246.51293734272835,
              170.29511225937827
            ],
            [
              246.46628785055853,
              170.09738340310784
            ],
            [
              246.15386452622536,
              169.06372098876994
            ],
            [
              245.84736281122676,
              167.85186168718636
            ],
            [
              245.8452986140961,
              167.84542037446786
            ],
            [
              245.83770824779182,
              167.81544530037962
            ],
            [
              245.71907880853522,
              167.4456145210504
            ],
            [
              245.6790366121409,
              167.29001473275667
            ],
            [
              245.57667009953366,
              166.97629527841065
            ],
            [
              245.5382622518561,
              166.82890607006638
            ],
            [
              245.51274139089486,
              166.75172734274537
            ],
            [
              245.47965897304348,
              166.62598404353557
            ],
            [
              245.46759733196393,
              166.589507624631
            ],
            [
              245.37960448984998,
              166.2592611822191
            ],
            [
              245.27196122502875,
              165.93701094110318
            ],
            [
              245.2651172137993,
              165.9115903785675
            ],
            [
              245.24112603197594,
              165.84036521086114
            ],
            [
              245.19093119109485,
              165.65531950774823
            ],
            [
              245.10344043836406,
              165.39811061715093
            ],
            [
              245.07691073316053,
              165.30129608437034
            ],
            [
              244.75589723572173,
              164.36726194993258
            ],
            [
              244.3277024217085,
              162.92263086232313
            ],
            [
              244.15028619513737,
              162.43481893913096
            ],
            [
              243.98563779285786,
              161.89007451142203
            ],
            [
              243.66029324395777,
              161.02712639753946
            ],
            [
              243.31296683361234,
              159.94329676304437
            ],
            [
              243.31094239638963,
              159.93817815760343
            ],
            [
              243.3024739258959,
              159.9117774508118
            ],
            [
              243.12623318897712,
              159.4665178041743
            ],
            [
              243.0737280107932,
              159.3056068242926
            ],
            [
              242.9920256125847,
              159.10296491690943
            ],
            [
              242.91829395754647,
              158.8799880667382
            ],
            [
              242.89776795806924,
              158.82941945351385
            ],
            [
              242.80997438328367,
              158.56659297115024
            ],
            [
              242.70318486313693,
              158.3057099065877
            ],
            [
              242.68870582106507,
              158.26272443770367
            ],
            [
              242.61776348245178,
              158.0906159134466
            ],
            [
              242.5558678651459,
              157.90865264803833
            ],
            [
              242.4440500834806,
              157.64061596453016
            ],
            [
              242.40405582508615,
              157.52424701799237
            ],
            [
              242.11519875614442,
              156.83927710699948
            ],
            [
              241.71751586959488,
              155.74583454282404
            ],
            [
              241.44391669372138,
              155.1294244633259
            ],
            [
              241.31031970421324,
              154.77016664881586
            ],
            [
              241.2561879472081,
              154.65044623363647
            ],
            [
              241.052806288535,
              154.11099407639304
            ],
            [
              240.72939616549155,
              153.41097324821044
            ],
            [
              240.35287103697937,
              152.45896369753066
            ],
            [
              240.3509676453973,
              152.4550074299981
            ],
            [
              240.34198327377118,
              152.43230905613987
            ],
            [
              240.09910322938674,
              151.9278106678353
            ],
            [
              240.0331163422472,
              151.76414706718532
            ],
            [
              240.01487558211022,
              151.72701892603556
            ],
            [
              239.94583542512953,
              151.55692903595374
            ],
            [
              239.91492239319663,
              151.49408216483434
            ],
            [
              239.83397694636133,
              151.29633526791218
            ],
            [
              239.7340828095034,
              151.09470860686955
            ],
            [
              239.7098025954212,
              151.03580398240908
            ],
            [
              239.58031241133077,
              150.77599446477652
            ],
            [
              239.50724846934403,
              150.60085401392269
            ],
            [
              239.3696165246407,
              150.32864808334938
            ],
            [
              239.31353819324818,
              150.19566892586144
            ],
            [
              238.86366127141096,
              149.31619258894193
            ],
            [
              238.36168150879084,
              148.18524844630286
            ],
            [
              238.189279939849,
              147.86752396622046
            ],
            [
              238.13968383492536,
              147.75783481882834
            ],
            [
              238.03526380047552,
              147.56634158064998
            ],
            [
              237.94165932686442,
              147.36125377535336
            ],
            [
              237.8974041823812,
              147.28112995585604
            ],
            [
              237.6932423429324,
              146.8392218962398
            ],
            [
              237.38583559762134,
              146.29187433376032
            ],
            [
              236.99245962885428,
              145.47422830204712
            ],
            [
              236.99073910549,
              145.47127079548181
            ],
            [
              236.98160624258836,
              145.45230046538953
            ],
            [
              236.7331302404485,
              145.02542901620004
            ],
            [
              236.5871859355541,
              144.7287210472168
            ],
            [
              236.54422179652408,
              144.65628243428864
            ],
            [
              236.4763524901681,
              144.51929479859453
            ],
            [
              236.3890295400804,
              144.37299435119607
            ],
            [
              236.35301349466778,
              144.3007316430111
            ],
            [
              236.15459048473608,
              143.9700286735385
            ],
            [
              236.07107539585752,
              143.80485406575602
            ],
            [
              235.90671000573735,
              143.53557006451842
            ],
            [
              235.83210391924993,
              143.38972064555398
            ],
            [
              235.2392493254429,
              142.4308162323805
            ],
            [
              234.5869448822452,
              141.22866307714577
            ],
            [
              234.39107300005855,
              140.93292682548056
            ],
            [
              234.31049621867638,
              140.78704278053473
            ],
            [
              234.21043477873965,
              140.6372457136448
            ],
            [
              234.15051743771713,
              140.52950135131206
            ],
            [
              234.14450092162406,
              140.52057405764944
            ],
            [
              233.93792092120455,
              140.15275174596218
            ],
            [
              233.93477813121717,
              140.1481484635869
            ],
            [
              233.92067089377332,
              140.1230300846118
            ],
            [
              233.6417095929276,
              139.7144313521717
            ],
            [
              233.26140598535713,
              139.06070560855068
            ],
            [
              233.25991267225956,
              139.0585855226258
            ],
            [
              233.25099439441442,
              139.043264291779
            ],
            [
              233.02423223022257,
              138.721491991281
            ],
            [
              232.87129131600278,
              138.46362978488352
            ],
            [
              232.81497989026713,
              138.38504888823175
            ],
            [
              232.7658064139753,
              138.30266388435066
            ],
            [
              232.69618927704462,
              138.2060623402883
            ],
            [
              232.64684590366824,
              138.12382389372732
            ],
            [
              232.39196535027122,
              137.77179669371378
            ],
            [
              232.3523655459943,
              137.706474796439
            ],
            [
              232.33153052606735,
              137.67826254543814
            ],
            [
              232.27748469036388,
              137.5897178774998
            ],
            [
              232.08606211870037,
              137.33073746149432
            ],
            [
              231.99073123857139,
              137.17654585596424
            ],
            [
              231.36196395415388,
              136.3381810585868
            ],
            [
              230.73074883024307,
              135.37728499579023
            ],
            [
              230.61587271793402,
              135.2329582120234
            ],
            [
              230.4282713059509,
              134.94970909138524
            ],
            [
              230.33358007175192,
              134.83339695605088
            ],
            [
              230.33309672774607,
              134.83267336548633
            ],
            [
              230.20504730989305,
              134.67522124723146
            ],
            [
              230.11698166298228,
              134.54454962943697
            ],
            [
              230.08823959245032,
              134.50961142349183
            ],
            [
              229.80505710894403,
              134.09482986254238
            ],
            [
              229.54285773576635,
              133.78140963763673
            ],
            [
              229.19349748141977,
              133.2854160241692
            ],
            [
              229.19226064359867,
              133.28397856279335
            ],
            [
              229.18390589186927,
              133.27212328837362
            ],
            [
              228.98771164831197,
              133.04421146034116
            ],
            [
              228.83097087415146,
              132.82548443620496
            ],
            [
              228.76047719572,
              132.74482275461082
            ],
            [
              228.7348412226138,
              132.7092499819446
            ],
            [
              228.6873631664134,
              132.65520103126286
            ],
            [
              228.623542148187,
              132.56705490144913
            ],
            [
              228.2626677000931,
              132.15797090385416
            ],
            [
              228.1605622498445,
              132.01982986984768
            ],
            [
              228.11790723123028,
              131.97268614446702
            ],
            [
              228.10580063178588,
              131.9562928593368
            ],
            [
              227.9339748536265,
              131.7674830294091
            ],
            [
              227.82443714994525,
              131.62143129130823
            ],
            [
              227.20960198501007,
              130.9534253340377
            ],
            [
              226.55715799275865,
              130.13371494258223
            ],
            [
              226.32345345661236,
              129.89470927362507
            ],
            [
              226.23682144907747,
              129.78728243955976
            ],
            [
              226.19876735172213,
              129.7490195018067
            ],
            [
              226.04604487894582,
              129.5612289030932
            ],
            [
              226.02184812949147,
              129.53716490854754
            ],
            [
              225.92774849398552,
              129.42157945196223
            ],
            [
              225.79637638636544,
              129.2925203168696
            ],
            [
              225.76942742629325,
              129.2597617751425
            ],
            [
              225.71806724701895,
              129.20944334850887
            ],
            [
              225.36912159982379,
              128.7923308974111
            ],
            [
              225.1318054873213,
              128.56488981201755
            ],
            [
              224.82640145665138,
              128.20994715901344
            ],
            [
              224.82543794310956,
              128.20904712652077
            ],
            [
              224.81797175936507,
              128.20037392819077
            ],
            [
              224.65990537945515,
              128.05278475114676
            ],
            [
              224.50269313450016,
              127.87289622315936
            ],
            [
              224.39548815439187,
              127.77417128509983
            ],
            [
              224.31886102842634,
              127.68730747088475
            ],
            [
              223.86853072835035,
              127.27613588118506
            ],
            [
              223.7581029329227,
              127.1540874603573
            ],
            [
              223.64271182906194,
              127.05205179137825
            ],
            [
              223.5557282194119,
              126.95647032088958
            ],
            [
              223.42703566422404,
              126.8437436174223
            ],
            [
              223.37202454631955,
              126.7839751517063
            ],
            [
              222.78277948798885,
              126.27372200319168
            ],
            [
              222.11981848015526,
              125.59572301445613
            ],
            [
              221.85127611920765,
              125.37766929319584
            ],
            [
              221.72701713733872,
              125.25272837962942
            ],
            [
              221.66138048403823,
              125.20062086887047
            ],
            [
              221.48959092530075,
              125.02977382960825
            ],
            [
              221.33072229641624,
              124.90548972938188
            ],
            [
              221.13191773800543,
              124.71018537729499
            ],
            [
              221.0241005263,
              124.62811171060639
            ],
            [
              220.65675485408906,
              124.27605176187315
            ],
            [
              220.45160622442395,
              124.12338511217975
            ],
            [
              220.20137037411007,
              123.88963603951406
            ],
            [
              220.20068736314897,
              123.88913959362188
            ],
            [
              220.19440148264624,
              123.88327036367289
            ],
            [
              220.0805504567218,
              123.80055031624852
            ],
            [
              219.9262954505819,
              123.65849706545355
            ],
            [
              219.8332627825296,
              123.5917568023666
            ],
            [
              219.77180588474127,
              123.53564392175332
            ],
            [
              219.22967716745902,
              123.14978438215287
            ],
            [
              219.1113110450546,
              123.04511802504989
            ],
            [
              219.0167543696245,
              122.9806105016248
            ],
            [
              218.92858360025588,
              122.90337837146524
            ],
            [
              218.75597538224616,
              122.78673565620124
            ],
            [
              218.67576834971058,
              122.71728086773093
            ],
            [
              218.1223087043603,
              122.34978490881541
            ],
            [
              217.45945184817342,
              121.81155174648168
            ],
            [
              217.15742031948105,
              121.62502490335399
            ],
            [
              216.99244203734943,
              121.49405223520135
            ],
            [
              216.8969047244442,
              121.43688153793583
            ],
            [
              216.70731267679014,
              121.2885622805793
            ],
            [
              216.49034681495718,
              121.16138655634111
            ],
            [
              216.30253086909994,
              121.01738826047651
            ],
            [
              216.21629695008218,
              120.96826870440312
            ],
            [
              216.0913423492366,
              120.8731495476508
            ],
            [
              216.0623039648092,
              120.85697250414884
            ],
            [
              215.7154603900367,
              120.59885990249795
            ],
            [
              215.54877129764802,
              120.50789865657839
            ],
            [
              215.36288561700175,
              120.37278781963734
            ],
            [
              215.36248327079863,
              120.37257293786037
            ],
            [
              215.35762739710898,
              120.3690448352548
            ],
            [
              215.29246735688184,
              120.33425717684725
            ],
            [
              215.14464710822418,
              120.22821311198739
            ],
            [
              215.06827462766378,
              120.18791053761699
            ],
            [
              215.02429890042768,
              120.15661086038877
            ],
            [
              214.39063192536273,
              119.82462282982908
            ],
            [
              214.26444202601098,
              119.73853480006551
            ],
            [
              214.19334264155728,
              119.70346489567187
            ],
            [
              214.10890445092545,
              119.6464044616976
            ],
            [
              213.88970184612387,
              119.53934348069919
            ],
            [
              213.78104058457538,
              119.46719264757635
            ],
            [
              213.27195911437133,
              119.22546477854397
            ],
            [
              212.6195412363953,
              118.82254840849696
            ],
            [
              212.28620774467177,
              118.6777840376795
            ],
            [
              212.07840289625014,
              118.55343107318714
            ],
            [
              211.95145364980226,
              118.50088955168202
            ],
            [
              211.74571619809785,
              118.38029542133134
            ],
            [
              211.4999139336224,
              118.28177778874095
            ],
            [
              211.27650365916287,
              118.15452144194076
            ],
            [
              211.14101590831058,
              118.10261276680909
            ],
            [
              210.5958914827683,
              117.80514161128735
            ],
            [
              210.472810921911,
              117.76113666733656
            ],
            [
              210.3582409585215,
              117.69994807706834
            ],
            [
              210.35811481883212,
              117.69990382247126
            ],
            [
              210.35488890094342,
              117.69818156863042
            ],
            [
              210.34118738241804,
              117.69337606827504
            ],
            [
              210.20325697387884,
              117.62058871728709
            ],
            [
              210.14552944285353,
              117.60054730094001
            ],
            [
              210.12080270047403,
              117.58759257419963
            ],
            [
              209.39857613763806,
              117.33843734765387
            ],
            [
              209.26438671287164,
              117.2722481628485
            ],
            [
              209.21861253693893,
              117.25793170532373
            ],
            [
              209.13953012885509,
              117.21930698096236
            ],
            [
              208.8740157128182,
              117.13718314028216
            ],
            [
              208.73587596447587,
              117.0715900496841
            ],
            [
              208.27805764174917,
              116.93707288143041
            ],
            [
              207.6459238060385,
              116.66254164087509
            ],
            [
              207.284267304217,
              116.5692430189646
            ],
            [
              207.03263161342926,
              116.46509650034604
            ],
            [
              206.87366208389352,
              116.42757444786864
            ],
            [
              206.65377815620997,
              116.3394448936267
            ],
            [
              206.38079770990495,
              116.27885660824
            ],
            [
              206.12217758552652,
              116.17977290558328
            ],
            [
              205.95599768330425,
              116.14605671703309
            ],
            [
              205.9380861233654,
              116.13983831441116
            ],
            [
              205.35132084790098,
              115.93005235894002
            ],
            [
              205.3159782455716,
              115.92385951240365
            ],
            [
              205.14982831347098,
              115.86617681046503
            ],
            [
              205.11217829383872,
              115.85970687609512
            ],
            [
              205.1078917804797,
              115.8582281057711
            ],
            [
              204.35930556452354,
              115.73012430269249
            ],
            [
              204.32291095882593,
              115.71848974000197
            ],
            [
              204.27487362275787,
              115.71171428590574
            ],
            [
              204.1602012298143,
              115.67584903198286
            ],
            [
              204.14079291698116,
              115.67319319733164
            ],
            [
              204.06857029026358,
              115.65085467583141
            ],
            [
              203.75840635055377,
              115.60909917868095
            ],
            [
              203.59048134251574,
              115.55975909018008
            ],
            [
              203.18903459394943,
              115.5127721236218
            ],
            [
              202.58633423942038,
              115.35729002327837
            ],
            [
              202.20006493765248,
              115.32445136567466
            ],
            [
              201.90479562521756,
              115.2547580686652
            ],
            [
              201.71417626068975,
              115.24309527080835
            ],
            [
              201.4824339110015,
              115.19165982255917
            ],
            [
              201.18468036183302,
              115.17800563343822
            ],
            [
              200.89223919234757,
              115.11867233574738
            ],
            [
              200.78416016038514,
              115.11596242268564
            ],
            [
              200.0337650563765,
              114.98701143882602
            ],
            [
              199.15662185783586,
              114.98958873705541
            ],
            [
              199.12255854281264,
              114.98500299877072
            ],
            [
              199.0893768559516,
              114.98032286837912
            ],
            [
              199.08813125653765,
              114.9803682612299
            ],
            [
              198.94572374487308,
              114.96119679838472
            ],
            [
              198.59395231735508,
              114.9749449322311
            ],
            [
              198.39669422042587,
              114.95185703915833
            ],
            [
              198.0549196700767,
              114.97205213138142
            ],
            [
              197.48990421986167,
              114.92401738249728
            ],
            [
              197.08339144295005,
              114.95976672559235
            ],
            [
              196.74596168218036,
              114.93912152461895
            ],
            [
              196.525093328628,
              114.96432931363614
            ],
            [
              196.28401729268433,
              114.95327420515132
            ],
            [
              195.96462026341467,
              114.99511998100988
            ],
            [
              195.64076920714297,
              114.98699992116379
            ],
            [
              195.55522428010727,
              115.00017067580275
            ],
            [
              194.8363476583009,
              115.0022829414489
            ],
            [
              193.99221425418617,
              115.1547927137012
            ],
            [
              193.82173391237487,
              115.16145552475788
            ],
            [
              193.71438758087018,
              115.18455789831413
            ],
            [
              193.70947338687768,
              115.18476736967361
            ],
            [
              193.51166852118058,
              115.2281857650342
            ],
            [
              193.43274297804,
              115.24517160288546
            ],
            [
              193.20739734662027,
              115.25848703495538
            ],
            [
              192.9267941353217,
              115.3253041249021
            ],
            [
              192.4066243693864,
              115.37104863402044
            ],
            [
              191.98481509353616,
              115.48251299177895
            ],
            [
              191.6080202488923,
              115.5255167304046
            ],
            [
              191.3593580913972,
              115.59847803062216
            ],
            [
              191.11165981765222,
              115.63093019984777
            ],
            [
              190.77509143189897,
              115.73603101860904
            ],
            [
              190.771223230274,
              115.736729887463
            ],
            [
              190.42260626361963,
              115.79040400572873
            ],
            [
              190.363415603078,
              115.8104085833207
            ],
            [
              189.6805911069145,
              115.93377463883735
            ],
            [
              188.88044982022714,
              116.22488628517831
            ],
            [
              188.74781100341173,
              116.25343194156704
            ],
            [
              188.6329696802532,
              116.29906576778325
            ],
            [
              188.61868379405058,
              116.30220153622064
            ],
            [
              188.3209736751264,
              116.42203968453025
            ],
            [
              188.07589817431312,
              116.48039693463886
            ],
            [
              187.85620696835548,
              116.57350998845506
            ],
            [
              187.3867765845844,
              116.69755836584883
            ],
            [
              186.95510717904997,
              116.89075296412608
            ],
            [
              186.5430793470506,
              117.01164826500816
            ],
            [
              186.2701266794994,
              117.14280451249226
            ],
            [
              186.0186587716198,
              117.22133085105384
            ],
            [
              185.69455845262513,
              117.38399417839067
            ],
            [
              185.61812513340772,
              117.41180255394028
            ],
            [
              185.49799386367886,
              117.45476777469021
            ],
            [
              185.29267876648635,
              117.52415780607475
            ],
            [
              185.2693817534007,
              117.53653141381221
            ],
            [
              184.82035061506485,
              117.69712841763696
            ],
            [
              184.7935202949308,
              117.7118146594296
            ],
            [
              184.6189164552256,
              117.77533995437085
            ],
            [
              183.8728752898777,
              118.19055668919935
            ],
            [
              183.77503020587503,
              118.22943681906904
            ],
            [
              183.65480123818432,
              118.30032808989866
            ],
            [
              183.63110594803783,
              118.30986622620973
            ],
            [
              183.3149541940628,
              118.49825664416129
            ],
            [
              183.05528350836767,
              118.6083144429071
            ],
            [
              182.89456435218761,
              118.70805789739424
            ],
            [
              182.48034600528564,
              118.89344223574051
            ],
            [
              182.04464978914564,
              119.17318471630077
            ],
            [
              181.60283805603493,
              119.38547928564525
            ],
            [
              181.31010841660486,
              119.584514170465
            ],
            [
              181.05782504761004,
              119.7111331517752
            ],
            [
              180.76837878010338,
              119.91507579201951
            ],
            [
              179.9623742259952,
              120.35626239383119
            ],
            [
              179.90723951170497,
              120.3976712772519
            ],
            [
              179.70388358441963,
              120.51085106954113
            ],
            [
              179.02049931697104,
              121.03287714956683
            ],
            [
              178.95371634582818,
              121.07225476200911
            ],
            [
              178.83040899291478,
              121.17053454282726
            ],
            [
              178.79759348677783,
              121.19008884495817
            ],
            [
              178.688102247381,
              121.27819146396939
            ],
            [
              178.6743037114201,
              121.28646604758026
            ],
            [
              178.4624002226942,
              121.45869056401925
            ],
            [
              178.19776095823445,
              121.62292757880971
            ],
            [
              178.0925032180677,
              121.71069421113835
            ],
            [
              177.73642290704328,
              121.93931861914048
            ],
            [
              177.30283610008397,
              122.3091681738636
            ],
            [
              176.83795100290416,
              122.62525626099661
            ],
            [
              176.53089839293588,
              122.90078690713318
            ],
            [
              176.28082278339417,
              123.07698914497912
            ],
            [
              176.02813453386725,
              123.31106999278582
            ],
            [
              175.29448851753662,
              123.8620742512058
            ],
            [
              175.21368277924213,
              123.94084212510221
            ],
            [
              174.98672271072658,
              124.11421321445272
            ],
            [
              174.37274639942487,
              124.72342974564191
            ],
            [
              174.3328263806076,
              124.75524723751893
            ],
            [
              174.20889248202732,
              124.882407779409
            ],
            [
              174.16759346688283,
              124.91563921798758
            ],
            [
              174.0164787892657,
              125.07211228535694
            ],
            [
              173.96929141817586,
              125.11046381140842
            ],
            [
              173.7914056918626,
              125.29706082501471
            ],
            [
              173.55399975657863,
              125.49501604808123
            ],
            [
              173.49926058395488,
              125.5536181627089
            ],
            [
              173.20260556435557,
              125.80666490016695
            ],
            [
              172.77747406261915,
              126.26888539380829
            ],
            [
              172.29739594825924,
              126.69967877824212
            ],
            [
              171.98231410922136,
              127.0589651832284
            ],
            [
              171.73751362623076,
              127.28573910212118
            ],
            [
              171.7368147940812,
              127.28656038382756
            ],
            [
              171.72616131214122,
              127.2964293671771
            ],
            [
              171.50673664115416,
              127.55430166561187
            ],
            [
              170.86414861482626,
              128.18068406984776
            ],
            [
              170.76122970430566,
              128.30694857660075
            ],
            [
              170.51668225225043,
              128.549600202913
            ],
            [
              170.49187939328843,
              128.58061497801992
            ],
            [
              170.48903421986068,
              128.5834421242148
            ],
            [
              170.10828910231177,
              129.06027607782747
            ],
            [
              169.97685891195675,
              129.2246231719444
            ],
            [
              169.95934161280306,
              129.2425965374055
            ],
            [
              169.8472704864461,
              129.38666722822938
            ],
            [
              169.84010657672667,
              129.39562535072523
            ],
            [
              169.78700875693275,
              129.4502713838086
            ],
            [
              169.59913936575535,
              129.69462769502883
            ],
            [
              169.52655802703768,
              129.77076343300266
            ],
            [
              169.3851179146919,
              129.95719483902556
            ],
            [
              169.33107665561954,
              130.01595072359632
            ],
            [
              169.17248403607113,
              130.18573522022362
            ],
            [
              169.1620510917231,
              130.1997222843153
            ],
            [
              168.92441553767947,
              130.45808945458776
            ],
            [
              168.51420468783058,
              131.01363476978716
            ],
            [
              168.02785695205193,
              131.56821490711772
            ],
            [
              167.7226090568629,
              132.0014847163706
            ],
            [
              167.4639604232293,
              132.3054538067296
            ],
            [
              167.26585344236616,
              132.59519800919247
            ],
            [
              166.7163709573402,
              133.26932227451843
            ],
            [
              166.5957912146223,
              133.45248474291404
            ],
            [
              166.34039816111675,
              133.77184139976427
            ],
            [
              166.31620119031018,
              133.80937511592742
            ],
            [
              166.31049910061515,
              133.81651624485698
            ],
            [
              165.7416863501469,
              134.7003342868027
            ],
            [
              165.70519735622423,
              134.74767492354746
            ],
            [
              165.66660965054743,
              134.80955593828656
            ],
            [
              165.55475901104973,
              134.95503684661574
            ],
            [
              165.3044107583498,
              135.3606333461223
            ],
            [
              164.94473686013927,
              135.84773686673253
            ],
            [
              164.55594605380077,
              136.49625600529868
            ],
            [
              164.07313555015926,
              137.1815587317594
            ],
            [
              163.7841118802409,
              137.68746900180105
            ],
            [
              163.52725080133624,
              138.06314485191734
            ],
            [
              163.35097085495735,
              138.38141636249998
            ],
            [
              162.8931726002845,
              139.0768188941475
            ],
            [
              162.76022883243846,
              139.32530759549954
            ],
            [
              162.50129767733435,
              139.72695491574487
            ],
            [
              162.47830290094188,
              139.77096107537022
            ],
            [
              162.47017668158682,
              139.783587549151
            ],
            [
              161.98598417347964,
              140.71197577374681
            ],
            [
              161.95922064351362,
              140.75489499797666
            ],
            [
              161.88759092231575,
              140.89632273087568
            ],
            [
              161.6868799077505,
              141.22150049441976
            ],
            [
              161.510275277217,
              141.57656077641013
            ],
            [
              161.30329022513422,
              141.9218204005721
            ],
            [
              161.28785392520388,
              141.9534639633177
            ],
            [
              161.27682543803797,
              141.9718599315959
            ],
            [
              160.92831315705527,
              142.6862910831441
            ],
            [
              160.47360187621535,
              143.48222280370558
            ],
            [
              160.20631751666937,
              144.0590534891274
            ],
            [
              159.95679509783918,
              144.50956348074442
            ],
            [
              159.80293764990128,
              144.85285850951192
            ],
            [
              159.43305274744398,
              145.54422013217314
            ],
            [
              159.42949105924578,
              145.55243235652034
            ],
            [
              159.42345065982911,
              145.56372262530596
            ],
            [
              159.28708804831842,
              145.87813549680843
            ],
            [
              159.03904974680086,
              146.3528177856949
            ],
            [
              159.0178304578924,
              146.40309844132665
            ],
            [
              159.00783048393134,
              146.42227233996167
            ],
            [
              158.6083980473514,
              147.3708532229798
            ],
            [
              158.58851854061268,
              147.41010387930103
            ],
            [
              158.494618137405,
              147.63948263299363
            ],
            [
              158.22549175470238,
              148.1805561543596
            ],
            [
              158.1247203554349,
              148.4335032849298
            ],
            [
              158.00971004009688,
              148.6692681532299
            ],
            [
              157.66426744399456,
              149.54509273320625
            ],
            [
              157.26569673666296,
              150.4052546023521
            ],
            [
              157.02550578461717,
              151.0500141549715
            ],
            [
              156.78923591112178,
              151.57719222860155
            ],
            [
              156.66390466717795,
              151.92644016197892
            ],
            [
              156.36093467264473,
              152.6250016291318
            ],
            [
              156.21577161666107,
              153.04278162059958
            ],
            [
              155.98907318347244,
              153.5799601235843
            ],
            [
              155.97016833902117,
              153.6361788128396
            ],
            [
              155.9589518495067,
              153.6628159773599
            ],
            [
              155.64208797361064,
              154.607608343774
            ],
            [
              155.62685503239774,
              154.6448191858066
            ],
            [
              155.5307806183438,
              154.9394932558153
            ],
            [
              155.52000892563612,
              154.97161118978462
            ],
            [
              155.2078670127252,
              155.75512121123603
            ],
            [
              155.18055102921173,
              155.84223127464074
            ],
            [
              155.14891563425283,
              155.92243868627702
            ],
            [
              154.8209049358063,
              156.96796170825118
            ],
            [
              154.4814943253412,
              157.87906277802162
            ],
            [
              154.27349810447137,
              158.58754497266273
            ],
            [
              154.05665171392363,
              159.19180893252124
            ],
            [
              153.96137047880265,
              159.53095922029777
            ],
            [
              153.72614081967762,
              160.2079513400625
            ],
            [
              153.5823512551768,
              160.7370014078481
            ],
            [
              153.3821120938794,
              161.33246693599145
            ],
            [
              153.36601709701938,
              161.39416419062897
            ],
            [
              153.35433375296523,
              161.42900039354245
            ],
            [
              153.11562148392002,
              162.3471342898871
            ],
            [
              153.10344270295982,
              162.38448836577697
            ],
            [
              153.02878213222866,
              162.6802926116056
            ],
            [
              152.72201569440895,
              163.6581002704196
            ],
            [
              152.69689347050132,
              163.76255994550874
            ],
            [
              152.66596346962325,
              163.86119502983868
            ],
            [
              152.40835797635603,
              164.9406343016217
            ],
            [
              152.14833360579775,
              165.8263361472692
            ],
            [
              151.9772977276634,
              166.59319811400172
            ],
            [
              151.78618575926268,
              167.27345460938682
            ],
            [
              151.7179431137888,
              167.59678470994297
            ],
            [
              151.54447065983638,
              168.23504809045704
            ],
            [
              151.41305362903933,
              168.8804958394454
            ],
            [
              151.24388619175875,
              169.52896856330042
            ],
            [
              151.23104591599477,
              169.59557910617343
            ],
            [
              151.21972004632383,
              169.63914060759723
            ],
            [
              151.05269473350918,
              170.509526127307
            ],
            [
              151.04261979739644,
              170.5494428979636
            ],
            [
              150.97115526502654,
              170.93443640860784
            ],
            [
              150.96750503365647,
              170.95345812738407
            ],
            [
              150.67268530369776,
              172.1793357931407
            ],
            [
              150.6513908618151,
              172.30281931796895
            ],
            [
              150.62604735937845,
              172.40901570170874
            ],
            [
              150.44988244064757,
              173.44156644342388
            ],
            [
              150.2885244704952,
              174.16503623051128
            ],
            [
              150.1588062279596,
              174.98389408361814
            ],
            [
              149.9997540716737,
              175.73747491752383
            ],
            [
              149.95533574602845,
              176.0399996004299
            ],
            [
              149.8363380904043,
              176.62445024957827
            ],
            [
              149.73109848145265,
              177.37244193353243
            ],
            [
              149.59325762147373,
              178.0865970805906
            ],
            [
              149.58191330890313,
              178.17391443508063
            ],
            [
              149.57553565219382,
              178.20714903860087
            ],
            [
              149.4719267817059,
              179.01107551773123
            ],
            [
              149.46360370982865,
              179.0559135451399
            ],
            [
              149.41549284299495,
              179.44501660479654
            ],
            [
              149.24914533460208,
              180.38947860074512
            ],
            [
              149.23371624823812,
              180.523718429952
            ],
            [
              149.14361123124414,
              181.04622496783838
            ],
            [
              149.12792617480963,
              181.1899134619024
            ],
            [
              149.1084123663117,
              181.30428922742914
            ],
            [
              149.00523987308404,
              182.26588349615767
            ],
            [
              148.91913269524906,
              182.80944265484155
            ],
            [
              148.83461977683604,
              183.67298076942987
            ],
            [
              148.71383638925633,
              184.49561321892753
            ],
            [
              148.68985702253676,
              184.7730771128378
            ],
            [
              148.616983611168,
              185.29102568969094
            ],
            [
              148.54949624370448,
              186.12044502392044
            ],
            [
              148.44570846542274,
              186.91930120585627
            ],
            [
              148.44402435242034,
              186.94327637859817
            ],
            [
              148.43510372527808,
              187.0120255581124
            ],
            [
              148.35229940447547,
              188.19243216818438
            ],
            [
              148.24248619762335,
              189.1478553076011
            ],
            [
              148.2243770439194,
              189.4671940999179
            ],
            [
              148.14823037058198,
              190.16476256999744
            ],
            [
              148.140254228536,
              190.3277729816161
            ],
            [
              148.12719761152871,
              190.44946402241345
            ],
            [
              148.10911037165573,
              190.8342976389208
            ],
            [
              148.10613084808756,
              190.86253211280885
            ],
            [
              148.08579598057727,
              191.32433042491277
            ],
            [
              148.05184554119936,
              191.67123003457127
            ],
            [
              148.015906547225,
              192.57131988380024
            ],
            [
              147.93935161728928,
              193.45713264133502
            ],
            [
              147.93228174375778,
              193.70600746119547
            ],
            [
              147.89636666619734,
              194.14740354521533
            ],
            [
              147.8761843052888,
              194.97963125125062
            ],
            [
              147.80365758702274,
              196.01352678733383
            ],
            [
              147.78956628208132,
              197.13469451647245
            ],
            [
              147.73719707229802,
              198.0581788757976
            ],
            [
              147.73710995362907,
              198.56693344556857
            ],
            [
              147.6945794204904,
              199.43614059783042
            ],
            [
              147.69632365134632,
              199.6169647312144
            ],
            [
              147.6903048714183,
              199.74502345453567
            ],
            [
              147.69547977737022,
              200.18828607795837
            ],
            [
              147.68785624012696,
              200.36141416105545
            ],
            [
              147.69416427607584,
              200.75965960016708
            ],
            [
              147.693690349996,
              200.77141622756068
            ],
            [
              147.70264525827693,
              201.2950897257384
            ],
            [
              147.70633568476686,
              201.52807754155847
            ],
            [
              147.6850809683357,
              202.22575530772636
            ],
            [
              147.68753570025777,
              202.32159686806838
            ],
            [
              147.68161709002612,
              202.52994473300637
            ],
            [
              147.68780727965486,
              202.74743307705404
            ],
            [
              147.67913519599833,
              203.10502990738266
            ],
            [
              147.70450969532513,
              203.90217989969057
            ],
            [
              147.68944638061413,
              205.10068510693003
            ],
            [
              147.73580480743584,
              206.1887106126619
            ],
            [
              147.73566045274242,
              207.0317114322684
            ],
            [
              147.77250464564347,
              207.69192686092615
            ],
            [
              147.77421335233575,
              208.00938490404855
            ],
            [
              147.77784107501915,
              208.067862984132
            ],
            [
              147.78452550345224,
              208.76083660878547
            ],
            [
              147.79785515473657,
              208.95736879230924
            ],
            [
              147.79941255750126,
              209.09076994800648
            ],
            [
              147.8339389584848,
              209.58405917862675
            ],
            [
              147.8390430500975,
              209.90629596069968
            ],
            [
              147.90377842080775,
              210.7644901920534
            ],
            [
              147.9146230558843,
              211.18790373793667
            ],
            [
              147.9352244564394,
              211.440276961068
            ],
            [
              147.94038881137408,
              211.6217232607542
            ],
            [
              147.95609301086077,
              211.80576985636225
            ],
            [
              147.96466963854525,
              212.0752080275275
            ],
            [
              148.0072272316672,
              212.5589552614358
            ],
            [
              148.0550858887226,
              213.68219095157886
            ],
            [
              148.08555924317392,
              213.9980843345018
            ],
            [
              148.09540372379334,
              214.22096273085643
            ],
            [
              148.17805668356218,
              215.03726993604678
            ],
            [
              148.18149875453753,
              215.1066048445535
            ],
            [
              148.19157180964808,
              215.2012406912523
            ],
            [
              148.23503197915122,
              215.98000858328317
            ],
            [
              148.3101910151538,
              216.6492252183519
            ],
            [
              148.33543853972242,
              217.0562096800814
            ],
            [
              148.36257294897672,
              217.28355968815706
            ],
            [
              148.41386792934242,
              218.03985212817125
            ],
            [
              148.44044768371262,
              218.24943448284208
            ],
            [
              148.45008151186283,
              218.3870759265435
            ],
            [
              148.51686968680806,
              218.9040941526698
            ],
            [
              148.52650168258023,
              219.03376814487655
            ],
            [
              148.5289320901766,
              219.0521274894693
            ],
            [
              148.5545034244396,
              219.39112564939248
            ],
            [
              148.62888755419266,
              219.9378541655491
            ],
            [
              148.6408710992361,
              220.08465612101367
            ],
            [
              148.69711379176294,
              220.49022092445512
            ],
            [
              148.7099779418975,
              220.64098333929772
            ],
            [
              148.73137803532305,
              220.79029360819126
            ],
            [
              148.7471969277843,
              220.9701051273753
            ],
            [
              148.74975974005187,
              220.98774627575867
            ],
            [
              148.74994839116926,
              220.9898906570499
            ],
            [
              148.77998386425213,
              221.19664014469512
            ],
            [
              148.87467574565923,
              222.1782366670441
            ],
            [
              148.9542996906162,
              222.703695450889
            ],
            [
              149.00493648554777,
              223.20380071832835
            ],
            [
              149.12005351732242,
              223.9242796884774
            ],
            [
              149.13028063108078,
              224.02036290844103
            ],
            [
              149.15463351668896,
              224.16814775158352
            ],
            [
              149.22738268372598,
              224.81590689481624
            ],
            [
              149.3413884448623,
              225.48472260324735
            ],
            [
              149.4002151143494,
              225.97761130621515
            ],
            [
              149.47046673729704,
              226.37117314197994
            ],
            [
              149.57252382868265,
              227.17589711447792
            ],
            [
              149.61377013154774,
              227.39538056141845
            ],
            [
              149.63194554027623,
              227.53607938404497
            ],
            [
              149.69470295026184,
              227.8583824494572
            ],
            [
              149.7121106716957,
              227.98988070394827
            ],
            [
              149.75392089507412,
              228.20692730144168
            ],
            [
              149.82262072554386,
              228.71187582335318
            ],
            [
              149.99888448229208,
              229.59717773872168
            ],
            [
              150.13819538288294,
              230.51652601316977
            ],
            [
              150.28779020919092,
              231.23275278053165
            ],
            [
              150.41039692000754,
              232.00010714486746
            ],
            [
              150.54728094916115,
              232.61939191499658
            ],
            [
              150.5675495026577,
              232.74239109659396
            ],
            [
              150.61224232078536,
              232.94019701843067
            ],
            [
              150.69990247391544,
              233.45445600703607
            ],
            [
              150.85252816067603,
              234.11372211234118
            ],
            [
              150.95466362047085,
              234.68590275908767
            ],
            [
              151.08749979298202,
              235.23752018318226
            ],
            [
              151.24478904819696,
              236.07450157309464
            ],
            [
              151.34876372427328,
              236.48612749844227
            ],
            [
              151.3917721296644,
              236.70939413754863
            ],
            [
              151.48532571208452,
              237.0742045480086
            ],
            [
              151.53808287799114,
              237.34076533216736
            ],
            [
              151.54888059768425,
              237.38218445307848
            ],
            [
              151.56043442702364,
              237.44021468818815
            ],
            [
              151.59427325173965,
              237.61400065128234
            ],
            [
              151.59720128103925,
              237.62487979961222
            ],
            [
              151.62565291224962,
              237.7677808932415
            ],
            [
              151.75138288740888,
              238.2401091077992
            ],
            [
              151.83162851718254,
              238.62430734129032
            ],
            [
              152.06971894175007,
              239.50713965377966
            ],
            [
              152.29449026599184,
              240.52404030117464
            ],
            [
              152.4423650400431,
              241.0401362642998
            ],
            [
              152.47593889918497,
              241.18873079101616
            ],
            [
              152.54654673422164,
              241.43102925117628
            ],
            [
              152.6351574668263,
              241.81378299212085
            ],
            [
              152.82550783450841,
              242.4547976821078
            ],
            [
              152.98009421106286,
              243.09673532019326
            ],
            [
              153.19437497136215,
              243.7927281639064
            ],
            [
              153.40966444792144,
              244.6450388740758
            ],
            [
              153.49330863188865,
              244.90429564891414
            ],
            [
              153.5452209367584,
              245.106726691716
            ],
            [
              153.632578458884,
              245.37506962744357
            ],
            [
              153.67475613766564,
              245.53685956335897
            ],
            [
              153.77453231390464,
              245.8404490839069
            ],
            [
              153.94010947106366,
              246.46247070534656
            ],
            [
              154.11755459027935,
              246.9893002644202
            ],
            [
              154.1858366374368,
              247.243003504131
            ],
            [
              154.3695436832838,
              247.7661591736913
            ],
            [
              154.63530665036376,
              248.69369529563585
            ],
            [
              154.63896876358825,
              248.7039205811457
            ],
            [
              154.64970395232064,
              248.74138736225623
            ],
            [
              154.79537274304025,
              249.14812012095362
            ],
            [
              154.83360757848715,
              249.27932711445595
            ],
            [
              154.9349393159801,
              249.5584170951358
            ],
            [
              155.0113931300605,
              249.81587926097984
            ],
            [
              155.23800886574702,
              250.43053626052264
            ],
            [
              155.45333420221198,
              251.12992193117503
            ],
            [
              155.76684953550716,
              251.9511798933328
            ],
            [
              156.04123694949263,
              252.8016490190078
            ],
            [
              156.0895080379318,
              252.9222124502908
            ],
            [
              156.14764227895114,
              253.10078794696102
            ],
            [
              156.21894082770734,
              253.27806432141426
            ],
            [
              156.24015151787643,
              253.3426022051265
            ],
            [
              156.344267530312,
              253.60034824111293
            ],
            [
              156.54039235003296,
              254.182637304642
            ],
            [
              156.7055449352611,
              254.5827966355633
            ],
            [
              156.7586079497792,
              254.73903434364055
            ],
            [
              157.01619061114198,
              255.34903229712012
            ],
            [
              157.42100079838653,
              256.479333189943
            ],
            [
              157.5768286373322,
              256.83476365648664
            ],
            [
              157.6145892146639,
              256.93876462458354
            ],
            [
              157.75044576012655,
              257.24509800472146
            ],
            [
              157.80287485140272,
              257.3873030807908
            ],
            [
              157.8095602922529,
              257.40218410736554
            ],
            [
              157.82369257075118,
              257.4405155718437
            ],
            [
              158.0813061624351,
              258.01393259174824
            ],
            [
              158.3470945474192,
              258.7101691206701
            ],
            [
              158.7154010605015,
              259.5018610147483
            ],
            [
              158.98216975156947,
              260.1731878123666
            ],
            [
              159.04123568607218,
              260.29540491061744
            ],
            [
              159.17006215726173,
              260.61571843936537
            ],
            [
              159.3318302415795,
              260.94620032996335
            ],
            [
              159.53393374714423,
              261.4358905364603
            ],
            [
              159.87499955421603,
              262.11916036177325
            ],
            [
              160.03480822769194,
              262.497613489217
            ],
            [
              160.19627311848072,
              262.8095007786355
            ],
            [
              160.59281424657598,
              263.7139784324098
            ],
            [
              160.7539263172962,
              264.0174353118295
            ],
            [
              160.78917310919832,
              264.0969108267294
            ],
            [
              160.94315776872233,
              264.3840717166164
            ],
            [
              161.0009686354033,
              264.51275178614753
            ],
            [
              161.17223879361012,
              264.82858944578095
            ],
            [
              161.19743832974663,
              264.88426487532234
            ],
            [
              161.33948877778496,
              265.142458998564
            ],
            [
              161.63036612334045,
              265.7677133138349
            ],
            [
              162.0259672129243,
              266.47130357965216
            ],
            [
              162.3435855149883,
              267.12850789814604
            ],
            [
              162.43290487083178,
              267.2814982392366
            ],
            [
              162.57976694689577,
              267.58152810457887
            ],
            [
              162.71922491067426,
              267.81710287658115
            ],
            [
              162.8909567159238,
              268.1611395936647
            ],
            [
              163.203944431172,
              268.6822955634126
            ],
            [
              163.23777931115157,
              268.74913269305085
            ],
            [
              163.4505759709054,
              269.096613334517
            ],
            [
              163.4727559281132,
              269.1383895997612
            ],
            [
              163.72782630521638,
              269.6310862357667
            ],
            [
              163.76860842844673,
              269.69563199705374
            ],
            [
              164.1316596526029,
              270.37944414757874
            ],
            [
              164.29325948516785,
              270.6315654155272
            ],
            [
              164.32430732908023,
              270.6894655110028
            ],
            [
              164.48618390017873,
              270.9398039011862
            ],
            [
              164.53157502133823,
              271.0235092333106
            ],
            [
              164.80752494456377,
              271.44604036574447
            ],
            [
              164.89246908846437,
              271.60043677252844
            ],
            [
              165.00285652737637,
              271.7658045282894
            ],
            [
              165.26883703659868,
              272.2388600938896
            ],
            [
              165.68497904072373,
              272.85180191861497
            ],
            [
              166.05396109581767,
              273.48381151979527
            ],
            [
              166.150941200449,
              273.621251594433
            ],
            [
              166.2187047790191,
              273.7361732145115
            ],
            [
              166.24592825223147,
              273.77447033766714
            ],
            [
              166.34074281258668,
              273.9346327108529
            ],
            [
              166.44917349552532,
              274.08592777547113
            ],
            [
              166.57791487723733,
              274.3002951016106
            ],
            [
              166.96426432047696,
              274.83419719990707
            ],
            [
              167.06978192516107,
              275.00649936387373
            ],
            [
              167.27177926372008,
              275.2785268094569
            ],
            [
              168.00103053174223,
              276.4162739929299
            ],
            [
              168.15851200635018,
              276.61897476632583
            ],
            [
              168.18401617341286,
              276.65841637348336
            ],
            [
              168.35052963318694,
              276.87104561966225
            ],
            [
              168.3801313982507,
              276.9163714786742
            ],
            [
              168.77226391260137,
              277.41262853260247
            ],
            [
              168.9268103131784,
              277.6441493621073
            ],
            [
              168.9977212711016,
              277.7311898376484
            ],
            [
              169.22532273454507,
              278.0664274607025
            ],
            [
              169.65547958283312,
              278.5878787049974
            ],
            [
              170.0754310253202,
              279.1830333278866
            ],
            [
              170.1631420777761,
              279.2850831511137
            ],
            [
              170.19351740333988,
              279.32781420071393
            ],
            [
              170.2665315229394,
              279.41234843220894
            ],
            [
              170.4141264596307,
              279.61829000592803
            ],
            [
              170.483850060605,
              279.6979655957046
            ],
            [
              170.55873589112434,
              279.8014514496297
            ],
            [
              170.78521213744824,
              280.05900010192687
            ],
            [
              170.82402063282697,
              280.11213645474953
            ],
            [
              171.04742351671177,
              280.363142621269
            ],
            [
              171.20887492630442,
              280.58056734008517
            ],
            [
              171.3971907948124,
              280.78760918400405
            ],
            [
              172.16183616728705,
              281.7718151597133
            ],
            [
              172.31089004912448,
              281.92822508729716
            ],
            [
              172.32982457322734,
              281.9524035146292
            ],
            [
              172.49765072150893,
              282.12723243526284
            ],
            [
              172.50885100578463,
              282.1414067765246
            ],
            [
              172.80183542019867,
              282.4441096507036
            ],
            [
              172.8949811786268,
              282.5411420415101
            ],
            [
              173.04216804558365,
              282.69559281406424
            ],
            [
              173.25780711480076,
              282.9602814839228
            ],
            [
              173.2828121660098,
              282.98505870223886
            ],
            [
              173.4602014781972,
              283.2000962587346
            ],
            [
              173.89821735833286,
              283.63075865556647
            ],
            [
              174.3677671083595,
              284.17706915630197
            ],
            [
              174.56847489184287,
              284.3656088024884
            ],
            [
              174.7586595759177,
              284.5829394718493
            ],
            [
              174.78315470507823,
              284.6054580063227
            ],
            [
              174.79521944531058,
              284.6191780217199
            ],
            [
              175.01699474204813,
              284.8231873559989
            ],
            [
              175.12043273032612,
              284.9394059672329
            ],
            [
              175.3952402127941,
              285.18821242081253
            ],
            [
              175.4398653290464,
              285.2378028665923
            ],
            [
              175.46527567976383,
              285.260221091212
            ],
            [
              175.61301047847323,
              285.4226465170588
            ],
            [
              175.62877328760382,
              285.43651352353334
            ],
            [
              175.62895490874325,
              285.43671320526744
            ],
            [
              175.78619544828712,
              285.5750423262836
            ],
            [
              176.5728399485816,
              286.40050898176946
            ],
            [
              176.70955232801973,
              286.51488131609784
            ],
            [
              176.72118288659257,
              286.52699717540895
            ],
            [
              177.14296878160883,
              286.87747358270025
            ],
            [
              177.5278860837693,
              287.1994918999308
            ],
            [
              177.8468109180976,
              287.51306257120086
            ],
            [
              177.86050047343429,
              287.52659082310925
            ],
            [
              177.8608393440041,
              287.52685548556497
            ],
            [
              177.93184865805708,
              287.59667268346436
            ],
            [
              178.37205523248957,
              287.9385927656087
            ],
            [
              178.8888148326535,
              288.4240232281795
            ],
            [
              179.10227942572376,
              288.5812082939794
            ],
            [
              179.24743240482616,
              288.7147333667534
            ],
            [
              179.27399602494395,
              288.7339181751433
            ],
            [
              179.331140338992,
              288.78645132152155
            ],
            [
              179.51511351902934,
              288.9182821311038
            ],
            [
              179.63457104947182,
              289.02643713560116
            ],
            [
              180.01547549105828,
              289.2956642000118
            ],
            [
              180.25412794760524,
              289.5056137756062
            ],
            [
              180.41567897192368,
              289.61539318869717
            ],
            [
              181.19109256258378,
              290.26409715243295
            ],
            [
              181.3120329073304,
              290.34169235769707
            ],
            [
              181.31588650999043,
              290.34489444869064
            ],
            [
              181.49471440765078,
              290.45890062715176
            ],
            [
              182.16853332516436,
              290.8912221764657
            ],
            [
              182.52836990633543,
              291.17225936553876
            ],
            [
              182.55699425100983,
              291.1891455199174
            ],
            [
              182.5970644486532,
              291.2202691015858
            ],
            [
              183.03436994742827,
              291.4766107516292
            ],
            [
              183.59492206732014,
              291.8893743888387
            ],
            [
              183.79482329886991,
              291.9989552686733
            ],
            [
              183.87409658296053,
              292.0562081114388
            ],
            [
              183.95483697139844,
              292.099682468442
            ],
            [
              184.08686646524833,
              292.194291666687
            ],
            [
              184.20413428566258,
              292.25625007921406
            ],
            [
              184.32371831811176,
              292.3407732679507
            ],
            [
              184.76645378165082,
              292.5718925801546
            ],
            [
              185.05504041575605,
              292.76799700877456
            ],
            [
              185.22181113669026,
              292.8502021926826
            ],
            [
              185.9723552237654,
              293.33175053470217
            ],
            [
              186.9480375474698,
              293.77952220182397
            ],
            [
              187.34681099500756,
              294.01476776195904
            ],
            [
              187.40506747565894,
              294.0386453461733
            ],
            [
              187.41149035422174,
              294.0424103372231
            ],
            [
              187.7533851877175,
              294.1814103297259
            ],
            [
              187.84354785873714,
              294.21836530444875
            ],
            [
              188.4413557770859,
              294.54606872656365
            ],
            [
              188.6232758788713,
              294.6133857541822
            ],
            [
              188.63296551089007,
              294.61860309991744
            ],
            [
              188.63497933621156,
              294.6193363374049
            ],
            [
              188.6706709000694,
              294.63855433027425
            ],
            [
              188.80711623351186,
              294.6882340059784
            ],
            [
              188.98006541152253,
              294.7796116446141
            ],
            [
              189.0271367115416,
              294.7960787802022
            ],
            [
              189.14417548495504,
              294.85717603361746
            ],
            [
              189.64649794790284,
              295.0312336771112
            ],
            [
              189.9853193023279,
              295.1982466371542
            ],
            [
              190.15806914987286,
              295.2527078558042
            ],
            [
              190.87150919701696,
              295.58012819697325
            ],
            [
              191.83245892920635,
              295.85330031827186
            ],
            [
              192.2705319243768,
              296.03285330046765
            ],
            [
              192.79465390245764,
              296.1569467287902
            ],
            [
              193.38270353663992,
              296.3745463952112
            ],
            [
              193.50518586427998,
              296.3987987413545
            ],
            [
              193.5187485930852,
              296.4037369239338
            ],
            [
              193.72236744767736,
              296.4435460713316
            ],
            [
              194.0516436035764,
              296.5576421669322
            ],
            [
              194.6098018682708,
              296.6561637338135
            ],
            [
              194.9980058615881,
              296.7785491533209
            ],
            [
              195.17718858470903,
              296.8041168537885
            ],
            [
              195.84294890525456,
              296.9933745776348
            ],
            [
              196.77703042870445,
              297.0998317377652
            ],
            [
              197.25385985214598,
              297.2127279725206
            ],
            [
              197.79929181115543,
              297.24932257849014
            ],
            [
              198.08674596641154,
              297.3085791621324
            ],
            [
              198.10311443626617,
              297.30922032961
            ],
            [
              198.37325763632137,
              297.36271054752086
            ],
            [
              198.65903263640033,
              297.37090108550825
            ],
            [
              199.00158896199304,
              297.43136634791983
            ],
            [
              199.61038700296956,
              297.4366928483911
            ],
            [
              200.04595394125388,
              297.4988441809531
            ],
            [
              200.2319989915784,
              297.4935940939594
            ],
            [
              200.84173339963007,
              297.5630854519283
            ],
            [
              201.73916192092912,
              297.51365984706774
            ],
            [
              202.2511106365945,
              297.5480079655059
            ],
            [
              202.79018246509756,
              297.49281694042116
            ],
            [
              203.01031996007137,
              297.5014399212984
            ],
            [
              203.04478920478363,
              297.4970236889968
            ],
            [
              203.3106164678727,
              297.50485241353175
            ],
            [
              203.31443673164011,
              297.5043286564115
            ],
            [
              203.36738049476065,
              297.5058460666178
            ],
            [
              203.60932559185207,
              297.4716803924381
            ],
            [
              203.94959036762046,
              297.47465743961067
            ],
            [
              204.60247059514793,
              297.3702618361745
            ],
            [
              205.0822081994386,
              297.3567239100103
            ],
            [
              205.26877851945835,
              297.3192672785645
            ],
            [
              205.81203554247767,
              297.28934756204154
            ],
            [
              205.89091187311445,
              297.2715147183386
            ],
            [
              205.95423303879625,
              297.2678832687191
            ],
            [
              206.71157632858288,
              297.09133844414026
            ],
            [
              207.2169394459817,
              297.03959857012745
            ],
            [
              207.7272109967542,
              296.8993385048366
            ],
            [
              208.1687227507052,
              296.83880736345424
            ],
            [
              208.23481833613306,
              296.81850295699115
            ],
            [
              208.31985091238093,
              296.8064952935612
            ],
            [
              208.5176027715544,
              296.744231871052
            ],
            [
              208.85166824527576,
              296.69081477363477
            ],
            [
              209.54081353157687,
              296.46159580676573
            ],
            [
              210.0603619593628,
              296.3572891090328
            ],
            [
              210.23052484980332,
              296.2929065454988
            ],
            [
              210.61598539070818,
              296.2069056359287
            ],
            [
              210.63737888457183,
              296.198404398946
            ],
            [
              210.7188449938443,
              296.1799860422312
            ],
            [
              210.85332880430144,
              296.1258516244224
            ],
            [
              210.98997521311202,
              296.0939978843833
            ],
            [
              211.64418944519178,
              295.82266540385416
            ],
            [
              211.72690584504124,
              295.7999288675431
            ],
            [
              211.76636546503283,
              295.7895117308934
            ],
            [
              211.76895427882633,
              295.78837087247143
            ],
            [
              212.10667233231297,
              295.695541170015
            ],
            [
              212.55995276078124,
              295.48983196046686
            ],
            [
              212.94542941248696,
              295.3714144509371
            ],
            [
              213.07131034771527,
              295.31046826463
            ],
            [
              213.18619139531586,
              295.2742972408282
            ],
            [
              213.34063374497583,
              295.1977246305363
            ],
            [
              213.66459583855715,
              295.08997049236825
            ],
            [
              214.38104811654412,
              294.7225210917615
            ],
            [
              214.93489516034506,
              294.51296839556176
            ],
            [
              215.0260834131107,
              294.4614637414836
            ],
            [
              215.04667303976132,
              294.453487670792
            ],
            [
              215.08960568075034,
              294.4292013250151
            ],
            [
              215.3642366402305,
              294.3200698813696
            ],
            [
              215.42051384483105,
              294.28740056957247
            ],
            [
              215.51839930660392,
              294.2479982618358
            ],
            [
              215.7037424748708,
              294.13898360761414
            ],
            [
              215.910129657263,
              294.05338542982446
            ],
            [
              216.45320191053008,
              293.72408051221674
            ],
            [
              216.50071684479136,
              293.70314126466263
            ],
            [
              216.51063092743436,
              293.69692224765294
            ],
            [
              216.87661944528062,
              293.53082813905945
            ],
            [
              217.27106891424185,
              293.27712407655724
            ],
            [
              217.59973584276332,
              293.1179975509869
            ],
            [
              217.7811800701652,
              292.99609907895757
            ],
            [
              217.92297734127465,
              292.92579590624666
            ],
            [
              218.03614098153056,
              292.8479207538543
            ],
            [
              218.34619331345885,
              292.68890312347975
            ],
            [
              219.07889417960953,
              292.17252114770804
            ],
            [
              219.2549994998363,
              292.0729010311415
            ],
            [
              219.66149342397293,
              291.8433064472671
            ],
            [
              219.75826154741145,
              291.76930761883887
            ],
            [
              219.9674780636715,
              291.64785596445785
            ],
            [
              220.05602094979864,
              291.57907197192895
            ],
            [
              220.1681262090819,
              291.5131341971947
            ],
            [
              220.398237094693,
              291.331913579607
            ],
            [
              220.66867767005988,
              291.1679254346534
            ],
            [
              221.1168078907741,
              290.803601665043
            ],
            [
              221.4843710172798,
              290.5671905002228
            ],
            [
              221.81953061235555,
              290.2830408149073
            ],
            [
              222.09187147527638,
              290.10007585902775
            ],
            [
              222.32297605901624,
              289.89787483648036
            ],
            [
              222.48812930228246,
              289.78422230676114
            ],
            [
              222.5630703031966,
              289.7169955249861
            ],
            [
              222.85560594287983,
              289.51082662499397
            ],
            [
              223.51041735035906,
              288.9127355782801
            ],
            [
              223.89839441404436,
              288.6193313814326
            ],
            [
              223.9786161363213,
              288.54199180412405
            ],
            [
              224.1973496619385,
              288.37472572456596
            ],
            [
              224.2592857457109,
              288.31379175625386
            ],
            [
              224.38594257408985,
              288.2153991838211
            ],
            [
              224.5031265590589,
              288.09916515095927
            ],
            [
              224.62692557816035,
              288.00166896063735
            ],
            [
              224.72309133329165,
              287.90488285717566
            ],
            [
              224.7365765145038,
              287.8942103717502
            ],
            [
              224.90531085717177,
              287.7236003215313
            ],
            [
              225.22126301777095,
              287.46673551562776
            ],
            [
              225.57161081567264,
              287.10201176276155
            ],
            [
              225.8890775656897,
              286.8328621443738
            ],
            [
              226.16584914848883,
              286.53561842576346
            ],
            [
              226.38354766390842,
              286.34514681453646
            ],
            [
              226.6568089607777,
              286.0446549904718
            ],
            [
              226.84118982280515,
              285.8792537838814
            ],
            [
              226.88185035870924,
              285.8333391690928
            ],
            [
              227.15356780162506,
              285.58515813866507
            ],
            [
              227.72734181715452,
              284.9279474858266
            ],
            [
              228.02865576000403,
              284.63745892093743
            ],
            [
              228.17982881239868,
              284.4566824196391
            ],
            [
              228.50144990701946,
              284.14026510045323
            ],
            [
              228.5308975614377,
              284.1040452788023
            ],
            [
              228.58151302097608,
              284.05384013354177
            ],
            [
              228.72393005726124,
              283.87823542812646
            ],
            [
              228.85773904448774,
              283.74356326272016
            ],
            [
              228.92527401815806,
              283.65894990168545
            ],
            [
              228.96747712084425,
              283.616277655153
            ],
            [
              229.19512746776067,
              283.3298099683631
            ],
            [
              229.52549615538902,
              282.9858851362349
            ],
            [
              229.78471294990894,
              282.6490758746022
            ],
            [
              230.05171593580747,
              282.3623233127697
            ],
            [
              230.27232480290144,
              282.06885247911225
            ],
            [
              230.43819719650142,
              281.8864508778365
            ],
            [
              230.74234479090674,
              281.47451108218365
            ],
            [
              230.77396762131437,
              281.4382897468558
            ],
            [
              230.9435864982276,
              281.2467530338864
            ],
            [
              230.95464286757235,
              281.2313412038224
            ],
            [
              231.2026525258657,
              280.9472666639764
            ],
            [
              231.6941779048725,
              280.25413624350784
            ],
            [
              231.91585673992614,
              279.98904717122866
            ],
            [
              232.12033746030372,
              279.6903577904572
            ],
            [
              232.51796319208762,
              279.2000727001564
            ],
            [
              232.5180014608164,
              279.20001488992045
            ],
            [
              232.53484515503405,
              279.1792975997814
            ],
            [
              232.6982943109619,
              278.9318002356222
            ],
            [
              232.82945331283474,
              278.7674734671957
            ],
            [
              232.86868144377033,
              278.7071308288081
            ],
            [
              232.92900018926866,
              278.63122770927697
            ],
            [
              233.205025880871,
              278.2049461068266
            ],
            [
              233.5412436032104,
              277.76808690170424
            ],
            [
              233.71806346187518,
              277.48506665883053
            ],
            [
              233.93534285178433,
              277.196024951071
            ],
            [
              234.10328365782692,
              276.9224301336046
            ],
            [
              234.22120289807432,
              276.76271942530366
            ],
            [
              234.52016334070495,
              276.2690389178392
            ],
            [
              234.96751269414895,
              275.63820385073427
            ],
            [
              235.37753436022606,
              274.93250030991896
            ],
            [
              235.52783661726426,
              274.71295057437794
            ],
            [
              235.75612147847448,
              274.3083845170558
            ],
            [
              236.16118825824938,
              273.6964748434802
            ],
            [
              236.1864889740437,
              273.649919274555
            ],
            [
              236.2609109700068,
              273.5372282806381
            ],
            [
              236.41398758997266,
              273.25356672407474
            ],
            [
              236.49656361455712,
              273.12654422586456
            ],
            [
              236.5112153664987,
              273.09901649664647
            ],
            [
              236.58588239797697,
              272.98370410798987
            ],
            [
              236.89761820805333,
              272.3958285874853
            ],
            [
              237.23090438917478,
              271.86236624541937
            ],
            [
              237.3358915855761,
              271.6561413931294
            ],
            [
              237.5053375602824,
              271.380094483435
            ],
            [
              237.62530396875772,
              271.14144615836994
            ],
            [
              237.70011669005945,
              271.01790612781576
            ],
            [
              237.98831804269767,
              270.43898340228674
            ],
            [
              238.41510927536177,
              269.704417136654
            ],
            [
              238.74631633964793,
              269.0091660791605
            ],
            [
              238.83454249161073,
              268.8528118370863
            ],
            [
              239.0776228838946,
              268.32997555806855
            ],
            [
              239.47942599874068,
              267.590622064687
            ],
            [
              239.5240871186349,
              267.4903373453498
            ],
            [
              239.64559643601189,
              267.2651721822286
            ],
            [
              239.77875108719044,
              266.962550034892
            ],
            [
              239.9053547696051,
              266.72379913335584
            ],
            [
              240.22176121364242,
              265.993123263838
            ],
            [
              240.3031514268034,
              265.83535271938274
            ],
            [
              240.32220432672213,
              265.79016987436955
            ],
            [
              240.55967524389519,
              265.3237091392021
            ],
            [
              240.60495145878556,
              265.2140545508629
            ],
            [
              240.72963495115792,
              264.9660225642746
            ],
            [
              240.8074334896507,
              264.7761022839673
            ],
            [
              240.84487028957804,
              264.7009013383405
            ],
            [
              241.11631100266374,
              264.03420789319966
            ],
            [
              241.5149323713257,
              263.19744455694837
            ],
            [
              241.7719141343606,
              262.5348836596968
            ],
            [
              241.8082206664588,
              262.4567927369062
            ],
            [
              242.0560073989249,
              261.805013840493
            ],
            [
              242.44346990110992,
              260.9349826281896
            ],
            [
              242.50126629172615,
              260.7750575961026
            ],
            [
              242.65766374782083,
              260.41961125169473
            ],
            [
              242.7593776379219,
              260.1330179396368
            ],
            [
              242.85736951368273,
              259.90672577531325
            ],
            [
              243.12050651791012,
              259.15415883457536
            ],
            [
              243.17838039797067,
              259.0169142910084
            ],
            [
              243.23631292496705,
              258.84676900676226
            ],
            [
              243.578950231053,
              258.0103294736015
            ],
            [
              243.62139885888584,
              257.8813886117926
            ],
            [
              243.62797846028695,
              257.8652282610591
            ],
            [
              243.87627135501302,
              257.1093437622616
            ],
            [
              244.23921416687392,
              256.1735897529555
            ],
            [
              244.63617109312915,
              254.8959024403689
            ],
            [
              244.65569807859882,
              254.84368116409325
            ],
            [
              244.7059407529737,
              254.6746310780208
            ],
            [
              245.0268748957956,
              253.78659287109835
            ],
            [
              245.09132467252851,
              253.56242641543201
            ],
            [
              245.26891933016563,
              253.06202827821127
            ],
            [
              245.34250785916805,
              252.7992763024729
            ],
            [
              245.41481895859425,
              252.59246790227735
            ],
            [
              245.62486180456838,
              251.83170598233778
            ],
            [
              245.66347585868854,
              251.7182982034202
            ],
            [
              245.72158413204306,
              251.50191975956324
            ],
            [
              246.02699582075812,
              250.57420905701255
            ],
            [
              246.0277741165678,
              250.5715486895786
            ],
            [
              246.25753029288222,
              249.6772251944345
            ],
            [
              246.56313459949166,
              248.69357503140068
            ],
            [
              246.9090876300622,
              247.26176594246294
            ],
            [
              246.9377969421348,
              247.16516854319477
            ],
            [
              246.96561312179065,
              247.04335653088754
            ],
            [
              247.20615607361708,
              246.2067103285375
            ],
            [
              247.270576625084,
              245.91499848825413
            ],
            [
              247.45443687597768,
              245.25851513634456
            ],
            [
              247.50374711240528,
              245.0265020845739
            ],
            [
              247.55374689264062,
              244.8454060389944
            ],
            [
              247.7120333769699,
              244.09006108049581
            ],
            [
              247.7355377048782,
              244.00253774512584
            ],
            [
              247.8118633684095,
              243.62700007741122
            ],
            [
              248.0968273471227,
              242.51778079319652
            ],
            [
              248.12665489062576,
              242.36109119030732
            ],
            [
              248.13796843163985,
              242.31691175341095
            ],
            [
              248.25782213222,
              241.67970667975078
            ],
            [
              248.4650197854039,
              240.82216979809388
            ],
            [
              248.74604178179504,
              239.24654185261434
            ],
            [
              248.78036596211723,
              239.0962301445609
            ]
          ]
        ]
      }
    }
  ]
}