{
  "type": "FeatureCollection",
  "features": [
    {
      "type": "Feature",
      "properties": {
        "method": "Homography",
        "mode": "tmpl2img",
        "inside_ratio": 1.0
      },
      "geometry": {
        "type": "Polygon",
        "coordinates": [
          [
            [
              152.93004010048784,
              173.52644755772587
            ],
            [
              152.4292179281256,
              174.50436572346464
            ],
            [
              152.10897176104453,
              175.06702272645782
            ],
            [
              152.05310358232762,
              175.1800732340645
            ],
            [
              151.94766169212227,
              175.36673201707444
            ],
            [
              151.7410780528049,
              175.78767163658745
            ],
            [
              151.0555054020222,
              177.03904577749685
            ],
            [
              150.9822253901683,
              177.19343841862093
            ],
            [
              150.8283641204367,
              177.47690713367624
            ],
            [
              150.7302194018196,
              177.6853963870147
            ],
            [
              150.6145527561633,
              177.90035500863542
            ],
            [
              150.197116451536,
              178.7939634229439
            ],
            [
              149.8480823642979,
              179.4618295330033
            ],
            [
              149.73938859237177,
              179.70247767618858
            ],
            [
              149.73676711324137,
              179.7075194825322
            ],
            [
              149.73260189303454,
              179.71674989604534
            ],
            [
              149.72824554492394,
              179.7257524384843
            ],
            [
              149.52790187243005,
              180.16954955914835
            ],
            [
              149.43599978269336,
              180.34899992692885
            ],
            [
              149.34165501742092,
              180.5600447981419
            ],
            [
              149.2591603791255,
              180.72168936242068
            ],
            [
              148.78927194158456,
              181.78450946630082
            ],
            [
              148.44375627671943,
              182.48366813225203
            ],
            [
              148.37054557556084,
              182.65554686235905
            ],
            [
              148.32160303624684,
              182.75527331671657
            ],
            [
              148.31295888699051,
              182.77421728578796
            ],
            [
              148.17051301779134,
              183.1108597316711
            ],
            [
              148.07602670789228,
              183.3043529385692
            ],
            [
              148.03365675257643,
              183.4057368062997
            ],
            [
              147.47350029019825,
              184.5859226916543
            ],
            [
              147.41962777277413,
              184.71810060754396
            ],
            [
              147.30312375083116,
              184.9655906089158
            ],
            [
              147.2318872797021,
              185.1416473904076
            ],
            [
              147.14188194093626,
              185.3343223618077
            ],
            [
              146.70791895241393,
              186.4141551443315
            ],
            [
              146.38952362803226,
              187.11908277958025
            ],
            [
              146.26255986269638,
              187.44783807960434
            ],
            [
              146.25533788470574,
              187.46399330994754
            ],
            [
              146.09580569119436,
              187.87674296544105
            ],
            [
              145.9386137635073,
              188.23228851107325
            ],
            [
              145.48407008718306,
              189.43220291918678
            ],
            [
              145.1499080324063,
              190.21672415333381
            ],
            [
              145.06729343499688,
              190.44470125574992
            ],
            [
              145.05057560179324,
              190.48421052541931
            ],
            [
              144.90732046192403,
              190.88212561119317
            ],
            [
              144.83508308271948,
              191.05936229306585
            ],
            [
              144.69988708636404,
              191.38286258731992
            ],
            [
              144.67854634266826,
              191.44343010813256
            ],
            [
              144.27600196797124,
              192.43108539218034
            ],
            [
              144.239052326874,
              192.53826433371876
            ],
            [
              144.15631512961968,
              192.74274448872302
            ],
            [
              144.10853941824936,
              192.8822072811793
            ],
            [
              144.04198755614033,
              193.0478086903854
            ],
            [
              143.73329183195415,
              193.95428411742733
            ],
            [
              143.50330150911194,
              194.54578219211288
            ],
            [
              143.3952732805898,
              194.8722844015252
            ],
            [
              143.32692547525602,
              195.04926169255953
            ],
            [
              143.152068302573,
              195.58827259268338
            ],
            [
              142.9987463341326,
              195.99301530189828
            ],
            [
              142.57443355708304,
              197.3238120850083
            ],
            [
              142.26030540643677,
              198.19065678095419
            ],
            [
              142.04826206429337,
              198.89303733017834
            ],
            [
              141.8013531433385,
              199.60924014077054
            ],
            [
              141.76583803695164,
              199.71003615687204
            ],
            [
              141.76179364775845,
              199.7239894248793
            ],
            [
              141.49525843267136,
              200.49712175815856
            ],
            [
              141.47245872702956,
              200.57722978938278
            ],
            [
              141.41903902527264,
              200.73316803845805
            ],
            [
              141.39075987427668,
              200.8330566118942
            ],
            [
              141.3449289902208,
              200.96763758254156
            ],
            [
              141.15236044575033,
              201.65121622440333
            ],
            [
              140.99591352501054,
              202.1240580545125
            ],
            [
              140.81691059629298,
              202.77499250944328
            ],
            [
              140.73437969427104,
              203.02825147848506
            ],
            [
              140.71520349690118,
              203.10009880045183
            ],
            [
              140.69123500231785,
              203.17398355817394
            ],
            [
              140.60331067834244,
              203.50595914267257
            ],
            [
              140.4678299662989,
              203.93087516103458
            ],
            [
              140.24618418789694,
              204.7804746749485
            ],
            [
              140.2292615983814,
              204.7771055380457
            ],
            [
              140.03946090765527,
              205.54706780066002
            ],
            [
              139.80390332700733,
              206.32733782092376
            ],
            [
              139.6162627354065,
              207.09907742997376
            ],
            [
              139.15942565186586,
              208.70419987872344
            ],
            [
              139.14775064404677,
              208.755889664622
            ],
            [
              139.11845508674622,
              208.85936842277843
            ],
            [
              139.10528095030264,
              208.9179265022297
            ],
            [
              139.0769615392804,
              209.0184545743365
            ],
            [
              138.9754161584605,
              209.47148729164866
            ],
            [
              138.88182615866054,
              209.81182225680854
            ],
            [
              138.6935323937656,
              210.66706925991087
            ],
            [
              138.63737366138247,
              210.87597261304137
            ],
            [
              138.6354683199244,
              210.88497675445834
            ],
            [
              138.63373021465443,
              210.89144228592315
            ],
            [
              138.62627638504983,
              210.92666711695543
            ],
            [
              138.55914498542987,
              211.17818785328708
            ],
            [
              138.51370148929203,
              211.39568977179357
            ],
            [
              138.5091938712159,
              211.41270917071515
            ],
            [
              138.48046586668315,
              211.54872191265144
            ],
            [
              138.37030132020485,
              211.97099814914887
            ],
            [
              138.05235209571376,
              213.53122398939254
            ],
            [
              137.80541940034183,
              214.54682376001296
            ],
            [
              137.7587406545493,
              214.79923922205114
            ],
            [
              137.7154534458042,
              214.97484194014967
            ],
            [
              137.63840264730638,
              215.4170871862438
            ],
            [
              137.62045539217695,
              215.49311653113227
            ],
            [
              137.59973071483194,
              215.60894533906574
            ],
            [
              137.58123623280449,
              215.69145628521193
            ],
            [
              137.29225822998276,
              216.9708739375915
            ],
            [
              137.28846675489112,
              216.99353361743718
            ],
            [
              137.27748933009607,
              217.04232747319165
            ],
            [
              137.2773964928358,
              217.0428833066499
            ],
            [
              137.26768082975735,
              217.08606872350504
            ],
            [
              137.26487708527574,
              217.102855238994
            ],
            [
              137.2602588722607,
              217.12345885064389
            ],
            [
              137.22337721436506,
              217.34464465385636
            ],
            [
              137.17984898846842,
              217.54235372176652
            ],
            [
              137.0546612956589,
              218.29919387643565
            ],
            [
              137.05335709370414,
              218.30536862079134
            ],
            [
              137.03812335533524,
              218.39917636697794
            ],
            [
              137.0133619795758,
              218.54887481608486
            ],
            [
              136.92462262507925,
              218.96823357979852
            ],
            [
              136.910335660766,
              219.06082053429753
            ],
            [
              136.90806801690255,
              219.07157430627367
            ],
            [
              136.90287589277006,
              219.1054323617759
            ],
            [
              136.84910248834734,
              219.3628029344667
            ],
            [
              136.80675620796967,
              219.64355495562342
            ],
            [
              136.72650464550358,
              220.0373617393257
            ],
            [
              136.4845333445662,
              221.68951918608988
            ],
            [
              136.28506193563487,
              222.76816144595082
            ],
            [
              136.20459048524526,
              223.40628891206626
            ],
            [
              136.1777153115635,
              223.5564924244732
            ],
            [
              136.15764747404253,
              223.72221960894547
            ],
            [
              135.98976053623218,
              224.73720417435538
            ],
            [
              135.90476926626528,
              225.246061981815
            ],
            [
              135.80092764385006,
              226.2092084735651
            ],
            [
              135.78362816249106,
              226.36247073693218
            ],
            [
              135.68445328905213,
              227.00517546362357
            ],
            [
              135.6727932665481,
              227.12685187401266
            ],
            [
              135.67126197746825,
              227.1368374732275
            ],
            [
              135.66239045352188,
              227.23059673682909
            ],
            [
              135.62141186064522,
              227.50228111316096
            ],
            [
              135.601801614368,
              227.71672900763494
            ],
            [
              135.55247421794937,
              228.0535318640408
            ],
            [
              135.44419871395965,
              229.28676821719543
            ],
            [
              135.41444407519631,
              229.50275747582347
            ],
            [
              135.38540384025077,
              229.89048176093758
            ],
            [
              135.37266154797078,
              230.00337026406842
            ],
            [
              135.25830376006823,
              230.91021169753697
            ],
            [
              135.2417335865376,
              231.16330767997135
            ],
            [
              135.14792428187448,
              231.99439770264496
            ],
            [
              135.12132705536092,
              232.42438607986364
            ],
            [
              135.07631261489288,
              232.8343964497645
            ],
            [
              135.06820808009925,
              232.98958160609683
            ],
            [
              135.03375536867776,
              233.30825544506445
            ],
            [
              135.03303287865344,
              233.32361859689848
            ],
            [
              135.0298333621297,
              233.3532128571545
            ],
            [
              135.02916526965686,
              233.36741927477271
            ],
            [
              135.0269624203566,
              233.38785102963718
            ],
            [
              134.9845236180255,
              234.30918622987713
            ],
            [
              134.9254333526983,
              234.9258138026114
            ],
            [
              134.9209830288798,
              235.05307413761628
            ],
            [
              134.90261556519002,
              235.2354707545386
            ],
            [
              134.89859077644348,
              235.4066927865622
            ],
            [
              134.8884945145053,
              235.5171004828415
            ],
            [
              134.8840904237557,
              235.66628971306199
            ],
            [
              134.85975948962226,
              235.9434141906797
            ],
            [
              134.8266556800067,
              237.18823867317622
            ],
            [
              134.73550556870376,
              238.66183173452313
            ],
            [
              134.73353957146014,
              239.31904364807613
            ],
            [
              134.7312487994377,
              239.3563489024387
            ],
            [
              134.73136660988595,
              239.43940229960398
            ],
            [
              134.6869039556136,
              240.29077059293328
            ],
            [
              134.68942870535108,
              240.59162807278128
            ],
            [
              134.6594518061778,
              241.2290613122367
            ],
            [
              134.66120298370777,
              241.32839188584893
            ],
            [
              134.6606192023196,
              241.341065625715
            ],
            [
              134.66969163239926,
              241.80988638250835
            ],
            [
              134.67472050637025,
              242.09513498086045
            ],
            [
              134.65515272885006,
              242.6546902005144
            ],
            [
              134.6602211725322,
              242.82559538892696
            ],
            [
              134.6598942017612,
              242.83536459759415
            ],
            [
              134.66638150876273,
              243.04121164382104
            ],
            [
              134.65789059603173,
              243.3288425776314
            ],
            [
              134.66105020107102,
              243.41561120266525
            ],
            [
              134.6552955479508,
              243.63200723613457
            ],
            [
              134.68633296593427,
              244.4365365622891
            ],
            [
              134.67424316246192,
              244.95085938692935
            ],
            [
              134.7143067146055,
              245.74838259300222
            ],
            [
              134.71212137672012,
              246.4789177435809
            ],
            [
              134.74199323134377,
              246.9309026686971
            ],
            [
              134.7420094013033,
              246.9423020830552
            ],
            [
              134.74282142099213,
              246.95407961804085
            ],
            [
              134.74760366515875,
              247.52394755658287
            ],
            [
              134.77763344691195,
              247.93257934917375
            ],
            [
              134.79374215095405,
              248.8462998512269
            ],
            [
              134.8092938836574,
              249.02387783915168
            ],
            [
              134.80938806021138,
              249.02874444296074
            ],
            [
              134.8207367259651,
              249.15453832259084
            ],
            [
              134.82395307582246,
              249.19126432263224
            ],
            [
              134.82425406633277,
              249.20586255160268
            ],
            [
              134.8439064291661,
              249.41910236527283
            ],
            [
              134.86183120665714,
              249.6237770456844
            ],
            [
              134.87649090507142,
              250.11809417278658
            ],
            [
              134.895375535551,
              250.3073613713116
            ],
            [
              134.8957071289952,
              250.31788307649154
            ],
            [
              134.9216406512093,
              250.57190915089674
            ],
            [
              134.9321674779924,
              250.8609953736142
            ],
            [
              134.93529214703872,
              250.88987499087168
            ],
            [
              134.9413209301304,
              251.0461487118644
            ],
            [
              135.01360166095114,
              251.70628328835815
            ],
            [
              135.0363394424495,
              252.15891186040824
            ],
            [
              135.14938547802117,
              253.09507146309002
            ],
            [
              135.20716440867673,
              253.969312650108
            ],
            [
              135.2194001946766,
              254.05540691462755
            ],
            [
              135.21996949134444,
              254.06391230033074
            ],
            [
              135.2370070988966,
              254.18352983699577
            ],
            [
              135.2581101567121,
              254.47069077661433
            ],
            [
              135.32941916177847,
              254.96294598798178
            ],
            [
              135.43165110902217,
              256.1302849488073
            ],
            [
              135.5013094655934,
              256.5523159230273
            ],
            [
              135.50532491291628,
              256.5958859123452
            ],
            [
              135.54712135137032,
              256.8393454025341
            ],
            [
              135.58757673842416,
              257.244800927991
            ],
            [
              135.623544963323,
              257.4472574186477
            ],
            [
              135.62475838602364,
              257.45914323201526
            ],
            [
              135.67238566141117,
              257.72290891190966
            ],
            [
              135.71534423732834,
              258.11524641318346
            ],
            [
              135.8273445099301,
              258.7094024277098
            ],
            [
              135.8649718233963,
              259.0210026589395
            ],
            [
              136.05619497505313,
              259.9799726768227
            ],
            [
              136.21413421021967,
              261.070247481751
            ],
            [
              136.3324791581919,
              261.5880269613762
            ],
            [
              136.56712016784888,
              263.009619125876
            ],
            [
              136.68921746895597,
              263.49192511565224
            ],
            [
              136.7011801924204,
              263.56160661636414
            ],
            [
              136.72789257556096,
              263.6633646263089
            ],
            [
              136.78179813343462,
              263.96678605187515
            ],
            [
              136.83772036963478,
              264.17667514396976
            ],
            [
              136.84021272228838,
              264.19047809797746
            ],
            [
              136.90748329571036,
              264.43948630329726
            ],
            [
              136.97016034994942,
              264.77198503642506
            ],
            [
              137.11608229568398,
              265.2952295063921
            ],
            [
              137.1528123211271,
              265.4794278780402
            ],
            [
              137.45628240728317,
              266.52793953330536
            ],
            [
              137.68784206614717,
              267.55010572400573
            ],
            [
              137.70053746586385,
              267.589436588251
            ],
            [
              137.73008905456982,
              267.7191062579335
            ],
            [
              137.74241480262418,
              267.7567376396165
            ],
            [
              137.74677892462554,
              267.77583142314336
            ],
            [
              137.74763692521748,
              267.7784318141043
            ],
            [
              137.75396810225917,
              267.80613180122447
            ],
            [
              137.87170840075444,
              268.1629739765675
            ],
            [
              138.1891405365254,
              269.4168872001997
            ],
            [
              138.36654579198964,
              269.91471070310445
            ],
            [
              138.44786182522884,
              270.2199085912459
            ],
            [
              138.5261275134422,
              270.43104652330317
            ],
            [
              138.5304871608977,
              270.4471841587304
            ],
            [
              138.61738342198132,
              270.6785699501512
            ],
            [
              138.6939163741811,
              270.9530005288224
            ],
            [
              138.7346411570231,
              271.0586624020775
            ],
            [
              138.73493831084855,
              271.05972358006943
            ],
            [
              138.74904961746913,
              271.0960456565831
            ],
            [
              138.86699837707934,
              271.4020678381334
            ],
            [
              138.88819619783703,
              271.47530788104785
            ],
            [
              139.16283729257108,
              272.16963225006936
            ],
            [
              139.25933090868773,
              272.4199883115281
            ],
            [
              139.26394301506429,
              272.4329305152215
            ],
            [
              139.60058027065958,
              273.4758464137219
            ],
            [
              139.6603988871751,
              273.6124788745465
            ],
            [
              139.7215477595322,
              273.7991707122049
            ],
            [
              139.75896318890162,
              273.88278369871153
            ],
            [
              139.78556253482506,
              273.96339983933564
            ],
            [
              139.89756605516635,
              274.21096375620675
            ],
            [
              140.28186197815842,
              275.2893508763293
            ],
            [
              140.47799721779225,
              275.69662001321944
            ],
            [
              140.56990279998712,
              275.94455438921716
            ],
            [
              140.67235059479026,
              276.1504993483876
            ],
            [
              140.67936420778076,
              276.16917507012846
            ],
            [
              140.78561483032342,
              276.37998532139227
            ],
            [
              140.87022676558217,
              276.59951394635664
            ],
            [
              140.9389799071782,
              276.7328599985734
            ],
            [
              140.9547502348956,
              276.77345234522505
            ],
            [
              141.40496594017236,
              277.63663539627777
            ],
            [
              141.51587000375207,
              277.8517327534368
            ],
            [
              141.5214024353725,
              277.8632206872516
            ],
            [
              141.95295062833816,
              278.8489253893207
            ],
            [
              142.07624191704087,
              279.0612514668181
            ],
            [
              142.1782875144998,
              279.2892947448718
            ],
            [
              142.2474395532811,
              279.4049423523513
            ],
            [
              142.29560714767396,
              279.5114082767945
            ],
            [
              142.3902660607931,
              279.66739080711716
            ],
            [
              142.82475437332712,
              280.56959318730424
            ],
            [
              143.0305948384515,
              280.8911432577122
            ],
            [
              143.12764219498985,
              281.08623202383023
            ],
            [
              143.25550645516057,
              281.28045989340274
            ],
            [
              143.26615456590508,
              281.3015866486923
            ],
            [
              143.39118223053023,
              281.48888265401064
            ],
            [
              143.47833639354653,
              281.65791730904533
            ],
            [
              143.58063069431896,
              281.807962425864
            ],
            [
              143.61823658401676,
              281.8800629017671
            ],
            [
              144.20575358066452,
              282.72858971339815
            ],
            [
              144.72272612333708,
              283.6188939134398
            ],
            [
              144.9246484000853,
              283.88221884789726
            ],
            [
              145.075669064284,
              284.1347808663498
            ],
            [
              145.18330139914718,
              284.2698598720974
            ],
            [
              145.25817710020056,
              284.39324287877406
            ],
            [
              145.32555335211256,
              284.47617242691683
            ],
            [
              145.79282010680993,
              285.2061049879732
            ],
            [
              145.99954055330892,
              285.4486918622875
            ],
            [
              146.09659184662473,
              285.5961143391796
            ],
            [
              146.25046698109952,
              285.7721955787969
            ],
            [
              146.2659074488034,
              285.7953259630199
            ],
            [
              146.40878784536346,
              285.9562988131533
            ],
            [
              146.493329645666,
              286.0803045906628
            ],
            [
              146.63383602917736,
              286.23537006216276
            ],
            [
              146.6992050355012,
              286.32977984916647
            ],
            [
              147.29750433665842,
              286.9766378691806
            ],
            [
              147.88370345465725,
              287.74109460379486
            ],
            [
              148.1778747742874,
              288.02806129601987
            ],
            [
              148.38459950100537,
              288.2875016452751
            ],
            [
              148.5365174879416,
              288.4283632556425
            ],
            [
              148.64263834703257,
              288.5589813093779
            ],
            [
              148.67451669134542,
              288.5877819289874
            ],
            [
              149.15685464930507,
              289.1538065267765
            ],
            [
              149.35602546099233,
              289.32592496278824
            ],
            [
              149.44830301180153,
              289.4315193175251
            ],
            [
              149.62812661116794,
              289.5832913827473
            ],
            [
              149.64966592728447,
              289.60755814844015
            ],
            [
              149.77924335728318,
              289.7149143831354
            ],
            [
              149.80431150108987,
              289.74290259324323
            ],
            [
              149.83366219198916,
              289.76675803383694
            ],
            [
              149.88638303943435,
              289.824941746653
            ],
            [
              150.0688374423744,
              289.97289583250887
            ],
            [
              150.16733674051534,
              290.07938945676074
            ],
            [
              150.75894310290337,
              290.54591599918723
            ],
            [
              151.40596641116346,
              291.17709288888824
            ],
            [
              151.8041352947072,
              291.45816845256036
            ],
            [
              152.0718426857288,
              291.7063924776882
            ],
            [
              152.2345898001313,
              291.81350829800226
            ],
            [
              152.88375203490835,
              292.3744980716615
            ],
            [
              153.06752547063994,
              292.4861621397426
            ],
            [
              153.15065619101077,
              292.55632490568706
            ],
            [
              153.3229976351055,
              292.65863456454844
            ],
            [
              153.35211492017172,
              292.68292780690166
            ],
            [
              153.38370930207176,
              292.7012515247727
            ],
            [
              153.384764130463,
              292.7021254609513
            ],
            [
              153.55906948456223,
              292.8031596294236
            ],
            [
              153.62505822354962,
              292.85667055267146
            ],
            [
              153.65894195677305,
              292.87584103605116
            ],
            [
              153.66257619310724,
              292.8787948441658
            ],
            [
              153.8172790523635,
              292.96542380542456
            ],
            [
              153.85218723720564,
              292.98517389532384
            ],
            [
              153.98850358366988,
              293.09266968616726
            ],
            [
              154.5579275965282,
              293.4021267965292
            ],
            [
              155.25618699344577,
              293.89504239513565
            ],
            [
              155.76793010066157,
              294.13905886842457
            ],
            [
              156.10037428366394,
              294.35786478398177
            ],
            [
              156.262309486058,
              294.42737077186416
            ],
            [
              156.93685132846517,
              294.83723461270404
            ],
            [
              157.0981335296667,
              294.8997256007091
            ],
            [
              157.16818844265197,
              294.9413133585875
            ],
            [
              157.39189324831847,
              295.025868351848
            ],
            [
              157.48311942181684,
              295.07877657682553
            ],
            [
              157.78801638725858,
              295.18891762066204
            ],
            [
              157.8509174718201,
              295.2241403414523
            ],
            [
              158.01202349619777,
              295.27927723610566
            ],
            [
              158.12512525185835,
              295.3407431063392
            ],
            [
              158.65905845188402,
              295.51764694153354
            ],
            [
              159.3979605738779,
              295.86998053894854
            ],
            [
              160.0304140283159,
              296.0447203338748
            ],
            [
              160.42977677317376,
              296.2161352065843
            ],
            [
              160.59014046142812,
              296.2527513014489
            ],
            [
              161.27631964806955,
              296.51862078366383
            ],
            [
              161.40892444491254,
              296.54420875912723
            ],
            [
              161.46245410955382,
              296.56444167463775
            ],
            [
              161.71332429413889,
              296.6113262373239
            ],
            [
              161.76181738426124,
              296.62902511731477
            ],
            [
              161.7865141868286,
              296.6333358055927
            ],
            [
              161.9011846708658,
              296.6747593953338
            ],
            [
              162.27020897638693,
              296.7365978119948
            ],
            [
              162.32670545807167,
              296.7559331569678
            ],
            [
              162.45357769493714,
              296.77485478470425
            ],
            [
              162.53656154615896,
              296.80234916328914
            ],
            [
              163.02400705662615,
              296.87181650702377
            ],
            [
              163.79217098002567,
              297.0840515821971
            ],
            [
              164.54980148008963,
              297.15686697175164
            ],
            [
              165.01666928793867,
              297.2634676375811
            ],
            [
              165.17518265087818,
              297.2709616733363
            ],
            [
              165.85956686702113,
              297.40302331019484
            ],
            [
              165.95834794315735,
              297.4046691278366
            ],
            [
              165.99241448878445,
              297.411035747678
            ],
            [
              166.2627323758914,
              297.4146345681525
            ],
            [
              166.32307887950017,
              297.4251677116667
            ],
            [
              166.37974519905103,
              297.42524408654094
            ],
            [
              166.56206344429975,
              297.45579565576077
            ],
            [
              166.99502212724536,
              297.4521623111943
            ],
            [
              167.04445043410288,
              297.45953401082835
            ],
            [
              167.13167195761446,
              297.45721233794865
            ],
            [
              167.17953495563364,
              297.46403343951533
            ],
            [
              167.61187460384366,
              297.45116088855383
            ],
            [
              168.3973810584681,
              297.5266554185236
            ],
            [
              169.2818021647504,
              297.4651103110203
            ],
            [
              169.8151667543165,
              297.4903261870269
            ],
            [
              169.8202109957388,
              297.48972146335706
            ],
            [
              169.8272549812142,
              297.4900544823338
            ],
            [
              169.98049691361985,
              297.4716832159203
            ],
            [
              170.64168677442174,
              297.4826994751125
            ],
            [
              170.702631299607,
              297.47374423093424
            ],
            [
              170.71485167126576,
              297.4739069242905
            ],
            [
              171.00165804677232,
              297.4314735011905
            ],
            [
              171.0751144824314,
              297.4315725057827
            ],
            [
              171.16528357770954,
              297.4171659076976
            ],
            [
              171.41915903670267,
              297.41503541106175
            ],
            [
              171.91383962862523,
              297.329920030362
            ],
            [
              171.9562903072422,
              297.328790073155
            ],
            [
              171.99974717091104,
              297.3205156575082
            ],
            [
              172.0085781940376,
              297.32025272118824
            ],
            [
              172.3665124026329,
              297.25203256899914
            ],
            [
              172.38194193098016,
              297.2493777444512
            ],
            [
              173.17024403092216,
              297.1945213676149
            ],
            [
              174.16891254130098,
              296.9695589074175
            ],
            [
              174.78944038222366,
              296.89516750485984
            ],
            [
              174.95726708666956,
              296.8485641635485
            ],
            [
              175.57824795732182,
              296.7573166674061
            ],
            [
              175.58096084331734,
              296.7564923061162
            ],
            [
              175.58368165378025,
              296.75609260847546
            ],
            [
              175.81791796622417,
              296.68448844024044
            ],
            [
              175.8920941629002,
              296.66194861171977
            ],
            [
              175.9723509456638,
              296.6491257347793
            ],
            [
              176.09678946850724,
              296.61019628564566
            ],
            [
              176.42401421265083,
              296.553893574105
            ],
            [
              176.97270061527013,
              296.374120222715
            ],
            [
              176.97650118384684,
              296.37339585672675
            ],
            [
              176.97963030830508,
              296.37231968855184
            ],
            [
              177.01249997728934,
              296.36606113051505
            ],
            [
              177.27773423530581,
              296.2741780409864
            ],
            [
              177.32578772245014,
              296.25843364420996
            ],
            [
              178.06593079447694,
              296.09170724335524
            ],
            [
              179.16490840661683,
              295.6801556840912
            ],
            [
              179.86589538749942,
              295.48550051503975
            ],
            [
              180.059453369548,
              295.402306971161
            ],
            [
              180.62377712495842,
              295.2319141268257
            ],
            [
              180.67628707555843,
              295.208181868674
            ],
            [
              180.7443912669267,
              295.18748713284623
            ],
            [
              180.80353132632501,
              295.1604262909679
            ],
            [
              180.8748268888926,
              295.1386318074253
            ],
            [
              181.19266043853125,
              294.9914792158701
            ],
            [
              181.52681565158557,
              294.88199554314167
            ],
            [
              182.1303964277209,
              294.59310713413004
            ],
            [
              182.1620162398213,
              294.5821533227813
            ],
            [
              182.35906361098182,
              294.4839897746525
            ],
            [
              183.03856824251133,
              294.2295249088165
            ],
            [
              184.22850508630677,
              293.61039850392893
            ],
            [
              185.00618183679484,
              293.27614370244896
            ],
            [
              185.20140116894314,
              293.1630232920503
            ],
            [
              185.71692652421487,
              292.9300278183365
            ],
            [
              185.72044806762145,
              292.92791501035737
            ],
            [
              185.73620649401886,
              292.920792874501
            ],
            [
              185.85855086929797,
              292.84739032286836
            ],
            [
              185.96698212254225,
              292.79777520532195
            ],
            [
              186.08140976965834,
              292.72805506075355
            ],
            [
              186.2222540112054,
              292.66284610098995
            ],
            [
              186.42416267327235,
              292.5380063947007
            ],
            [
              186.6769078164468,
              292.41703643478144
            ],
            [
              187.32399220722584,
              292.0105997246643
            ],
            [
              187.35297183578552,
              291.9961628755645
            ],
            [
              187.44192858286104,
              291.9384481418899
            ],
            [
              188.0416836897661,
              291.62639441812985
            ],
            [
              189.31071910163607,
              290.78186705158515
            ],
            [
              190.15936833997117,
              290.2901147795725
            ],
            [
              190.3373454559539,
              290.1602626953264
            ],
            [
              190.8348634792028,
              289.86176844657064
            ],
            [
              191.04956173939425,
              289.70098701991543
            ],
            [
              191.1927616028545,
              289.6137361200283
            ],
            [
              191.36060447944894,
              289.48581468139395
            ],
            [
              191.57037382816154,
              289.35611472888195
            ],
            [
              191.65674674513966,
              289.2891764834082
            ],
            [
              191.82331024931747,
              289.18455717311804
            ],
            [
              192.48181642082324,
              288.67154101734604
            ],
            [
              193.0286505693723,
              288.307629656723
            ],
            [
              194.34318788932725,
              287.2392129439624
            ],
            [
              194.47524418565223,
              287.1459462796155
            ],
            [
              194.51193386224267,
              287.1144834532543
            ],
            [
              195.2745465768957,
              286.5580813005208
            ],
            [
              195.43127167041033,
              286.41964895375594
            ],
            [
              195.5968122760162,
              286.2956802978572
            ],
            [
              195.63075551540612,
              286.2704969268598
            ],
            [
              195.63239824640067,
              286.2690309757731
            ],
            [
              195.88971613200937,
              286.07633292262614
            ],
            [
              196.19356028069416,
              285.80237769866517
            ],
            [
              196.36859989560926,
              285.6689712663448
            ],
            [
              196.5501594433584,
              285.502055615224
            ],
            [
              196.91523246501748,
              285.2176416396922
            ],
            [
              197.48092469048774,
              284.6889540903472
            ],
            [
              197.95313072436502,
              284.3051591148817
            ],
            [
              199.270723909172,
              283.03363568226297
            ],
            [
              199.46637275633535,
              282.8658591773209
            ],
            [
              199.5448991058818,
              282.7861587011697
            ],
            [
              200.30134140052547,
              282.1180073560743
            ],
            [
              200.4035592363191,
              282.0113109567246
            ],
            [
              200.53431627863182,
              281.89462512745564
            ],
            [
              200.5749145593625,
              281.85201400774616
            ],
            [
              200.8520095524635,
              281.60217664466893
            ],
            [
              201.23887662032107,
              281.1915123790588
            ],
            [
              201.44204318407796,
              281.0047324509527
            ],
            [
              201.5606890180882,
              280.8760669634944
            ],
            [
              201.90258086600738,
              280.55653992197415
            ],
            [
              202.03859147703054,
              280.4071798562743
            ],
            [
              202.04159135126577,
              280.40437039969873
            ],
            [
              202.0977068142707,
              280.3422623429415
            ],
            [
              202.37388779236574,
              280.0389741750319
            ],
            [
              202.76950883340422,
              279.65718605566747
            ],
            [
              204.07006165308954,
              278.1933358873194
            ],
            [
              204.3308243873173,
              277.9286742266017
            ],
            [
              204.45151286525038,
              277.7860006320999
            ],
            [
              205.19040937896202,
              277.0147301694423
            ],
            [
              205.23296797349735,
              276.9630170335373
            ],
            [
              205.30431500660808,
              276.88813265631563
            ],
            [
              205.3822670004346,
              276.7932512993131
            ],
            [
              205.67403668180168,
              276.4835341073369
            ],
            [
              206.13494640095232,
              275.9155130525541
            ],
            [
              206.3618467462655,
              275.66945094867276
            ],
            [
              206.3724554234734,
              275.6560653837449
            ],
            [
              206.39370518616238,
              275.63302108075317
            ],
            [
              206.4451075555526,
              275.5681637968097
            ],
            [
              206.73645242749083,
              275.2482233974055
            ],
            [
              206.97624524487597,
              274.9427427540611
            ],
            [
              207.0536981977552,
              274.8570185679703
            ],
            [
              207.186733088316,
              274.68533533856646
            ],
            [
              207.43331478037612,
              274.40779286127247
            ],
            [
              208.69690218519736,
              272.76725348475725
            ],
            [
              209.02198930016996,
              272.3829471448827
            ],
            [
              209.15766056569825,
              272.1979299087362
            ],
            [
              209.89623415063434,
              271.2989552893479
            ],
            [
              210.0086661988739,
              271.1415750900099
            ],
            [
              210.30959416494457,
              270.77071413047594
            ],
            [
              210.80890767243778,
              270.0621097646759
            ],
            [
              211.11031301817678,
              269.6818095504682
            ],
            [
              211.14096371589292,
              269.6371589933055
            ],
            [
              211.3696102858937,
              269.3458779530144
            ],
            [
              211.65751860475822,
              268.9234293088508
            ],
            [
              211.90163009010965,
              268.6064947600785
            ],
            [
              213.10904346278295,
              266.8093611523182
            ],
            [
              213.4950713591861,
              266.28292827657833
            ],
            [
              213.62507727784404,
              266.0793930393647
            ],
            [
              214.26736312757566,
              265.18033377068963
            ],
            [
              214.33046831677217,
              265.07914537144126
            ],
            [
              214.36602041067695,
              265.029299030271
            ],
            [
              214.44562769625344,
              264.9010323105478
            ],
            [
              214.71441787272505,
              264.5195767927724
            ],
            [
              215.19033623508216,
              263.73971657729885
            ],
            [
              215.33266628900608,
              263.5308753095631
            ],
            [
              215.5764514083311,
              263.175740117951
            ],
            [
              215.58871920498078,
              263.15516818301734
            ],
            [
              215.7569367937816,
              262.90834206630797
            ],
            [
              215.96062036895526,
              262.5650279279548
            ],
            [
              216.1334748971864,
              262.3077484502165
            ],
            [
              216.32529838327508,
              261.9811180698579
            ],
            [
              216.36722062302206,
              261.91849336943244
            ],
            [
              216.7573171696876,
              261.2454914612367
            ],
            [
              217.26674884068245,
              260.37804887714776
            ],
            [
              217.70750570239218,
              259.6880068134659
            ],
            [
              217.831615051645,
              259.4650993928549
            ],
            [
              218.37718533333884,
              258.5902841172003
            ],
            [
              218.4833567698213,
              258.3952676729687
            ],
            [
              218.563263202717,
              258.266518954079
            ],
            [
              218.65309246274887,
              258.1001677996614
            ],
            [
              218.84760889591698,
              257.78342787467136
            ],
            [
              219.00670246284437,
              257.4860553948054
            ],
            [
              219.21528551110254,
              257.14426227685817
            ],
            [
              219.51071124917107,
              256.5812543685274
            ],
            [
              219.85586006471107,
              255.99949676676837
            ],
            [
              219.98324382030324,
              255.7524954242462
            ],
            [
              220.09017228119671,
              255.570421348933
            ],
            [
              220.4212987652172,
              254.92432141637883
            ],
            [
              220.5709676692701,
              254.66610980469753
            ],
            [
              221.10539277578317,
              253.5988145545564
            ],
            [
              221.38008670655768,
              253.10877153298054
            ],
            [
              221.44875582760375,
              252.96850969014176
            ],
            [
              221.61934986791954,
              252.66211313156063
            ],
            [
              221.73676547385205,
              252.4193835923579
            ],
            [
              222.18774003393077,
              251.59103033597873
            ],
            [
              222.32804155920326,
              251.29467898243658
            ],
            [
              222.44502085588752,
              251.07804977899747
            ],
            [
              222.5150012670367,
              250.92845827969364
            ],
            [
              222.66795746028444,
              250.64255757750996
            ],
            [
              222.98141497607736,
              249.966957122458
            ],
            [
              223.33804919114587,
              249.2873010952652
            ],
            [
              223.47515165875467,
              248.98156988468753
            ],
            [
              223.62675050944867,
              248.68761466667823
            ],
            [
              223.687723636534,
              248.55081464205412
            ],
            [
              223.73568717966964,
              248.45722731672575
            ],
            [
              224.1664366587521,
              247.48865693296432
            ],
            [
              224.22191456173198,
              247.37841615024294
            ],
            [
              224.23402327746845,
              247.35065661215899
            ],
            [
              224.413096051225,
              246.99303209465756
            ],
            [
              224.41939558565258,
              246.97946376232807
            ],
            [
              224.70716886121124,
              246.31295607514053
            ],
            [
              224.85826722820303,
              246.00432629976487
            ],
            [
              224.9901741180171,
              245.69371561360092
            ],
            [
              225.1936453837444,
              245.27308595216934
            ],
            [
              225.2021554009259,
              245.25416256575087
            ],
            [
              225.30814812390093,
              244.99996042935322
            ],
            [
              225.66395643795798,
              244.24840569558128
            ],
            [
              225.8283030549376,
              243.84587939836427
            ],
            [
              225.9738563992724,
              243.534741714968
            ],
            [
              226.02595967793366,
              243.4049967853511
            ],
            [
              226.14038877483625,
              243.15836575548684
            ],
            [
              226.55713600270315,
              242.11300195603303
            ],
            [
              226.56411953853674,
              242.09729898641555
            ],
            [
              226.8541447664025,
              241.4465949761388
            ],
            [
              227.0381368646414,
              241.03630238321895
            ],
            [
              227.39694862726506,
              240.099569989249
            ],
            [
              227.47544038689395,
              239.91962563859195
            ],
            [
              227.52630283390477,
              239.78359903056526
            ],
            [
              227.63739347583373,
              239.5263035375206
            ],
            [
              227.82737799401343,
              239.01274660632347
            ],
            [
              227.99372718064876,
              238.621032154744
            ],
            [
              228.17125508890933,
              238.1333766978013
            ],
            [
              228.4099117478283,
              237.56100690806213
            ],
            [
              228.51264710805756,
              237.27124408173995
            ],
            [
              228.77395765168353,
              236.6312286832881
            ],
            [
              228.95130118527803,
              236.12046042384313
            ],
            [
              229.11586395690128,
              235.71067459520884
            ],
            [
              229.1523219818078,
              235.60326825172763
            ],
            [
              229.2322203621665,
              235.4028521028548
            ],
            [
              229.49911837021546,
              234.61153782041166
            ],
            [
              229.86556665947222,
              233.65486911827585
            ],
            [
              229.93363257768763,
              233.44588437697578
            ],
            [
              229.98231894467878,
              233.31834076504566
            ],
            [
              230.04174517417653,
              233.1337493194456
            ],
            [
              230.1030967466664,
              232.97244546970956
            ],
            [
              230.16235168178804,
              232.786104832742
            ],
            [
              230.1794092313856,
              232.7411918111833
            ],
            [
              230.28848381422205,
              232.39641788653154
            ],
            [
              230.35117587625064,
              232.22875413755654
            ],
            [
              230.43193617098407,
              231.97223131952234
            ],
            [
              230.47817154278707,
              231.84725010587684
            ],
            [
              230.58706986528745,
              231.49732003373202
            ],
            [
              230.75906777621142,
              231.02485505249254
            ],
            [
              230.96069103420785,
              230.3665899741139
            ],
            [
              231.21515079996672,
              229.648891795538
            ],
            [
              231.3104581077091,
              229.32583729553937
            ],
            [
              231.48933260422527,
              228.810659699872
            ],
            [
              231.66786240459493,
              228.19241702247288
            ],
            [
              231.84097149593586,
              227.68243288120064
            ],
            [
              231.86425056762016,
              227.59926035402106
            ],
            [
              231.91446395768637,
              227.45038486027178
            ],
            [
              231.9173914950139,
              227.43986918519593
            ],
            [
              231.92353577361558,
              227.42165228288764
            ],
            [
              231.93225601927108,
              227.39032927089795
            ],
            [
              231.9383681240672,
              227.3722077645488
            ],
            [
              232.09463955129684,
              226.81088267304705
            ],
            [
              232.32117859376115,
              226.1153333522367
            ],
            [
              232.42132044715623,
              225.74492808111663
            ],
            [
              232.50398902624042,
              225.4884647410038
            ],
            [
              232.5084865140698,
              225.4714871552587
            ],
            [
              232.52092162569085,
              225.43286085758183
            ],
            [
              232.62069486456963,
              225.05528488271682
            ],
            [
              232.72621331637725,
              224.72345808243054
            ],
            [
              232.7309907585906,
              224.70492975684158
            ],
            [
              232.7540939873048,
              224.63227640619755
            ],
            [
              232.79508587072846,
              224.4732977049201
            ],
            [
              232.83667420723438,
              224.34184110316812
            ],
            [
              232.9896793216395,
              223.74229401081334
            ],
            [
              233.13021711438145,
              223.28346241532512
            ],
            [
              233.1079592165916,
              223.2788169082493
            ],
            [
              233.19456938958257,
              222.93943689740433
            ],
            [
              233.59159147926817,
              221.59368728271133
            ],
            [
              233.67515930694032,
              221.24121554988577
            ],
            [
              233.7853743993463,
              220.85954440212535
            ],
            [
              233.79367859143363,
              220.8237138468871
            ],
            [
              233.79967192190256,
              220.80295915278293
            ],
            [
              233.95961078584568,
              220.11286196700902
            ],
            [
              234.12320477150712,
              219.52836592679856
            ],
            [
              234.12762594393692,
              219.50841994453535
            ],
            [
              234.1859606448904,
              219.2988823986619
            ],
            [
              234.19012806679837,
              219.28000589566162
            ],
            [
              234.19272494302723,
              219.27067794915493
            ],
            [
              234.28641451263937,
              218.84630727900617
            ],
            [
              234.38563790944156,
              218.47929920048557
            ],
            [
              234.49547303870375,
              217.97080335638069
            ],
            [
              234.60914973178586,
              217.54168472897769
            ],
            [
              234.62039110891968,
              217.4877520714278
            ],
            [
              234.63079453845705,
              217.4483819447891
            ],
            [
              234.63122674768732,
              217.44629916541618
            ],
            [
              234.6626890192586,
              217.32723519851217
            ],
            [
              234.7579992141432,
              216.86794287751616
            ],
            [
              234.86945207360432,
              216.43540183928906
            ],
            [
              234.87598565302025,
              216.4029501816196
            ],
            [
              234.9070376087026,
              216.2825214729555
            ],
            [
              234.95482049963053,
              216.0419325953614
            ],
            [
              235.00606368123417,
              215.84113734316455
            ],
            [
              235.23994234611672,
              214.64128583217405
            ],
            [
              235.5170682433753,
              213.4724263806803
            ],
            [
              235.58062114994485,
              213.11859764127877
            ],
            [
              235.65557155949435,
              212.79520490591483
            ],
            [
              235.78297776764234,
              212.06756388123705
            ],
            [
              235.98479214820225,
              211.1534375352725
            ],
            [
              236.03672973074035,
              210.83535745787142
            ],
            [
              236.04183677430964,
              210.81171374344189
            ],
            [
              236.13735401081615,
              210.2209407723233
            ],
            [
              236.32473978332288,
              209.3179434960978
            ],
            [
              236.39108702274004,
              208.87758807095952
            ],
            [
              236.47157601625233,
              208.47780701722527
            ],
            [
              236.5104523984862,
              208.20926016317785
            ],
            [
              236.56859562435278,
              207.91650656079693
            ],
            [
              236.6130036019946,
              207.59716479875107
            ],
            [
              236.6654169743757,
              207.32827210570332
            ],
            [
              236.79787920176017,
              206.34155304582376
            ],
            [
              236.97371570334445,
              205.36258904475685
            ],
            [
              237.01162302253667,
              205.05053774700474
            ],
            [
              237.05461719658604,
              204.80498986268398
            ],
            [
              237.14039185361432,
              204.07622627939332
            ],
            [
              237.3047763199524,
              203.06949047804426
            ],
            [
              237.30511189168735,
              203.06699073901814
            ],
            [
              237.393254869785,
              202.22606719054787
            ],
            [
              237.52405678182288,
              201.35791755702158
            ],
            [
              237.5627178425499,
              200.94051347451312
            ],
            [
              237.6153982070389,
              200.5766126858943
            ],
            [
              237.6589012757588,
              200.0760205405672
            ],
            [
              237.7224838518678,
              199.6187925160623
            ],
            [
              237.75310210136033,
              199.22604049505395
            ],
            [
              237.79789644490498,
              198.89236474897567
            ],
            [
              237.85318535075132,
              198.12283559743068
            ],
            [
              237.9481137996967,
              197.34138899773836
            ],
            [
              237.96457980980662,
              197.0737130771006
            ],
            [
              237.98429283876789,
              196.90622610459914
            ],
            [
              238.0050441871823,
              196.5512133393744
            ],
            [
              238.02569007150515,
              196.3627095819775
            ],
            [
              238.0485672718804,
              195.9740929273788
            ],
            [
              238.14090989520028,
              195.09310287966534
            ],
            [
              238.1411872850914,
              195.08682386442575
            ],
            [
              238.14182104211528,
              195.08077753886437
            ],
            [
              238.17497687891964,
              194.330259732737
            ],
            [
              238.24995709489588,
              193.5207359465871
            ],
            [
              238.26254721280011,
              193.1298343625195
            ],
            [
              238.29086903665285,
              192.80393361622677
            ],
            [
              238.30979239694108,
              192.09199990765364
            ],
            [
              238.337325969431,
              191.74752513694975
            ],
            [
              238.33764859075208,
              191.72783864234108
            ],
            [
              238.35750788575098,
              191.4730958540929
            ],
            [
              238.36388989126863,
              191.01468205830898
            ],
            [
              238.39213434099304,
              190.6215665299852
            ],
            [
              238.39552172941384,
              190.08035250520146
            ],
            [
              238.41214458614692,
              189.79797883759176
            ],
            [
              238.43139315165598,
              189.4850689426998
            ],
            [
              238.43104104399907,
              189.26328587135995
            ],
            [
              238.43638499907826,
              189.1718618235221
            ],
            [
              238.433657069949,
              188.47475710687493
            ],
            [
              238.48588356018232,
              187.2925546758676
            ],
            [
              238.47234717109046,
              186.61590521062442
            ],
            [
              238.49608982626384,
              185.8787364573857
            ],
            [
              238.48454743516828,
              185.51737465302287
            ],
            [
              238.4921696555087,
              185.2306118629237
            ],
            [
              238.45871795871906,
              184.34013266345465
            ],
            [
              238.46640209474037,
              183.8712433102552
            ],
            [
              238.4639908237159,
              183.82452086532558
            ],
            [
              238.46765283186895,
              183.56148206767912
            ],
            [
              238.43966752040095,
              183.0270364248296
            ],
            [
              238.44232663428556,
              182.60218118257825
            ],
            [
              238.4245552899117,
              182.32577014022831
            ],
            [
              238.4246480636501,
              182.2583841017381
            ],
            [
              238.41980157539646,
              182.18384917410378
            ],
            [
              238.41930045883166,
              181.86820942981058
            ],
            [
              238.40711731630634,
              181.69269401878597
            ],
            [
              238.4070411844623,
              181.67323901661075
            ],
            [
              238.36028057443505,
              181.013982705575
            ],
            [
              238.33526957042687,
              179.76374659241648
            ],
            [
              238.31465026405175,
              179.53313994016284
            ],
            [
              238.3145021367033,
              179.52631807729443
            ],
            [
              238.2982671962987,
              179.34991144839987
            ],
            [
              238.28159399775524,
              179.16343812926542
            ],
            [
              238.26047891789497,
              178.50238070231038
            ],
            [
              238.22704504267622,
              178.17303405245903
            ],
            [
              238.21775004299113,
              177.92560254162981
            ],
            [
              238.12939265254113,
              177.10160474265263
            ],
            [
              238.0946422147147,
              176.43796302810873
            ],
            [
              237.99212537347617,
              175.59986345449298
            ],
            [
              237.9482739235166,
              174.917808977573
            ],
            [
              237.92593665544507,
              174.76060557978266
            ],
            [
              237.91222406864975,
              174.5630563594724
            ],
            [
              237.8015118696725,
              173.79419193114094
            ],
            [
              237.6916594729439,
              172.56560096933325
            ],
            [
              237.65187057843292,
              172.3262547278192
            ],
            [
              237.64647312502188,
              172.26760674161784
            ],
            [
              237.59950894895357,
              171.99137222692855
            ],
            [
              237.54552953594364,
              171.459637909023
            ],
            [
              237.49272139863822,
              171.1641759749009
            ],
            [
              237.4703320167216,
              170.95537848410834
            ],
            [
              237.33308593350995,
              170.21205919757554
            ],
            [
              237.26513136307057,
              169.65651441269742
            ],
            [
              237.21720770456508,
              169.4172263078398
            ],
            [
              237.2136797047469,
              169.3888845995305
            ],
            [
              237.18860536782395,
              169.26617821123483
            ],
            [
              237.16953706500468,
              169.11495325176136
            ],
            [
              237.0768955968142,
              168.6733822345872
            ],
            [
              237.013359277175,
              168.2123537091465
            ],
            [
              236.96802681475683,
              168.00587757933968
            ],
            [
              236.91518003000482,
              167.63887183540507
            ],
            [
              236.75813248559896,
              166.95005978592084
            ],
            [
              236.56133086520342,
              165.76621869801218
            ],
            [
              236.50000773162913,
              165.52431136071738
            ],
            [
              236.4820459111876,
              165.41866328663207
            ],
            [
              236.42961430732637,
              165.21608362786512
            ],
            [
              236.35799839892084,
              164.81539206989316
            ],
            [
              236.28857696458704,
              164.5550404805935
            ],
            [
              236.256877551246,
              164.38335772828503
            ],
            [
              236.07708947298494,
              163.7244904134967
            ],
            [
              235.98646919074085,
              163.2720133640141
            ],
            [
              235.90910370193325,
              163.00467551521592
            ],
            [
              235.88789267232363,
              162.90087501020236
            ],
            [
              235.81212016635672,
              162.64489214010086
            ],
            [
              235.75689945230016,
              162.38168531327932
            ],
            [
              235.6735055941664,
              162.10971140333214
            ],
            [
              235.6050196670278,
              161.79777800224227
            ],
            [
              235.53826735063694,
              161.58509159466684
            ],
            [
              235.47152361541927,
              161.29128006261905
            ],
            [
              235.45929590825494,
              161.25334998907798
            ],
            [
              235.43998077702935,
              161.1686336366206
            ],
            [
              235.24018537669903,
              160.55456742256297
            ],
            [
              234.95509516906222,
              159.42994431544096
            ],
            [
              234.87038285156163,
              159.19169083849678
            ],
            [
              234.83258207007486,
              159.04564019631974
            ],
            [
              234.78340101260858,
              158.9101707795083
            ],
            [
              234.70892857594882,
              158.63087638823717
            ],
            [
              234.6258599575908,
              158.40618620101873
            ],
            [
              234.58852292334188,
              158.2693575984936
            ],
            [
              234.4210709037095,
              157.82450058673908
            ],
            [
              234.40963730047974,
              157.78367894224226
            ],
            [
              234.36434610226667,
              157.66673763141833
            ],
            [
              234.26999226209566,
              157.3406962265813
            ],
            [
              234.15784654206033,
              157.05624616795637
            ],
            [
              234.1078218476923,
              156.88724733813643
            ],
            [
              233.96042258755048,
              156.52280256146003
            ],
            [
              233.85198454573927,
              156.16915159869404
            ],
            [
              233.79845432929508,
              156.04169473048702
            ],
            [
              233.74412601576975,
              155.86859371380837
            ],
            [
              233.65892145983844,
              155.6686288056839
            ],
            [
              233.58117073223343,
              155.42744779143976
            ],
            [
              233.58104607982355,
              155.427161855086
            ],
            [
              233.57748848439664,
              155.416126273819
            ],
            [
              233.54133760062086,
              155.33320086262603
            ],
            [
              233.50032555668008,
              155.20715136142488
            ],
            [
              233.26172283758373,
              154.66733295463985
            ],
            [
              232.88819637924263,
              153.6167894203081
            ],
            [
              232.77874213669745,
              153.38832999735803
            ],
            [
              232.71405409444117,
              153.21014652976694
            ],
            [
              232.67658850210452,
              153.13365155531153
            ],
            [
              232.61354942666222,
              152.9631387678934
            ],
            [
              232.6092875635193,
              152.95452416979657
            ],
            [
              232.60508312593396,
              152.94315169404655
            ],
            [
              232.51543650346355,
              152.7619469868667
            ],
            [
              232.4804793371394,
              152.66907894870081
            ],
            [
              232.2543621185103,
              152.21878521203706
            ],
            [
              232.21826147104966,
              152.12557378902176
            ],
            [
              232.20008579020885,
              152.09051800222767
            ],
            [
              232.13083246257133,
              151.91486160534774
            ],
            [
              231.97939380299474,
              151.62470746727814
            ],
            [
              231.88977480188723,
              151.40312442260745
            ],
            [
              231.7092221474564,
              151.06717737322563
            ],
            [
              231.56951047581498,
              150.7345201694718
            ],
            [
              231.51435674753463,
              150.63559176940961
            ],
            [
              231.4477474439367,
              150.47926769578848
            ],
            [
              231.34930616542024,
              150.30496671921725
            ],
            [
              231.25653908102373,
              150.09217112986272
            ],
            [
              231.18344330392537,
              149.965401849373
            ],
            [
              231.11411777457164,
              149.80855872140287
            ],
            [
              230.8405250598261,
              149.3427677182668
            ],
            [
              230.38017279692255,
              148.38189301949186
            ],
            [
              230.37846942653087,
              148.37921596537623
            ],
            [
              230.3713693635218,
              148.36439629062068
            ],
            [
              230.23732651980754,
              148.15331436109594
            ],
            [
              230.14689771455505,
              147.96868231029464
            ],
            [
              230.135166108725,
              147.95065362211363
            ],
            [
              230.08267483001433,
              147.84455183572462
            ],
            [
              229.97499866958512,
              147.67962145060014
            ],
            [
              229.95190081125463,
              147.6336239763669
            ],
            [
              229.68838803709184,
              147.23517572436754
            ],
            [
              229.58779023269585,
              147.04243188136903
            ],
            [
              229.39341550250202,
              146.7582492559843
            ],
            [
              229.25401101471397,
              146.49886494235398
            ],
            [
              229.03786830625268,
              146.1935522754306
            ],
            [
              228.87108930847643,
              145.89440333431403
            ],
            [
              228.815971543297,
              145.81942259307704
            ],
            [
              228.73689133419555,
              145.6794024929564
            ],
            [
              228.62689381643688,
              145.53160345611295
            ],
            [
              228.52605922698226,
              145.35672702877244
            ],
            [
              228.4075206333573,
              145.2005829619764
            ],
            [
              228.30385507817783,
              145.0240925792418
            ],
            [
              228.01129968625864,
              144.64791245981553
            ],
            [
              227.44587717272492,
              143.7575219559446
            ],
            [
              227.41269299827158,
              143.7181369461345
            ],
            [
              227.40782709524672,
              143.7104895866478
            ],
            [
              227.3030229943937,
              143.58688657418517
            ],
            [
              227.15640473168378,
              143.36230755466127
            ],
            [
              227.03125682907657,
              143.2174225488915
            ],
            [
              227.02572023678968,
              143.2090508654869
            ],
            [
              226.87934925312578,
              143.04155759582724
            ],
            [
              226.7444957436725,
              142.8854363098262
            ],
            [
              226.66317911223706,
              142.7665485625092
            ],
            [
              226.58836086720606,
              142.68350147974056
            ],
            [
              226.55536487433199,
              142.6354218249257
            ],
            [
              226.39347928931522,
              142.45821709387747
            ],
            [
              226.22456788119032,
              142.21962106232306
            ],
            [
              225.97264637776013,
              141.95143869008086
            ],
            [
              225.77986617059247,
              141.68918562553958
            ],
            [
              225.72708123198862,
              141.6352472862175
            ],
            [
              225.63632285285587,
              141.51329907053045
            ],
            [
              225.51639877272916,
              141.39227453584604
            ],
            [
              225.4108001473937,
              141.25317554450615
            ],
            [
              225.23926519705338,
              141.08351305374802
            ],
            [
              225.0960000914293,
              140.89929671033732
            ],
            [
              224.79320396192705,
              140.60916699004906
            ],
            [
              224.1304872302416,
              139.82261420070068
            ],
            [
              224.0552948175032,
              139.75660719511976
            ],
            [
              224.0357674530118,
              139.7335771699867
            ],
            [
              223.98081898462067,
              139.68589948308332
            ],
            [
              223.85312505089755,
              139.53806691107238
            ],
            [
              223.7737354313852,
              139.46997565998953
            ],
            [
              223.76960657807697,
              139.46521192984687
            ],
            [
              223.64329270060327,
              139.3580969434933
            ],
            [
              223.419650459006,
              139.16628244533882
            ],
            [
              223.3826425378717,
              139.1252042312183
            ],
            [
              223.24473672944058,
              139.0115107154841
            ],
            [
              223.137221879654,
              138.89382179316584
            ],
            [
              222.98785730735864,
              138.77398935507983
            ],
            [
              222.8290556634213,
              138.6049374837379
            ],
            [
              222.541806085052,
              138.3803708715909
            ],
            [
              222.32420311381543,
              138.15801307009068
            ],
            [
              222.27576814369795,
              138.1219070371279
            ],
            [
              222.17435344976153,
              138.01956173557855
            ],
            [
              222.04621001476642,
              137.925312965134
            ],
            [
              221.93898866417805,
              137.81926203284644
            ],
            [
              221.70802218366381,
              137.65304292118546
            ],
            [
              221.5207475586979,
              137.47360227031476
            ],
            [
              221.21306973608276,
              137.26158462598426
            ],
            [
              220.45643712384393,
              136.59738126770225
            ],
            [
              220.34047616041354,
              136.52532218397724
            ],
            [
              220.20314364815195,
              136.4075342082726
            ],
            [
              220.06474517673402,
              136.32346546163353
            ],
            [
              220.02080317498763,
              136.28620235949595
            ],
            [
              219.5058611222965,
              135.9804481167762
            ],
            [
              219.3696941887924,
              135.871203900574
            ],
            [
              219.23934457517572,
              135.7985651915216
            ],
            [
              219.09842262152463,
              135.6883949142041
            ],
            [
              218.7768852107024,
              135.51365142765096
            ],
            [
              218.5358102231576,
              135.33394115994744
            ],
            [
              218.4934241866349,
              135.31225911686758
            ],
            [
              218.3825996051437,
              135.23074826505936
            ],
            [
              218.24801294388564,
              135.16298609175482
            ],
            [
              218.14208852287024,
              135.0867557092119
            ],
            [
              217.8465326342838,
              134.9417383016424
            ],
            [
              217.61175911688582,
              134.77995826924675
            ],
            [
              217.30340581171242,
              134.63806202281947
            ],
            [
              216.45835807970974,
              134.11294250440469
            ],
            [
              216.36200715883746,
              134.0742748374736
            ],
            [
              216.23996451322733,
              134.00014127119826
            ],
            [
              216.0362591627313,
              133.92032210033932
            ],
            [
              215.94548347005104,
              133.8664227285011
            ],
            [
              215.41515256746175,
              133.6674935074657
            ],
            [
              215.2883014723362,
              133.59680438506507
            ],
            [
              215.18272360841914,
              133.56035980909758
            ],
            [
              215.0666917103164,
              133.49730083759994
            ],
            [
              214.71250808409872,
              133.37817910997862
            ],
            [
              214.44947395724932,
              133.24362731563218
            ],
            [
              214.4144899758733,
              133.23287024460402
            ],
            [
              214.29571324879052,
              133.17306811347632
            ],
            [
              214.15651576398145,
              133.1311951824402
            ],
            [
              214.0545341423177,
              133.08115689538465
            ],
            [
              213.6906488810369,
              132.97556436469006
            ],
            [
              213.40586731013866,
              132.8445152230534
            ],
            [
              213.09987585232528,
              132.7651123955061
            ],
            [
              212.1739699398859,
              132.39352672605725
            ],
            [
              212.1014595402957,
              132.37852438820718
            ],
            [
              212.00000035132402,
              132.33876898502274
            ],
            [
              211.7263717954341,
              132.28381723671342
            ],
            [
              211.58289470644883,
              132.22999841263714
            ],
            [
              211.04687568453798,
              132.13270046613144
            ],
            [
              210.93156230541484,
              132.09289527355355
            ],
            [
              210.85568325990516,
              132.0810224878825
            ],
            [
              210.77067039610472,
              132.05243031575594
            ],
            [
              210.3860829947616,
              131.99419304621932
            ],
            [
              210.10275830057762,
              131.90707477835596
            ],
            [
              210.07616725007296,
              131.90375811949357
            ],
            [
              209.95108544855998,
              131.86613142203262
            ],
            [
              209.8091488314035,
              131.8492274207388
            ],
            [
              209.7134383535812,
              131.821454073913
            ],
            [
              209.2790208836236,
              131.77362495225316
            ],
            [
              208.94275065874012,
              131.68636497817997
            ],
            [
              208.64102959311322,
              131.66256447797738
            ],
            [
              207.64374765722272,
              131.45622772324097
            ],
            [
              207.59852772824013,
              131.4548385232354
            ],
            [
              207.52225899040232,
              131.43952177212998
            ],
            [
              207.2733700189306,
              131.4327080857343
            ],
            [
              207.24433104680872,
              131.4271278571284
            ],
            [
              207.1523736905214,
              131.4257721087263
            ],
            [
              206.9751093238055,
              131.39359515573403
            ],
            [
              206.44297882256745,
              131.39056712370467
            ],
            [
              206.34065312484412,
              131.37455623335532
            ],
            [
              206.29848870217046,
              131.37521715217036
            ],
            [
              206.2496353318964,
              131.36781938801107
            ],
            [
              205.83747410330392,
              131.37507275652985
            ],
            [
              205.53568053569924,
              131.33743053137053
            ],
            [
              205.51810602021953,
              131.3381838670766
            ],
            [
              205.38852515386475,
              131.32275137913834
            ],
            [
              205.245738971285,
              131.32956285850346
            ],
            [
              205.15827587827326,
              131.3199332206415
            ],
            [
              204.6527554500584,
              131.34795959832013
            ],
            [
              204.2645818101632,
              131.31733950629865
            ],
            [
              203.97745635641303,
              131.34247780376202
            ],
            [
              203.64321188806443,
              131.33332739033605
            ],
            [
              202.91056140726178,
              131.31081965807525
            ],
            [
              202.8952487531445,
              131.31285084529483
            ],
            [
              202.84800553511278,
              131.3115574956129
            ],
            [
              202.50607911703193,
              131.3572707218423
            ],
            [
              202.42491895997472,
              131.3560741590291
            ],
            [
              202.350201123785,
              131.3672776074294
            ],
            [
              202.16664282268718,
              131.36623308843377
            ],
            [
              201.64761451647644,
              131.44811866623726
            ],
            [
              201.55904142759357,
              131.44950703152543
            ],
            [
              201.55362666648273,
              131.45046151702306
            ],
            [
              201.54499383054255,
              131.4506134409213
            ],
            [
              201.11082112131888,
              131.52681519134086
            ],
            [
              201.05130826726966,
              131.5296541955723
            ],
            [
              200.79036365259904,
              131.54083964740425
            ],
            [
              200.7820681035588,
              131.54249804213129
            ],
            [
              200.64991498569086,
              131.54880228123378
            ],
            [
              200.5081609759171,
              131.57773858166152
            ],
            [
              200.43054449721393,
              131.58204168916444
            ],
            [
              199.8550506013678,
              131.70340108932834
            ],
            [
              199.41565103676808,
              131.74187123126634
            ],
            [
              199.15734956767812,
              131.80497298577475
            ],
            [
              198.02040241202488,
              131.9569750534387
            ],
            [
              197.58733156598362,
              132.08143859020706
            ],
            [
              197.4476009628029,
              132.1023902756743
            ],
            [
              197.39132699796002,
              132.11962069911255
            ],
            [
              197.2040464228061,
              132.14916740769212
            ],
            [
              197.07202718038388,
              132.1904948614707
            ],
            [
              197.0684469595424,
              132.19107415094405
            ],
            [
              196.93717621845371,
              132.23270875994973
            ],
            [
              196.74359215573864,
              132.2933085350864
            ],
            [
              196.69992429352595,
              132.30097269146253
            ],
            [
              196.66605129727958,
              132.3120174956497
            ],
            [
              196.6320956235226,
              132.31800302252486
            ],
            [
              196.2249310861826,
              132.4520759432828
            ],
            [
              195.77884628745483,
              132.54313540449
            ],
            [
              195.639968727524,
              132.5922720426769
            ],
            [
              195.57340607732561,
              132.60630868730337
            ],
            [
              194.9308076268759,
              132.83749600199795
            ],
            [
              194.4419675998139,
              132.95691717095139
            ],
            [
              194.1771023083252,
              133.06153041233554
            ],
            [
              193.01676905002634,
              133.39500744612457
            ],
            [
              192.5271850383289,
              133.60896352162746
            ],
            [
              192.36108526219948,
              133.659821311441
            ],
            [
              192.3237662984899,
              133.67689584766535
            ],
            [
              192.13547735193805,
              133.73583803361868
            ],
            [
              192.0002206618168,
              133.79854294786043
            ],
            [
              191.98937186159077,
              133.8019838178642
            ],
            [
              191.66617319719825,
              133.95320369183474
            ],
            [
              191.60667422128898,
              133.9727957750136
            ],
            [
              191.23221275236148,
              134.15179188642492
            ],
            [
              190.82023588857336,
              134.29755451436355
            ],
            [
              190.68600861969082,
              134.36464516210748
            ],
            [
              190.63130985555375,
              134.38432410840633
            ],
            [
              189.92622367591358,
              134.74049027134964
            ],
            [
              189.3908417712488,
              134.95194884377827
            ],
            [
              189.12920753918957,
              135.09393425798137
            ],
            [
              187.949980121316,
              135.60927557719035
            ],
            [
              187.40844547273787,
              135.9258013683192
            ],
            [
              187.21527893934288,
              136.01418080452515
            ],
            [
              187.1967557566353,
              136.02542617756566
            ],
            [
              187.01024990475304,
              136.11189017012262
            ],
            [
              186.87369080797902,
              136.19553530629418
            ],
            [
              186.85484465639644,
              136.20435314182765
            ],
            [
              186.56814506909126,
              136.38126019746292
            ],
            [
              186.5306973065165,
              136.39916058091532
            ],
            [
              186.19284115292623,
              136.61045943134175
            ],
            [
              185.8199272818863,
              136.79685250459875
            ],
            [
              185.692018186691,
              136.87935040752808
            ],
            [
              185.64960062091058,
              136.90077715234352
            ],
            [
              184.88836803731587,
              137.39538139089998
            ],
            [
              184.31045058844936,
              137.70900949570614
            ],
            [
              184.05002451330213,
              137.88879090909364
            ],
            [
              182.86767759554056,
              138.57987003859057
            ],
            [
              182.49315214683813,
              138.8542919362154
            ],
            [
              182.49253426764474,
              138.8546588274372
            ],
            [
              182.4860380424979,
              138.85950457535677
            ],
            [
              182.2900762794547,
              139.0030894747613
            ],
            [
              182.07462857534063,
              139.1350554365596
            ],
            [
              182.06081385010947,
              139.14344231807564
            ],
            [
              182.06029850400714,
              139.1438328874676
            ],
            [
              181.8783707239615,
              139.2552672356303
            ],
            [
              181.7424572590876,
              139.35893529603337
            ],
            [
              181.71513135598818,
              139.37579665640206
            ],
            [
              181.4685090909758,
              139.5651072100483
            ],
            [
              181.45270356065643,
              139.5749921576854
            ],
            [
              181.15433297557888,
              139.8060344990351
            ],
            [
              180.82427917234824,
              140.01891026505066
            ],
            [
              180.70421308358402,
              140.11399961544507
            ],
            [
              180.6741146842923,
              140.13355578813858
            ],
            [
              179.86474555917258,
              140.7780383293867
            ],
            [
              179.24939070759154,
              141.20283974333628
            ],
            [
              178.9883000650357,
              141.42236351188944
            ],
            [
              177.81856501031652,
              142.27945056577664
            ],
            [
              177.3738047181734,
              142.67288749063945
            ],
            [
              177.32163636157372,
              142.7118015830079
            ],
            [
              177.18455708867162,
              142.83547583316914
            ],
            [
              176.79006207317934,
              143.13637709510755
            ],
            [
              176.74560121571025,
              143.17716316388268
            ],
            [
              176.7437534490082,
              143.17857429612658
            ],
            [
              176.6554146533513,
              143.25970296231208
            ],
            [
              176.62070069321186,
              143.28634986304237
            ],
            [
              176.1486637802663,
              143.72188114475054
            ],
            [
              175.8797446118633,
              143.93485842497773
            ],
            [
              175.7688657867992,
              144.03949583054884
            ],
            [
              175.75076677540156,
              144.05390766873143
            ],
            [
              175.06425817960744,
              144.70444075508573
            ],
            [
              174.8967549227214,
              144.8625151774639
            ],
            [
              174.25622201121973,
              145.40107219827152
            ],
            [
              173.99288867442326,
              145.66366080149456
            ],
            [
              172.85117793061238,
              146.6736231836199
            ],
            [
              172.35697634964473,
              147.1892613201739
            ],
            [
              172.29317195769744,
              147.2467917488033
            ],
            [
              172.2821386069782,
              147.25848535807853
            ],
            [
              172.24174950891558,
              147.2949247942671
            ],
            [
              172.14875826147372,
              147.3940668303594
            ],
            [
              171.79527718354527,
              147.718331911497
            ],
            [
              171.76535068342986,
              147.7506445072985
            ],
            [
              171.7481357748549,
              147.76645435121574
            ],
            [
              171.64932383216743,
              147.8732583796616
            ],
            [
              171.62173530654408,
              147.89871330828032
            ],
            [
              171.23799343639624,
              148.3153233157527
            ],
            [
              171.03244418718637,
              148.50930210424417
            ],
            [
              170.9318795989498,
              148.62026789626077
            ],
            [
              170.92513125013676,
              148.62666260742077
            ],
            [
              170.62444289269467,
              148.95950219535246
            ],
            [
              170.03080147802976,
              149.6145428106039
            ],
            [
              169.3790059065033,
              150.26449503768046
            ],
            [
              169.11240636552017,
              150.57456821713023
            ],
            [
              168.01342037292284,
              151.72122397694145
            ],
            [
              167.6119283487579,
              152.20817066945335
            ],
            [
              167.51706790445942,
              152.30870775917904
            ],
            [
              167.37327603030988,
              152.4854173039868
            ],
            [
              167.30438096013359,
              152.55886935159296
            ],
            [
              167.25243623298573,
              152.62338204575246
            ],
            [
              167.23275594887102,
              152.6446314756298
            ],
            [
              167.22334801210513,
              152.65471559637342
            ],
            [
              167.2228887183173,
              152.65528543888772
            ],
            [
              166.94321205405296,
              152.95726124533198
            ],
            [
              166.92734172587072,
              152.9771628014163
            ],
            [
              166.89565527551,
              153.01141210826754
            ],
            [
              166.78851474417561,
              153.1459073500061
            ],
            [
              166.76763948632134,
              153.16857060884809
            ],
            [
              166.47117232945624,
              153.54233762065596
            ],
            [
              166.3277369662289,
              153.70060823024545
            ],
            [
              165.32125847077145,
              154.98392795259136
            ],
            [
              164.66484251351125,
              155.74738381662158
            ],
            [
              164.39474443478048,
              156.11010886949268
            ],
            [
              163.9389536933487,
              156.66291136781973
            ],
            [
              163.73227743267208,
              156.91003739534267
            ],
            [
              163.71121332597295,
              156.93912462230224
            ],
            [
              163.35210135994657,
              157.37467096836062
            ],
            [
              163.0413882485665,
              157.8089859868523
            ],
            [
              162.91836573512563,
              157.96017152831527
            ],
            [
              162.71377465030497,
              158.24940137760586
            ],
            [
              162.66755250343422,
              158.30674886249568
            ],
            [
              162.60852979459685,
              158.39087630790092
            ],
            [
              162.55976406918563,
              158.45144084451033
            ],
            [
              162.54479364608804,
              158.47292353120886
            ],
            [
              162.2818183583958,
              158.80269726847058
            ],
            [
              162.27898364204037,
              158.8067946740541
            ],
            [
              162.23429943717326,
              158.8628874790883
            ],
            [
              162.1213607816596,
              159.02630448344462
            ],
            [
              162.10654819702452,
              159.04497925185595
            ],
            [
              161.89388637926993,
              159.35403046415684
            ],
            [
              161.80979312458814,
              159.4612543469691
            ],
            [
              161.41448758857763,
              160.0398380436481
            ],
            [
              161.3563166463132,
              160.11490198631654
            ],
            [
              160.8855004735131,
              160.81408300771872
            ],
            [
              160.85828064423438,
              160.85392294926217
            ],
            [
              160.8059944679614,
              160.92957862496658
            ],
            [
              160.48682657362195,
              161.35820141226202
            ],
            [
              160.4045153197837,
              161.46770864148036
            ],
            [
              160.39899516245177,
              161.47615357767424
            ],
            [
              160.15941117711222,
              161.79790008604738
            ],
            [
              159.88657532453746,
              162.2187858416031
            ],
            [
              159.78335626666765,
              162.36306551756027
            ],
            [
              159.22571473466022,
              163.13310746783975
            ],
            [
              159.1760711069949,
              163.2119291660245
            ],
            [
              158.912476114634,
              163.58038244265887
            ],
            [
              158.68778518785047,
              163.940931516829
            ],
            [
              158.54087725932533,
              164.14861484801727
            ],
            [
              158.33569837400358,
              164.4811151183346
            ],
            [
              158.33521347994372,
              164.48180625737945
            ],
            [
              158.32709001461464,
              164.4950652956164
            ],
            [
              158.20396124927058,
              164.69460019267194
            ],
            [
              157.81032476949446,
              165.2641739496682
            ],
            [
              157.69443217824326,
              165.45689568714732
            ],
            [
              157.68484232791207,
              165.47083215633484
            ],
            [
              157.55016465379225,
              165.695802974752
            ],
            [
              157.52117235952915,
              165.73823716112918
            ],
            [
              157.14401362369293,
              166.37034200720225
            ],
            [
              157.00300001657604,
              166.57975290587513
            ],
            [
              156.4805329559582,
              167.47075868167204
            ],
            [
              156.1091041076828,
              168.0389839578979
            ],
            [
              156.07618136540572,
              168.09682762131365
            ],
            [
              155.90651893148657,
              168.35855459383683
            ],
            [
              155.66209479655168,
              168.79124706051633
            ],
            [
              154.98602655166252,
              169.86467480258506
            ],
            [
              154.91231996141457,
              169.99921126775263
            ],
            [
              154.73779658573298,
              170.27925925377414
            ],
            [
              154.73097168503676,
              170.29183322061408
            ],
            [
              154.72493880027216,
              170.3015138575605
            ],
            [
              154.71214029286867,
              170.32509339354175
            ],
            [
              154.69732460574454,
              170.34886731387462
            ],
            [
              154.5694216763728,
              170.58451127485435
            ],
            [
              154.42644983703187,
              170.81620263605544
            ],
            [
              154.04213830305832,
              171.53041957514088
            ],
            [
              153.66778612543996,
              172.15294256232997
            ],
            [
              153.5520134557659,
              172.37447004452687
            ],
            [
              153.5466753118051,
              172.38338708755762
            ],
            [
              153.4448160100094,
              172.57922962474845
            ],
            [
              153.4314299603448,
              172.6016934753645
            ],
            [
              153.11498141679593,
              173.21030876280915
            ],
            [
              152.93608344030145,
              173.5153981021177
            ],
            [
              152.93004010048784,
              173.52644755772587
            ]
          ]
        ]
      }
    }
  ]
}