{
  "type": "FeatureCollection",
  "features": [
    {
      "type": "Feature",
      "properties": {
        "method": "Homography",
        "mode": "tmpl2img",
        "inside_ratio": 1.0
      },
      "geometry": {
        "type": "Polygon",
        "coordinates": [
          [
            [
              380.6264922306472,
              154.92309751744367
            ],
            [
              380.21392314126166,
              155.19306796676852
            ],
            [
              380.06525754876486,
              155.26986160040872
            ],
            [
              379.65427052095566,
              155.55041067337845
            ],
            [
              379.64826795420663,
              155.55364027948386
            ],
            [
              379.6182011919597,
              155.57483440268783
            ],
            [
              378.95993334881547,
              155.9505242615909
            ],
            [
              378.76174660806373,
              156.09752182704815
            ],
            [
              378.6200356370478,
              156.1811921505245
            ],
            [
              378.49991795580974,
              156.27236507856279
            ],
            [
              378.22142177770655,
              156.44243281265128
            ],
            [
              377.792901065679,
              156.77729818272627
            ],
            [
              377.35850211922883,
              157.06155330938822
            ],
            [
              376.9786915634973,
              157.37682159484493
            ],
            [
              376.86216313376264,
              157.45636654571845
            ],
            [
              376.43855671675436,
              157.81968519221357
            ],
            [
              376.01539734449796,
              158.12890568478716
            ],
            [
              375.9809598143447,
              158.16006590632557
            ],
            [
              375.761690654318,
              158.32270056382973
            ],
            [
              375.5907451725917,
              158.48051460389084
            ],
            [
              375.49728247316426,
              158.5514556000974
            ],
            [
              375.3712383680157,
              158.66969440230227
            ],
            [
              375.09722049551834,
              158.88382430012624
            ],
            [
              374.6970782297363,
              159.27071399185903
            ],
            [
              374.23306083039904,
              159.6558796164139
            ],
            [
              373.88793371127787,
              160.00730289787182
            ],
            [
              373.800569431603,
              160.08223347155717
            ],
            [
              373.4400328109217,
              160.45918108667763
            ],
            [
              373.0609805942157,
              160.80216012715903
            ],
            [
              372.97938602785337,
              160.89127815563518
            ],
            [
              372.71456219205487,
              161.1357591387553
            ],
            [
              372.5706384290386,
              161.2968667072818
            ],
            [
              372.52127919355706,
              161.34316936359727
            ],
            [
              372.3314361094206,
              161.55800685978454
            ],
            [
              372.0090402083206,
              161.86972511966044
            ],
            [
              371.6802167882564,
              162.2552952538091
            ],
            [
              371.26670690133056,
              162.67634881154854
            ],
            [
              370.9575263389935,
              163.054686897832
            ],
            [
              370.8961156312664,
              163.11889291323425
            ],
            [
              370.5952766488501,
              163.49521536621077
            ],
            [
              370.2601783611145,
              163.86121153581502
            ],
            [
              370.13688095268003,
              164.0212031281222
            ],
            [
              369.83423554823844,
              164.35998293914267
            ],
            [
              369.71666859137343,
              164.51703014601404
            ],
            [
              369.70669844224795,
              164.52831294772542
            ],
            [
              369.69937357617533,
              164.5382223355413
            ],
            [
              369.69538796172185,
              164.52620572496903
            ],
            [
              369.382312675559,
              164.94976025522553
            ],
            [
              369.1021030106034,
              165.27832711365178
            ],
            [
              368.8384438837495,
              165.64776582469798
            ],
            [
              368.4743518953672,
              166.09329792760371
            ],
            [
              368.2017312434737,
              166.48932494280297
            ],
            [
              368.1629309162326,
              166.5378606551766
            ],
            [
              367.91774432071327,
              166.90077057236726
            ],
            [
              367.6258844140654,
              167.27949005874854
            ],
            [
              367.46697294434205,
              167.52219781466908
            ],
            [
              367.13489043272995,
              167.9657972093414
            ],
            [
              367.0270634503259,
              168.13613913379672
            ],
            [
              366.87515506118945,
              168.34165355555092
            ],
            [
              366.6050148669164,
              168.7772426876033
            ],
            [
              366.3891647578152,
              169.07969148593452
            ],
            [
              366.1847027823745,
              169.41939555726927
            ],
            [
              365.86951320010024,
              169.87726105140155
            ],
            [
              365.63343074652363,
              170.28186915276854
            ],
            [
              365.61385063601415,
              170.31085041199614
            ],
            [
              365.450427745964,
              170.59550744090973
            ],
            [
              365.4151052402651,
              170.65604464623448
            ],
            [
              365.1698538906922,
              171.03062053301232
            ],
            [
              364.9820155595648,
              171.3668461937517
            ],
            [
              364.6294242793676,
              171.92385962280767
            ],
            [
              364.4731397494388,
              172.2147971565482
            ],
            [
              364.27195624763027,
              172.53919666759566
            ],
            [
              364.0430262710254,
              172.97769156239497
            ],
            [
              363.88377761569774,
              173.24227580333525
            ],
            [
              363.7320395153298,
              173.54055392308916
            ],
            [
              363.4645313159961,
              173.99902079765897
            ],
            [
              363.2643467669228,
              174.40331745012438
            ],
            [
              363.26061754285143,
              174.40981317323562
            ],
            [
              363.22468278251057,
              174.48342361314033
            ],
            [
              363.098393105648,
              174.7384807283446
            ],
            [
              362.90287961329057,
              175.08844472534383
            ],
            [
              362.6933805543993,
              175.52797697742486
            ],
            [
              362.3296599793569,
              176.2050751337521
            ],
            [
              362.13602960261994,
              176.63037311992113
            ],
            [
              361.89715905016493,
              177.08790829868482
            ],
            [
              361.708000864951,
              177.51929388019406
            ],
            [
              361.5983694265547,
              177.73480112083524
            ],
            [
              361.4924947852858,
              177.98178456035563
            ],
            [
              361.27076727813056,
              178.42958979465843
            ],
            [
              360.985080821486,
              179.11201612686648
            ],
            [
              360.8349514624249,
              179.42698983433533
            ],
            [
              360.6116325736497,
              179.97862352081523
            ],
            [
              360.2465319807393,
              180.78054597497376
            ],
            [
              360.027444113028,
              181.35189541877938
            ],
            [
              359.7632465892106,
              181.95441231392374
            ],
            [
              359.6117994951352,
              182.36905412636676
            ],
            [
              359.5444462795498,
              182.52617512010247
            ],
            [
              359.4772845334534,
              182.71372655662122
            ],
            [
              359.298776932433,
              183.14013209528042
            ],
            [
              359.08490747266086,
              183.7498808485275
            ],
            [
              358.97539646364356,
              184.02039070976573
            ],
            [
              358.74668326173503,
              184.69193431590884
            ],
            [
              358.39024788580866,
              185.62146617871167
            ],
            [
              358.1582734758042,
              186.34861323751986
            ],
            [
              357.8818547890452,
              187.10541049380674
            ],
            [
              357.7654355496978,
              187.49412246170274
            ],
            [
              357.7327657295239,
              187.5853540341476
            ],
            [
              357.6969541057321,
              187.70698082878664
            ],
            [
              357.55845952166885,
              188.101833371335
            ],
            [
              357.40705659738234,
              188.62532212892776
            ],
            [
              357.3329977254944,
              188.8427724618232
            ],
            [
              357.13020402429106,
              189.5620183956955
            ],
            [
              357.0960845571278,
              189.6645738342464
            ],
            [
              357.071136570834,
              189.75635292291489
            ],
            [
              356.9600350649999,
              190.10461173817095
            ],
            [
              356.91293801402463,
              190.2496564942221
            ],
            [
              356.9088204807406,
              190.26514899016317
            ],
            [
              356.770423256376,
              190.69896897332833
            ],
            [
              356.5388009119573,
              191.58973042628634
            ],
            [
              356.2639359829962,
              192.50747639367515
            ],
            [
              356.1792353276364,
              192.86159965382365
            ],
            [
              356.17347808751475,
              192.88115293255427
            ],
            [
              356.1678879640698,
              192.90485739540242
            ],
            [
              356.16538330939335,
              192.9133501108747
            ],
            [
              356.1587365534726,
              192.94149707691582
            ],
            [
              356.05917847339873,
              193.28572778375573
            ],
            [
              355.96026209813095,
              193.71143708201396
            ],
            [
              355.9160906441653,
              193.8680994362584
            ],
            [
              355.72429869201284,
              194.71112368735535
            ],
            [
              355.6503447158052,
              194.98318686954474
            ],
            [
              355.6309881694819,
              195.0730790094881
            ],
            [
              355.5256420238429,
              195.4694509681262
            ],
            [
              355.507082269212,
              195.5574616033888
            ],
            [
              355.3961876429699,
              195.9839345269963
            ],
            [
              355.1788252121004,
              197.0441941106843
            ],
            [
              354.91988344253986,
              198.1267985278103
            ],
            [
              354.87070666622714,
              198.3959073067947
            ],
            [
              354.8636664555007,
              198.4257204328714
            ],
            [
              354.85943331621576,
              198.4491061178328
            ],
            [
              354.80985247317733,
              198.66248864261377
            ],
            [
              354.775500310204,
              198.85454908797553
            ],
            [
              354.7754024394036,
              198.8549736140547
            ],
            [
              354.77163171759236,
              198.87617810797374
            ],
            [
              354.75288773411245,
              198.98097435669678
            ],
            [
              354.73263489837444,
              199.06999598395583
            ],
            [
              354.5634665264769,
              200.03066820460964
            ],
            [
              354.4643617476393,
              200.49091253216426
            ],
            [
              354.45658485894234,
              200.53893610328555
            ],
            [
              354.38736268558665,
              200.86718868918416
            ],
            [
              354.3608014572061,
              201.03438469854675
            ],
            [
              354.2762599405383,
              201.446764855085
            ],
            [
              354.0877513291645,
              202.6804531955767
            ],
            [
              353.85961415189723,
              203.9288822676409
            ],
            [
              353.8400563155872,
              204.08058379776412
            ],
            [
              353.83437405092695,
              204.1119750755543
            ],
            [
              353.83239933574663,
              204.12735806086675
            ],
            [
              353.8190149023509,
              204.20218945477225
            ],
            [
              353.81414203294804,
              204.24035451566783
            ],
            [
              353.81217523981053,
              204.25135077980238
            ],
            [
              353.8029886805141,
              204.32330107746657
            ],
            [
              353.80271989835654,
              204.32481256250674
            ],
            [
              353.7907692257617,
              204.41865647584828
            ],
            [
              353.7902607322985,
              204.42154410510892
            ],
            [
              353.788749493678,
              204.43346358191542
            ],
            [
              353.7808308534862,
              204.47843198806564
            ],
            [
              353.651014583923,
              205.50230805742973
            ],
            [
              353.5577049376393,
              206.08966795928947
            ],
            [
              353.5469154005972,
              206.1562951311264
            ],
            [
              353.54644554489647,
              206.1605429018053
            ],
            [
              353.50627293336464,
              206.41341902028117
            ],
            [
              353.47891212039474,
              206.66498115745105
            ],
            [
              353.4189910902409,
              207.0571323473127
            ],
            [
              353.27717525210085,
              208.441538543725
            ],
            [
              353.2120807389121,
              208.95136702767374
            ],
            [
              353.2095804203001,
              208.9697226242515
            ],
            [
              353.20927684636223,
              208.9732625755891
            ],
            [
              353.09260697097176,
              209.8782194601576
            ],
            [
              353.0908150324682,
              209.9011354220519
            ],
            [
              353.08794417193957,
              209.92362036586198
            ],
            [
              353.0877613095544,
              209.92540086678076
            ],
            [
              353.0876916844496,
              209.92629447955832
            ],
            [
              353.08757844660175,
              209.92718137322487
            ],
            [
              353.08739558307803,
              209.92896188519904
            ],
            [
              353.0873259574393,
              209.92985550384935
            ],
            [
              353.0872127189901,
              209.93074240269908
            ],
            [
              353.0868469891069,
              209.9343034542879
            ],
            [
              353.0866654252102,
              209.9366078694204
            ],
            [
              353.0863898235605,
              209.9387547998674
            ],
            [
              353.0861808889835,
              209.94143612316142
            ],
            [
              353.08584122022165,
              209.9440964601691
            ],
            [
              353.0857497858355,
              209.94498674172368
            ],
            [
              353.0629993022249,
              210.23697910801732
            ],
            [
              352.99095135321886,
              211.1514141295728
            ],
            [
              352.89019912078385,
              212.07775527834087
            ],
            [
              352.8699202403984,
              212.41716192321937
            ],
            [
              352.8323719471092,
              212.7837083581996
            ],
            [
              352.77051449143397,
              213.94920628375542
            ],
            [
              352.64821837054103,
              215.50139281351792
            ],
            [
              352.64511493606255,
              215.60033959838714
            ],
            [
              352.6359649098309,
              215.7177761266016
            ],
            [
              352.6303068442724,
              215.9145351481463
            ],
            [
              352.6249664129084,
              215.98416967380192
            ],
            [
              352.6020386737408,
              216.89755973805177
            ],
            [
              352.6018655353862,
              216.90358061786054
            ],
            [
              352.54659723886067,
              217.82860343637904
            ],
            [
              352.5418611820149,
              218.25741707090455
            ],
            [
              352.5240038706665,
              218.5938786842829
            ],
            [
              352.5201150421524,
              219.58571054747824
            ],
            [
              352.4716190220371,
              221.13190889756964
            ],
            [
              352.4747357367754,
              221.32451468527316
            ],
            [
              352.4680351469014,
              221.5575274516193
            ],
            [
              352.4692921173984,
              221.61862283322137
            ],
            [
              352.4692199994985,
              221.62116403822878
            ],
            [
              352.4698632794826,
              221.65149605975677
            ],
            [
              352.46901034715626,
              221.6819612681055
            ],
            [
              352.47502855619825,
              221.9573599455119
            ],
            [
              352.47103921778256,
              222.1162863030353
            ],
            [
              352.4909977042072,
              222.86271500138386
            ],
            [
              352.4824915210732,
              223.63288466524463
            ],
            [
              352.5022169924124,
              224.15054439391426
            ],
            [
              352.5010293296157,
              224.45345356135613
            ],
            [
              352.5386641522623,
              225.27514342112744
            ],
            [
              352.5632494321803,
              226.7944570562303
            ],
            [
              352.5816396659727,
              227.07930495957638
            ],
            [
              352.5888375933192,
              227.42916210998266
            ],
            [
              352.5939151445224,
              227.5008057343034
            ],
            [
              352.59438403805314,
              227.5229150630955
            ],
            [
              352.59764322280756,
              227.5683177546618
            ],
            [
              352.5986483783631,
              227.61431458008386
            ],
            [
              352.6293325769331,
              228.03630967123422
            ],
            [
              352.63583600190844,
              228.27953167390467
            ],
            [
              352.6812479403264,
              228.84889153602995
            ],
            [
              352.7043727151632,
              229.45575990731396
            ],
            [
              352.72068204078414,
              229.64005581344932
            ],
            [
              352.72400087181836,
              229.7237237309982
            ],
            [
              352.76096063656365,
              230.12859440483544
            ],
            [
              352.77001960985046,
              230.32638108124246
            ],
            [
              352.8336870496624,
              230.98328843261132
            ],
            [
              352.9287629749295,
              232.45592756695237
            ],
            [
              352.9644875469457,
              232.7678104121036
            ],
            [
              352.9723421312024,
              232.88393618048346
            ],
            [
              352.97815453966786,
              232.93291838686284
            ],
            [
              352.9814076149482,
              232.9803927083295
            ],
            [
              352.98350877389817,
              232.9979240270298
            ],
            [
              353.00460586252586,
              233.2956013581686
            ],
            [
              353.0054314367089,
              233.3023128924881
            ],
            [
              353.00558588749027,
              233.30449215737227
            ],
            [
              353.0147654103759,
              233.3791175326839
            ],
            [
              353.0176163622595,
              233.41883325882492
            ],
            [
              353.0250708089454,
              233.47883706515188
            ],
            [
              353.02953016059035,
              233.5401658464929
            ],
            [
              353.1005900201822,
              234.10646381938903
            ],
            [
              353.12645378606106,
              234.43073516056054
            ],
            [
              353.17924257215884,
              234.82180462482728
            ],
            [
              353.2180532232567,
              235.26036623548012
            ],
            [
              353.2503136315706,
              235.48914467384463
            ],
            [
              353.26588403650504,
              235.65970853920578
            ],
            [
              353.3291757499772,
              236.09563739323846
            ],
            [
              353.3368166557551,
              236.1744746637475
            ],
            [
              353.41190247937783,
              236.67383459124684
            ],
            [
              353.57311758006534,
              238.0812755050189
            ],
            [
              353.628247159308,
              238.4113652405986
            ],
            [
              353.65130263710626,
              238.6056578782798
            ],
            [
              353.6654294856374,
              238.68762652199882
            ],
            [
              353.6704168459739,
              238.7292392726873
            ],
            [
              353.6788128566301,
              238.7775233669948
            ],
            [
              353.7217492451705,
              239.12657681448727
            ],
            [
              353.73816099709376,
              239.21878361567477
            ],
            [
              353.74439103402176,
              239.26893166086143
            ],
            [
              353.75764426378583,
              239.34273206419215
            ],
            [
              353.7671970297819,
              239.41886100745938
            ],
            [
              353.89493280821785,
              240.1237753256703
            ],
            [
              353.94894932329674,
              240.52394004198283
            ],
            [
              353.99063992924187,
              240.73925473500634
            ],
            [
              354.02847643831797,
              241.00757674057456
            ],
            [
              354.08138205450706,
              241.27654361840808
            ],
            [
              354.11859747412655,
              241.53286904138218
            ],
            [
              354.29540044641203,
              242.40596224559312
            ],
            [
              354.5003874070377,
              243.63332680303577
            ],
            [
              354.5769768458215,
              243.97672554857343
            ],
            [
              354.62371497368053,
              244.2479156121624
            ],
            [
              354.649719136255,
              244.36104776982376
            ],
            [
              354.65592834821246,
              244.39675593983094
            ],
            [
              354.67252255182956,
              244.4683444500812
            ],
            [
              354.74264366642893,
              244.8623087083628
            ],
            [
              354.76829101257255,
              244.97050272989785
            ],
            [
              354.77909775921546,
              245.03067993010652
            ],
            [
              354.7997626540488,
              245.11711017411034
            ],
            [
              354.8160777223543,
              245.20714544371938
            ],
            [
              354.9445331117617,
              245.73975765522746
            ],
            [
              354.95471819522743,
              245.7943212264057
            ],
            [
              355.0216491534382,
              246.06398987767065
            ],
            [
              355.1080326343419,
              246.5101247382533
            ],
            [
              355.1199003727197,
              246.5562672042385
            ],
            [
              355.1394780321764,
              246.65579807296874
            ],
            [
              355.21754977597396,
              246.9597449252231
            ],
            [
              355.28614198823885,
              247.29846883703183
            ],
            [
              355.4876868432536,
              248.0600126915502
            ],
            [
              355.71353297937867,
              249.07262332119754
            ],
            [
              355.814172198663,
              249.42704776461437
            ],
            [
              355.89400739072374,
              249.77437398635217
            ],
            [
              355.9341420401257,
              249.91105575763058
            ],
            [
              355.94093950424553,
              249.94038047491668
            ],
            [
              355.96869580152526,
              250.0344427129286
            ],
            [
              356.0712795163198,
              250.46719488097793
            ],
            [
              356.10811889274663,
              250.58926717573553
            ],
            [
              356.1247498039211,
              250.6588254155594
            ],
            [
              356.1544293319646,
              250.75632803436474
            ],
            [
              356.17918739239974,
              250.8589819236337
            ],
            [
              356.3490391308113,
              251.4121198680535
            ],
            [
              356.37693018059093,
              251.5244944997218
            ],
            [
              356.44696178338916,
              251.74605930236123
            ],
            [
              356.5534977875659,
              252.16082246181463
            ],
            [
              356.5920959833135,
              252.28025047146653
            ],
            [
              356.6066911371881,
              252.3369972895996
            ],
            [
              356.67380092293627,
              252.5417837001771
            ],
            [
              356.77095886670384,
              252.90889818189714
            ],
            [
              356.98551177103536,
              253.55219280200185
            ],
            [
              357.2141291155866,
              254.35732201181708
            ],
            [
              357.3695009516349,
              254.79928578754922
            ],
            [
              357.5160379030675,
              255.29832914230082
            ],
            [
              357.5911309272055,
              255.5034296766537
            ],
            [
              357.7089904428606,
              255.893973245239
            ],
            [
              357.7588926963872,
              256.0272804419417
            ],
            [
              357.7826379595371,
              256.1052879270212
            ],
            [
              357.82290063386796,
              256.2118865927545
            ],
            [
              357.8577709999774,
              256.32544517514845
            ],
            [
              358.0723358094835,
              256.8883902061204
            ],
            [
              358.1255195360012,
              257.0566519822061
            ],
            [
              358.18348884282807,
              257.2042340441361
            ],
            [
              358.2712419329105,
              257.4757539089018
            ],
            [
              358.38135305008234,
              257.7524018996501
            ],
            [
              358.44574406951745,
              257.94889195838846
            ],
            [
              358.4795284222075,
              258.03170743281004
            ],
            [
              358.5735461777886,
              258.31360115289596
            ],
            [
              358.7884773715978,
              258.8356426472224
            ],
            [
              359.00205133304013,
              259.44316558572103
            ],
            [
              359.21927566907215,
              259.95035880730677
            ],
            [
              359.454927711617,
              260.59399195965256
            ],
            [
              359.5355814210039,
              260.77346676700125
            ],
            [
              359.65504643152417,
              261.09260156613544
            ],
            [
              359.7197521305025,
              261.2339533581258
            ],
            [
              359.751931990634,
              261.3191521237481
            ],
            [
              359.80428134153885,
              261.43242579806355
            ],
            [
              359.8508926307989,
              261.5547179564851
            ],
            [
              360.1127192238414,
              262.11579523291164
            ],
            [
              360.19917170491624,
              262.335891627261
            ],
            [
              360.2364815667865,
              262.4133079908762
            ],
            [
              360.29129795600903,
              262.5510310866798
            ],
            [
              360.46969857174133,
              262.9191226300423
            ],
            [
              360.6920210801194,
              263.4591167204115
            ],
            [
              360.8940414570716,
              263.86073952672575
            ],
            [
              361.0751232949352,
              264.2835442750138
            ],
            [
              361.36184688896947,
              264.8373671816732
            ],
            [
              361.4805913760338,
              265.10160355841606
            ],
            [
              361.597311906358,
              265.3629583555409
            ],
            [
              361.60158718464737,
              265.37084969235724
            ],
            [
              361.70761791283223,
              265.60679475500194
            ],
            [
              361.7918556536041,
              265.7605337182753
            ],
            [
              361.9062198526761,
              266.0103661864106
            ],
            [
              361.98728853865737,
              266.15602297759347
            ],
            [
              362.0292338434242,
              266.2467843472995
            ],
            [
              362.09507133488256,
              266.3638462442739
            ],
            [
              362.154975300246,
              266.49221652684554
            ],
            [
              362.4657444936973,
              267.0389329786825
            ],
            [
              362.5936745621631,
              267.3043823854067
            ],
            [
              362.60158131455347,
              267.31780705073436
            ],
            [
              362.6097066510877,
              267.33457194614704
            ],
            [
              362.8187865961418,
              267.6900756673943
            ],
            [
              362.96133616563293,
              267.97597740919576
            ],
            [
              362.97757363415815,
              268.00286643807976
            ],
            [
              363.12163420007914,
              268.289263333474
            ],
            [
              363.2970583403261,
              268.57533801247433
            ],
            [
              363.42873039173213,
              268.82967005822627
            ],
            [
              363.7788906235215,
              269.38973071610695
            ],
            [
              364.0734134627505,
              269.9333629120151
            ],
            [
              364.1024721645453,
              269.97754836816483
            ],
            [
              364.2679680838306,
              270.27958841366654
            ],
            [
              364.35368480482765,
              270.40774708809664
            ],
            [
              364.4563121160839,
              270.59213844296175
            ],
            [
              364.46387454304335,
              270.6032947307011
            ],
            [
              364.46588167120757,
              270.60690092652715
            ],
            [
              364.557197664313,
              270.74161295933885
            ],
            [
              364.6080906682959,
              270.8321029135704
            ],
            [
              364.6886717368068,
              270.94958731848317
            ],
            [
              364.76329976538653,
              271.0808756567584
            ],
            [
              365.0885782260073,
              271.5494576404105
            ],
            [
              365.2194997731842,
              271.7720667347448
            ],
            [
              365.2499570320552,
              271.8144139893473
            ],
            [
              365.30136758048445,
              271.9017025969479
            ],
            [
              365.4874088646207,
              272.1591197293897
            ],
            [
              365.5815441577113,
              272.3150065051424
            ],
            [
              365.5860143774909,
              272.3210907259668
            ],
            [
              365.5931700928538,
              272.3329404413225
            ],
            [
              365.64209660961205,
              272.39953272814654
            ],
            [
              365.8542466100363,
              272.7454984725802
            ],
            [
              365.9892983987573,
              272.9251477063557
            ],
            [
              366.05540774319684,
              273.03088570735355
            ],
            [
              366.4666034671804,
              273.5723483264555
            ],
            [
              366.83278427960516,
              274.12914767502224
            ],
            [
              366.89135946246097,
              274.20193119211507
            ],
            [
              367.12622341879353,
              274.5530861705657
            ],
            [
              367.2086732426938,
              274.65314754348105
            ],
            [
              367.3055215719511,
              274.7960210409338
            ],
            [
              367.42618838528523,
              274.9407917084304
            ],
            [
              367.4784804622735,
              275.0170317442119
            ],
            [
              367.57486372247683,
              275.1310922424682
            ],
            [
              367.66547586225755,
              275.2616241446408
            ],
            [
              368.0624616321758,
              275.72487253962316
            ],
            [
              368.2341443649615,
              275.9635772906563
            ],
            [
              368.2488913174479,
              275.9800613961637
            ],
            [
              368.31056349262377,
              276.06539446919277
            ],
            [
              368.4471641512957,
              276.2174187063565
            ],
            [
              368.48705761709624,
              276.27171640202624
            ],
            [
              368.59338178524126,
              276.389163914542
            ],
            [
              368.8777854702902,
              276.7674847393623
            ],
            [
              369.43923154548764,
              277.3678298245924
            ],
            [
              369.86291947757815,
              277.89428994546904
            ],
            [
              369.95543624240094,
              277.98662800249053
            ],
            [
              370.26846949065407,
              278.366526164866
            ],
            [
              370.33562412391984,
              278.43140310583715
            ],
            [
              370.42078266574117,
              278.5335725308969
            ],
            [
              370.5734857000117,
              278.6796785438035
            ],
            [
              370.6262888140871,
              278.7421660492899
            ],
            [
              370.73927897823995,
              278.84848913546307
            ],
            [
              370.8469058416278,
              278.9740804676996
            ],
            [
              371.3044968790614,
              279.39737283314076
            ],
            [
              371.6049655589492,
              279.7317674275408
            ],
            [
              371.8499241221775,
              279.94554388185674
            ],
            [
              372.17570085920823,
              280.29389160677937
            ],
            [
              372.7400809474075,
              280.7658938149908
            ],
            [
              373.14714024121685,
              281.17216682242747
            ],
            [
              373.27760091502034,
              281.273596493468
            ],
            [
              373.67610006362105,
              281.65857969542736
            ],
            [
              373.7243037943398,
              281.6943761321651
            ],
            [
              373.79353334757894,
              281.76061485523496
            ],
            [
              373.980187762684,
              281.89816541975665
            ],
            [
              374.0328016389937,
              281.94767477082854
            ],
            [
              374.1628873429099,
              282.0415130409109
            ],
            [
              374.2882658786602,
              282.1574938461091
            ],
            [
              374.7829075880139,
              282.5065295643222
            ],
            [
              375.0325741163987,
              282.72514835882055
            ],
            [
              375.04270353020246,
              282.7318970195573
            ],
            [
              375.1631113257614,
              282.8369774513997
            ],
            [
              375.40791420028205,
              282.99705542545024
            ],
            [
              375.72645341123535,
              283.263456055304
            ],
            [
              376.28283814736477,
              283.61008775164225
            ],
            [
              376.6641615051007,
              283.9065564238286
            ],
            [
              376.8360054233878,
              284.0051481170667
            ],
            [
              377.3253305640125,
              284.36852448191763
            ],
            [
              377.35136565389985,
              284.38247537715904
            ],
            [
              377.40071106469964,
              284.41883931266227
            ],
            [
              377.62228726677057,
              284.53697637463927
            ],
            [
              377.6742455326018,
              284.5744568481664
            ],
            [
              377.8215340394921,
              284.6506859219753
            ],
            [
              377.9650389578507,
              284.75194778748227
            ],
            [
              378.40923094060463,
              284.9748255647314
            ],
            [
              378.64189244995436,
              285.1298348894979
            ],
            [
              378.74033851126245,
              285.1761463917046
            ],
            [
              378.95788179031945,
              285.31839916323565
            ],
            [
              379.19868516498906,
              285.426681436461
            ],
            [
              379.50306957880576,
              285.61631511770963
            ],
            [
              380.04052670401524,
              285.8436721813547
            ],
            [
              380.38772780665147,
              286.0428712274633
            ],
            [
              380.59491301083045,
              286.12188156068925
            ],
            [
              381.09894118334165,
              286.3906126197957
            ],
            [
              381.18679679030123,
              286.4376900208868
            ],
            [
              381.1880176572296,
              286.43810523325413
            ],
            [
              381.21395056340475,
              286.4519317963759
            ],
            [
              381.47031109150515,
              286.539108183035
            ],
            [
              381.52141383170334,
              286.56555637398395
            ],
            [
              381.6855654650943,
              286.61875923463055
            ],
            [
              381.8471390164263,
              286.6998303826509
            ],
            [
              382.2297969682635,
              286.81767537597176
            ],
            [
              382.43924530497486,
              286.91620513915825
            ],
            [
              382.63369500316463,
              286.971305444922
            ],
            [
              382.9561223256937,
              287.1162916332657
            ],
            [
              383.18909492877805,
              287.1755909385714
            ],
            [
              383.47280783376203,
              287.29560820128944
            ],
            [
              383.9807200269177,
              287.4130632434972
            ],
            [
              384.2863544805228,
              287.52961731945504
            ],
            [
              384.5144518213589,
              287.57427998298346
            ],
            [
              385.19933426054035,
              287.80717689880896
            ],
            [
              385.2251919223686,
              287.8111334100303
            ],
            [
              385.2252842973065,
              287.81116482640925
            ],
            [
              385.2323886363371,
              287.8122345876949
            ],
            [
              385.4890942647469,
              287.851513417565
            ],
            [
              385.53942177655466,
              287.8678249677006
            ],
            [
              385.7195878499483,
              287.89240642797967
            ],
            [
              385.8986716358021,
              287.9475578430917
            ],
            [
              386.21058394822194,
              287.9848718139888
            ],
            [
              386.3909485258844,
              288.035980884722
            ],
            [
              386.6865706214232,
              288.06581526603094
            ],
            [
              387.11842739861333,
              288.1757372334212
            ],
            [
              387.33983518656464,
              288.1898609226498
            ],
            [
              387.5969838595224,
              288.249326729229
            ],
            [
              388.06541306506597,
              288.2695769410413
            ],
            [
              388.3232146184513,
              288.3200558462044
            ],
            [
              388.5725136306953,
              288.32331103825686
            ],
            [
              389.3173094775358,
              288.4372731260362
            ],
            [
              389.371707364482,
              288.4355273247736
            ],
            [
              389.3996374641276,
              288.43973299951784
            ],
            [
              389.6604113789943,
              288.4300836677731
            ],
            [
              389.6876372325097,
              288.43379830296766
            ],
            [
              389.88240609958433,
              288.42413073211986
            ],
            [
              390.0778795408361,
              288.4475151578325
            ],
            [
              390.31214333932866,
              288.4317105105459
            ],
            [
              390.4581195744584,
              288.4464425306699
            ],
            [
              390.85707956497754,
              288.4142273146656
            ],
            [
              391.3991436142751,
              288.4488057919919
            ],
            [
              391.6072445996371,
              288.4226904487728
            ],
            [
              391.83100448308505,
              288.43236359677695
            ],
            [
              392.25109139594156,
              288.37134362775856
            ],
            [
              392.4562128055029,
              288.3740219760479
            ],
            [
              392.7265189026019,
              288.3278607487897
            ],
            [
              393.5228171849607,
              288.30230500339474
            ],
            [
              393.60586609240124,
              288.2840912994745
            ],
            [
              393.66289723006355,
              288.28198099496973
            ],
            [
              393.91961695494007,
              288.2237392498927
            ],
            [
              393.91983302306573,
              288.22372852510955
            ],
            [
              393.92320053800086,
              288.2229262460184
            ],
            [
              394.1417418990673,
              288.1733459878364
            ],
            [
              394.337320405952,
              288.1601512503725
            ],
            [
              394.4897509651704,
              288.1208964127927
            ],
            [
              394.596859008877,
              288.11224765390244
            ],
            [
              395.05923218837313,
              287.9894880758314
            ],
            [
              395.68620841787475,
              287.9108065674476
            ],
            [
              395.9088609717284,
              287.8400321791707
            ],
            [
              396.1246574023968,
              287.8086865430399
            ],
            [
              396.4890386492106,
              287.6853205658685
            ],
            [
              396.63828354536224,
              287.6598334324254
            ],
            [
              396.6472877811017,
              287.6565941518586
            ],
            [
              396.6524461259881,
              287.65571321406344
            ],
            [
              396.93568390190427,
              287.553819011079
            ],
            [
              397.7656724369212,
              287.3717917466771
            ],
            [
              397.87637417364203,
              287.3260737301527
            ],
            [
              397.9627115424242,
              287.30648645836845
            ],
            [
              398.444376191682,
              287.10247745689975
            ],
            [
              398.62431872420404,
              287.0561375699075
            ],
            [
              398.6938020738789,
              287.02451371005077
            ],
            [
              398.7586648639318,
              287.0072927095858
            ],
            [
              399.22158170221144,
              286.79548780199667
            ],
            [
              399.57616062913655,
              286.6876995617845
            ],
            [
              399.6518188878697,
              286.65026115575057
            ],
            [
              399.98091115798826,
              286.54565286044
            ],
            [
              400.2162909203948,
              286.4234111712074
            ],
            [
              400.42269547068986,
              286.353530244947
            ],
            [
              400.7204916818709,
              286.1922422547177
            ],
            [
              400.83245633964793,
              286.15196320108083
            ],
            [
              401.15231565824996,
              285.9731631854712
            ],
            [
              401.9912269022061,
              285.6267064879607
            ],
            [
              402.12739206662457,
              285.542536547403
            ],
            [
              402.24205164958414,
              285.4939724954966
            ],
            [
              402.70249441390195,
              285.20281643154567
            ],
            [
              402.89110321479524,
              285.11651957141675
            ],
            [
              403.3052476573736,
              284.84241423995087
            ],
            [
              403.62977451041183,
              284.68182677338723
            ],
            [
              403.80366298001746,
              284.56035201950465
            ],
            [
              404.22718875171955,
              284.3403989307712
            ],
            [
              404.4712847250354,
              284.16079306570003
            ],
            [
              404.6657396286663,
              284.0554752697679
            ],
            [
              404.89563714056214,
              283.88066219976747
            ],
            [
              404.9812048782946,
              283.8328301937832
            ],
            [
              405.3287903804549,
              283.563605247832
            ],
            [
              406.1413283893405,
              283.06133819441493
            ],
            [
              406.2995363156393,
              282.9282654055779
            ],
            [
              406.44025000534543,
              282.8392866068743
            ],
            [
              406.802762857904,
              282.5275514413763
            ],
            [
              406.9387436231302,
              282.437551313663
            ],
            [
              407.0290743378569,
              282.3576304055883
            ],
            [
              407.0489720907114,
              282.34438471777634
            ],
            [
              407.3078339646015,
              282.1124133558161
            ],
            [
              407.59147947233794,
              281.91426469006575
            ],
            [
              407.8473843025726,
              281.67844015688877
            ],
            [
              408.00650160315513,
              281.5639988043992
            ],
            [
              408.0270323831101,
              281.54447324102864
            ],
            [
              408.363246541138,
              281.29708679756624
            ],
            [
              408.61117776601833,
              281.0553812383042
            ],
            [
              408.7915035147201,
              280.91826232183973
            ],
            [
              408.95237772636307,
              280.75692861339473
            ],
            [
              409.0102978458835,
              280.71206615236144
            ],
            [
              409.3814759196352,
              280.33596609573743
            ],
            [
              409.47473122123563,
              280.257526643625
            ],
            [
              409.81859885321074,
              279.97515488091767
            ],
            [
              409.84935505768084,
              279.94242082149515
            ],
            [
              410.15557134862405,
              279.6848543595663
            ],
            [
              410.33118214107094,
              279.49336282874214
            ],
            [
              410.4943521286878,
              279.3530482916636
            ],
            [
              410.7603730239492,
              279.05633050779744
            ],
            [
              410.84434923859607,
              278.98203180052616
            ],
            [
              411.00675057220235,
              278.7977393547634
            ],
            [
              411.0634839778297,
              278.7468994022694
            ],
            [
              411.2008717911391,
              278.5880935590061
            ],
            [
              411.4066266458166,
              278.3984838415629
            ],
            [
              411.71457276703615,
              278.0374801506602
            ],
            [
              411.9039723551219,
              277.8573538394676
            ],
            [
              411.95459183995723,
              277.79592180974396
            ],
            [
              412.3257376430228,
              277.4340956463068
            ],
            [
              412.5718726705065,
              277.1270954906714
            ],
            [
              412.7363163652733,
              276.96218210377566
            ],
            [
              412.8320227459875,
              276.8396635160578
            ],
            [
              412.86293792347846,
              276.8083383898591
            ],
            [
              413.1072082005665,
              276.4942475458642
            ],
            [
              413.1392506445737,
              276.46126531444446
            ],
            [
              413.20786642583715,
              276.3710326532521
            ],
            [
              413.2475109603602,
              276.3300240357363
            ],
            [
              413.2642563527127,
              276.3079157251362
            ],
            [
              413.60775285978076,
              275.94232981277503
            ],
            [
              413.69404623653213,
              275.8263900611694
            ],
            [
              413.9728073196127,
              275.5224202094923
            ],
            [
              414.1600332156386,
              275.2643741016182
            ],
            [
              414.34074681579017,
              275.0628074581344
            ],
            [
              414.51569689769343,
              274.8157997610418
            ],
            [
              414.55028934833774,
              274.77654437321536
            ],
            [
              414.773935472289,
              274.4580082388946
            ],
            [
              414.8622861922919,
              274.35588411118067
            ],
            [
              414.8917844547275,
              274.31285085028037
            ],
            [
              415.0204302240423,
              274.16204006118033
            ],
            [
              415.36820632312475,
              273.6531442397479
            ],
            [
              415.5809321587854,
              273.3949792287677
            ],
            [
              415.6577243390894,
              273.2781636575882
            ],
            [
              416.05149648343195,
              272.7870181638725
            ],
            [
              416.289633806142,
              272.4134003890995
            ],
            [
              416.43689127736315,
              272.22488863816073
            ],
            [
              416.4741961817802,
              272.16486245097343
            ],
            [
              416.479835656542,
              272.1576110268166
            ],
            [
              416.75974464081514,
              271.7074608353858
            ],
            [
              417.1525112961433,
              271.17975789720447
            ],
            [
              417.2861985906479,
              270.9557030004558
            ],
            [
              417.532857515211,
              270.6157426808319
            ],
            [
              417.72489681759333,
              270.2848097030214
            ],
            [
              417.9170093479419,
              270.0135707690967
            ],
            [
              418.210897524006,
              269.49347462025827
            ],
            [
              418.37944102339065,
              269.2468473138033
            ],
            [
              418.7520395309726,
              268.57111933264787
            ],
            [
              418.9797605197521,
              268.2247122210794
            ],
            [
              419.0772320896,
              268.039889106764
            ],
            [
              419.47944432007915,
              267.4088513642203
            ],
            [
              419.6901097470189,
              266.9948417784076
            ],
            [
              419.80387944935364,
              266.8118771143194
            ],
            [
              419.8157434632624,
              266.7880803438326
            ],
            [
              419.8322565946918,
              266.76150956624844
            ],
            [
              420.0462365647942,
              266.3299827657635
            ],
            [
              420.39733716039206,
              265.74155132219016
            ],
            [
              420.56693516302374,
              265.3872486256586
            ],
            [
              420.77834440545047,
              265.0229362725935
            ],
            [
              420.80506522530027,
              264.96532714448887
            ],
            [
              420.8060991149339,
              264.9635454703159
            ],
            [
              420.9687345635089,
              264.61290935707683
            ],
            [
              421.16386448923623,
              264.26758643782404
            ],
            [
              421.3360370834679,
              263.8848969943025
            ],
            [
              421.4330911385325,
              263.70888410278394
            ],
            [
              421.8131040544643,
              262.852198196532
            ],
            [
              422.04633633157187,
              262.4099490783457
            ],
            [
              422.15744831319654,
              262.14591220939394
            ],
            [
              422.5525629009661,
              261.3694144745156
            ],
            [
              422.70185137861193,
              260.99914177856135
            ],
            [
              422.78192104210285,
              260.83853851060366
            ],
            [
              422.83239020631936,
              260.7112327211654
            ],
            [
              422.8657431951652,
              260.6439707781089
            ],
            [
              422.86924669799737,
              260.6360413225788
            ],
            [
              422.99250929825746,
              260.32004592613026
            ],
            [
              423.2908970301823,
              259.6966920163378
            ],
            [
              423.48095403339175,
              259.1966555315964
            ],
            [
              423.6844577247372,
              258.75790897304364
            ],
            [
              423.82897886966225,
              258.3632554215197
            ],
            [
              423.8583995402525,
              258.29876310443916
            ],
            [
              423.8610161286479,
              258.2915117404741
            ],
            [
              423.93897561431896,
              258.11928881718035
            ],
            [
              423.9741383920123,
              258.02116748356764
            ],
            [
              424.02715432211147,
              257.90332853900685
            ],
            [
              424.10051311120463,
              257.69555478097806
            ],
            [
              424.1352257078384,
              257.61730009261515
            ],
            [
              424.32959544033,
              257.06502936235125
            ],
            [
              424.36816030579666,
              256.9765144504931
            ],
            [
              424.371721606202,
              256.9673044073977
            ],
            [
              424.52157214719637,
              256.52801352883205
            ],
            [
              424.7317783215975,
              256.02849782121933
            ],
            [
              424.848054571244,
              255.67602203927981
            ],
            [
              425.2198149967196,
              254.75396337031518
            ],
            [
              425.3158888732966,
              254.44673907888125
            ],
            [
              425.36650051014294,
              254.31907390981382
            ],
            [
              425.49186627557106,
              253.91270665847003
            ],
            [
              425.5931347594484,
              253.65309527072273
            ],
            [
              425.61170433980476,
              253.59069061001583
            ],
            [
              425.78771511890136,
              253.12760948293047
            ],
            [
              425.9061836733671,
              252.72545213604556
            ],
            [
              425.9186014029985,
              252.69247365897826
            ],
            [
              425.9667364956888,
              252.52553776527057
            ],
            [
              426.1491302845704,
              252.02746285314876
            ],
            [
              426.24731775226894,
              251.67834260885593
            ],
            [
              426.26494248811736,
              251.6294990938719
            ],
            [
              426.26592043101044,
              251.6259756146136
            ],
            [
              426.3186865789945,
              251.4787322752429
            ],
            [
              426.4015287040471,
              251.17839899180015
            ],
            [
              426.4596842746977,
              251.01368523882974
            ],
            [
              426.6708576511016,
              250.22732544958745
            ],
            [
              426.7359691852066,
              250.03644924168702
            ],
            [
              426.83046461298306,
              249.6704037367706
            ],
            [
              426.9736648979492,
              249.23830068877
            ],
            [
              426.979715622436,
              249.21417881554834
            ],
            [
              426.9940432009791,
              249.17074669190993
            ],
            [
              427.1057569690299,
              248.72311287581525
            ],
            [
              427.43788462549907,
              247.6610376525838
            ],
            [
              427.4909722617009,
              247.43269832475042
            ],
            [
              427.51740034344834,
              247.34703293672715
            ],
            [
              427.6133492508286,
              246.93025034270232
            ],
            [
              427.8496428639383,
              246.12812008158042
            ],
            [
              427.96818000960064,
              245.58439060984037
            ],
            [
              428.02402442397806,
              245.39071824520153
            ],
            [
              428.0484378922018,
              245.27419024584466
            ],
            [
              428.16171210129943,
              244.87142683334233
            ],
            [
              428.22092948747513,
              244.58239954286043
            ],
            [
              428.26112296779127,
              244.4366833398131
            ],
            [
              428.31866298834046,
              244.1509179791514
            ],
            [
              428.3307726813497,
              244.10629682874023
            ],
            [
              428.3764637717943,
              243.87605100203268
            ],
            [
              428.4228218987856,
              243.70342428368318
            ],
            [
              428.5746206804479,
              242.91409284045872
            ],
            [
              428.629336449163,
              242.70214119733524
            ],
            [
              428.6728828277104,
              242.46418305290337
            ],
            [
              428.78881885171995,
              242.0019914463565
            ],
            [
              428.90263637343907,
              241.36088090219127
            ],
            [
              429.17261741637424,
              240.19964460906934
            ],
            [
              429.194538421802,
              240.0618852686767
            ],
            [
              429.20292583984013,
              240.02545202581135
            ],
            [
              429.263686941009,
              239.6419048555605
            ],
            [
              429.44704777508963,
              238.8008293522357
            ],
            [
              429.54772655323035,
              238.1179309807476
            ],
            [
              429.625558488073,
              237.7464311359557
            ],
            [
              429.6336837650353,
              237.68705060394743
            ],
            [
              429.69294584345283,
              237.3978051802979
            ],
            [
              429.72197590055447,
              237.18153881155374
            ],
            [
              429.739308355159,
              237.09545932991952
            ],
            [
              429.8003038411782,
              236.63422308467327
            ],
            [
              429.80653650785075,
              236.6026565749283
            ],
            [
              429.8423322887996,
              236.32217805383567
            ],
            [
              429.88773807038683,
              236.0860746363947
            ],
            [
              429.98192051547585,
              235.31097790641417
            ],
            [
              430.0246001878536,
              235.07775585715765
            ],
            [
              430.03598014816055,
              234.9769899759592
            ],
            [
              430.12148033674146,
              234.49538510881268
            ],
            [
              430.2108968020601,
              233.67473024146867
            ],
            [
              430.23371082031804,
              233.5313588930728
            ],
            [
              430.30493122154496,
              233.09666284096488
            ],
            [
              430.3080884398999,
              233.06394366231964
            ],
            [
              430.4000627240914,
              232.48594477623334
            ],
            [
              430.4316022963324,
              232.135912597623
            ],
            [
              430.454532777278,
              231.98873422112757
            ],
            [
              430.4590681841068,
              231.93635302477725
            ],
            [
              430.5596451110583,
              231.25414550403883
            ],
            [
              430.6228624211245,
              230.4701687389449
            ],
            [
              430.72354030542533,
              229.7201447079285
            ],
            [
              430.73269866976835,
              229.5836310176278
            ],
            [
              430.73551659951914,
              229.56232236970158
            ],
            [
              430.76860800969223,
              229.0643270596962
            ],
            [
              430.7826152279657,
              228.95457323502157
            ],
            [
              430.8112469429926,
              228.4858397246969
            ],
            [
              430.83620807826486,
              228.280416152371
            ],
            [
              430.87303584744706,
              227.5976880709328
            ],
            [
              430.9566115914538,
              226.83063872642157
            ],
            [
              430.99465089589904,
              225.94889581635385
            ],
            [
              431.0401453058751,
              225.47742391909264
            ],
            [
              431.0428634328551,
              225.39123916014833
            ],
            [
              431.0988128416885,
              224.77490601031312
            ],
            [
              431.1003643459266,
              224.71386402344896
            ],
            [
              431.10705155996874,
              224.63964804867908
            ],
            [
              431.1128038024297,
              224.39425916964854
            ],
            [
              431.12237738477967,
              224.27553431229592
            ],
            [
              431.13758078642184,
              224.09994425006147
            ],
            [
              431.1379173239272,
              224.08281888014156
            ],
            [
              431.17692408311416,
              223.59908439590455
            ],
            [
              431.1901343406628,
              222.76513928877213
            ],
            [
              431.24454474146773,
              221.9541031333615
            ],
            [
              431.2445692148736,
              221.39186476068772
            ],
            [
              431.2544637089214,
              221.22988071871373
            ],
            [
              431.2518895508495,
              220.57434487760364
            ],
            [
              431.26092715541,
              220.4068021086771
            ],
            [
              431.2549270869356,
              219.9157495883378
            ],
            [
              431.2892263696142,
              219.12069957978778
            ],
            [
              431.2696203297894,
              218.2127268698504
            ],
            [
              431.2772614749539,
              217.9878854233949
            ],
            [
              431.27680965772555,
              217.97341094502525
            ],
            [
              431.2812126060115,
              217.833804870642
            ],
            [
              431.27785232663746,
              217.73082220709284
            ],
            [
              431.29461636820406,
              217.07126203425946
            ],
            [
              431.2882580951955,
              216.90943347020502
            ],
            [
              431.29128395845777,
              216.780351081967
            ],
            [
              431.28665799764633,
              216.671735644389
            ],
            [
              431.2981531933418,
              215.9460599966655
            ],
            [
              431.2613086096928,
              215.18695074757554
            ],
            [
              431.2633646541866,
              214.45242781695376
            ],
            [
              431.2581326007848,
              214.36555577259114
            ],
            [
              431.2583037882473,
              214.283035253891
            ],
            [
              431.24819504172336,
              214.12106759037994
            ],
            [
              431.2482895380733,
              214.00909057700449
            ],
            [
              431.24489280960677,
              213.95777957056282
            ],
            [
              431.2448982630306,
              213.83249565951496
            ],
            [
              431.16666135846054,
              212.69198063145015
            ],
            [
              431.16533644095165,
              212.5835478556581
            ],
            [
              431.14153147871525,
              212.28082107875102
            ],
            [
              431.124154617555,
              211.4760835666329
            ],
            [
              431.0458293704002,
              210.57369501916688
            ],
            [
              431.0374328933886,
              210.30470433884796
            ],
            [
              431.0345843708158,
              210.2753760182568
            ],
            [
              431.03450368935984,
              210.2729033691716
            ],
            [
              431.02278692918037,
              210.15275322902667
            ],
            [
              430.9956567533435,
              209.46224538306137
            ],
            [
              430.972937789913,
              209.24564446087558
            ],
            [
              430.9319827805658,
              208.40184807849846
            ],
            [
              430.8619741043779,
              207.78781357746666
            ],
            [
              430.8210333759118,
              207.10804131568085
            ],
            [
              430.7999172862505,
              206.93852517395865
            ],
            [
              430.78977671482204,
              206.77604759501926
            ],
            [
              430.74783548352,
              206.44922775866294
            ],
            [
              430.7327298120248,
              206.2210413683244
            ],
            [
              430.71245818166784,
              206.07073773147553
            ],
            [
              430.6985144827387,
              205.8674705104506
            ],
            [
              430.53566984333224,
              204.69612512530517
            ],
            [
              430.47541563731835,
              204.00193382153483
            ],
            [
              430.3397229853571,
              203.12109974422128
            ],
            [
              430.30953117311907,
              202.81024556459437
            ],
            [
              430.27783548423196,
              202.61859033126296
            ],
            [
              430.2183110064488,
              202.05108834902595
            ],
            [
              430.18778929443124,
              201.87465029662562
            ],
            [
              430.0956927160055,
              201.06688646423385
            ],
            [
              430.076749706809,
              200.96291574757905
            ],
            [
              430.06473128982213,
              200.85773418066177
            ],
            [
              429.9962796313928,
              200.4870676943013
            ],
            [
              429.9330091725032,
              199.97914391451405
            ],
            [
              429.8861790186773,
              199.7349178524504
            ],
            [
              429.8558771663933,
              199.49879587663406
            ],
            [
              429.8045286716671,
              199.2385718613723
            ],
            [
              429.80000427790435,
              199.203919904301
            ],
            [
              429.7582678381601,
              198.99591067813947
            ],
            [
              429.71684704659765,
              198.68879696790935
            ],
            [
              429.66711983257983,
              198.44862412954643
            ],
            [
              429.62917217116734,
              198.1756656935537
            ],
            [
              429.4443922885195,
              197.3091580007017
            ],
            [
              429.36526438311074,
              196.79550781739422
            ],
            [
              429.17515113472734,
              195.95095717062262
            ],
            [
              429.1175295358426,
              195.6025349918672
            ],
            [
              429.0634476362338,
              195.37512457173685
            ],
            [
              428.98688574660486,
              194.93254026689044
            ],
            [
              428.95255663633907,
              194.79266275532126
            ],
            [
              428.8141561127169,
              194.03303679120526
            ],
            [
              428.77876191479106,
              193.89419581298498
            ],
            [
              428.72758343412227,
              193.61706377496074
            ],
            [
              428.67235413165673,
              193.4046445569251
            ],
            [
              428.62354871303745,
              193.15011720172504
            ],
            [
              428.5422835594665,
              192.84176328639884
            ],
            [
              428.4829465845821,
              192.54105523368287
            ],
            [
              428.4068248910269,
              192.26048706928017
            ],
            [
              428.38881769466184,
              192.17074144163448
            ],
            [
              428.32216804110607,
              191.9292238361125
            ],
            [
              428.2798862671615,
              191.72362936341275
            ],
            [
              428.26027354806484,
              191.65382832292988
            ],
            [
              428.2308948657404,
              191.51193496213736
            ],
            [
              428.14050917814444,
              191.19472211319112
            ],
            [
              428.06980222869504,
              190.86314859577564
            ],
            [
              427.89871652899933,
              190.2805807973882
            ],
            [
              427.8229942277784,
              189.94419541121596
            ],
            [
              427.5827588102843,
              189.14893668926806
            ],
            [
              427.4924409233434,
              188.76915660085734
            ],
            [
              427.4116175890913,
              188.51394717679057
            ],
            [
              427.33236918256836,
              188.19104134511807
            ],
            [
              427.2974137226565,
              188.08330464620641
            ],
            [
              427.1186038508806,
              187.38188636389611
            ],
            [
              427.11594016604033,
              187.37282053302155
            ],
            [
              427.0614316663975,
              187.20882322455688
            ],
            [
              426.95190955074423,
              186.78758665037006
            ],
            [
              426.92953040513237,
              186.72230460401713
            ],
            [
              426.9225384253408,
              186.69577411401173
            ],
            [
              426.7994397818602,
              186.3360118178421
            ],
            [
              426.7034020437858,
              185.9820374036239
            ],
            [
              426.60033177302273,
              185.68982497458967
            ],
            [
              426.56202539867695,
              185.5510145935371
            ],
            [
              426.4860560737003,
              185.3394450324152
            ],
            [
              426.438157085319,
              185.16897406354312
            ],
            [
              426.37104364562106,
              184.98469907112556
            ],
            [
              426.31202305088203,
              184.77756350024129
            ],
            [
              426.1714844243568,
              184.3991435625619
            ],
            [
              426.0607813642737,
              184.02218606053583
            ],
            [
              425.93478443569927,
              183.69359622111745
            ],
            [
              425.88358826606276,
              183.52411995962794
            ],
            [
              425.598592331754,
              182.789101301165
            ],
            [
              425.4709010184144,
              182.3859005815165
            ],
            [
              425.4012631480128,
              182.21394773915827
            ],
            [
              425.1571511263584,
              181.47949871235332
            ],
            [
              425.0484197278896,
              181.21856310002912
            ],
            [
              424.8642857107553,
              180.68042169625505
            ],
            [
              424.8350657255736,
              180.61255659653267
            ],
            [
              424.77777270525866,
              180.44542753479888
            ],
            [
              424.6357650461722,
              180.1201217901661
            ],
            [
              424.5543787362419,
              179.88938511761305
            ],
            [
              424.4231319823411,
              179.59433745460493
            ],
            [
              424.35851483100976,
              179.4143829486057
            ],
            [
              424.35847117895275,
              179.41428668696489
            ],
            [
              424.35062489872445,
              179.3924353126253
            ],
            [
              424.2678361032412,
              179.20987132200474
            ],
            [
              424.2263214019039,
              179.095883403814
            ],
            [
              424.0984133476807,
              178.81710930616464
            ],
            [
              424.0026289981546,
              178.55919652821194
            ],
            [
              423.80437285210445,
              178.13765443686378
            ],
            [
              423.64807614316777,
              177.73004521121263
            ],
            [
              423.5936945575228,
              177.61837044168797
            ],
            [
              423.58631032541285,
              177.59932614061816
            ],
            [
              423.26311699422666,
              176.93416072356942
            ],
            [
              423.2604662247524,
              176.92779935816858
            ],
            [
              423.0937034105992,
              176.51602140274574
            ],
            [
              423.0665804651713,
              176.4625087419342
            ],
            [
              422.89221131589886,
              176.0440544465195
            ],
            [
              422.7425788871598,
              175.7526353103046
            ],
            [
              422.4862971449264,
              175.15740619273765
            ],
            [
              422.39262734422545,
              174.98162725318068
            ],
            [
              422.2492319561849,
              174.65314255184097
            ],
            [
              422.11930719626105,
              174.4152522665796
            ],
            [
              422.07636446184034,
              174.3187153766607
            ],
            [
              422.0630795823153,
              174.29466314221173
            ],
            [
              422.0604438188078,
              174.28873775851395
            ],
            [
              421.9250408871156,
              174.04359198004403
            ],
            [
              421.81295945173497,
              173.79643251845593
            ],
            [
              421.7157963242518,
              173.6242235665345
            ],
            [
              421.68616558050985,
              173.55964370953922
            ],
            [
              421.4865647891286,
              173.20941550115256
            ],
            [
              421.348713862191,
              172.91630999500217
            ],
            [
              421.13015463554063,
              172.54430282756232
            ],
            [
              420.97331793208303,
              172.22151661512015
            ],
            [
              420.93307738487,
              172.1546862552908
            ],
            [
              420.8814028868375,
              172.04857059887811
            ],
            [
              420.62596948279196,
              171.63039730674654
            ],
            [
              420.35708041301484,
              171.10671790708366
            ],
            [
              420.16335868284955,
              170.79822472270376
            ],
            [
              419.8281054879194,
              170.16909504968282
            ],
            [
              419.6609456920632,
              169.91402925215013
            ],
            [
              419.41281072184256,
              169.4596978461592
            ],
            [
              419.3078233187138,
              169.30514333470106
            ],
            [
              419.29643987284334,
              169.28453370930973
            ],
            [
              419.1280211800921,
              169.03773014122618
            ],
            [
              418.9853033350559,
              168.78478140283983
            ],
            [
              418.8748294333807,
              168.62675133366412
            ],
            [
              418.8614162848333,
              168.60321604128055
            ],
            [
              418.5817744816946,
              168.20673402712322
            ],
            [
              418.3983326409803,
              167.89449976184787
            ],
            [
              418.226879547645,
              167.66030961934675
            ],
            [
              418.0883649064715,
              167.430268430745
            ],
            [
              417.93333297656454,
              167.22224765004754
            ],
            [
              417.81250589879426,
              167.0244400959533
            ],
            [
              417.7072282067527,
              166.88694687500015
            ],
            [
              417.58870915009754,
              166.69821058214663
            ],
            [
              417.4779737814611,
              166.5541018365944
            ],
            [
              417.4478340336287,
              166.50614888861568
            ],
            [
              417.320897328752,
              166.3433961403403
            ],
            [
              416.9301942213082,
              165.74723006351934
            ],
            [
              416.6837460134459,
              165.44217526572314
            ],
            [
              416.31610114058685,
              164.90095630021412
            ],
            [
              416.09186378366167,
              164.6366862106228
            ],
            [
              416.12383416209497,
              164.68241755194992
            ],
            [
              416.08731849083546,
              164.6392887710466
            ],
            [
              415.9128428839297,
              164.38970591201252
            ],
            [
              415.40822943121543,
              163.8102765893124
            ],
            [
              415.20020521534906,
              163.52613344666239
            ],
            [
              415.19292869588315,
              163.518220684724
            ],
            [
              415.18493124211477,
              163.5072967718606
            ],
            [
              415.07813908076366,
              163.3911680550291
            ],
            [
              414.97564366874593,
              163.25364041385546
            ],
            [
              414.7812481253277,
              163.04463818291887
            ],
            [
              414.6242039042599,
              162.84026404325436
            ],
            [
              414.5437837020623,
              162.75547167053355
            ],
            [
              414.4936293363996,
              162.6899698045074
            ],
            [
              414.4910920364404,
              162.68702107267333
            ],
            [
              414.3757015176929,
              162.56719356019983
            ],
            [
              414.2692573243857,
              162.43071542319865
            ],
            [
              414.1634565398229,
              162.32254862121246
            ],
            [
              413.833053837864,
              161.91357453977113
            ],
            [
              413.5269185195827,
              161.60968245581353
            ],
            [
              413.28695387127544,
              161.32251322249147
            ],
            [
              413.249176420314,
              161.2864984698764
            ],
            [
              413.0065529396096,
              161.0005598115565
            ],
            [
              412.80343028333476,
              160.81184766592554
            ],
            [
              412.8824510768812,
              160.90258156383987
            ],
            [
              412.8470250848464,
              160.86933854709503
            ],
            [
              412.6404881761187,
              160.63217970701078
            ],
            [
              412.0411635209729,
              160.088677775157
            ],
            [
              411.7877466190497,
              159.813105305481
            ],
            [
              411.73000850533316,
              159.7641314567767
            ],
            [
              411.6787991548655,
              159.70907428671532
            ],
            [
              411.5564563128735,
              159.60573353884212
            ],
            [
              411.500116103127,
              159.54633030515777
            ],
            [
              411.32647786764267,
              159.40072122844884
            ],
            [
              411.192509563705,
              159.26160157819095
            ],
            [
              411.07949160194863,
              159.16961713649954
            ],
            [
              410.9130577718923,
              158.99946135539437
            ],
            [
              410.8339312965593,
              158.93642834106993
            ],
            [
              410.5763899085306,
              158.68077411093458
            ],
            [
              410.24792363464235,
              158.42528433642127
            ],
            [
              409.9524792096261,
              158.14362536769056
            ],
            [
              409.9045566556215,
              158.10818715396252
            ],
            [
              409.7181438191965,
              157.93326121154945
            ],
            [
              409.65846109776527,
              157.88999791341053
            ],
            [
              409.53047372935873,
              157.77109059234164
            ],
            [
              409.3539240485255,
              157.64569372959068
            ],
            [
              409.48335521390794,
              157.76306573140843
            ],
            [
              409.45013563829315,
              157.738985254357
            ],
            [
              409.21198409645933,
              157.52301579281615
            ],
            [
              408.53219790172767,
              157.05119809660866
            ],
            [
              408.38203462268325,
              156.92435793737536
            ],
            [
              408.2352889547093,
              156.79988729434797
            ],
            [
              407.91921604825455,
              156.5974933972132
            ],
            [
              407.7600287064262,
              156.4679320554978
            ],
            [
              407.65203342656315,
              156.40169375089175
            ],
            [
              407.4221137081334,
              156.2185371924283
            ],
            [
              407.37423719848067,
              156.19005485334637
            ],
            [
              407.1984902879569,
              156.05335424780398
            ],
            [
              406.85146210499255,
              155.8504565408396
            ],
            [
              406.49972861700223,
              155.5903534060266
            ],
            [
              406.4440769609994,
              155.55992891012053
            ],
            [
              406.2366723312175,
              155.40958374960496
            ],
            [
              406.1128971594924,
              155.34370936989174
            ],
            [
              405.9322486874616,
              155.21540128376213
            ],
            [
              405.78636184853315,
              155.14054841165452
            ],
            [
              405.9678761756614,
              155.26652775727737
            ],
            [
              405.9378668290561,
              155.2505564839971
            ],
            [
              405.6692186980259,
              155.06409647163395
            ],
            [
              405.00165867520707,
              154.7292668115299
            ],
            [
              404.715574346826,
              154.54607577886176
            ],
            [
              404.5370555707539,
              154.46491823146218
            ],
            [
              404.4718177228569,
              154.42372363425608
            ],
            [
              404.31457396518533,
              154.3546815418104
            ],
            [
              404.23285682290935,
              154.30456078682565
            ],
            [
              404.1367734697399,
              154.26325375369095
            ],
            [
              404.0593240567659,
              154.21797124042797
            ],
            [
              403.8371709173202,
              154.085809537501
            ],
            [
              403.8241271480642,
              154.08045816280213
            ],
            [
              403.73574845810947,
              154.02878560588167
            ],
            [
              403.37395831784056,
              153.88150963559164
            ],
            [
              402.96650891286413,
              153.65875898188781
            ],
            [
              402.9027601747975,
              153.63524248020673
            ],
            [
              402.6765034580446,
              153.51482640108574
            ],
            [
              402.48700491008714,
              153.4476860207333
            ],
            [
              402.2537724805286,
              153.3280171229086
            ],
            [
              402.1413385796721,
              153.2907934437136
            ],
            [
              402.37509725299907,
              153.40803652081382
            ],
            [
              402.3491602304201,
              153.39884689070922
            ],
            [
              402.0517212215281,
              153.24965970327312
            ],
            [
              401.401091554529,
              153.03925783933516
            ],
            [
              401.1328320719864,
              152.91730270302426
            ],
            [
              400.87665003887327,
              152.84516876338856
            ],
            [
              400.7374846706838,
              152.78406447309513
            ],
            [
              400.5729094833339,
              152.7412707539177
            ],
            [
              400.2223322674505,
              152.59855929253914
            ],
            [
              400.21998853073245,
              152.59780383089017
            ],
            [
              400.19708399554,
              152.59241689378774
            ],
            [
              400.1964304634278,
              152.59214877380307
            ],
            [
              400.19408721942324,
              152.59139345233973
            ],
            [
              399.85440292150395,
              152.5107229894635
            ],
            [
              399.3881977747347,
              152.33874289308184
            ],
            [
              399.31607977681,
              152.32420976289754
            ],
            [
              399.07348058290245,
              152.23825553091
            ],
            [
              398.81833229037125,
              152.19064020577088
            ],
            [
              398.5340754111086,
              152.09653080635954
            ],
            [
              398.4566802646269,
              152.08419727442453
            ],
            [
              398.7415181197728,
              152.1763052804931
            ],
            [
              398.7203529690122,
              152.17235547731957
            ],
            [
              398.39633309329366,
              152.0675733112716
            ],
            [
              397.77078676405836,
              151.9706415716824
            ],
            [
              397.52176545381093,
              151.90052389815327
            ],
            [
              397.1903074285699,
              151.86170850192062
            ],
            [
              396.9763120978291,
              151.8060642931184
            ],
            [
              396.8331249910013,
              151.79321002043181
            ],
            [
              396.533024519334,
              151.72194018515236
            ],
            [
              396.47938779523616,
              151.71804876411147
            ],
            [
              396.4574327950076,
              151.7128851489441
            ],
            [
              396.19749600456214,
              151.69575659929882
            ],
            [
              395.79755117144975,
              151.61516020876007
            ],
            [
              395.7169085372702,
              151.61185796532
            ],
            [
              395.4607487398797,
              151.56405387492543
            ],
            [
              395.141567363302,
              151.55590767622604
            ],
            [
              394.8091189902093,
              151.50292938478708
            ],
            [
              394.76726878165925,
              151.50317912363911
            ],
            [
              395.100864694177,
              151.554868856124
            ],
            [
              395.08499509277215,
              151.5544638295905
            ],
            [
              394.7370296256543,
              151.50054472485374
            ],
            [
              394.14344522694455,
              151.5049056652815
            ],
            [
              393.9143368589587,
              151.47807592695102
            ],
            [
              393.5121798711408,
              151.49502026572802
            ],
            [
              393.4382854542726,
              151.48799107705779
            ],
            [
              393.4353123532384,
              151.48817969226565
            ],
            [
              393.22398096294955,
              151.46920793301712
            ],
            [
              393.13841797854343,
              151.47565662582937
            ],
            [
              392.88406775759034,
              151.4572031535428
            ],
            [
              392.75260289433163,
              151.46875517114265
            ],
            [
              392.70857779349785,
              151.46585413460915
            ],
            [
              392.54528447142445,
              151.4819828083957
            ],
            [
              392.224628338067,
              151.46885222773003
            ],
            [
              392.13544323828467,
              151.47918489027828
            ],
            [
              391.8686863647006,
              151.4723766782211
            ],
            [
              391.4871653373522,
              151.5227529632419
            ],
            [
              391.109489079513,
              151.52500672585143
            ],
            [
              390.5371979862435,
              151.6203670890755
            ],
            [
              390.339743820881,
              151.6286865523005
            ],
            [
              389.92766663577305,
              151.7107067167483
            ],
            [
              389.8739716825997,
              151.71411315488763
            ],
            [
              389.82159871451984,
              151.72563795474557
            ],
            [
              389.5129287645948,
              151.74890172588712
            ],
            [
              389.4828853680994,
              151.75607022609475
            ],
            [
              389.27681154405144,
              151.77417824662027
            ],
            [
              389.06973293473493,
              151.8252671279645
            ],
            [
              389.00540575855354,
              151.8316207989375
            ],
            [
              388.9356055672472,
              151.84990649000264
            ],
            [
              388.69681216006575,
              151.8775722290236
            ],
            [
              388.59922417194406,
              151.90407859628718
            ],
            [
              388.3249341089605,
              151.9402960349094
            ],
            [
              387.92638255625053,
              152.0554049756538
            ],
            [
              387.5325401491551,
              152.12103059072336
            ],
            [
              387.0082610503433,
              152.29178748232906
            ],
            [
              386.82448255524724,
              152.3283668973827
            ],
            [
              386.4076276639796,
              152.4768906432487
            ],
            [
              386.37225113599027,
              152.48467533485055
            ],
            [
              386.32560684771624,
              152.50227733446826
            ],
            [
              385.7380349670707,
              152.64723866191156
            ],
            [
              385.4865358329688,
              152.74953162678685
            ],
            [
              385.2389036352747,
              152.81679226106564
            ],
            [
              385.13322825184866,
              152.86211876492948
            ],
            [
              384.8544985713949,
              152.94262096860137
            ],
            [
              384.43854884955,
              153.1287387716719
            ],
            [
              384.0363655381127,
              153.25972925416727
            ],
            [
              384.03198603967974,
              153.26186345100763
            ],
            [
              384.03196533990166,
              153.26187019284077
            ],
            [
              383.56287789894725,
              153.49046371149305
            ],
            [
              383.3924774707798,
              153.55117670879557
            ],
            [
              382.97601451671267,
              153.7663018294224
            ],
            [
              382.95663298876286,
              153.77361577203195
            ],
            [
              382.91923521069776,
              153.79373717967107
            ],
            [
              382.29185637847183,
              154.0489127733241
            ],
            [
              382.066662820716,
              154.1774363474614
            ],
            [
              381.8732708935246,
              154.26038641256184
            ],
            [
              381.7600163664195,
              154.32725521495905
            ],
            [
              381.47991077708986,
              154.4525892016792
            ],
            [
              381.0507517729425,
              154.71466137766453
            ],
            [
              380.63953873294923,
              154.9150518113471
            ],
            [
              380.6294340372907,
              154.92166394675374
            ],
            [
              380.6264922306472,
              154.92309751744367
            ]
          ]
        ]
      }
    }
  ]
}