{
  "type": "FeatureCollection",
  "features": [
    {
      "type": "Feature",
      "properties": {
        "method": "Homography",
        "mode": "tmpl2img",
        "inside_ratio": 0.8322259136212624
      },
      "geometry": {
        "type": "Polygon",
        "coordinates": [
          [
            [
              12.12870250946553,
              282.5888426601177
            ],
            [
              12.05094958354283,
              282.6239284019081
            ],
            [
              11.634538096110747,
              282.8524662792733
            ],
            [
              11.16259608876003,
              283.0690609300485
            ],
            [
              10.873202509927713,
              283.2309320803122
            ],
            [
              10.821383613342492,
              283.25492204567985
            ],
            [
              10.33181453910818,
              283.53145782499064
            ],
            [
              10.023868328779589,
              283.6800148718567
            ],
            [
              9.208685575254568,
              284.1396473583334
            ],
            [
              8.730593030661193,
              284.3711193516685
            ],
            [
              7.81840437999262,
              284.91314145534955
            ],
            [
              6.37508546015562,
              285.6534858550511
            ],
            [
              6.041180504075747,
              285.8621935238441
            ],
            [
              5.653532013006535,
              286.0640918605864
            ],
            [
              5.316411826488952,
              286.278362070447
            ],
            [
              5.139130278709034,
              286.37437730850195
            ],
            [
              4.577640412143163,
              286.67436364954744
            ],
            [
              4.54006165819839,
              286.69883135874085
            ],
            [
              4.1185472215305206,
              286.9271225119171
            ],
            [
              3.649686882099022,
              287.23476840730996
            ],
            [
              3.6178673849298892,
              287.25223180724606
            ],
            [
              3.2720108579124494,
              287.4826284760818
            ],
            [
              2.6954998592526787,
              287.80509761609653
            ],
            [
              2.3524545832598585,
              288.0386431026516
            ],
            [
              2.3378842894731453,
              288.0468732130883
            ],
            [
              2.1187428328657285,
              288.19775424126686
            ],
            [
              1.7350444332961887,
              288.4589764054784
            ],
            [
              1.517486072722723,
              288.5841777141378
            ],
            [
              0.9646898836830745,
              288.9730462873673
            ],
            [
              0.6049512827061907,
              289.1855434991659
            ],
            [
              0.4921321512558365,
              289.26640926090613
            ],
            [
              0.17362491997583065,
              289.45566612066654
            ],
            [
              -0.5317056744107856,
              289.9705834311516
            ],
            [
              -1.6918422216134965,
              290.6957280863627
            ],
            [
              -1.9801874532256554,
              290.9160074012105
            ],
            [
              -2.402692832929577,
              291.18454758360406
            ],
            [
              -2.578641725162692,
              291.3215285148214
            ],
            [
              -3.5083173623513937,
              291.931541496882
            ],
            [
              -3.980143062133039,
              292.30836502493304
            ],
            [
              -3.950663301588711,
              292.28856184791704
            ],
            [
              -3.962890478443271,
              292.29832708899085
            ],
            [
              -3.715849657585067,
              292.1323761297923
            ],
            [
              -3.7563298942216057,
              292.1646459319918
            ],
            [
              -4.014449802857648,
              292.3365957506716
            ],
            [
              -4.291824634646593,
              292.562073481545
            ],
            [
              -4.942071894374201,
              293.0047623138438
            ],
            [
              -5.888392296643848,
              293.7938977015826
            ],
            [
              -6.121578171703578,
              293.95793403238565
            ],
            [
              -6.448261758641536,
              294.2410995733771
            ],
            [
              -6.657932679353085,
              294.3913861293852
            ],
            [
              -7.009175299158284,
              294.69937481562175
            ],
            [
              -7.458056511176485,
              295.0270746322179
            ],
            [
              -8.002767753009902,
              295.51691532895734
            ],
            [
              -8.20924875130418,
              295.67465503763503
            ],
            [
              -8.296934042118185,
              295.7407224230056
            ],
            [
              -8.302675609512642,
              295.7460278298945
            ],
            [
              -8.874612412111878,
              296.18295493393697
            ],
            [
              -9.11045411736772,
              296.40568721981913
            ],
            [
              -9.161759138265388,
              296.4466619674677
            ],
            [
              -9.554769825964307,
              296.7526313276263
            ],
            [
              -9.602147492092875,
              296.79837806364
            ],
            [
              -10.286635948862045,
              297.3450446723264
            ],
            [
              -10.737273192962032,
              297.7886965329028
            ],
            [
              -10.711989584487352,
              297.76794127213356
            ],
            [
              -10.72657932842039,
              297.78230487349083
            ],
            [
              -10.622824526841873,
              297.69713273066526
            ],
            [
              -10.687930736039474,
              297.7614619078748
            ],
            [
              -10.777071737158288,
              297.8339245409493
            ],
            [
              -10.990339650969915,
              298.0484051538463
            ],
            [
              -11.67916986405837,
              298.62281979817595
            ],
            [
              -12.573134373844775,
              299.5500680582386
            ],
            [
              -12.81283407464191,
              299.75783697643544
            ],
            [
              -12.957668683064385,
              299.91533825251554
            ],
            [
              -13.040157070967856,
              299.98766857004824
            ],
            [
              -13.348913187858653,
              300.3245260473841
            ],
            [
              -13.689610074150579,
              300.63090342192874
            ],
            [
              -14.101046058972194,
              301.09195276559626
            ],
            [
              -14.582386208835116,
              301.5397356102632
            ],
            [
              -14.740004487635645,
              301.722315256841
            ],
            [
              -15.104615112236372,
              302.06665875531985
            ],
            [
              -15.208102151139522,
              302.19022261975425
            ],
            [
              -16.155073219758172,
              303.1225145729919
            ],
            [
              -16.566633946968132,
              303.6338769891684
            ],
            [
              -16.54579907988406,
              303.6126743217178
            ],
            [
              -16.5613286305718,
              303.631969746016
            ],
            [
              -16.539720321717372,
              303.6099799636588
            ],
            [
              -16.790408837435464,
              303.9243584979221
            ],
            [
              -17.45172053030237,
              304.61029189891883
            ],
            [
              -18.254223047163283,
              305.67510851915756
            ],
            [
              -18.489819869840343,
              305.9313097173104
            ],
            [
              -18.76183289889036,
              306.3147645584477
            ],
            [
              -18.98371319180614,
              306.5634004755644
            ],
            [
              -19.247439574559753,
              306.9435745639932
            ],
            [
              -19.639205055321398,
              307.3973823556103
            ],
            [
              -19.642483089040265,
              307.4016671630311
            ],
            [
              -19.848546481265977,
              307.7116390598798
            ],
            [
              -20.246327298068067,
              308.20587999721215
            ],
            [
              -20.320654581883993,
              308.29462701827686
            ],
            [
              -20.33163659198414,
              308.3118764244102
            ],
            [
              -21.058977138665217,
              309.21559389486185
            ],
            [
              -21.22187368050087,
              309.4816829649307
            ],
            [
              -21.25651814093981,
              309.5251292100117
            ],
            [
              -21.651768378259202,
              310.1821947214321
            ],
            [
              -21.728133566271502,
              310.28089292754476
            ],
            [
              -21.737354499678638,
              310.2967716082954
            ],
            [
              -22.203073332717263,
              310.91472001762463
            ],
            [
              -22.770517199296446,
              311.92672975046315
            ],
            [
              -22.92213119065518,
              312.1388518541856
            ],
            [
              -23.00645694032508,
              312.29838101668014
            ],
            [
              -23.0942028462404,
              312.422075798984
            ],
            [
              -23.22874195269607,
              312.68281076236093
            ],
            [
              -23.295854581125976,
              312.77955679918136
            ],
            [
              -23.55346921430929,
              313.28478776346424
            ],
            [
              -23.981289508317165,
              313.9283385980445
            ],
            [
              -24.1103825733635,
              314.2000191340917
            ],
            [
              -24.950867468505344,
              315.5729386671365
            ],
            [
              -25.094991073006828,
              315.9062213436838
            ],
            [
              -25.16748776033107,
              316.02674011491905
            ],
            [
              -25.433103993226023,
              316.66094579177104
            ],
            [
              -25.49776621440489,
              316.77229577352404
            ],
            [
              -25.52341959945683,
              316.83640308840563
            ],
            [
              -25.884545676506903,
              317.4804546436012
            ],
            [
              -26.239427760363057,
              318.41458074579873
            ],
            [
              -26.337164811614535,
              318.5994816804684
            ],
            [
              -26.457490174076174,
              318.94008101956393
            ],
            [
              -26.576378243331387,
              319.170484485139
            ],
            [
              -26.811292473292493,
              319.8736414950305
            ],
            [
              -26.94973667655452,
              320.1588389269071
            ],
            [
              -26.96368198025712,
              320.2048801395335
            ],
            [
              -27.19750566865821,
              320.69696966411533
            ],
            [
              -27.26429809603367,
              320.9226962881292
            ],
            [
              -27.790920093670156,
              322.1404981153007
            ],
            [
              -27.895276538729743,
              322.5398176842476
            ],
            [
              -27.980526685379086,
              322.7433674687117
            ],
            [
              -28.127623927035156,
              323.34425951726564
            ],
            [
              -28.177932533097138,
              323.4699797543127
            ],
            [
              -28.204767515331536,
              323.58777840302014
            ],
            [
              -28.455962024138604,
              324.2489764687404
            ],
            [
              -28.630893396110157,
              325.0922312051702
            ],
            [
              -28.68478804413811,
              325.24478824819477
            ],
            [
              -28.77891555739971,
              325.75379920577643
            ],
            [
              -28.811973179350236,
              325.8520735440367
            ],
            [
              -28.815446335675006,
              325.87257496735594
            ],
            [
              -28.896060279424855,
              326.1138726514165
            ],
            [
              -29.000293239739513,
              326.768160193123
            ],
            [
              -29.048112036026556,
              326.951138648454
            ],
            [
              -29.253446759566014,
              327.6450723136677
            ],
            [
              -29.274732677863927,
              327.81830173512634
            ],
            [
              -29.547442555045752,
              328.8618251182896
            ],
            [
              -29.591539956779037,
              329.32435467142733
            ],
            [
              -29.662649121516566,
              329.61483552061395
            ],
            [
              -29.704949620669346,
              330.1731908052681
            ],
            [
              -29.73715013750713,
              330.31454276659525
            ],
            [
              -29.74647449588647,
              330.46987751097754
            ],
            [
              -29.88228802215494,
              331.1245651064941
            ],
            [
              -29.912313299709403,
              331.8828453277365
            ],
            [
              -29.937184129948196,
              332.01733868336333
            ],
            [
              -29.948113354332655,
              332.5585066835219
            ],
            [
              -29.954662102937906,
              332.5971627803928
            ],
            [
              -29.955624388073122,
              332.76493191179713
            ],
            [
              -30.022857983306732,
              333.18696831576375
            ],
            [
              -30.01577866366389,
              333.7741166032018
            ],
            [
              -30.047676121152328,
              334.1086831803242
            ],
            [
              -30.12127969095194,
              334.70768500095045
            ],
            [
              -30.115794529576416,
              334.823164663849
            ],
            [
              -30.19733435563863,
              335.6784209335948
            ],
            [
              -30.161513826421757,
              336.19971631116385
            ],
            [
              -30.190231234633664,
              336.5787784252664
            ],
            [
              -30.14367453927461,
              337.086844029951
            ],
            [
              -30.1531371896512,
              337.2444825845575
            ],
            [
              -30.132349936972464,
              337.4398107769992
            ],
            [
              -30.157545596105056,
              338.07612029808087
            ],
            [
              -30.072964846333765,
              338.7406134702428
            ],
            [
              -30.075331873164227,
              338.85781841830686
            ],
            [
              -29.943438711186882,
              339.77388513470675
            ],
            [
              -29.936825917754035,
              340.32234042919043
            ],
            [
              -29.843142067716638,
              340.8329735461923
            ],
            [
              -29.80166151447717,
              341.4366391294386
            ],
            [
              -29.78355566195995,
              341.817823492579
            ],
            [
              -29.771761739219972,
              341.8717699042451
            ],
            [
              -29.726523746846738,
              342.53011741695366
            ],
            [
              -29.595003958132555,
              343.0925151831758
            ],
            [
              -29.589564827559403,
              343.1592093836131
            ],
            [
              -29.58857377332175,
              343.1631578217322
            ],
            [
              -29.588542769451,
              343.1635379876168
            ],
            [
              -29.58585372815528,
              343.1742513410073
            ],
            [
              -29.549491389532207,
              343.571067597364
            ],
            [
              -29.43177794189664,
              344.02276156812286
            ],
            [
              -29.413275921242175,
              344.19661649291095
            ],
            [
              -29.348458840062417,
              344.4325622370309
            ],
            [
              -29.270885230480733,
              345.04200509544506
            ],
            [
              -29.10378112051261,
              345.6057445007096
            ],
            [
              -29.089428420872245,
              345.7054314763845
            ],
            [
              -28.757452730395517,
              346.77411169830026
            ],
            [
              -28.74614770588125,
              346.8122501246815
            ],
            [
              -28.628977353794994,
              347.45089875068163
            ],
            [
              -28.475864720402374,
              347.878117513828
            ],
            [
              -28.130370925797674,
              349.35549928451053
            ],
            [
              -27.88062323305601,
              349.97490419737005
            ],
            [
              -27.73693107491565,
              350.52628454330755
            ],
            [
              -27.567010837339566,
              350.9173509219581
            ],
            [
              -27.51503696720461,
              351.1065450856104
            ],
            [
              -27.391560068300283,
              351.3820624969128
            ],
            [
              -27.281677064892424,
              351.7527618112643
            ],
            [
              -27.262928865502268,
              351.81698198300097
            ],
            [
              -27.2621404131787,
              351.81867030638915
            ],
            [
              -27.22105746583738,
              351.9572669950327
            ],
            [
              -27.004746284075306,
              352.41634023408113
            ],
            [
              -26.979273289524947,
              352.4983416765075
            ],
            [
              -26.442482552334333,
              353.6096222014281
            ],
            [
              -26.35578356238062,
              353.79362187179044
            ],
            [
              -26.1017450852555,
              354.50244649052553
            ],
            [
              -26.10076804966879,
              354.5046260598282
            ],
            [
              -25.911661614444082,
              354.85817053072486
            ],
            [
              -25.414025938362602,
              356.0923680490045
            ],
            [
              -25.03342898541362,
              356.7483142844954
            ],
            [
              -24.759722815525503,
              357.3782409030158
            ],
            [
              -24.557242631383314,
              357.70635319385
            ],
            [
              -24.46635118648381,
              357.9091617825861
            ],
            [
              -24.27938393015105,
              358.20568618536964
            ],
            [
              -24.077282727954703,
              358.6384481607203
            ],
            [
              -24.0616103311958,
              358.66250348764396
            ],
            [
              -24.017410396498533,
              358.7563081953949
            ],
            [
              -23.785615315598896,
              359.1099496342917
            ],
            [
              -23.75460125342522,
              359.17415588991946
            ],
            [
              -22.97968672967164,
              360.3396524701733
            ],
            [
              -22.631065357843855,
              360.9914185420153
            ],
            [
              -22.317057520609584,
              361.42989048403103
            ],
            [
              -21.592728175148448,
              362.6782481067873
            ],
            [
              -21.067897777797686,
              363.3607185248562
            ],
            [
              -20.63602976046384,
              364.0605460418361
            ],
            [
              -20.42075511483285,
              364.3253545564154
            ],
            [
              -20.285914136753615,
              364.5392082614872
            ],
            [
              -20.03510292172228,
              364.84272937252234
            ],
            [
              -19.751212950702932,
              365.27846783489724
            ],
            [
              -19.712937513339682,
              365.32348804312653
            ],
            [
              -19.68018776676279,
              365.3734531565274
            ],
            [
              -19.466192155326198,
              365.62406228005074
            ],
            [
              -19.435350439117645,
              365.670449221664
            ],
            [
              -18.51163291812299,
              366.7436811534873
            ],
            [
              -18.12064103861768,
              367.28965150322944
            ],
            [
              -17.64799908290068,
              367.8078307802191
            ],
            [
              -16.692033260655208,
              369.0509340716057
            ],
            [
              -16.492661420040466,
              369.2554648958032
            ],
            [
              -16.417517149933765,
              369.3526314342861
            ],
            [
              -15.944778474026949,
              369.83123622709365
            ],
            [
              -15.395240425352805,
              370.5072208696262
            ],
            [
              -15.186468879422568,
              370.7103409596549
            ],
            [
              -15.003407249592236,
              370.93187439174915
            ],
            [
              -14.684120242488124,
              371.238466845962
            ],
            [
              -14.316098469355513,
              371.67134019765115
            ],
            [
              -14.248094824574654,
              371.7349483385865
            ],
            [
              -14.240740500154185,
              371.74356094883746
            ],
            [
              -14.076541144710086,
              371.8966440491588
            ],
            [
              -14.051851060367504,
              371.92533051045785
            ],
            [
              -13.00619797032153,
              372.89685242832286
            ],
            [
              -12.600548854838124,
              373.34158435029775
            ],
            [
              -11.933759289960808,
              373.93233404256694
            ],
            [
              -10.745553859099516,
              375.15128570264926
            ],
            [
              -10.745498763425985,
              375.15133124169597
            ],
            [
              -10.74338817676434,
              375.1534964422889
            ],
            [
              -10.44033320561413,
              375.40398502356715
            ],
            [
              -10.184714481068246,
              375.662775668236
            ],
            [
              -9.642649223638482,
              376.1040891477524
            ],
            [
              -9.078101371402102,
              376.65335466217704
            ],
            [
              -8.996095230683048,
              376.7179469571855
            ],
            [
              -8.97151375205284,
              376.74180554572814
            ],
            [
              -8.86896870929169,
              376.8224133910084
            ],
            [
              -8.65961913262131,
              377.02343942424255
            ],
            [
              -8.267874624163351,
              377.32862924416924
            ],
            [
              -7.814656876284363,
              377.75255267465116
            ],
            [
              -6.463259265312417,
              378.77898488466036
            ],
            [
              -6.111459707724553,
              379.09066564772104
            ],
            [
              -5.010903475960919,
              379.89165320134884
            ],
            [
              -3.461824269964317,
              381.17203692556217
            ],
            [
              -3.2079451536018566,
              381.34279722554317
            ],
            [
              -2.882560235112942,
              381.60770398462444
            ],
            [
              -2.280860853172368,
              382.00721427511206
            ],
            [
              -1.7367305403893332,
              382.43579956615685
            ],
            [
              -1.6874786052941118,
              382.46758577216366
            ],
            [
              -1.6277526184736848,
              382.514534732108
            ],
            [
              -1.5320678300106925,
              382.57618120256666
            ],
            [
              -1.306450412200286,
              382.7519491779361
            ],
            [
              -0.8390833074203401,
              383.0507368184018
            ],
            [
              -0.3009344152921145,
              383.4594791102141
            ],
            [
              1.0363034951567685,
              384.2928254252515
            ],
            [
              1.2963779834020652,
              384.48210828249285
            ],
            [
              2.616102594294944,
              385.2773321816589
            ],
            [
              2.9652077802743366,
              385.49488922070515
            ],
            [
              4.844494155707874,
              386.7589061662838
            ],
            [
              5.026408637644407,
              386.85902141427044
            ],
            [
              5.424185812303254,
              387.1231334931052
            ],
            [
              6.074331867059623,
              387.47690177554983
            ],
            [
              6.565505365744084,
              387.7938952497131
            ],
            [
              6.571859520122465,
              387.797267291658
            ],
            [
              6.674253675579264,
              387.86323638016626
            ],
            [
              6.758564005875948,
              387.90791031357827
            ],
            [
              6.993213779341686,
              388.0579218386392
            ],
            [
              7.538383112301168,
              388.3448224907506
            ],
            [
              8.159842272447337,
              388.7321063816794
            ],
            [
              9.427551797476264,
              389.3816939171605
            ],
            [
              9.563289033676128,
              389.46348484030875
            ],
            [
              10.493694785713469,
              389.92799666437554
            ],
            [
              11.954871861667895,
              390.67671898359004
            ],
            [
              12.707507448444838,
              391.08625557447465
            ],
            [
              14.098024499886344,
              391.85151603069096
            ],
            [
              14.188722246872473,
              391.89223880138076
            ],
            [
              14.658967718370791,
              392.14811658693816
            ],
            [
              15.290830121081703,
              392.4289445327094
            ],
            [
              15.860297532372627,
              392.7306910579989
            ],
            [
              15.929401900963578,
              392.7606775595865
            ],
            [
              16.165778097063335,
              392.88507282671736
            ],
            [
              16.726723191296916,
              393.1269825205773
            ],
            [
              17.152192834605216,
              393.34617203819903
            ],
            [
              17.222572566519712,
              393.37594357010244
            ],
            [
              17.491567346653444,
              393.51377929101335
            ],
            [
              21.678006972824623,
              395.2676919353639
            ],
            [
              22.192114477417963,
              395.496184331495
            ],
            [
              22.650487879945768,
              395.70783569367006
            ],
            [
              22.767039446310566,
              395.75170673208714
            ],
            [
              24.733883008292878,
              396.62586008381226
            ],
            [
              25.326515270796406,
              396.8383728014748
            ],
            [
              25.84568158849967,
              397.0636549642078
            ],
            [
              25.896473539669806,
              397.0814720461324
            ],
            [
              26.127370183266923,
              397.1810470971343
            ],
            [
              26.642851147981112,
              397.36084258435886
            ],
            [
              27.038158978464697,
              397.5280628815494
            ],
            [
              27.231180384705187,
              397.59419892772917
            ],
            [
              27.607722104091952,
              397.75195141951696
            ],
            [
              32.14892964307952,
              399.28483059830523
            ],
            [
              32.24420494235072,
              399.3189954827625
            ],
            [
              32.96163995871155,
              399.589044355949
            ],
            [
              33.18291079157754,
              399.6556071452102
            ],
            [
              35.55032293107676,
              400.50454031915206
            ],
            [
              36.08622386773617,
              400.6558890983017
            ],
            [
              36.535827863820295,
              400.8136036780089
            ],
            [
              36.56595154638162,
              400.8219377421543
            ],
            [
              36.78444176128936,
              400.8981453178579
            ],
            [
              37.23896426080377,
              401.02322407820355
            ],
            [
              37.591273505763034,
              401.1439378422751
            ],
            [
              37.9207607228161,
              401.2331052828823
            ],
            [
              38.412015269181175,
              401.39892766803814
            ],
            [
              43.72440630535291,
              402.8267044619549
            ],
            [
              43.897858154663076,
              402.87888232355544
            ],
            [
              44.03704007897753,
              402.9107290083329
            ],
            [
              44.723617945579754,
              403.0952560769289
            ],
            [
              46.999810086677655,
              403.73809671798074
            ],
            [
              47.46332271072923,
              403.83683634511846
            ],
            [
              47.47363969932276,
              403.8396754480101
            ],
            [
              47.827064648031396,
              403.9374545354709
            ],
            [
              47.83492396696364,
              403.93909624318525
            ],
            [
              48.03454266884365,
              403.99402874883583
            ],
            [
              48.180870757334866,
              404.0244394336782
            ],
            [
              48.44689234471273,
              404.0959363258596
            ],
            [
              48.66592852167146,
              404.1410150951876
            ],
            [
              48.712832667564115,
              404.1537085243323
            ],
            [
              51.1067686138002,
              404.64335251275867
            ],
            [
              55.31372063998485,
              405.50916483020285
            ],
            [
              56.46521388484113,
              405.75446130703426
            ],
            [
              56.547203667973335,
              405.77322166540324
            ],
            [
              56.57110227607669,
              405.7770181473972
            ],
            [
              58.96503472496155,
              406.28698483466053
            ],
            [
              59.32299723178463,
              406.340055663904
            ],
            [
              59.767268218124194,
              406.43238643298633
            ],
            [
              59.87632205975759,
              406.4481716180705
            ],
            [
              60.0966034047722,
              406.4935066493826
            ],
            [
              60.28324036193489,
              406.5202633104413
            ],
            [
              60.2966999641077,
              406.5230162718595
            ],
            [
              61.27420328730436,
              406.6623298096112
            ],
            [
              64.67493515609875,
              407.14986577975986
            ],
            [
              64.66687110394055,
              407.17118422989273
            ],
            [
              64.6816522236823,
              407.1734256754627
            ],
            [
              65.72434677324355,
              407.30031160454007
            ],
            [
              67.61143860839547,
              407.5708490018152
            ],
            [
              67.82708460332006,
              407.60657259893645
            ],
            [
              67.9550594127388,
              407.620111192624
            ],
            [
              68.01279585646482,
              407.6283884088797
            ],
            [
              71.32108483353863,
              408.11886893703644
            ],
            [
              71.56295750211012,
              408.13977368107356
            ],
            [
              71.86537503649154,
              408.18354762504407
            ],
            [
              71.91362929554666,
              408.18761997682117
            ],
            [
              72.09250798128909,
              408.21326439601063
            ],
            [
              75.71478210724472,
              408.51605179402094
            ],
            [
              76.63352353049503,
              408.6278538161168
            ],
            [
              78.35390332456672,
              408.7366570322324
            ],
            [
              79.09446122136124,
              408.7985605742744
            ],
            [
              79.84126922122346,
              408.8775662013936
            ],
            [
              80.30327833303022,
              408.89960609848407
            ],
            [
              80.99942606713404,
              408.95779737659086
            ],
            [
              81.2282139726295,
              408.98082537358925
            ],
            [
              81.3170720719417,
              408.98434953800563
            ],
            [
              81.85974351996535,
              409.0297116696455
            ],
            [
              83.93685844943359,
              409.2092340447924
            ],
            [
              84.03942735835972,
              409.211912346609
            ],
            [
              84.32441781949457,
              409.23573481757063
            ],
            [
              85.6148813133207,
              409.26822834036017
            ],
            [
              85.69636678534202,
              409.2745473135526
            ],
            [
              86.532436648868,
              409.29133213628165
            ],
            [
              87.51589221435083,
              409.3160952822235
            ],
            [
              88.77360862591759,
              409.3956379454306
            ],
            [
              90.96393491913541,
              409.4081670080237
            ],
            [
              92.01155974209829,
              409.4581433887902
            ],
            [
              92.83713513369447,
              409.45008274401414
            ],
            [
              93.44764716616196,
              409.46545527236026
            ],
            [
              94.04646501943073,
              409.48920474020105
            ],
            [
              94.23497677418024,
              409.4852800195808
            ],
            [
              96.6687314123415,
              409.54656130508647
            ],
            [
              96.68156751682454,
              409.54651158664007
            ],
            [
              97.65579195170463,
              409.514643076096
            ],
            [
              97.86144925326944,
              409.51877182358464
            ],
            [
              99.49222151072081,
              409.45792033735006
            ],
            [
              99.80137972324373,
              409.4617519920278
            ],
            [
              99.85849605934628,
              409.45904550664665
            ],
            [
              100.98163810976283,
              409.4654700823366
            ],
            [
              103.22868211631956,
              409.34862311994095
            ],
            [
              104.2170302218241,
              409.3389732162862
            ],
            [
              105.28211647345667,
              409.26683513130774
            ],
            [
              106.33911433825388,
              409.23327791852284
            ],
            [
              106.88124019896311,
              409.2219911287659
            ],
            [
              106.99892052544115,
              409.21233061356315
            ],
            [
              108.64530334133266,
              409.1600618055377
            ],
            [
              108.73359700261422,
              409.1522695465311
            ],
            [
              108.87209188789038,
              409.1477391472164
            ],
            [
              109.04051726938928,
              409.1323751669185
            ],
            [
              109.08683603100336,
              409.13084288403
            ],
            [
              109.13845035108473,
              409.12607536759725
            ],
            [
              109.14404954441672,
              409.1258885350911
            ],
            [
              109.16940385600452,
              409.12352430831606
            ],
            [
              109.19890327133645,
              409.12077987638503
            ],
            [
              109.25226475428661,
              409.1189902853642
            ],
            [
              109.28979536523225,
              409.11547134468594
            ],
            [
              109.36081933885755,
              409.1130936155861
            ],
            [
              109.39207811128385,
              409.11016849181004
            ],
            [
              109.39798005961944,
              409.10997020289767
            ],
            [
              109.52832504387084,
              409.09772487710495
            ],
            [
              109.64486654997444,
              409.09376030313
            ],
            [
              109.89829789581681,
              409.0696225777868
            ],
            [
              110.00329232359466,
              409.0657047609673
            ],
            [
              110.37593752123514,
              409.0300280753405
            ],
            [
              110.79186401324336,
              409.01449916997456
            ],
            [
              111.89760970058023,
              408.8978362850941
            ],
            [
              113.13545042549606,
              408.83346819607726
            ],
            [
              115.40977699939542,
              408.5808906507539
            ],
            [
              116.33525726343558,
              408.51820805221115
            ],
            [
              117.27684513516586,
              408.3982946717582
            ],
            [
              120.30789951227256,
              408.13079233435843
            ],
            [
              120.78082141342044,
              408.06140949675006
            ],
            [
              120.92645774539005,
              408.04812436291314
            ],
            [
              120.9585713461183,
              408.0432468644946
            ],
            [
              121.1869289680003,
              408.02237125188344
            ],
            [
              121.4586968803254,
              407.9810021576199
            ],
            [
              121.72580788816606,
              407.95600652600314
            ],
            [
              121.79317496548109,
              407.9454973176257
            ],
            [
              121.81125092192285,
              407.94379916270975
            ],
            [
              121.95207623858477,
              407.92173991181073
            ],
            [
              122.00040932721336,
              407.9171125493224
            ],
            [
              122.0026853471207,
              407.91675658644675
            ],
            [
              122.22867619155356,
              407.895232394502
            ],
            [
              123.72516012461233,
              407.6574177061455
            ],
            [
              125.11248047920196,
              407.50334749751204
            ],
            [
              127.38273480104793,
              407.1112863863857
            ],
            [
              128.24382363113008,
              407.0016247439789
            ],
            [
              129.05648754499958,
              406.8472783730433
            ],
            [
              131.73663008563,
              406.4540720229031
            ],
            [
              132.32601602597012,
              406.33127168238684
            ],
            [
              132.34659709523217,
              406.3281974482801
            ],
            [
              132.42271576101214,
              406.31203569749067
            ],
            [
              133.00742329772118,
              406.22303026267764
            ],
            [
              133.4004813517675,
              406.1378989153491
            ],
            [
              133.66868238551245,
              406.0963152004868
            ],
            [
              133.72093578960994,
              406.08477648761465
            ],
            [
              133.81185675659108,
              406.07059289191534
            ],
            [
              133.91245741755995,
              406.04823409935756
            ],
            [
              133.94228236338157,
              406.0435622407846
            ],
            [
              134.0947598478331,
              406.0095262239482
            ],
            [
              134.5183568725491,
              405.94221003551263
            ],
            [
              135.69006030476316,
              405.6766544880425
            ],
            [
              136.79129274648284,
              405.4864773741549
            ],
            [
              137.72509771968808,
              405.2638717887142
            ],
            [
              137.9266520990836,
              405.22873679797357
            ],
            [
              138.22797459805548,
              405.1534038975785
            ],
            [
              138.22808879374185,
              405.15338368549476
            ],
            [
              139.02932510232287,
              404.9531727549124
            ],
            [
              139.8218582501868,
              404.80264974886836
            ],
            [
              140.50343306005058,
              404.6274821488649
            ],
            [
              142.822888760829,
              404.14421654923166
            ],
            [
              143.4704286959225,
              403.96635108225877
            ],
            [
              143.60428940385012,
              403.93792936230795
            ],
            [
              143.76210462872663,
              403.8937038378159
            ],
            [
              144.44712967172057,
              403.7453361749132
            ],
            [
              144.86774037375667,
              403.6249466191065
            ],
            [
              145.0796794223188,
              403.5781769217025
            ],
            [
              145.10362715838653,
              403.57122527174664
            ],
            [
              145.28666009925823,
              403.5308075307945
            ],
            [
              145.4371223387264,
              403.4868434507868
            ],
            [
              145.4894392190239,
              403.47521587038403
            ],
            [
              145.59994646504694,
              403.44270306675475
            ],
            [
              145.62346998563893,
              403.43746352785973
            ],
            [
              145.6426592987018,
              403.43180465669735
            ],
            [
              145.6600175775351,
              403.42792994252557
            ],
            [
              145.81772377388418,
              403.3813149479971
            ],
            [
              146.3773571212893,
              403.2544793205965
            ],
            [
              146.39038598585063,
              403.2505651073547
            ],
            [
              146.4043753590168,
              403.24739454714023
            ],
            [
              147.25118803921322,
              402.99298978076087
            ],
            [
              148.05312797736272,
              402.80181891045095
            ],
            [
              149.7753165790457,
              402.26799120414853
            ],
            [
              149.8617549300506,
              402.24639220456703
            ],
            [
              149.88184079129337,
              402.2398493368582
            ],
            [
              150.70747133562404,
              402.03343546544136
            ],
            [
              151.72975877637842,
              401.6976885303465
            ],
            [
              153.46117430949576,
              401.22210545720026
            ],
            [
              154.01091671594602,
              401.0310077512163
            ],
            [
              154.05691858527075,
              401.0182073736709
            ],
            [
              154.18816335419578,
              400.97194571291703
            ],
            [
              154.39036149509212,
              400.9152824927529
            ],
            [
              154.621724046791,
              400.833106668223
            ],
            [
              155.38904352451772,
              400.6134801807477
            ],
            [
              155.77142891696644,
              400.47453072624876
            ],
            [
              155.92857842405917,
              400.42891270367335
            ],
            [
              156.02960258027178,
              400.39179016393894
            ],
            [
              156.3800833454303,
              400.2893819819553
            ],
            [
              156.61726411871456,
              400.2012515031959
            ],
            [
              156.6332788333991,
              400.196539746338
            ],
            [
              156.70672192112812,
              400.16904560721423
            ],
            [
              156.7842754844664,
              400.14617529282714
            ],
            [
              157.0136605827126,
              400.06008666677957
            ],
            [
              157.7008259973407,
              399.8536441313077
            ],
            [
              158.28082581317898,
              399.6315340350687
            ],
            [
              158.78343108471577,
              399.4757412148077
            ],
            [
              160.32352989480037,
              398.8752609048764
            ],
            [
              161.33525897396171,
              398.5429816222259
            ],
            [
              162.24814906899684,
              398.1676372200706
            ],
            [
              163.55036285934213,
              397.71497054360225
            ],
            [
              164.10745106152754,
              397.47555704481107
            ],
            [
              164.22321779293534,
              397.43475114222906
            ],
            [
              164.3701342952221,
              397.37064636893604
            ],
            [
              164.59863652127484,
              397.2894864807278
            ],
            [
              164.8929246343329,
              397.1600033431071
            ],
            [
              165.72142807353623,
              396.8589455537552
            ],
            [
              166.06248370254448,
              396.7050874772462
            ],
            [
              166.16922616507944,
              396.6658636771601
            ],
            [
              166.33505629022685,
              396.59036152771404
            ],
            [
              166.8315655719535,
              396.40587102241415
            ],
            [
              167.1815717599716,
              396.24405193001303
            ],
            [
              167.28821443328718,
              396.20402874937656
            ],
            [
              167.29257891507393,
              396.20198858165236
            ],
            [
              167.29338444479043,
              396.2016862649538
            ],
            [
              167.5460473124509,
              396.08357954425446
            ],
            [
              167.75996904958168,
              396.00240392697737
            ],
            [
              167.7701810224669,
              395.99759909022094
            ],
            [
              168.3093508087519,
              395.7911247951447
            ],
            [
              168.64437747811064,
              395.6309852110336
            ],
            [
              168.8733274690182,
              395.541718236349
            ],
            [
              170.26599892501085,
              394.87101358799595
            ],
            [
              171.28460542838593,
              394.45220276825114
            ],
            [
              172.07775202614684,
              394.0502509031931
            ],
            [
              172.99492386216977,
              393.6560883318189
            ],
            [
              173.0047685761113,
              393.65140828789646
            ],
            [
              173.5399158614935,
              393.3695521468091
            ],
            [
              173.72357977107563,
              393.28941320324367
            ],
            [
              173.88132932066813,
              393.2052162167007
            ],
            [
              174.12905054447705,
              393.09622193561785
            ],
            [
              174.47325457094308,
              392.91079435396335
            ],
            [
              175.3392562992922,
              392.52012095980757
            ],
            [
              175.63679343591366,
              392.3552977994269
            ],
            [
              175.69874057951694,
              392.3270933794561
            ],
            [
              175.91552465780967,
              392.20606523332395
            ],
            [
              176.53106360013925,
              391.92148182767824
            ],
            [
              176.90301785307446,
              391.7096835441831
            ],
            [
              177.02811516493992,
              391.6512070715203
            ],
            [
              177.11829700739457,
              391.5992157605371
            ],
            [
              177.2967070234299,
              391.51527203950855
            ],
            [
              177.49674665547468,
              391.3996363422037
            ],
            [
              178.11287874157046,
              391.10513102353434
            ],
            [
              179.40651384481586,
              390.340304998723
            ],
            [
              179.45610308148167,
              390.3110405527934
            ],
            [
              180.46276953599545,
              389.80088081685
            ],
            [
              181.2846375510817,
              389.29049311232046
            ],
            [
              182.01763209459858,
              388.9044330142576
            ],
            [
              182.39341866823762,
              388.6619875728354
            ],
            [
              182.46668237843437,
              388.62288392000085
            ],
            [
              182.6298762265851,
              388.5167068018187
            ],
            [
              182.8888820389356,
              388.3771767041831
            ],
            [
              183.26773180686703,
              388.12807630627407
            ],
            [
              184.14554735596136,
              387.6418031147265
            ],
            [
              184.3983947168069,
              387.47017297961315
            ],
            [
              184.42216262377806,
              387.4569036208052
            ],
            [
              184.6747083243354,
              387.28432561722025
            ],
            [
              185.37732596309303,
              386.8842409060736
            ],
            [
              185.40591933773948,
              386.8642088711951
            ],
            [
              185.42797007625654,
              386.85165274101564
            ],
            [
              185.72809068269473,
              386.6413932051614
            ],
            [
              185.9897163721616,
              386.49015682902535
            ],
            [
              186.2806003405227,
              386.2836518605632
            ],
            [
              186.73304856809077,
              386.0166453974696
            ],
            [
              186.79317808671038,
              385.97314378409243
            ],
            [
              187.00423365897407,
              385.84836300630883
            ],
            [
              187.99615303025234,
              385.1225793884164
            ],
            [
              188.77766287682704,
              384.63725448303006
            ],
            [
              189.57747963317757,
              384.02706191542677
            ],
            [
              190.15280435229135,
              383.65588086407416
            ],
            [
              190.5561110607755,
              383.33583852246875
            ],
            [
              190.7938643356744,
              383.17951155490744
            ],
            [
              190.7685094370708,
              383.1672906846211
            ],
            [
              190.95224427637154,
              383.0214886759621
            ],
            [
              192.05256931642867,
              382.2745995857948
            ],
            [
              192.52211065360495,
              381.8816151191703
            ],
            [
              193.32973763201454,
              381.315805008227
            ],
            [
              193.5594548248324,
              381.1162319295756
            ],
            [
              193.7512820130287,
              380.9800495621813
            ],
            [
              194.0137160346223,
              380.74933595357436
            ],
            [
              194.3254709486827,
              380.523792126634
            ],
            [
              194.52369596888627,
              380.34640113529383
            ],
            [
              194.88756569680348,
              380.08015904423763
            ],
            [
              195.5730986256606,
              379.45291150119647
            ],
            [
              196.14708058425316,
              379.0150117919373
            ],
            [
              196.89706730259792,
              378.3039993763131
            ],
            [
              197.33029270058168,
              377.9602151845413
            ],
            [
              198.00610605198227,
              377.291763628014
            ],
            [
              198.98288420030238,
              376.4742453197519
            ],
            [
              199.37087500078704,
              376.0674020982458
            ],
            [
              200.20714006584896,
              375.34087400708023
            ],
            [
              200.3735772681188,
              375.1581914573764
            ],
            [
              200.5045229698647,
              375.04307316898263
            ],
            [
              200.73242086316057,
              374.7902313700881
            ],
            [
              200.92480085489495,
              374.61807107764514
            ],
            [
              201.21413386778755,
              374.2914883997114
            ],
            [
              201.67957184533668,
              373.8656228933726
            ],
            [
              202.109295854409,
              373.36263291908205
            ],
            [
              202.4996517289818,
              372.99256253444725
            ],
            [
              203.1714651570341,
              372.18267200291893
            ],
            [
              203.48105059401487,
              371.87645895342234
            ],
            [
              203.66913309726897,
              371.638544100106
            ],
            [
              203.72221846024675,
              371.58574298277625
            ],
            [
              204.0639164611833,
              371.1463263819366
            ],
            [
              204.87021613389936,
              370.3008487161291
            ],
            [
              205.17589640296086,
              369.8871349142163
            ],
            [
              205.99234511732135,
              368.9909955246491
            ],
            [
              206.10404134038473,
              368.8306756901773
            ],
            [
              206.1842534595609,
              368.74168418520276
            ],
            [
              206.37192199905752,
              368.46966999297683
            ],
            [
              206.46882796215897,
              368.36028804370693
            ],
            [
              206.79897787476654,
              367.87338170420475
            ],
            [
              207.31048239015482,
              367.2746680237602
            ],
            [
              207.53989455115968,
              366.9164039347608
            ],
            [
              207.7756037265217,
              366.63224970183563
            ],
            [
              208.34133950029906,
              365.72843932279955
            ],
            [
              208.54770224230478,
              365.46740089209146
            ],
            [
              208.7614154707319,
              365.1054392780895
            ],
            [
              208.90885737066014,
              364.91583202750087
            ],
            [
              209.11283730494213,
              364.5588002020379
            ],
            [
              209.66012899908958,
              363.81808465557356
            ],
            [
              209.8849398280836,
              363.40387608073206
            ],
            [
              210.63034901239388,
              362.3339752930048
            ],
            [
              210.6970568633698,
              362.2006487199319
            ],
            [
              210.73764182717213,
              362.14182327068585
            ],
            [
              210.8801639206491,
              361.85443309162315
            ],
            [
              210.90722309512273,
              361.814526118791
            ],
            [
              210.97510502778334,
              361.67509978965643
            ],
            [
              210.97719996109348,
              361.6720077674305
            ],
            [
              211.02547444787632,
              361.5716433459557
            ],
            [
              211.15841378592668,
              361.2985921351841
            ],
            [
              211.16804408474627,
              361.2840946809966
            ],
            [
              211.1782709778629,
              361.2624127491001
            ],
            [
              211.27218147967312,
              361.120125831111
            ],
            [
              211.3282828891443,
              361.0002245537988
            ],
            [
              211.7247977416571,
              360.3810026616925
            ],
            [
              211.72481824514375,
              360.3809564201405
            ],
            [
              211.72624985762528,
              360.37872072636515
            ],
            [
              211.81437229804817,
              360.17997794765375
            ],
            [
              211.9273303501711,
              359.9995179791747
            ],
            [
              212.36052478828455,
              359.00970329044094
            ],
            [
              212.48507080191948,
              358.7987623185408
            ],
            [
              212.68254287254348,
              358.3106439818962
            ],
            [
              212.87590731107673,
              357.9721927576957
            ],
            [
              212.97598385312915,
              357.7087014038359
            ],
            [
              213.3105057655784,
              357.0923527820723
            ],
            [
              213.41613095532588,
              356.7986143525978
            ],
            [
              213.44182840984877,
              356.75075411470544
            ],
            [
              213.4827814820655,
              356.63292151066673
            ],
            [
              214.07945908497712,
              355.4403635303845
            ],
            [
              214.11191841317924,
              355.3377276487632
            ],
            [
              214.12466049021344,
              355.3120337530953
            ],
            [
              214.29058972402314,
              354.7833494132139
            ],
            [
              214.32993469165518,
              354.70154978825303
            ],
            [
              214.4242029138401,
              354.3835500542958
            ],
            [
              214.48469246758964,
              354.25427032983
            ],
            [
              214.5633771185704,
              353.98013992562136
            ],
            [
              214.88321529968786,
              353.258808008929
            ],
            [
              214.89152967339518,
              353.2265592975645
            ],
            [
              214.919758859021,
              353.16205786328067
            ],
            [
              215.19634660138027,
              352.0969364388454
            ],
            [
              215.26050673622782,
              351.938343184608
            ],
            [
              215.39438137634517,
              351.3413067626726
            ],
            [
              215.5882832746914,
              350.83078279107883
            ],
            [
              215.6203396564332,
              350.66881895392225
            ],
            [
              215.79182758277773,
              350.1919195109075
            ],
            [
              215.8657486257328,
              349.79214429755046
            ],
            [
              215.92066807621026,
              349.61848986507107
            ],
            [
              215.93114943824415,
              349.5883322696672
            ],
            [
              215.93220585443345,
              349.58200759309784
            ],
            [
              216.3115537981825,
              348.382515403866
            ],
            [
              216.40850953845586,
              347.68978874116993
            ],
            [
              216.4434087774046,
              347.5720613836002
            ],
            [
              216.47237313784083,
              347.3293656785946
            ],
            [
              216.4982789529105,
              347.2391120971485
            ],
            [
              216.529534775791,
              346.962915403587
            ],
            [
              216.73051756320132,
              346.18894374820155
            ],
            [
              216.74323627218047,
              346.04440057693864
            ],
            [
              216.75706117513107,
              345.99077834145027
            ],
            [
              216.83740173051325,
              344.9742468376054
            ],
            [
              216.84729775569045,
              344.86178236777624
            ],
            [
              216.90063433685856,
              344.6239189341121
            ],
            [
              216.9257775759224,
              344.07313587534134
            ],
            [
              217.02558536552112,
              343.56886023026976
            ],
            [
              217.02677857772008,
              343.5131339072796
            ],
            [
              217.0872563575152,
              343.1860617184201
            ],
            [
              217.09184970092488,
              342.80747905113435
            ],
            [
              217.31212565808312,
              341.2336575502427
            ],
            [
              217.288171014157,
              340.49370151287354
            ],
            [
              217.30429163432743,
              340.3586249837011
            ],
            [
              217.29542857628843,
              340.19498175728546
            ],
            [
              217.3009706514877,
              340.14600839155776
            ],
            [
              217.2856908936027,
              339.8796151895451
            ],
            [
              217.34991058371722,
              339.14978343666905
            ],
            [
              217.32351719718818,
              338.8235339874033
            ],
            [
              217.3369626939623,
              338.6534110527111
            ],
            [
              217.2271337918107,
              337.4716833762205
            ],
            [
              217.23683773070334,
              337.2591107187742
            ],
            [
              217.17140684284547,
              336.7585923284285
            ],
            [
              217.18199761708647,
              336.26397376352895
            ],
            [
              217.17202996225097,
              336.1990340692788
            ],
            [
              217.17565765851222,
              335.9000398934353
            ],
            [
              217.1304391180605,
              335.62138242721767
            ],
            [
              217.08692630557925,
              334.2772769420481
            ],
            [
              217.08291154590208,
              334.14885452331123
            ],
            [
              217.0827415534753,
              334.14801045859116
            ],
            [
              217.08011832764646,
              334.0669793317835
            ],
            [
              216.9214541610297,
              333.2900986290649
            ],
            [
              216.9131177553439,
              333.1361792575502
            ],
            [
              216.89411237636884,
              333.0526840414768
            ],
            [
              216.89373726356015,
              333.0461441798324
            ],
            [
              216.83543331115496,
              332.7903143078801
            ],
            [
              216.7807113971336,
              332.1138950733598
            ],
            [
              216.69874541127314,
              331.7863750376313
            ],
            [
              216.68573580033475,
              331.6463953327959
            ],
            [
              216.32092276421687,
              330.25275179954934
            ],
            [
              216.27720961626636,
              329.9183648583771
            ],
            [
              216.14606050808365,
              329.4934734752638
            ],
            [
              216.1328853617768,
              329.4289628983607
            ],
            [
              216.06596792721388,
              328.99299297237064
            ],
            [
              216.04408300135708,
              328.9267558456327
            ],
            [
              216.00016322601496,
              328.6561019680203
            ],
            [
              215.9422737194066,
              328.48523657407725
            ],
            [
              215.66445858951747,
              327.1057989299371
            ],
            [
              215.6511716947258,
              327.0703077580907
            ],
            [
              215.62757421817133,
              326.9547654490816
            ],
            [
              215.32347195367134,
              326.1524816496199
            ],
            [
              215.2838975558707,
              325.9786217702863
            ],
            [
              215.1826549532872,
              325.7283743224435
            ],
            [
              215.0377908102557,
              325.14952556215286
            ],
            [
              214.89963843363552,
              324.82322072441104
            ],
            [
              214.8724596769599,
              324.7193935725871
            ],
            [
              214.47422149231497,
              323.8028463415747
            ],
            [
              214.43472866686875,
              323.66328895490403
            ],
            [
              214.17259778296068,
              323.0999316630756
            ],
            [
              214.0427110863224,
              322.679130187962
            ],
            [
              213.89433668046863,
              322.37755340383893
            ],
            [
              213.77404586833546,
              322.0562396618971
            ],
            [
              213.69969081315014,
              321.8311959379102
            ],
            [
              213.66489951293397,
              321.7633889762182
            ],
            [
              213.58386585906806,
              321.5242118264725
            ],
            [
              213.55194051872255,
              321.4629649160876
            ],
            [
              213.07307661334974,
              320.1838518185054
            ],
            [
              213.03507383497703,
              320.11522066318247
            ],
            [
              212.9791127950852,
              319.9675840259431
            ],
            [
              212.56638934194774,
              319.23119456071095
            ],
            [
              212.51573531389786,
              319.10513272851455
            ],
            [
              212.474374180255,
              319.0341533699067
            ],
            [
              212.4435532881119,
              318.9579715116499
            ],
            [
              212.34684466820661,
              318.7937265107953
            ],
            [
              212.1475981676939,
              318.3231222503991
            ],
            [
              211.95394510833555,
              318.00241727627116
            ],
            [
              211.9239486509362,
              317.9333802752294
            ],
            [
              211.42072784169454,
              317.11477758330756
            ],
            [
              211.41183921494834,
              317.09510249936494
            ],
            [
              211.33493603409778,
              316.97521776512815
            ],
            [
              211.28484745865734,
              316.89373734552595
            ],
            [
              211.13473019755614,
              316.5711135767821
            ],
            [
              210.74129898034388,
              315.96888093528145
            ],
            [
              210.56790230066994,
              315.6164454007716
            ],
            [
              210.44312803145505,
              315.4342935663186
            ],
            [
              210.32805284841496,
              315.22647342526716
            ],
            [
              210.29040812127775,
              315.1524034721973
            ],
            [
              210.27373252950983,
              315.128373591418
            ],
            [
              209.34392282082115,
              313.4491828250071
            ],
            [
              209.2701087836626,
              313.34990465794726
            ],
            [
              209.17126269105532,
              313.17354147644744
            ],
            [
              208.67535931033711,
              312.51470830004996
            ],
            [
              208.60756931913517,
              312.39837468750244
            ],
            [
              208.49778133128112,
              312.2566731264031
            ],
            [
              208.43120476857155,
              312.14360287878844
            ],
            [
              208.36605302539695,
              312.06058066679486
            ],
            [
              208.14751679552828,
              311.69866716964316
            ],
            [
              207.9003059539834,
              311.3880135444444
            ],
            [
              207.87775792940235,
              311.35133407236833
            ],
            [
              207.38386750563924,
              310.7390392714479
            ],
            [
              207.12966143938445,
              310.4195952068759
            ],
            [
              207.02023759060398,
              310.2490138487912
            ],
            [
              206.95113100562654,
              310.167198782731
            ],
            [
              206.80362397184345,
              309.94140696269204
            ],
            [
              206.26805851369213,
              309.3122167100708
            ],
            [
              206.03216829657842,
              308.99494984209775
            ],
            [
              205.90009084960823,
              308.8021364567161
            ],
            [
              205.83264705764225,
              308.72659840579666
            ],
            [
              205.81102165282473,
              308.6975127381517
            ],
            [
              205.76692781284407,
              308.63397258122995
            ],
            [
              205.7481741227219,
              308.61298426859486
            ],
            [
              204.52286449707438,
              306.96497125649955
            ],
            [
              204.4028635486795,
              306.83847768084985
            ],
            [
              204.25167244783268,
              306.63761251822524
            ],
            [
              203.69692874134483,
              306.0602911732207
            ],
            [
              203.61325891381765,
              305.95229989467566
            ],
            [
              203.4116664629131,
              305.74725562802104
            ],
            [
              203.29733135236546,
              305.60155954494405
            ],
            [
              203.28869466650355,
              305.59290457794367
            ],
            [
              203.08511592313891,
              305.3370805443175
            ],
            [
              202.78755303670448,
              305.0408128687122
            ],
            [
              202.7814052196911,
              305.0331911854108
            ],
            [
              202.64186124957874,
              304.8957552385648
            ],
            [
              201.7692084892227,
              304.0269008998412
            ],
            [
              201.40439506505376,
              303.59831267216856
            ],
            [
              200.72858440374026,
              302.9654023994765
            ],
            [
              200.26932100539895,
              302.4812906470532
            ],
            [
              200.20338075654664,
              302.4074931944376
            ],
            [
              200.17579682772342,
              302.38270636249206
            ],
            [
              198.66563974056973,
              300.79084252892875
            ],
            [
              198.48999735036827,
              300.64144171389796
            ],
            [
              198.2782253474174,
              300.42105075470755
            ],
            [
              197.68921171994725,
              299.9268167626918
            ],
            [
              197.59021100069415,
              299.826120879559
            ],
            [
              197.35827751339528,
              299.63516951449435
            ],
            [
              197.01732164815618,
              299.295697737993
            ],
            [
              196.14252509745984,
              298.5881655780571
            ],
            [
              196.11030537297867,
              298.556861190286
            ],
            [
              195.87768516010826,
              298.37396403282867
            ],
            [
              195.61766082860686,
              298.1636573315089
            ],
            [
              195.31327559571773,
              297.87659341946835
            ],
            [
              195.2078820835143,
              297.7951536730619
            ],
            [
              194.99700337092892,
              297.5976615186324
            ],
            [
              194.16806285681125,
              296.96521904853427
            ],
            [
              193.77314013119803,
              296.6292991318549
            ],
            [
              193.6612233742031,
              296.5287310849556
            ],
            [
              193.61459498707987,
              296.4944411757291
            ],
            [
              191.83695055226696,
              294.98238291294604
            ],
            [
              191.5973174211995,
              294.8151841997284
            ],
            [
              191.31808343508914,
              294.5808824429856
            ],
            [
              190.71892314084022,
              294.1689740316687
            ],
            [
              190.60468682875197,
              294.0749230173638
            ],
            [
              190.34597313770132,
              293.89993615484417
            ],
            [
              190.00952900375358,
              293.6278214047326
            ],
            [
              188.90820528677128,
              292.89422501096703
            ],
            [
              188.76371555498724,
              292.7806202605545
            ],
            [
              188.49031982283338,
              292.6043543957319
            ],
            [
              188.2575121427487,
              292.42445908688535
            ],
            [
              188.00243803230205,
              292.26113844526037
            ],
            [
              187.65118106720294,
              291.99314596707245
            ],
            [
              186.6563889499831,
              291.3677607203717
            ],
            [
              186.39864883598673,
              291.1879282605897
            ],
            [
              186.20999987975623,
              291.0491982726293
            ],
            [
              186.13114624985135,
              291.00128425195425
            ],
            [
              184.10951062094497,
              289.59073273832604
            ],
            [
              183.79880743435658,
              289.41155953986475
            ],
            [
              183.44668461250058,
              289.1694834985595
            ],
            [
              182.8604146530389,
              288.83690919204383
            ],
            [
              182.73083921887596,
              288.7492679134048
            ],
            [
              182.4484865608297,
              288.5913790003001
            ],
            [
              182.13467596993695,
              288.3823484362128
            ],
            [
              181.83783949484817,
              288.2185890517385
            ],
            [
              181.82164967398109,
              288.20784981876307
            ],
            [
              181.4550786388812,
              288.0074267201632
            ],
            [
              181.37144776061916,
              287.961289057519
            ],
            [
              181.35178747083202,
              287.94837419530774
            ],
            [
              181.1532371416563,
              287.84090615432285
            ],
            [
              180.7982924948825,
              287.6450895288135
            ],
            [
              180.510912341605,
              287.45980751708316
            ],
            [
              180.46872590661755,
              287.43740037146955
            ],
            [
              180.38854776532636,
              287.38606334844894
            ],
            [
              179.957760079928,
              287.1566058509367
            ],
            [
              179.44423186682394,
              286.83377159975254
            ],
            [
              178.27201278981005,
              286.2244230171488
            ],
            [
              178.2268909961483,
              286.19840263357605
            ],
            [
              177.92639595924564,
              286.0158121120424
            ],
            [
              177.79981124783754,
              285.9521185663215
            ],
            [
              175.56306838801925,
              284.6622561200129
            ],
            [
              175.1756296280414,
              284.47754878273685
            ],
            [
              174.7467147470484,
              284.2342375456533
            ],
            [
              174.19470298637495,
              283.9759419556787
            ],
            [
              174.04972801421792,
              283.8948733341152
            ],
            [
              173.74728786496354,
              283.7551761419989
            ],
            [
              173.47229847782222,
              283.60346940594667
            ],
            [
              173.0371477590631,
              283.4049141668382
            ],
            [
              172.8996376722444,
              283.32973038238543
            ],
            [
              172.42043279712865,
              283.1141581346519
            ],
            [
              172.36923690806907,
              283.08644766986924
            ],
            [
              172.04793245905816,
              282.9434648694738
            ],
            [
              171.7819688881222,
              282.80180033846415
            ],
            [
              171.53899508063097,
              282.6944118031273
            ],
            [
              171.439820749743,
              282.64173577886146
            ],
            [
              171.0669860757915,
              282.4790712293127
            ],
            [
              170.46003442237463,
              282.16356268916144
            ],
            [
              169.1862518738749,
              281.6180395793357
            ],
            [
              168.89328175145178,
              281.47062599613633
            ],
            [
              168.7018957950404,
              281.3912645436952
            ],
            [
              166.28342372046765,
              280.23828352240514
            ],
            [
              165.81511940184296,
              280.05499381668284
            ],
            [
              165.30707427461434,
              279.8172709541991
            ],
            [
              164.80850700847026,
              279.6263506877904
            ],
            [
              164.64833182563856,
              279.5523657246693
            ],
            [
              164.32981336346515,
              279.4318381993124
            ],
            [
              164.1075832331421,
              279.3304366509247
            ],
            [
              163.5242880604555,
              279.1121915090407
            ],
            [
              163.24421870953066,
              278.98620118082766
            ],
            [
              162.74005424348564,
              278.801391838386
            ],
            [
              162.65511524758236,
              278.76359337174404
            ],
            [
              162.60050521243866,
              278.74381587282306
            ],
            [
              162.51836191957258,
              278.70751052781765
            ],
            [
              161.94489968477464,
              278.4991836881249
            ],
            [
              161.64451729261992,
              278.3681294436388
            ],
            [
              161.3735641057335,
              278.2720982077631
            ],
            [
              160.78804825958306,
              278.02133921783667
            ],
            [
              159.44706840872658,
              277.5535924529555
            ],
            [
              159.1987599762655,
              277.4506271245528
            ],
            [
              158.9247879305384,
              277.3581858278311
            ],
            [
              156.36145392244478,
              276.35492210098323
            ],
            [
              155.80978851134458,
              276.1804009644216
            ],
            [
              155.22185593955462,
              275.9552593418928
            ],
            [
              154.79330682673168,
              275.8232199560722
            ],
            [
              154.61857147996602,
              275.75710002445885
            ],
            [
              154.28845299125686,
              275.65652064213884
            ],
            [
              154.13043267666518,
              275.59739591834443
            ],
            [
              153.3930574614942,
              275.375104494849
            ],
            [
              152.95276142875494,
              275.21370712202986
            ],
            [
              152.68538995219396,
              275.1353974043567
            ],
            [
              152.6824796861839,
              275.1343401655663
            ],
            [
              152.42764766011746,
              275.0596270829037
            ],
            [
              152.307694562562,
              275.0161850259302
            ],
            [
              151.6558607167,
              274.8279495080542
            ],
            [
              151.22415307094298,
              274.67494367249066
            ],
            [
              151.06888541789442,
              274.6312010486084
            ],
            [
              150.52233675131674,
              274.44055957813214
            ],
            [
              149.13389934715894,
              274.0546282174507
            ],
            [
              148.93523242093335,
              273.98759572796104
            ],
            [
              148.56108080280046,
              273.8872488427459
            ],
            [
              145.89216202388351,
              273.04292775731835
            ],
            [
              145.25635013935835,
              272.88480784441293
            ],
            [
              145.17173760548604,
              272.8587380506103
            ],
            [
              145.03804129019872,
              272.81695739776825
            ],
            [
              145.02890224353854,
              272.814729340988
            ],
            [
              144.58934728171934,
              272.67929896567523
            ],
            [
              144.24443517673475,
              272.5963433352033
            ],
            [
              144.05635774354502,
              272.539040540286
            ],
            [
              143.71956053974907,
              272.45890205588955
            ],
            [
              143.63455374075278,
              272.43327564213695
            ],
            [
              143.6004782833801,
              272.4252497318344
            ],
            [
              143.58693390745944,
              272.4211583343664
            ],
            [
              142.77395930560687,
              272.22930458708873
            ],
            [
              142.36243026556807,
              272.10865019501136
            ],
            [
              142.31079351067515,
              272.09680956121593
            ],
            [
              142.12676163217665,
              272.0429089558355
            ],
            [
              141.59689633628278,
              271.92313813401086
            ],
            [
              141.4293541276708,
              271.87475556749916
            ],
            [
              140.7458302097897,
              271.7229486697169
            ],
            [
              140.2819077385643,
              271.5922505766272
            ],
            [
              140.2519544547042,
              271.58579450007556
            ],
            [
              139.7606187379942,
              271.4492223642815
            ],
            [
              138.3452757818161,
              271.14738573882056
            ],
            [
              138.19849526707344,
              271.1080194318194
            ],
            [
              137.70769091730713,
              271.0075334999135
            ],
            [
              134.97375743286815,
              270.3276322036831
            ],
            [
              134.35314944739207,
              270.21203080593324
            ],
            [
              133.85639992928182,
              270.0909255997941
            ],
            [
              133.74047338138604,
              270.07001050847776
            ],
            [
              133.5110683933314,
              270.01483576933697
            ],
            [
              133.26020835783024,
              269.9701740553149
            ],
            [
              133.06067301858698,
              269.9226960492917
            ],
            [
              132.8204440464502,
              269.8803761006117
            ],
            [
              132.65479261669367,
              269.84128404599295
            ],
            [
              131.89708999886582,
              269.7088816207653
            ],
            [
              131.6488955233064,
              269.6519690610606
            ],
            [
              131.24797350810115,
              269.58386624413
            ],
            [
              130.8708487309106,
              269.498620909437
            ],
            [
              130.33478313135592,
              269.4107124505198
            ],
            [
              130.11565712168178,
              269.3620457705651
            ],
            [
              129.5356481748996,
              269.26864090397146
            ],
            [
              128.60335750211624,
              269.06982020867724
            ],
            [
              127.18197435137856,
              268.8525272564423
            ],
            [
              127.0868710396784,
              268.83305606612277
            ],
            [
              126.46497971624537,
              268.7426919189787
            ],
            [
              123.70677624479711,
              268.2289180326556
            ],
            [
              123.12415071860379,
              268.15464804827764
            ],
            [
              122.3202609890565,
              268.00961287376094
            ],
            [
              122.09581570525934,
              267.9825281917153
            ],
            [
              122.09085245560212,
              267.98164456257996
            ],
            [
              121.94110117489157,
              267.9638161291152
            ],
            [
              121.7326939107506,
              267.92710205319224
            ],
            [
              121.63380010397134,
              267.9154544358361
            ],
            [
              121.3975784743714,
              267.8741766100576
            ],
            [
              120.71064659407538,
              267.79393798251056
            ],
            [
              120.63438448900573,
              267.7809836822167
            ],
            [
              119.86273007754716,
              267.6934188087842
            ],
            [
              119.29183839839261,
              267.5997992820624
            ],
            [
              118.94872031852307,
              267.5637179203266
            ],
            [
              118.83233433566915,
              267.5449750763382
            ],
            [
              118.19760141315716,
              267.4790475449981
            ],
            [
              117.15289302231741,
              267.3193384824884
            ],
            [
              115.74613752229946,
              267.18518661740023
            ],
            [
              115.70038237983235,
              267.17853814961853
            ],
            [
              115.68520712451257,
              267.1767679598741
            ],
            [
              115.34101451804233,
              267.1465530335191
            ],
            [
              114.84455097652423,
              267.0992089783192
            ],
            [
              112.19324586076416,
              266.7612347896262
            ],
            [
              111.66363131171443,
              266.72363607975234
            ],
            [
              110.53843730300454,
              266.5878545589751
            ],
            [
              110.20461002846503,
              266.56675668672216
            ],
            [
              109.91577331437387,
              266.5330184629025
            ],
            [
              108.0878389948719,
              266.4216172534563
            ],
            [
              107.49783575977722,
              266.3595741219465
            ],
            [
              107.47648475562957,
              266.35794023390037
            ],
            [
              106.5872539608993,
              266.31177164808076
            ],
            [
              105.51262085243506,
              266.20929183848693
            ],
            [
              104.67356442376294,
              266.176127144613
            ],
            [
              104.51002819349513,
              266.16109682130286
            ],
            [
              103.85506944439405,
              266.13826006604097
            ],
            [
              103.81157566409209,
              266.1344419672643
            ],
            [
              103.20609720876325,
              266.11563204536276
            ],
            [
              102.99622214573624,
              266.1083142326682
            ],
            [
              100.5358961552746,
              265.93364931217394
            ],
            [
              100.07174137703737,
              265.92635973692285
            ],
            [
              98.62041734351233,
              265.83463610798873
            ],
            [
              98.43564456681115,
              265.83337613251086
            ],
            [
              98.31040510452536,
              265.82574356747915
            ],
            [
              96.23180629851986,
              265.8131187575606
            ],
            [
              95.76571055531299,
              265.79051575782927
            ],
            [
              95.03140594179418,
              265.7950094707518
            ],
            [
              93.78621865847984,
              265.745791976364
            ],
            [
              92.9676718472319,
              265.75864404486884
            ],
            [
              92.51256327325667,
              265.74277555981297
            ],
            [
              90.78857594166182,
              265.7800581455669
            ],
            [
              90.76436940762267,
              265.77991112205694
            ],
            [
              90.03677078130984,
              265.76277579092886
            ],
            [
              89.91390852098779,
              265.76683043670545
            ],
            [
              89.80834552521844,
              265.76517256429315
            ],
            [
              89.80466110834111,
              265.76509199274693
            ],
            [
              89.8042053117104,
              265.76510754202724
            ],
            [
              88.83741730310989,
              265.74992408540845
            ],
            [
              88.44806442661617,
              265.76527028771926
            ],
            [
              86.67554628506203,
              265.7531833914184
            ],
            [
              84.4941173572478,
              265.85949435753605
            ],
            [
              84.18230486478487,
              265.86140255176883
            ],
            [
              83.40498109000528,
              265.90878861204277
            ],
            [
              82.07691944596844,
              265.92964061340865
            ],
            [
              81.2961296046761,
              265.98533978426354
            ],
            [
              80.54323796425949,
              266.0016216597911
            ],
            [
              78.91256503449172,
              266.12989189103286
            ],
            [
              78.07870655939382,
              266.15741051828223
            ],
            [
              77.75329576964545,
              266.1868007126141
            ],
            [
              77.19976256319156,
              266.2086180230435
            ],
            [
              77.06333557475719,
              266.2216301943981
            ],
            [
              75.14930332252365,
              266.31490970276263
            ],
            [
              74.9688912568223,
              266.33376111460507
            ],
            [
              74.86599015663006,
              266.33884441992564
            ],
            [
              74.43695192525799,
              266.38457699692725
            ],
            [
              74.13599208219927,
              266.3999643497083
            ],
            [
              71.76448656708875,
              266.66529818794714
            ],
            [
              70.48682884971696,
              266.7564424008097
            ],
            [
              69.75891805727683,
              266.8499261744232
            ],
            [
              68.71117258387876,
              266.93234279623164
            ],
            [
              67.19965040142391,
              267.13997650775053
            ],
            [
              66.27982095118047,
              267.2230529365131
            ],
            [
              65.95945612316257,
              267.2709624688144
            ],
            [
              65.47370189707145,
              267.31884631649285
            ],
            [
              65.32484008131482,
              267.34147631294314
            ],
            [
              63.800183057365786,
              267.50078903612757
            ],
            [
              63.551941097973966,
              267.5410805076674
            ],
            [
              63.42738186404483,
              267.55423414781455
            ],
            [
              63.359933438849986,
              267.56531233440694
            ],
            [
              63.244683900095325,
              267.5775971566446
            ],
            [
              62.48801971004348,
              267.7031876386858
            ],
            [
              61.833966424008736,
              267.77636582346616
            ],
            [
              59.8833356863858,
              268.118222669292
            ],
            [
              59.116282550454756,
              268.2167333967746
            ],
            [
              58.45369522827348,
              268.3413847004029
            ],
            [
              57.12346920275918,
              268.5241142494885
            ],
            [
              56.61387670061245,
              268.62552660023226
            ],
            [
              56.59916727828964,
              268.6275812222466
            ],
            [
              56.302630238397384,
              268.6874667489978
            ],
            [
              55.758489747063734,
              268.79575438299815
            ],
            [
              55.463392566907466,
              268.840615102353
            ],
            [
              54.74693219764753,
              268.94775945218106
            ],
            [
              54.29534816457341,
              269.04349271736737
            ],
            [
              53.50198671252866,
              269.1722610385869
            ],
            [
              53.17923196491353,
              269.22359963618567
            ],
            [
              53.16121839571475,
              269.22757020941555
            ],
            [
              52.72172536144161,
              269.2989031183514
            ],
            [
              52.70810375455338,
              269.3019463287443
            ],
            [
              52.707873767418484,
              269.30198358597505
            ],
            [
              52.48819602115805,
              269.3509601880103
            ],
            [
              52.21474999546787,
              269.39587281697794
            ],
            [
              52.00816817728939,
              269.44262452891877
            ],
            [
              51.91251096685229,
              269.45850163176965
            ],
            [
              51.67815379663828,
              269.51214718483254
            ],
            [
              51.66896007199623,
              269.5136820696206
            ],
            [
              51.55073227326723,
              269.5409170299252
            ],
            [
              51.54534538596378,
              269.54181789044776
            ],
            [
              51.15711234911212,
              269.6314162329893
            ],
            [
              50.85671521272495,
              269.70017867155565
            ],
            [
              49.87101247654075,
              269.87292752750875
            ],
            [
              48.352765707036596,
              270.24165352612414
            ],
            [
              48.06323892982734,
              270.29612165282356
            ],
            [
              47.47532167723775,
              270.44416079010125
            ],
            [
              45.884535970483974,
              270.76073789311437
            ],
            [
              45.39897138694638,
              270.889455930763
            ],
            [
              45.293098838746474,
              270.91083684601034
            ],
            [
              44.57002192677915,
              271.10520696668567
            ],
            [
              43.58402534811706,
              271.31423267403096
            ],
            [
              43.19517117250065,
              271.4228167481993
            ],
            [
              42.60855746676388,
              271.55360080121875
            ],
            [
              42.36551148975006,
              271.60717329649304
            ],
            [
              42.35585745499202,
              271.60993963444946
            ],
            [
              42.01282394691219,
              271.6864180938995
            ],
            [
              41.773549929343076,
              271.755482688818
            ],
            [
              41.67829334470975,
              271.77684490423115
            ],
            [
              41.62308639557018,
              271.7928814694016
            ],
            [
              41.379261002059614,
              271.8480618074512
            ],
            [
              41.044835403503484,
              271.94616806653164
            ],
            [
              40.9696030308319,
              271.96338914082855
            ],
            [
              40.744565088823784,
              272.0302261218377
            ],
            [
              40.66624911800731,
              272.0482669919137
            ],
            [
              40.603515358412395,
              272.06702760166166
            ],
            [
              40.52527066248053,
              272.08508530001404
            ],
            [
              39.52644334314058,
              272.38438380551145
            ],
            [
              39.068298169035984,
              272.4937530598773
            ],
            [
              39.02779641356307,
              272.5063437489897
            ],
            [
              38.366006845428245,
              272.6670679634504
            ],
            [
              36.68667842158948,
              273.19899268841755
            ],
            [
              35.09544459520052,
              273.6208119530711
            ],
            [
              34.640694420821376,
              273.7743069665192
            ],
            [
              34.44879641998522,
              273.825891019284
            ],
            [
              33.825546292899915,
              274.03920126102753
            ],
            [
              32.89161356358033,
              274.2999936791233
            ],
            [
              32.59490674625673,
              274.40482706721224
            ],
            [
              31.76910608596089,
              274.64318804207187
            ],
            [
              31.59767417448038,
              274.70507239713857
            ],
            [
              31.38710542106539,
              274.76623860156485
            ],
            [
              31.20035634718157,
              274.8341198770311
            ],
            [
              31.014432298104467,
              274.88866209212136
            ],
            [
              30.567848120567827,
              275.0527432702401
            ],
            [
              30.512594711609058,
              275.06915370757577
            ],
            [
              30.412579855507428,
              275.1063992517642
            ],
            [
              30.270472330158206,
              275.14867632341253
            ],
            [
              30.144392158854696,
              275.1957144966373
            ],
            [
              30.002258259953177,
              275.23830490510966
            ],
            [
              29.353175977704282,
              275.48237821895503
            ],
            [
              29.347621802010313,
              275.4840653385617
            ],
            [
              29.27651671604167,
              275.51120427158736
            ],
            [
              28.869863745618733,
              275.66411730093995
            ],
            [
              28.273129981693966,
              275.8496225763591
            ],
            [
              28.08114542949981,
              275.92478217963975
            ],
            [
              27.433265928132524,
              276.1299970266489
            ],
            [
              26.192137789047237,
              276.62600749768563
            ],
            [
              24.85331421437548,
              277.0779100019186
            ],
            [
              24.434960785032665,
              277.2531726310159
            ],
            [
              24.165387430576164,
              277.3454353597465
            ],
            [
              23.638762587955725,
              277.5692401561573
            ],
            [
              22.766124541149523,
              277.8775633819151
            ],
            [
              22.561370670413524,
              277.9670427601903
            ],
            [
              22.062666487873475,
              278.1470675084332
            ],
            [
              21.955106283400024,
              278.19466862458603
            ],
            [
              21.6420965116921,
              278.30844430280024
            ],
            [
              21.339717099441025,
              278.44328571647435
            ],
            [
              21.209912614587864,
              278.490977672151
            ],
            [
              20.723437174154036,
              278.71049805013774
            ],
            [
              20.3819393394012,
              278.83790455776614
            ],
            [
              20.165903581623603,
              278.9370527344113
            ],
            [
              20.071003304694084,
              278.9727379251956
            ],
            [
              19.431671204592053,
              279.2687217448679
            ],
            [
              19.33615982221272,
              279.30517591652153
            ],
            [
              18.79108783601495,
              279.56172606488406
            ],
            [
              18.127777379509364,
              279.8214039930913
            ],
            [
              17.80257527914183,
              279.97885296245454
            ],
            [
              17.18177360641765,
              280.2269531548657
            ],
            [
              16.160492221431987,
              280.71963188083055
            ],
            [
              15.25071501616787,
              281.10076881841303
            ],
            [
              14.873068544838695,
              281.2944809954503
            ],
            [
              14.537274754894478,
              281.43718649414984
            ],
            [
              14.102264624698657,
              281.66375211680764
            ],
            [
              13.299305459905302,
              282.01465286700875
            ],
            [
              13.182984679220498,
              282.07679939442494
            ],
            [
              12.975345394932432,
              282.1686908308335
            ],
            [
              12.925311924530298,
              282.1955593271732
            ],
            [
              12.526429120722568,
              282.37343493304047
            ],
            [
              12.12870250946553,
              282.5888426601177
            ]
          ]
        ]
      }
    }
  ]
}