{
  "type": "FeatureCollection",
  "features": [
    {
      "type": "Feature",
      "properties": {
        "method": "Homography",
        "mode": "tmpl2img",
        "inside_ratio": 1.0
      },
      "geometry": {
        "type": "Polygon",
        "coordinates": [
          [
            [
              15.709875755950893,
              316.92094477761054
            ],
            [
              15.641371641286439,
              317.8724259993195
            ],
            [
              15.631300439439796,
              317.99590475685824
            ],
            [
              15.630736200936553,
              318.0201459111375
            ],
            [
              15.59749708760593,
              318.4818173350508
            ],
            [
              15.573214414426563,
              318.7950713611025
            ],
            [
              15.572568871266059,
              318.82805536548346
            ],
            [
              15.527558935535403,
              319.45321647950425
            ],
            [
              15.49385730895248,
              321.23025118205146
            ],
            [
              15.49207501481577,
              321.2575706871386
            ],
            [
              15.490812346857961,
              321.3908073290236
            ],
            [
              15.490182851990145,
              321.42399962087137
            ],
            [
              15.378003418745484,
              323.40177538459386
            ],
            [
              15.377556946353085,
              324.16926613396026
            ],
            [
              15.359814772375197,
              324.5079963855065
            ],
            [
              15.366502128013295,
              326.38727852824576
            ],
            [
              15.34770606211762,
              326.8363929797608
            ],
            [
              15.359954577212664,
              327.6523203498339
            ],
            [
              15.356267099792625,
              327.74831767303453
            ],
            [
              15.359169041097612,
              327.90412001805214
            ],
            [
              15.346328878140515,
              328.25808556788826
            ],
            [
              15.351630199213167,
              328.53565582334267
            ],
            [
              15.340505177169316,
              328.8649287037841
            ],
            [
              15.34498227021134,
              329.08020197114695
            ],
            [
              15.291175209746072,
              331.91736514055714
            ],
            [
              15.316927470317518,
              332.68938186532034
            ],
            [
              15.308574128286956,
              333.19816356663546
            ],
            [
              15.344463264331424,
              334.0853884518286
            ],
            [
              15.344298791311918,
              334.098035786339
            ],
            [
              15.353570706074388,
              334.3105359433758
            ],
            [
              15.371401045550204,
              334.7513245116813
            ],
            [
              15.37023805904914,
              336.75051056556
            ],
            [
              15.40566666749576,
              337.39330597263245
            ],
            [
              15.407268014041758,
              337.8433167288438
            ],
            [
              15.548888098482402,
              340.2380117522598
            ],
            [
              15.552244223767005,
              340.46157799322026
            ],
            [
              15.59282460951901,
              341.16428049487206
            ],
            [
              15.60035844457766,
              341.55874227021894
            ],
            [
              15.60610846667427,
              341.636003017856
            ],
            [
              15.613436970661427,
              341.9883814435555
            ],
            [
              15.637976934002735,
              342.31399539188203
            ],
            [
              15.712438146409252,
              344.5462383114465
            ],
            [
              15.78087390902106,
              345.3430716521135
            ],
            [
              15.785331907958668,
              345.4739374961318
            ],
            [
              15.806577578902102,
              345.70570356707304
            ],
            [
              15.824392171984327,
              346.1805598893325
            ],
            [
              15.840654222093317,
              346.3518571957538
            ],
            [
              15.86464504308658,
              346.94494066747194
            ],
            [
              15.937273439470422,
              347.6882390075437
            ],
            [
              15.942135125735616,
              347.79966249680535
            ],
            [
              16.024056129628683,
              348.61299321046505
            ],
            [
              16.113641000237433,
              350.2383673331224
            ],
            [
              16.17041942903704,
              350.74766502679296
            ],
            [
              16.20352105280333,
              351.30738996985826
            ],
            [
              16.526714004859702,
              354.1064004019224
            ],
            [
              16.60888821258175,
              355.1967471091999
            ],
            [
              16.66195001643148,
              355.6019011188027
            ],
            [
              16.80164287682195,
              357.22841807958133
            ],
            [
              16.817600519205424,
              357.3448232457568
            ],
            [
              16.80629468187001,
              357.34891807423645
            ],
            [
              16.999638501942265,
              358.7206393285319
            ],
            [
              17.059123905079275,
              359.3695573222548
            ],
            [
              17.105999845285044,
              359.6804532523843
            ],
            [
              17.13780514094784,
              360.01547629319634
            ],
            [
              17.148688944883613,
              360.0861877323896
            ],
            [
              17.211631876538128,
              360.7303624484401
            ],
            [
              17.303908496251466,
              361.31966414028824
            ],
            [
              17.32526805918208,
              361.53172683163206
            ],
            [
              17.482758807336577,
              362.5192380132816
            ],
            [
              17.61751592233619,
              363.7279979125048
            ],
            [
              17.680643652482875,
              364.1000005130148
            ],
            [
              17.75723130629032,
              364.7632873842665
            ],
            [
              18.1240219812821,
              366.8746901120262
            ],
            [
              18.378446694608794,
              368.7306253640688
            ],
            [
              18.507266649383578,
              369.4168465961656
            ],
            [
              18.67787451953831,
              370.62726253578535
            ],
            [
              18.998117674886632,
              372.2295718398872
            ],
            [
              19.139404673021094,
              373.1666315022115
            ],
            [
              19.213534085900864,
              373.515013236244
            ],
            [
              19.35261864008716,
              374.40324216516564
            ],
            [
              19.44681964760245,
              374.83445058254887
            ],
            [
              19.49625833736913,
              375.14444503951336
            ],
            [
              19.747589486722493,
              376.28021392585475
            ],
            [
              19.882629448977216,
              377.07598492878213
            ],
            [
              19.937202203389486,
              377.312124670513
            ],
            [
              20.06854246912126,
              378.0681749581403
            ],
            [
              20.07200129251938,
              378.08287773141393
            ],
            [
              20.074563364375425,
              378.09766773459353
            ],
            [
              20.385471020384482,
              379.42200239571287
            ],
            [
              20.509138655176816,
              380.08077732592716
            ],
            [
              20.675103920271386,
              380.7694210903707
            ],
            [
              20.782899825423385,
              381.3405376608907
            ],
            [
              20.963133665581058,
              382.06136169091593
            ],
            [
              21.287906476785174,
              383.6863347416188
            ],
            [
              21.761572509009703,
              385.48988272071944
            ],
            [
              22.02024541307334,
              386.705552875933
            ],
            [
              22.111583962166385,
              387.0325027382629
            ],
            [
              22.280827414076377,
              387.8072205780853
            ],
            [
              22.359290061309324,
              388.0825243862992
            ],
            [
              22.44791874668692,
              388.48303862238885
            ],
            [
              22.745697163389504,
              389.5176640501341
            ],
            [
              22.680184865609924,
              389.23613349973556
            ],
            [
              22.741569689808816,
              389.4467992177569
            ],
            [
              22.900518060614157,
              390.1345788182985
            ],
            [
              22.905295634034832,
              390.1527133650684
            ],
            [
              22.934562637331446,
              390.25105910371656
            ],
            [
              23.116115667417343,
              391.0228050796876
            ],
            [
              23.08276699177275,
              390.911338464347
            ],
            [
              23.131217819991544,
              391.117718429361
            ],
            [
              23.698106462921313,
              392.99956348518924
            ],
            [
              23.94855404703528,
              394.00119911993437
            ],
            [
              24.232549468591703,
              394.8984642922443
            ],
            [
              24.6245646956595,
              396.39111570156683
            ],
            [
              25.274415152916404,
              398.35397907736467
            ],
            [
              25.684927646609808,
              399.82342439517413
            ],
            [
              25.792063615523585,
              400.1271808635233
            ],
            [
              25.978965384681672,
              400.7829676694362
            ],
            [
              26.024813551937235,
              400.91089138236663
            ],
            [
              26.162681500832107,
              401.38991094053665
            ],
            [
              26.48326065322894,
              402.2773526031949
            ],
            [
              26.387759548497968,
              401.9581439779807
            ],
            [
              26.51976260470411,
              402.31993824252334
            ],
            [
              26.664280760021494,
              402.8068990478214
            ],
            [
              26.685674763344267,
              402.86467050291014
            ],
            [
              26.918048927260877,
              403.63481281990903
            ],
            [
              27.426267924016305,
              404.98881125786625
            ],
            [
              27.486734328313087,
              405.1798509526939
            ],
            [
              26.864252470003823,
              403.50991024155906
            ],
            [
              26.91882523380761,
              403.6910701343006
            ],
            [
              27.540145729224704,
              405.34860082049346
            ],
            [
              27.80988334411817,
              406.20081937449186
            ],
            [
              28.220716677883765,
              407.2532378111957
            ],
            [
              28.66554157906781,
              408.5968246278569
            ],
            [
              29.51032345146944,
              410.6693497323746
            ],
            [
              30.105445155118897,
              412.3566641682139
            ],
            [
              30.215705425600138,
              412.6096744955522
            ],
            [
              30.612156038307365,
              413.7071469552233
            ],
            [
              30.94136801476343,
              414.4476446371082
            ],
            [
              30.717582703794502,
              413.8472926808933
            ],
            [
              30.763656109854,
              413.9516108233177
            ],
            [
              30.845648087229776,
              414.1763346138326
            ],
            [
              30.998649456828723,
              414.5176177030253
            ],
            [
              31.427142577395443,
              415.66070131576066
            ],
            [
              31.935068450220474,
              416.7681723705845
            ],
            [
              32.005364185636836,
              416.94824667781734
            ],
            [
              31.35032407417584,
              415.513222096013
            ],
            [
              31.40853020008991,
              415.6685017633355
            ],
            [
              32.06204266601912,
              417.09343810417556
            ],
            [
              32.33769697689863,
              417.7995728188638
            ],
            [
              32.89656860440836,
              418.9769120970675
            ],
            [
              33.378762757054005,
              420.1598914190304
            ],
            [
              34.30339188202875,
              422.02531240012524
            ],
            [
              34.64679931216681,
              422.82028727616625
            ],
            [
              34.75893882162883,
              423.0348708395944
            ],
            [
              35.24225059871454,
              424.1439092121146
            ],
            [
              35.301934433107355,
              424.25588235448254
            ],
            [
              35.75692038009239,
              425.27928388034286
            ],
            [
              36.08104933252428,
              425.8770256505923
            ],
            [
              35.78651016054828,
              425.2317660020763
            ],
            [
              35.87801525144847,
              425.40147473022165
            ],
            [
              35.992950378377756,
              425.6578476978482
            ],
            [
              36.112994164135266,
              425.87763507939235
            ],
            [
              36.579882713289265,
              426.89562920349107
            ],
            [
              37.09134653635245,
              427.81378371391224
            ],
            [
              37.16675660320272,
              427.9726453009086
            ],
            [
              36.50185953895754,
              426.77413547233175
            ],
            [
              36.56121721736887,
              426.90356056747515
            ],
            [
              37.22445058241195,
              428.0941855339299
            ],
            [
              37.493363999980915,
              428.66068831086875
            ],
            [
              38.218561384065886,
              429.9240894733708
            ],
            [
              38.72234402125354,
              430.9404609848526
            ],
            [
              39.80060241340212,
              432.73643215054614
            ],
            [
              41.5465830106929,
              435.95627883572894
            ],
            [
              41.852716795865454,
              436.41932020634977
            ],
            [
              41.485692225061925,
              435.7577402730123
            ],
            [
              41.62492128643926,
              435.9693863670365
            ],
            [
              41.77672358768738,
              436.2473202066986
            ],
            [
              41.853994516619544,
              436.363453362887
            ],
            [
              42.3463143901361,
              437.2472416037232
            ],
            [
              42.84396736829836,
              437.98223119549704
            ],
            [
              42.92202586682255,
              438.11822065152865
            ],
            [
              42.269516538290965,
              437.1509999240588
            ],
            [
              42.32761248335519,
              437.2552927511281
            ],
            [
              42.97851208828138,
              438.21662800852226
            ],
            [
              43.228951242153634,
              438.65293007615566
            ],
            [
              44.1348455172233,
              439.9556438870368
            ],
            [
              44.64478987072593,
              440.8050185468204
            ],
            [
              45.43530430095797,
              441.8880635830564
            ],
            [
              45.4803200244904,
              441.9615193417049
            ],
            [
              45.790854823472124,
              442.375934334952
            ],
            [
              47.92014266062176,
              445.59657970740363
            ],
            [
              48.19651579345613,
              445.9366467808759
            ],
            [
              47.758687896482954,
              445.2876503627422
            ],
            [
              47.94536527693995,
              445.5183855176125
            ],
            [
              48.136480284051224,
              445.8056188830854
            ],
            [
              48.16335488364258,
              445.8384977706273
            ],
            [
              48.66737658334839,
              446.5828934028612
            ],
            [
              49.13486491806749,
              447.14588065899727
            ],
            [
              49.21310598235926,
              447.25839457792426
            ],
            [
              48.59410301508982,
              446.5104808671343
            ],
            [
              48.64865559103833,
              446.5910513794487
            ],
            [
              49.266246283922,
              447.33481255149127
            ],
            [
              49.48760215513766,
              447.65313154133605
            ],
            [
              50.583734105366524,
              448.9416746630886
            ],
            [
              51.08545034661602,
              449.6290514697492
            ],
            [
              51.6289563981504,
              450.23415226901926
            ],
            [
              51.64345923405909,
              450.2537458704928
            ],
            [
              51.824705273127684,
              450.4520850783588
            ],
            [
              51.93255209316617,
              450.5721540211405
            ],
            [
              52.14240509524529,
              450.85220711253834
            ],
            [
              52.533102786887646,
              451.27265912262413
            ],
            [
              54.80666066179074,
              454.07018927675387
            ],
            [
              55.04297478085466,
              454.3023653456081
            ],
            [
              54.492691476079756,
              453.6374825417706
            ],
            [
              54.53321736957957,
              453.67779769181595
            ],
            [
              54.9283923105841,
              454.15370476208784
            ],
            [
              54.54054171874175,
              453.68508395275796
            ],
            [
              54.60269815058482,
              453.74691715761776
            ],
            [
              54.64052172258086,
              453.79366748013234
            ],
            [
              54.72056825926042,
              453.8726363106177
            ],
            [
              55.474874498822565,
              454.7810328813138
            ],
            [
              55.897301218940775,
              455.1879667766316
            ],
            [
              55.97338928254573,
              455.27741107299505
            ],
            [
              55.40723077354621,
              454.7303673649015
            ],
            [
              55.456152105073436,
              454.7892830631087
            ],
            [
              56.021189629613595,
              455.33360212590895
            ],
            [
              56.20416411649686,
              455.5486953147272
            ],
            [
              57.494475440231675,
              456.7644020251208
            ],
            [
              57.975241598065395,
              457.2996527100798
            ],
            [
              58.53087241877872,
              457.79070547683
            ],
            [
              58.62996113853531,
              457.899139174401
            ],
            [
              58.9385065756261,
              458.1658784990653
            ],
            [
              59.264628493025405,
              458.5168368452258
            ],
            [
              59.749249809462846,
              458.92622971483
            ],
            [
              62.12624536564325,
              461.2616021678316
            ],
            [
              62.313953426988334,
              461.40390332875825
            ],
            [
              59.75287021380408,
              458.92928811872804
            ],
            [
              59.75992518032484,
              458.9352479329097
            ],
            [
              61.60065029682125,
              460.70847842961217
            ],
            [
              61.793656688217524,
              460.90048114576297
            ],
            [
              61.82457108345497,
              460.92418862128307
            ],
            [
              62.354281706955824,
              461.43447612896625
            ],
            [
              62.36238430909728,
              461.4406186978156
            ],
            [
              61.84074096614115,
              460.9365888993853
            ],
            [
              61.9586472239107,
              461.0270082557662
            ],
            [
              62.692410659544464,
              461.7338603531377
            ],
            [
              63.05677093013974,
              462.0050907085254
            ],
            [
              63.128617555797426,
              462.0727832284043
            ],
            [
              62.63225011097848,
              461.70225215198184
            ],
            [
              62.67370463503875,
              461.7421866460688
            ],
            [
              63.169286660681244,
              462.1111008830667
            ],
            [
              63.306060239835844,
              462.23996633974406
            ],
            [
              64.7883218725315,
              463.3208844239087
            ],
            [
              65.2376228673013,
              463.71796552228716
            ],
            [
              65.79385666119968,
              464.0923685145507
            ],
            [
              65.98912408131014,
              464.2611783347867
            ],
            [
              66.32181945765242,
              464.4785301559214
            ],
            [
              66.76359264707953,
              464.85172627339233
            ],
            [
              67.35436291992391,
              465.2250291622945
            ],
            [
              67.46154949418658,
              465.30628712129976
            ],
            [
              69.95512774689229,
              467.1625217523277
            ],
            [
              69.97446735201432,
              467.1731517983495
            ],
            [
              67.42192432665757,
              465.2677206609715
            ],
            [
              67.53927356734677,
              465.3418726834579
            ],
            [
              69.10654200981361,
              466.5085497636378
            ],
            [
              69.53527709996307,
              466.837335967539
            ],
            [
              69.5862961296049,
              466.8656794808735
            ],
            [
              70.23657761438795,
              467.3497500353501
            ],
            [
              70.53214821169084,
              467.50948758634183
            ],
            [
              70.59800939019432,
              467.5575159082735
            ],
            [
              70.18544862326004,
              467.3339739963132
            ],
            [
              70.21790553875036,
              467.35813511917644
            ],
            [
              70.63001410928521,
              467.580854891673
            ],
            [
              70.71438941122776,
              467.64238437318824
            ],
            [
              72.27154964298306,
              468.46800562510833
            ],
            [
              72.38822308275235,
              468.5310605669821
            ],
            [
              72.78980917130968,
              468.8013696256039
            ],
            [
              73.33554402255768,
              469.06063713886977
            ],
            [
              73.6353359776147,
              469.25649296383443
            ],
            [
              73.98794314399188,
              469.4167340859996
            ],
            [
              74.54927412173544,
              469.7714345258456
            ],
            [
              75.25576951860182,
              470.07602828853584
            ],
            [
              75.77332761831656,
              470.36050495597505
            ],
            [
              77.80242690766434,
              471.4571104730441
            ],
            [
              77.83285264546599,
              471.46779703402575
            ],
            [
              75.29728129527982,
              470.0939254019779
            ],
            [
              75.38126073161435,
              470.13013174191127
            ],
            [
              78.01838088102303,
              471.5553314003459
            ],
            [
              78.23704582479935,
              471.6309687714638
            ],
            [
              78.29559471399327,
              471.66201195263744
            ],
            [
              77.97748262060354,
              471.55171750466667
            ],
            [
              77.99975986800352,
              471.5637570103342
            ],
            [
              78.31770946189113,
              471.67373740353406
            ],
            [
              78.34522603393398,
              471.6883269532772
            ],
            [
              79.20120198072028,
              471.97934199144174
            ],
            [
              80.22346416457788,
              472.33294771731096
            ],
            [
              80.54418591260874,
              472.48531608789875
            ],
            [
              81.06922370984431,
              472.63479784773864
            ],
            [
              81.47811975730626,
              472.8206192596178
            ],
            [
              81.84619583981548,
              472.9173811974655
            ],
            [
              82.52665437373207,
              473.2107495989295
            ],
            [
              83.2737173620141,
              473.388045923045
            ],
            [
              83.32409715043178,
              473.4054725499226
            ],
            [
              83.27409065778218,
              473.3881345152531
            ],
            [
              83.35475422089888,
              473.40727795222097
            ],
            [
              85.00587766049048,
              473.98720904316815
            ],
            [
              85.80074247733043,
              474.26215685495816
            ],
            [
              85.84169325311862,
              474.2686238046554
            ],
            [
              83.36312072156689,
              473.4092635275361
            ],
            [
              83.41062531575648,
              473.42053752993195
            ],
            [
              85.94484736965971,
              474.297138464089
            ],
            [
              86.08134432363285,
              474.31845548401304
            ],
            [
              86.1110797978743,
              474.3285649621995
            ],
            [
              88.09078590981134,
              474.6338833991986
            ],
            [
              88.15447328730909,
              474.6520156200103
            ],
            [
              85.91499605188902,
              474.3016777516688
            ],
            [
              85.92629380344665,
              474.30558570179244
            ],
            [
              88.16647430836674,
              474.655432390671
            ],
            [
              88.40988004898259,
              474.72473162713453
            ],
            [
              88.90534765381373,
              474.7731312491543
            ],
            [
              89.42379177303918,
              474.90942279329073
            ],
            [
              89.80285355970564,
              474.9375696789019
            ],
            [
              90.5975198704173,
              475.1261634360465
            ],
            [
              91.42387291900899,
              475.16413698647176
            ],
            [
              93.90244803929322,
              475.5512135176208
            ],
            [
              91.42989346522829,
              475.1644136497357
            ],
            [
              91.52664505479936,
              475.16885969294145
            ],
            [
              93.92076349332305,
              475.542754266851
            ],
            [
              96.0842895367693,
              475.47440428957566
            ],
            [
              96.11939897947184,
              475.47783394620393
            ],
            [
              93.90710570021743,
              475.5515011480064
            ],
            [
              96.16773284585166,
              475.48255542717715
            ],
            [
              96.29443330137444,
              475.4949321276791
            ],
            [
              96.56742570734417,
              475.470365397286
            ],
            [
              96.8585747484446,
              475.4614857903358
            ],
            [
              97.37722171717633,
              475.4999974457537
            ],
            [
              97.7628716031773,
              475.4554341343007
            ],
            [
              98.66236534579645,
              475.4967687322121
            ],
            [
              99.43566451028397,
              475.38288843668886
            ],
            [
              101.63278880669291,
              475.31587945704456
            ],
            [
              101.72270467695424,
              475.2962758367819
            ],
            [
              101.7439685674895,
              475.2956040692981
            ],
            [
              101.9043752961628,
              475.26006952679677
            ],
            [
              101.96115585505602,
              475.2581248054223
            ],
            [
              103.2752104593536,
              474.95639149051794
            ],
            [
              103.95686672459281,
              474.8053857083488
            ],
            [
              104.10551700030565,
              474.79200859175023
            ],
            [
              104.34230976720347,
              474.7251448085488
            ],
            [
              104.63498439852232,
              474.6613353573592
            ],
            [
              105.24362919284516,
              474.59100413591943
            ],
            [
              105.63163478443192,
              474.47043571684793
            ],
            [
              106.62232781037397,
              474.3245408035391
            ],
            [
              107.37174281209853,
              474.0646623501884
            ],
            [
              109.22745972267312,
              473.66007560115105
            ],
            [
              109.34382061735703,
              473.61202590577153
            ],
            [
              109.42842190809073,
              473.5932843717652
            ],
            [
              109.69123985131489,
              473.48314234955865
            ],
            [
              109.85235464320287,
              473.4461471591968
            ],
            [
              111.68709237696949,
              472.65117963420124
            ],
            [
              111.75262609129985,
              472.6326747105842
            ],
            [
              111.94796253807453,
              472.53814805346383
            ],
            [
              112.00114123383486,
              472.51510642992287
            ],
            [
              112.22195963749064,
              472.42256561926456
            ],
            [
              112.93035032143911,
              472.2024410986435
            ],
            [
              113.31667363838719,
              472.0031084385143
            ],
            [
              114.38107756684501,
              471.63399967234113
            ],
            [
              115.08649197466758,
              471.2406655776926
            ],
            [
              116.60669387654758,
              470.6129182704716
            ],
            [
              116.7456347368254,
              470.5267790640332
            ],
            [
              116.89003991204119,
              470.46626159014164
            ],
            [
              117.24449945971132,
              470.2432288559775
            ],
            [
              117.50306295647185,
              470.13119672229095
            ],
            [
              119.64249870093971,
              468.7391492573153
            ],
            [
              120.34851030634692,
              468.3748658573202
            ],
            [
              120.72928662931,
              468.0942831078054
            ],
            [
              121.84659601184991,
              467.47127928259766
            ],
            [
              122.49133950417942,
              466.9646127718083
            ],
            [
              123.69023674818257,
              466.2213320911338
            ],
            [
              123.84728845835383,
              466.0886275955746
            ],
            [
              124.04573605063666,
              465.96376057088116
            ],
            [
              124.47786175736833,
              465.59296695084595
            ],
            [
              124.82343173723797,
              465.36811803183593
            ],
            [
              125.06030357563843,
              465.1576462931369
            ],
            [
              125.11437627335913,
              465.1220886364649
            ],
            [
              126.37641383886037,
              463.988220593115
            ],
            [
              126.73993455737725,
              463.66521538404004
            ],
            [
              127.41454442779359,
              463.168115430934
            ],
            [
              127.78601482200136,
              462.8038345694387
            ],
            [
              128.93277803027232,
              461.9026598847045
            ],
            [
              129.50400859780027,
              461.3088503379946
            ],
            [
              130.40326532500555,
              460.54900244956525
            ],
            [
              130.57348286364888,
              460.3625041918684
            ],
            [
              130.81817137946976,
              460.1525445918055
            ],
            [
              131.26528266674856,
              459.6545776683329
            ],
            [
              131.69479884782297,
              459.2740393940221
            ],
            [
              131.94703363091995,
              458.983339647725
            ],
            [
              132.06298749221068,
              458.87916178375553
            ],
            [
              133.48706270553302,
              457.2131262199582
            ],
            [
              134.05151985713022,
              456.6595937159705
            ],
            [
              134.40992490137114,
              456.2090183227266
            ],
            [
              135.5608084891961,
              455.01264386301347
            ],
            [
              136.04977802890235,
              454.3624203276445
            ],
            [
              136.6774610418826,
              453.67470160460107
            ],
            [
              136.8555403478248,
              453.4284690953321
            ],
            [
              137.1368855326343,
              453.11512295512614
            ],
            [
              137.5800870450644,
              452.4912643747712
            ],
            [
              138.10385790217973,
              451.8876202087762
            ],
            [
              138.35472620193858,
              451.5210224066751
            ],
            [
              138.3714573744533,
              451.5015445301105
            ],
            [
              138.38025180966392,
              451.4885500236746
            ],
            [
              138.51066658128556,
              451.3359768691652
            ],
            [
              139.74640740215256,
              449.50016268572
            ],
            [
              140.19022300522127,
              448.9422118613712
            ],
            [
              140.53166798083532,
              448.4024778505034
            ],
            [
              141.66027657599858,
              446.9016729716529
            ],
            [
              142.06246998611684,
              446.2287816098935
            ],
            [
              142.45186992263208,
              445.69035339124326
            ],
            [
              142.6322543492056,
              445.3797409848036
            ],
            [
              142.9391978668375,
              444.94768165787207
            ],
            [
              143.068077667756,
              444.72129370442025
            ],
            [
              143.09797903996986,
              444.67901299456037
            ],
            [
              143.39180168027482,
              444.16026458631234
            ],
            [
              143.96041061962788,
              443.32934737749935
            ],
            [
              144.202961412448,
              442.8850143107584
            ],
            [
              144.24305216754735,
              442.82577689951916
            ],
            [
              144.25881350950226,
              442.79654086353577
            ],
            [
              144.38939781762588,
              442.60254506688256
            ],
            [
              145.43341290074005,
              440.654118276485
            ],
            [
              145.76999075171557,
              440.12207789970387
            ],
            [
              146.0902943079232,
              439.4900133339977
            ],
            [
              147.17000719942422,
              437.6835951789455
            ],
            [
              147.48515247425968,
              437.02330804090275
            ],
            [
              147.67353703916802,
              436.69891982095834
            ],
            [
              147.8505108736305,
              436.32055706267687
            ],
            [
              148.17086540683894,
              435.7578280187866
            ],
            [
              148.25402994912395,
              435.5759255019478
            ],
            [
              148.33145370813236,
              435.4392326599585
            ],
            [
              148.65001473853954,
              434.7383790457966
            ],
            [
              149.20751235221195,
              433.71708935426335
            ],
            [
              149.43433206422154,
              433.19636549948325
            ],
            [
              149.49337841311825,
              433.08683921761366
            ],
            [
              149.51446531346954,
              433.0377227064651
            ],
            [
              149.64104752220675,
              432.8014845805213
            ],
            [
              150.49547171465693,
              430.79714530177154
            ],
            [
              150.73927770555522,
              430.31603566447114
            ],
            [
              151.0338167507061,
              429.58820567357174
            ],
            [
              152.03860408235803,
              427.48299196886927
            ],
            [
              152.27055767286072,
              426.8706793236437
            ],
            [
              152.29791354291564,
              426.8121936018419
            ],
            [
              152.4656813426898,
              426.3639468453705
            ],
            [
              152.78649647113298,
              425.6622405929547
            ],
            [
              152.83124553332382,
              425.5394173574571
            ],
            [
              152.9440787995418,
              425.29117731903784
            ],
            [
              153.26959916856734,
              424.39150875677876
            ],
            [
              153.79806333823524,
              423.17828131238133
            ],
            [
              154.00222401869914,
              422.5846429816049
            ],
            [
              154.07484632920958,
              422.4154879865651
            ],
            [
              154.0992703772127,
              422.3432236128562
            ],
            [
              154.2177910929973,
              422.0651934165126
            ],
            [
              154.88991321099928,
              420.05947697764213
            ],
            [
              155.05596458625368,
              419.6491504931593
            ],
            [
              155.31952789413688,
              418.82198726701705
            ],
            [
              156.22471336198603,
              416.43247259282964
            ],
            [
              156.5469739351232,
              415.34081738146136
            ],
            [
              156.74972990777994,
              414.78431086800066
            ],
            [
              156.76461036828704,
              414.7320465532461
            ],
            [
              156.8993990089174,
              414.359519626932
            ],
            [
              157.21145908446104,
              413.2540609394104
            ],
            [
              157.3934910599109,
              412.735006921971
            ],
            [
              157.40789212027167,
              412.6819765016989
            ],
            [
              157.6949634280771,
              411.8472588098013
            ],
            [
              157.88994604210308,
              411.1276051849537
            ],
            [
              157.95016711116384,
              410.9494267831125
            ],
            [
              157.97562740308044,
              410.8512281863181
            ],
            [
              158.08225402820028,
              410.5330378320724
            ],
            [
              158.3935371407506,
              409.3193984130681
            ],
            [
              158.42337888319364,
              409.2281316666175
            ],
            [
              158.5899086312189,
              408.55827224930715
            ],
            [
              158.68742405124522,
              408.25223128299666
            ],
            [
              158.8524425394286,
              407.575164898661
            ],
            [
              158.99782585408553,
              407.03857536780515
            ],
            [
              159.6970285693733,
              404.6700315508524
            ],
            [
              159.92634394803395,
              403.63670424023184
            ],
            [
              160.1700608217926,
              402.7733482504534
            ],
            [
              160.22986390405765,
              402.4912948165032
            ],
            [
              160.4163868520009,
              401.80286463889354
            ],
            [
              160.60542376085158,
              400.90739584875075
            ],
            [
              160.6065198145152,
              400.90335974411613
            ],
            [
              160.61163413764217,
              400.8779772625807
            ],
            [
              160.80990574443567,
              399.938763661729
            ],
            [
              160.90295864872346,
              399.5852948250626
            ],
            [
              160.92164084692692,
              399.48865672646997
            ],
            [
              161.09224470916,
              398.8306493504459
            ],
            [
              161.11617244832502,
              398.7043107336223
            ],
            [
              161.20739439961213,
              398.3486520052874
            ],
            [
              161.32891155563732,
              397.6975956979755
            ],
            [
              161.34095168502648,
              397.64999932514775
            ],
            [
              161.45067923781107,
              397.0509340451453
            ],
            [
              161.49879057681477,
              396.85740806019805
            ],
            [
              161.59296431879844,
              396.3308783170777
            ],
            [
              161.6103692455632,
              396.2594663743008
            ],
            [
              161.73223386451215,
              395.5696907075255
            ],
            [
              162.00348862577928,
              394.28475553601663
            ],
            [
              162.08563029096456,
              393.9262296808763
            ],
            [
              162.09832284300666,
              393.84946221857433
            ],
            [
              162.43406719164136,
              392.3365510180694
            ],
            [
              162.4885790030379,
              391.98687997364783
            ],
            [
              162.61483800185388,
              391.3887904597771
            ],
            [
              162.7012225336922,
              390.8354543208968
            ],
            [
              162.73757886516708,
              390.6639844275461
            ],
            [
              162.9204056430546,
              389.43147686266167
            ],
            [
              162.92870790057046,
              389.37829675020635
            ],
            [
              163.09467664258878,
              388.5545907729631
            ],
            [
              163.24177547714527,
              387.48721039445894
            ],
            [
              163.3268831254723,
              387.04697090984666
            ],
            [
              163.33313992598283,
              386.9987081802427
            ],
            [
              163.4838484950936,
              386.2029659651835
            ],
            [
              163.5034600647883,
              386.04694842540874
            ],
            [
              163.57616270893365,
              385.6574271711604
            ],
            [
              163.65496060047786,
              385.01650515118325
            ],
            [
              163.68016745269998,
              384.87888657132373
            ],
            [
              163.75843379563662,
              384.2236384073284
            ],
            [
              163.80090499302364,
              383.9861799801797
            ],
            [
              163.88626247587624,
              383.244680694313
            ],
            [
              164.28665428562155,
              380.67997086342774
            ],
            [
              164.28883742848643,
              380.6631751436492
            ],
            [
              164.33202308206958,
              380.16193781987783
            ],
            [
              164.42375535693347,
              379.57351267792046
            ],
            [
              164.49671876257628,
              378.8049271478973
            ],
            [
              164.59194220020524,
              378.1629883214925
            ],
            [
              164.71173673759992,
              376.82085935702224
            ],
            [
              164.8488879525557,
              375.8256610186067
            ],
            [
              164.94994671922,
              374.53959370357495
            ],
            [
              165.11710681690988,
              373.2097711756199
            ],
            [
              165.1179037505248,
              373.2014255863355
            ],
            [
              165.13029827993208,
              373.01648348627504
            ],
            [
              165.18098026220548,
              372.6042491254358
            ],
            [
              165.22025413811275,
              371.98523477734307
            ],
            [
              165.24829343200966,
              371.7504889701949
            ],
            [
              165.29043067523548,
              371.0466907551963
            ],
            [
              165.32301556415786,
              370.763626270889
            ],
            [
              165.38533726435622,
              369.6395946361046
            ],
            [
              165.4137767904133,
              369.37239903377827
            ],
            [
              165.41442797223175,
              369.3640800667503
            ],
            [
              165.4255289622318,
              369.1381547894001
            ],
            [
              165.451557023894,
              368.9041173701642
            ],
            [
              165.46368268917126,
              368.61907472643804
            ],
            [
              165.6628605539055,
              366.52096508655205
            ],
            [
              165.68575072957265,
              365.9084052596481
            ],
            [
              165.73109456024278,
              365.40039154027176
            ],
            [
              165.76691682596683,
              364.3240237285372
            ],
            [
              165.76694894676618,
              364.32364828952996
            ],
            [
              165.767100500279,
              364.3185047834841
            ],
            [
              165.7773742620975,
              364.00980441783815
            ],
            [
              165.86838308539302,
              362.8516320308009
            ],
            [
              165.8840604288984,
              362.14810726375765
            ],
            [
              165.94447108998335,
              361.4469466797003
            ],
            [
              165.95834565236132,
              360.6609663888977
            ],
            [
              165.98018526456,
              360.3350916734004
            ],
            [
              165.98491325841962,
              359.93307654422426
            ],
            [
              166.0230793009028,
              359.33152328876525
            ],
            [
              166.0269769584735,
              358.74451055248454
            ],
            [
              166.04706630142206,
              358.40896786805905
            ],
            [
              166.04923209372737,
              357.66561465782354
            ],
            [
              166.0675013036924,
              357.33611193441453
            ],
            [
              166.06772034538767,
              357.3278761535587
            ],
            [
              166.05023458851724,
              357.3215337790435
            ],
            [
              166.05072779982726,
              357.15225152156984
            ],
            [
              166.05341100778932,
              357.1038712756473
            ],
            [
              166.05384916760164,
              357.0874042187937
            ],
            [
              166.0860767365483,
              355.7297572516473
            ],
            [
              166.08659166787766,
              355.7050849676831
            ],
            [
              166.0854497971812,
              355.547843927668
            ],
            [
              166.0940769009688,
              355.394580641403
            ],
            [
              166.09437295415987,
              355.37813495015837
            ],
            [
              166.09237667798402,
              355.1786329241791
            ],
            [
              166.09723606113866,
              355.0667859091291
            ],
            [
              166.0980328819626,
              355.04910046359487
            ],
            [
              166.09805301012773,
              355.0479824307714
            ],
            [
              166.11227001587574,
              354.72075372600864
            ],
            [
              166.11046133867237,
              354.542801911943
            ],
            [
              166.15631297206693,
              353.31577469184833
            ],
            [
              166.15638996839797,
              353.3075660288258
            ],
            [
              166.1482928976086,
              352.8646445027844
            ],
            [
              166.16032277096195,
              352.5031774600516
            ],
            [
              166.14165774880132,
              351.60657590143177
            ],
            [
              166.14884525190712,
              351.3626424875914
            ],
            [
              166.13596960971861,
              350.84361886617756
            ],
            [
              166.16002593295076,
              349.76408525810797
            ],
            [
              166.15741630888905,
              349.6833184737715
            ],
            [
              166.15785772049125,
              349.6632620763476
            ],
            [
              166.1543711783801,
              349.5563134465912
            ],
            [
              166.16278440793408,
              349.07971228028686
            ],
            [
              166.125512140109,
              347.9781376718463
            ],
            [
              166.1325173504264,
              347.3824938080482
            ],
            [
              166.12215700433737,
              347.13607946910207
            ],
            [
              166.12363483485126,
              347.0046773269644
            ],
            [
              166.10743481975987,
              346.62703013171733
            ],
            [
              166.11174752935062,
              345.9775078450811
            ],
            [
              166.08489161648978,
              345.42638901804224
            ],
            [
              166.08617465657298,
              344.98601809122397
            ],
            [
              165.99601540082975,
              343.232301078362
            ],
            [
              165.98886730168414,
              342.2479737400108
            ],
            [
              165.9848492999664,
              342.18410677722835
            ],
            [
              165.98288245753662,
              341.99059343078386
            ],
            [
              165.96490326460076,
              341.7042325242033
            ],
            [
              165.9640252548536,
              341.6165245214011
            ],
            [
              165.94461254536685,
              341.3200020575023
            ],
            [
              165.93359419127302,
              340.6132799325057
            ],
            [
              165.92169451535784,
              340.442394957626
            ],
            [
              165.9157664515374,
              340.1097543883229
            ],
            [
              165.91489571761892,
              340.0974799540035
            ],
            [
              165.91333471307368,
              340.01209073940595
            ],
            [
              165.90236368889634,
              339.8621413498778
            ],
            [
              165.9009461922861,
              339.7845818338273
            ],
            [
              165.89340851850505,
              339.68156210273685
            ],
            [
              165.89158605776177,
              339.5940175432537
            ],
            [
              165.88188182520219,
              339.4630578380189
            ],
            [
              165.87737083345056,
              339.25046338345396
            ],
            [
              165.83390673800284,
              338.6673123745716
            ],
            [
              165.8272325867681,
              338.39827397690107
            ],
            [
              165.78170996129637,
              337.81713130967495
            ],
            [
              165.74522487780715,
              336.73882178081794
            ],
            [
              165.72357644259748,
              336.487898345299
            ],
            [
              165.72198816422,
              336.43873515455823
            ],
            [
              165.7215075424526,
              336.4306388045833
            ],
            [
              165.66991620755113,
              335.83277937931064
            ],
            [
              165.66985508240478,
              335.8310399042744
            ],
            [
              165.666875400665,
              335.7975413870986
            ],
            [
              165.62506248817812,
              335.3129979288611
            ],
            [
              165.5894227396847,
              334.46532884620393
            ],
            [
              165.58271757726104,
              334.39506653113125
            ],
            [
              165.56619522274886,
              334.00990510965585
            ],
            [
              165.49029208597472,
              333.2244207770154
            ],
            [
              165.46351691363654,
              332.67495885221615
            ],
            [
              165.4431891033104,
              332.4790969272238
            ],
            [
              165.43012603258043,
              332.225002888958
            ],
            [
              165.28265219090912,
              330.8104785851347
            ],
            [
              165.27566018624552,
              330.684097127386
            ],
            [
              165.2695329626479,
              330.62882603762347
            ],
            [
              165.18860220512957,
              329.33981350103903
            ],
            [
              165.16262138549712,
              329.1146251540849
            ],
            [
              165.14762535437274,
              328.87626015850776
            ],
            [
              165.10813386609453,
              328.5430777875021
            ],
            [
              165.0916620895349,
              328.2914770630591
            ],
            [
              165.0571467863929,
              328.00609050882184
            ],
            [
              165.01032450915167,
              327.34605309200373
            ],
            [
              164.96292040235716,
              326.96429172299656
            ],
            [
              164.9362909413399,
              326.6003385999614
            ],
            [
              164.93205421894936,
              326.5672973868382
            ],
            [
              164.92296580372167,
              326.4453595332009
            ],
            [
              164.84042340267445,
              325.8006499307856
            ],
            [
              164.8207212004638,
              325.54913125795196
            ],
            [
              164.71053227497825,
              324.71508437017116
            ],
            [
              164.60520114204735,
              323.49446833613996
            ],
            [
              164.42913566088106,
              322.2430334217353
            ],
            [
              164.325500684538,
              321.1705658836159
            ],
            [
              164.21786101047923,
              320.4575696529725
            ],
            [
              164.2090873801332,
              320.3692624017418
            ],
            [
              164.20574079663095,
              320.3476455482429
            ],
            [
              164.2046161153057,
              320.33633342412367
            ],
            [
              164.16189505478027,
              320.0605164917915
            ],
            [
              164.11710207944424,
              319.63087587529367
            ],
            [
              163.93620213036897,
              318.4846554826587
            ],
            [
              163.7506382820358,
              316.8762837356812
            ],
            [
              163.6656142034022,
              316.372806612841
            ],
            [
              163.58792386123736,
              315.7173475877386
            ],
            [
              163.5330308181978,
              315.40408024587373
            ],
            [
              163.5063474298942,
              315.18345114660264
            ],
            [
              163.48546088958415,
              315.06580856635645
            ],
            [
              163.4513069151553,
              314.79075501262963
            ],
            [
              163.41697835920962,
              314.598438355145
            ],
            [
              163.38367696799767,
              314.33181135389333
            ],
            [
              163.34417320156425,
              314.11396696514515
            ],
            [
              163.31138825337402,
              313.85789528992973
            ],
            [
              163.2811982936566,
              313.6926557562646
            ],
            [
              163.27513718555596,
              313.64538658305344
            ],
            [
              163.2712315292132,
              313.62422166856254
            ],
            [
              163.25968460488065,
              313.5341694139446
            ],
            [
              163.1670947486405,
              313.03242878888375
            ],
            [
              163.1532377779135,
              312.9275419932474
            ],
            [
              163.01345047743663,
              312.18065291062453
            ],
            [
              162.82016535707766,
              310.8068245687566
            ],
            [
              162.56461652584386,
              309.50661596264126
            ],
            [
              162.4274683993375,
              308.59815820213186
            ],
            [
              162.26587757709834,
              307.81733246370413
            ],
            [
              162.22873285676613,
              307.577400611546
            ],
            [
              162.22748111704945,
              307.57149792308377
            ],
            [
              162.22324938254167,
              307.5441768777689
            ],
            [
              162.08619701217356,
              306.89814954535365
            ],
            [
              162.018444848699,
              306.47254266365405
            ],
            [
              162.0154717936522,
              306.4567099773865
            ],
            [
              161.90445348138175,
              305.94394754792415
            ],
            [
              161.6946697421919,
              304.70169576319825
            ],
            [
              161.52802176211335,
              303.9617585483343
            ],
            [
              161.34037985480037,
              302.89091098238214
            ],
            [
              161.28489248584086,
              302.6539910184586
            ],
            [
              161.2659274921645,
              302.547744656142
            ],
            [
              161.25384515493877,
              302.4963246195133
            ],
            [
              161.23864590523468,
              302.4107154699664
            ],
            [
              161.16685889581024,
              302.1071193436956
            ],
            [
              161.08338169521502,
              301.6467824852288
            ],
            [
              161.0707770449761,
              301.59429657466876
            ],
            [
              161.07049407984528,
              301.5927478138627
            ],
            [
              161.0076524018058,
              301.3304994752247
            ],
            [
              160.9326734189177,
              300.9241914489592
            ],
            [
              160.64693481407787,
              299.7496303666915
            ],
            [
              160.396403863662,
              298.47495226993374
            ],
            [
              160.05721007538077,
              297.144792965089
            ],
            [
              159.9024778423873,
              296.3971087314897
            ],
            [
              159.7496332756705,
              295.8219312090842
            ],
            [
              159.72208103099086,
              295.69065991491107
            ],
            [
              159.65732165979998,
              295.4490964538013
            ],
            [
              159.59309702615542,
              295.14635912326366
            ],
            [
              159.46434206702642,
              294.6737576901652
            ],
            [
              159.36198754837517,
              294.20101089211994
            ],
            [
              159.18809911997275,
              293.5722186210293
            ],
            [
              158.94979739363993,
              292.51413009457406
            ],
            [
              158.7299321041446,
              291.7448213678489
            ],
            [
              158.44036315352358,
              290.5084198836883
            ],
            [
              158.36129403328184,
              290.2420391419932
            ],
            [
              158.32378658867475,
              290.0834155277742
            ],
            [
              158.26724905763157,
              289.8943595334707
            ],
            [
              158.23207651749914,
              289.74757891743087
            ],
            [
              158.20038749370087,
              289.64196101588374
            ],
            [
              158.14456678331703,
              289.40952292699853
            ],
            [
              158.07785760732477,
              289.1891458774929
            ],
            [
              157.97437599448503,
              288.76377292084896
            ],
            [
              157.64717281703832,
              287.6937546650479
            ],
            [
              157.36791504757701,
              286.59863637770883
            ],
            [
              157.3610251402658,
              286.5769299787908
            ],
            [
              157.358576830997,
              286.56732882760434
            ],
            [
              156.93962226973326,
              285.24742926229965
            ],
            [
              156.78471198655853,
              284.6644781323761
            ],
            [
              156.68397996327485,
              284.3580265735031
            ],
            [
              156.6226181494067,
              284.12913657866125
            ],
            [
              156.44572092630082,
              283.5937597877265
            ],
            [
              156.35070075500408,
              283.2449835585936
            ],
            [
              156.24776134085718,
              282.9397591363176
            ],
            [
              156.1095108149699,
              282.43983592147816
            ],
            [
              155.97098451876758,
              282.0337590797464
            ],
            [
              155.8633438041857,
              281.6520753972897
            ],
            [
              155.75813789509974,
              281.3465123655952
            ],
            [
              155.61403488492368,
              280.8422958813618
            ],
            [
              155.38744916425352,
              280.19703052278953
            ],
            [
              155.3226538213835,
              279.97425956036113
            ],
            [
              155.30277086610084,
              279.9183018694695
            ],
            [
              155.1439394709062,
              279.3795198321306
            ],
            [
              155.1041030260266,
              279.2686913454809
            ],
            [
              154.92725010841602,
              278.6728808543466
            ],
            [
              154.83955032817434,
              278.4324690069938
            ],
            [
              154.80093042068856,
              278.3033277998106
            ],
            [
              154.69671851993564,
              278.01938632117844
            ],
            [
              154.6060395221622,
              277.719823784491
            ],
            [
              154.5556755259245,
              277.5839551054407
            ],
            [
              154.42329686738876,
              277.15105105353393
            ],
            [
              154.06801414149638,
              276.20054286779714
            ],
            [
              153.76284239391754,
              275.2391114997736
            ],
            [
              153.24473404889048,
              273.8949956780048
            ],
            [
              153.11155428499993,
              273.48983012168344
            ],
            [
              153.08588888115995,
              273.42527852590405
            ],
            [
              152.9830580704319,
              273.11406262047336
            ],
            [
              152.66391521388172,
              272.3133399682394
            ],
            [
              152.5359975076445,
              271.93405271166455
            ],
            [
              152.47319016289617,
              271.7803030645506
            ],
            [
              152.29714124932087,
              271.2642321901054
            ],
            [
              152.2342723833463,
              271.1116972454693
            ],
            [
              152.18323584808445,
              270.96346528229526
            ],
            [
              151.92697048124847,
              270.342362666512
            ],
            [
              151.72527030792537,
              269.7679657703893
            ],
            [
              151.54378975129703,
              269.3391952773523
            ],
            [
              151.4793941454034,
              269.15796319398095
            ],
            [
              151.41880400493625,
              269.0158659597462
            ],
            [
              151.2790355226965,
              268.62701777276055
            ],
            [
              151.17192167053048,
              268.37838017590667
            ],
            [
              150.84374968208806,
              267.47876065831565
            ],
            [
              150.74977087992383,
              267.26531561633675
            ],
            [
              150.71250905633173,
              267.16379000159435
            ],
            [
              150.5930967222109,
              266.89397043528146
            ],
            [
              150.50977878316306,
              266.66920077509445
            ],
            [
              150.48265110389062,
              266.60841618182786
            ],
            [
              150.32103092905112,
              266.1760244893171
            ],
            [
              149.95801426179878,
              265.36833883116253
            ],
            [
              149.63991627856106,
              264.54310500459644
            ],
            [
              149.10384173353742,
              263.38119118023315
            ],
            [
              148.84199078249878,
              262.7242127027184
            ],
            [
              148.39719565811964,
              261.7873542280796
            ],
            [
              148.02770712955967,
              260.8918360610157
            ],
            [
              147.99176543774334,
              260.8183580541347
            ],
            [
              147.96665887850745,
              260.7574435209504
            ],
            [
              147.57260006174693,
              259.9567633918126
            ],
            [
              147.3255397469376,
              259.37305252516063
            ],
            [
              147.20687179710268,
              259.1379565688982
            ],
            [
              147.14729809210337,
              258.99824309986576
            ],
            [
              147.03793010502736,
              258.7823689458455
            ],
            [
              146.93016461099032,
              258.53221872792096
            ],
            [
              146.74662072006873,
              258.17334450948823
            ],
            [
              146.23530909135144,
              257.01205143547327
            ],
            [
              146.13740063882807,
              256.8260491128216
            ],
            [
              146.10364204262953,
              256.7497694734299
            ],
            [
              145.97512974228562,
              256.5067107168253
            ],
            [
              145.71171423235418,
              255.9206303830504
            ],
            [
              145.35226209310292,
              255.2498365245784
            ],
            [
              145.03227153787032,
              254.5562735616587
            ],
            [
              144.5232038275265,
              253.62768277877046
            ],
            [
              144.24007716800952,
              253.03134168637493
            ],
            [
              143.79856983688748,
              252.24592755260494
            ],
            [
              143.43555020938587,
              251.50378222392484
            ],
            [
              143.27840518381697,
              251.23147578705695
            ],
            [
              143.16203967317782,
              250.99503506266063
            ],
            [
              142.68349331286933,
              250.17658164165874
            ],
            [
              142.45900310708188,
              249.73183864511998
            ],
            [
              142.41812564414843,
              249.66364594121973
            ],
            [
              142.36802863449537,
              249.56476280488138
            ],
            [
              142.2033555774519,
              249.29012470304198
            ],
            [
              142.13878160640743,
              249.16386643711468
            ],
            [
              142.130180346564,
              249.14840694649956
            ],
            [
              141.8673201898114,
              248.71393150751828
            ],
            [
              141.14960181939645,
              247.35044060897877
            ],
            [
              141.05008060495186,
              247.1918333363795
            ],
            [
              141.02163493768114,
              247.138033283788
            ],
            [
              140.91336050951904,
              246.96615256372075
            ],
            [
              140.64155153862637,
              246.45891455219945
            ],
            [
              140.29597710232824,
              245.91679541655566
            ],
            [
              139.98426254056668,
              245.34819665638778
            ],
            [
              139.5193989655775,
              244.63354821890005
            ],
            [
              139.21967049614491,
              244.1003498786056
            ],
            [
              138.7925856020138,
              243.4582895703164
            ],
            [
              138.44706995009008,
              242.85956787537455
            ],
            [
              138.1514455869609,
              242.42546226618057
            ],
            [
              137.92904330411562,
              242.04508969555565
            ],
            [
              137.42096913091203,
              241.31416579699277
            ],
            [
              137.18482920622836,
              240.92033682554052
            ],
            [
              136.96502944361688,
              240.61104916026562
            ],
            [
              136.9392275034913,
              240.56840173358083
            ],
            [
              136.57739985452142,
              240.06370795195417
            ],
            [
              135.6360971289087,
              238.56355083650502
            ],
            [
              135.53721702785927,
              238.4317698061005
            ],
            [
              135.5155574187303,
              238.39738616374547
            ],
            [
              135.43190143022994,
              238.28628742145705
            ],
            [
              135.15841942744393,
              237.85726313206985
            ],
            [
              134.83597231982029,
              237.43357877724898
            ],
            [
              134.5417678337578,
              236.98128957332892
            ],
            [
              134.13586034294028,
              236.45757730782336
            ],
            [
              133.82449913784782,
              235.98949081242364
            ],
            [
              133.42196707475375,
              235.4805233274788
            ],
            [
              133.1038038922947,
              235.01332089300814
            ],
            [
              132.6552605924639,
              234.45813876787867
            ],
            [
              132.31487063508118,
              233.968448152224
            ],
            [
              131.83077820628637,
              233.3864709381197
            ],
            [
              131.64222518064724,
              233.1211516111522
            ],
            [
              130.86462395829815,
              232.20443869636293
            ],
            [
              129.74570725496113,
              230.71321857679663
            ],
            [
              129.64962831568982,
              230.60718061617064
            ],
            [
              129.63589756367918,
              230.58894558833106
            ],
            [
              129.58018112513767,
              230.52765080113542
            ],
            [
              129.3115411836953,
              230.17466720297455
            ],
            [
              129.02034692200075,
              229.85741056170858
            ],
            [
              128.75189776007244,
              229.51105056109742
            ],
            [
              128.41713476847258,
              229.15233945090097
            ],
            [
              128.09940694795569,
              228.75059970261862
            ],
            [
              127.7304790371822,
              228.36251613645842
            ],
            [
              127.44829356239342,
              228.01324253983938
            ],
            [
              126.83531692510712,
              227.3809140100885
            ],
            [
              126.36788637683165,
              226.81896775336946
            ],
            [
              125.91908108485732,
              226.37414562014214
            ],
            [
              125.78578211409382,
              226.21699966342874
            ],
            [
              124.81425069455383,
              225.27059399588916
            ],
            [
              123.53050615706304,
              223.85378346744432
            ],
            [
              123.43926356796464,
              223.77190250262242
            ],
            [
              123.4342862613059,
              223.76642686633627
            ],
            [
              123.40881037710292,
              223.74363199277008
            ],
            [
              123.1512276469752,
              223.46299517207038
            ],
            [
              122.89824143142377,
              223.23863809904427
            ],
            [
              122.66276140651968,
              222.9863124140601
            ],
            [
              122.4087038205057,
              222.76442110467806
            ],
            [
              122.09014632012794,
              222.4293233059845
            ],
            [
              121.76273146245542,
              222.14818520360305
            ],
            [
              121.52390215476561,
              221.90181596894328
            ],
            [
              120.73797263966284,
              221.23901964842145
            ],
            [
              120.13740069182913,
              220.6437777923976
            ],
            [
              119.7340330925953,
              220.32176101515438
            ],
            [
              119.66191520360093,
              220.25150823947948
            ],
            [
              119.27290516187804,
              219.9455843138814
            ],
            [
              119.26180350451249,
              219.93489727918032
            ],
            [
              119.15147920320409,
              219.84971213340188
            ],
            [
              119.11323529179114,
              219.813008252284
            ],
            [
              118.7353763411902,
              219.5228627660719
            ],
            [
              118.59679585311946,
              219.41388078005994
            ],
            [
              118.48286954574215,
              219.3229310299698
            ],
            [
              118.37771446898745,
              219.22967580979002
            ],
            [
              118.3606502366857,
              219.21436239290347
            ],
            [
              118.06093693341172,
              218.93678020094984
            ],
            [
              118.0064764452738,
              218.89652735508596
            ],
            [
              117.04351197062383,
              218.03236445643753
            ],
            [
              116.96495737914387,
              217.97679313833146
            ],
            [
              116.7286766728291,
              217.76725109839194
            ],
            [
              116.51964849000248,
              217.62098012807814
            ],
            [
              116.32328615563554,
              217.44947926416611
            ],
            [
              116.1568510200175,
              217.33463886367994
            ],
            [
              115.8432178294531,
              217.06533453012295
            ],
            [
              115.56402832287183,
              216.87568783584243
            ],
            [
              115.37467313183424,
              216.71599931228235
            ],
            [
              114.41032075640499,
              216.07173029194337
            ],
            [
              113.67350231467437,
              215.48351274428768
            ],
            [
              113.32443567878799,
              215.26760960773544
            ],
            [
              113.3177434151652,
              215.26234670102517
            ],
            [
              113.1706206458859,
              215.17247262058314
            ],
            [
              112.78515154331917,
              214.93405399292067
            ],
            [
              112.77366303353809,
              214.9251833237285
            ],
            [
              112.70182419336571,
              214.88251473259763
            ],
            [
              112.65240143484445,
              214.8519459887486
            ],
            [
              112.56535076500687,
              214.78510263652706
            ],
            [
              112.1330082498318,
              214.53069323577054
            ],
            [
              111.92874379969363,
              214.40435250040466
            ],
            [
              111.56787544648132,
              214.13762741775864
            ],
            [
              111.43380839966402,
              214.06207838209767
            ],
            [
              111.19175271269827,
              213.89269586285278
            ],
            [
              110.33852401682962,
              213.2891023314368
            ],
            [
              110.30032551972673,
              213.26890476107226
            ],
            [
              110.09582272263309,
              213.1258005051903
            ],
            [
              109.93527112090112,
              213.0417428673128
            ],
            [
              109.78308214377682,
              212.93673232961407
            ],
            [
              109.70856756731868,
              212.89821465154583
            ],
            [
              109.40574956956033,
              212.6925176934209
            ],
            [
              109.1802541143721,
              212.5776030438094
            ],
            [
              109.04522361693658,
              212.48739124103207
            ],
            [
              107.90007061172105,
              211.91255555386297
            ],
            [
              107.02693485695464,
              211.37250752660321
            ],
            [
              105.93701193692137,
              210.88469578306578
            ],
            [
              105.8407367653112,
              210.82804322667567
            ],
            [
              105.39157205331054,
              210.64057578545345
            ],
            [
              105.29037823906889,
              210.59528493960644
            ],
            [
              105.20008931341584,
              210.54927283596894
            ],
            [
              104.91031104080875,
              210.385977905751
            ],
            [
              104.77337535568947,
              210.3318153049695
            ],
            [
              104.24347543693263,
              210.06177321724434
            ],
            [
              103.30522727932356,
              209.57054844581282
            ],
            [
              103.22093914810746,
              209.5406789040706
            ],
            [
              102.8254087022183,
              209.33911279020012
            ],
            [
              102.65779100447767,
              209.28107365874618
            ],
            [
              102.58066596581003,
              209.24235898533996
            ],
            [
              101.25545886871151,
              208.78939480098876
            ],
            [
              100.24900731864847,
              208.33894195115312
            ],
            [
              99.10161401779459,
              208.0153420866007
            ],
            [
              98.99199127162694,
              207.96958894711142
            ],
            [
              98.54832074329819,
              207.85813271698018
            ],
            [
              98.31559789838836,
              207.77755034430052
            ],
            [
              98.1388793434652,
              207.70765230031398
            ],
            [
              98.06271076606001,
              207.6899859062159
            ],
            [
              96.15033731109716,
              207.02780944256935
            ],
            [
              96.04345912865723,
              207.00790025857182
            ],
            [
              96.02655054634258,
              207.00212079797228
            ],
            [
              94.52518152933726,
              206.72464871030763
            ],
            [
              93.39152936332846,
              206.40492426439204
            ],
            [
              92.19952251791786,
              206.2632259768096
            ],
            [
              92.07221864497666,
              206.23124546683493
            ],
            [
              91.70089060864505,
              206.19897000041692
            ],
            [
              91.36212815065429,
              206.135865595421
            ],
            [
              91.30468931322825,
              206.1225433413742
            ],
            [
              91.28217024894934,
              206.1209711002089
            ],
            [
              89.42910434045083,
              205.77578343607792
            ],
            [
              87.69903699914913,
              205.7282365229068
            ],
            [
              86.50676157593664,
              205.58650630848092
            ],
            [
              85.2842539797171,
              205.64124227778765
            ],
            [
              85.13497963412321,
              205.6282674990113
            ],
            [
              84.85646606803975,
              205.65011501281475
            ],
            [
              82.75013700056795,
              205.59222741336072
            ],
            [
              82.56723481224142,
              205.61652624954525
            ],
            [
              82.4798811740331,
              205.61440974435732
            ],
            [
              81.09702301583192,
              205.81184614121082
            ],
            [
              80.905451829984,
              205.83729666701618
            ],
            [
              79.64737067033224,
              205.89362539000714
            ],
            [
              78.40945690021323,
              206.1558394693101
            ],
            [
              78.23424460320598,
              206.1695836941654
            ],
            [
              78.03788974026914,
              206.2182566879018
            ],
            [
              76.12457207413988,
              206.47244387383807
            ],
            [
              75.80650756758553,
              206.56719498258119
            ],
            [
              75.58953928464716,
              206.59817244456312
            ],
            [
              74.10457808125301,
              207.06607442024082
            ],
            [
              73.33153133194008,
              207.22208471420055
            ],
            [
              73.2728522217593,
              207.24387168851456
            ],
            [
              72.86637942650275,
              207.3299704882355
            ],
            [
              71.62884032707704,
              207.80694981862968
            ],
            [
              71.42433916656059,
              207.85764213944125
            ],
            [
              71.30608957081046,
              207.90786514925142
            ],
            [
              69.59881935895599,
              208.41645929342604
            ],
            [
              69.15337921976122,
              208.6261661748311
            ],
            [
              68.8116122109972,
              208.73385481898453
            ],
            [
              67.48006755305877,
              209.39467544724576
            ],
            [
              66.80660031660162,
              209.64472718340213
            ],
            [
              66.68019613702367,
              209.71428429659517
            ],
            [
              66.21710100945415,
              209.89277304411155
            ],
            [
              65.04170113984276,
              210.5618857285825
            ],
            [
              64.89858569066304,
              210.62926244631697
            ],
            [
              64.7598712932252,
              210.68817727389265
            ],
            [
              64.71489764806303,
              210.71574016391878
            ],
            [
              63.221769501623704,
              211.41868365637254
            ],
            [
              62.6598233750309,
              211.78687218444503
            ],
            [
              62.20122902312116,
              212.0144639561131
            ],
            [
              61.02910645957359,
              212.82394005044634
            ],
            [
              60.45473461441811,
              213.1400027596089
            ],
            [
              60.2642676417284,
              213.28150603435034
            ],
            [
              59.753047267058534,
              213.57252532583098
            ],
            [
              58.69785059450264,
              214.38276680371519
            ],
            [
              57.042439178650845,
              215.46739656396255
            ],
            [
              56.3779188908798,
              216.03608293057954
            ],
            [
              55.813650054641684,
              216.42577096143646
            ],
            [
              54.80352456064994,
              217.33844576319652
            ],
            [
              54.326279818078106,
              217.69300431462426
            ],
            [
              54.07722403626483,
              217.93075305940496
            ],
            [
              53.52780065475201,
              218.35263233954322
            ],
            [
              52.59457579912506,
              219.2738104704027
            ],
            [
              51.109842833416394,
              220.54442238578125
            ],
            [
              50.537244891272934,
              221.16205177292878
            ],
            [
              50.48276627889289,
              221.20979145818998
            ],
            [
              50.32184589781917,
              221.38775964502256
            ],
            [
              49.704103295251784,
              221.9459062423463
            ],
            [
              48.8550734806288,
              222.9158199814392
            ],
            [
              48.47150635184845,
              223.28197330958238
            ],
            [
              48.17123566163203,
              223.64005101299242
            ],
            [
              47.59483964132721,
              224.2090065068585
            ],
            [
              46.78353739201438,
              225.21096618853636
            ],
            [
              45.472821666529065,
              226.62476196157914
            ],
            [
              44.917204040934074,
              227.3649659213851
            ],
            [
              44.7838509467359,
              227.5124463600041
            ],
            [
              44.54403524557734,
              227.84065906471008
            ],
            [
              43.927564846943135,
              228.5449018357783
            ],
            [
              43.235235560970935,
              229.52631176921528
            ],
            [
              42.940408061584435,
              229.87789837864105
            ],
            [
              42.59827070571766,
              230.37977778781064
            ],
            [
              42.00730787994308,
              231.10961790017387
            ],
            [
              41.31605808657452,
              232.16247840564898
            ],
            [
              40.179822206362935,
              233.67619262036865
            ],
            [
              39.65179330229959,
              234.53620048454775
            ],
            [
              39.44730112116788,
              234.8160692818529
            ],
            [
              39.140609085126655,
              235.33064097869797
            ],
            [
              38.53847344802539,
              236.18419709354217
            ],
            [
              37.994972542097706,
              237.13233059436112
            ],
            [
              37.78244421335518,
              237.44408723312463
            ],
            [
              37.40981639540033,
              238.11217653348294
            ],
            [
              36.817718164455485,
              239.01401672019452
            ],
            [
              36.242826171174485,
              240.08843165768485
            ],
            [
              35.278617492059055,
              241.658851459255
            ],
            [
              34.78819643158883,
              242.6331728390626
            ],
            [
              34.5233373147522,
              243.07755674591033
            ],
            [
              34.16516027839943,
              243.81341110305704
            ],
            [
              33.59037012917753,
              244.81612846831953
            ],
            [
              33.184406158645764,
              245.6879699465098
            ],
            [
              33.04621795040411,
              245.9357293968671
            ],
            [
              32.65652870422606,
              246.79085857232835
            ],
            [
              32.07758332737853,
              247.8728488733694
            ],
            [
              31.613530038970158,
              248.94029459503702
            ],
            [
              30.815964944807547,
              250.52482019083985
            ],
            [
              30.37238302181661,
              251.60545633945262
            ],
            [
              30.061033468132315,
              252.24510629580254
            ],
            [
              29.83835036285365,
              252.80912296021174
            ],
            [
              29.809710008695255,
              252.86854318438162
            ],
            [
              29.648330549914178,
              253.28198717342605
            ],
            [
              29.135455633980953,
              254.38342882170116
            ],
            [
              28.85242404268562,
              255.13853794635523
            ],
            [
              28.779085572838866,
              255.29947096123513
            ],
            [
              28.387804176559047,
              256.3603201764418
            ],
            [
              27.836967871741138,
              257.62738986780664
            ],
            [
              27.476418460335,
              258.6604868265796
            ],
            [
              26.837196459045085,
              260.2177333368227
            ],
            [
              26.636811253250755,
              260.82471374076306
            ],
            [
              26.601354510318103,
              260.9117148049748
            ],
            [
              26.42355827083793,
              261.45818344014305
            ],
            [
              26.107858323155604,
              262.2577952078482
            ],
            [
              25.953195249855938,
              262.7486906192868
            ],
            [
              25.864324737978695,
              262.97637126226664
            ],
            [
              25.688278690052286,
              263.54290022831907
            ],
            [
              25.570174165468256,
              263.8517367134495
            ],
            [
              25.49972895913668,
              264.0833014557018
            ],
            [
              25.22406042223141,
              264.818766449727
            ],
            [
              25.04620616157209,
              265.4201212951314
            ],
            [
              25.026692801482543,
              265.4730262707663
            ],
            [
              24.73823132924849,
              266.45843317884083
            ],
            [
              24.727860933195934,
              266.4870051302432
            ],
            [
              24.6604825619563,
              266.7240290374262
            ],
            [
              24.652235413157616,
              266.75220194154116
            ],
            [
              24.651204149014337,
              266.75568881718397
            ],
            [
              24.14395636142719,
              268.20912662660845
            ],
            [
              23.969769731885656,
              268.8457838673095
            ],
            [
              23.95172274215168,
              268.8982662213262
            ],
            [
              23.863125172593207,
              269.22639734295586
            ],
            [
              23.38573818264274,
              270.67243497256993
            ],
            [
              23.230631428118397,
              271.2718576722265
            ],
            [
              23.083307393699283,
              271.72466794680025
            ],
            [
              22.917003375837172,
              272.3833409330245
            ],
            [
              22.889368445896075,
              272.4699363102909
            ],
            [
              22.885596401002747,
              272.48514656116123
            ],
            [
              22.70913853824262,
              273.0452179039396
            ],
            [
              22.61282464602558,
              273.4399346702407
            ],
            [
              22.481468211005897,
              273.8626492167544
            ],
            [
              22.320536751709383,
              274.5338184239902
            ],
            [
              22.25937606193123,
              274.73486346454865
            ],
            [
              22.15125765816582,
              275.19636248755774
            ],
            [
              21.90969011481796,
              276.0115551127566
            ],
            [
              21.484209517174456,
              277.8975352160489
            ],
            [
              21.46043416104977,
              277.98117226010066
            ],
            [
              21.424987575901508,
              278.14703729800874
            ],
            [
              21.04403750598982,
              279.5394209786102
            ],
            [
              20.933986846437726,
              280.0747924983744
            ],
            [
              20.827028239379935,
              280.4709257995161
            ],
            [
              20.74584709017112,
              280.8745093458393
            ],
            [
              20.50255992999801,
              281.81471241300716
            ],
            [
              20.392876435784114,
              282.38053914024675
            ],
            [
              20.170852225960736,
              283.25990063240386
            ],
            [
              20.023069214007666,
              284.0533557054204
            ],
            [
              19.90744401759287,
              284.5272146948276
            ],
            [
              19.857488214185423,
              284.80603208261346
            ],
            [
              19.70417935673799,
              285.44541101303344
            ],
            [
              19.568603410640165,
              286.22031743396957
            ],
            [
              19.550245940384865,
              286.29867555148434
            ],
            [
              19.431383125323556,
              286.9968684218416
            ],
            [
              19.22169340660962,
              287.9263365093539
            ],
            [
              19.046312567953837,
              289.01713531236817
            ],
            [
              19.034978274858958,
              289.0687058863758
            ],
            [
              18.954104361255844,
              289.59063354778505
            ],
            [
              18.87723917779413,
              290.06870430371606
            ],
            [
              18.853370252237983,
              290.18039405396127
            ],
            [
              18.84466833881172,
              290.2388535702911
            ],
            [
              18.579406520344655,
              291.52929220523777
            ],
            [
              18.525111467170998,
              291.914662963824
            ],
            [
              18.36453827001172,
              292.71293572768644
            ],
            [
              18.30234703166363,
              293.1650005526367
            ],
            [
              18.225557215687047,
              293.56113791651006
            ],
            [
              18.179820881800822,
              293.9036791633563
            ],
            [
              18.149859732727382,
              294.05961488515254
            ],
            [
              18.12681898515102,
              294.23442688481583
            ],
            [
              17.9049923845515,
              295.4254260345178
            ],
            [
              17.784657715660206,
              296.3750820330423
            ],
            [
              17.74189954101562,
              296.6137274305388
            ],
            [
              17.724400253243047,
              296.76116121424036
            ],
            [
              17.571937666694716,
              297.63258598146155
            ],
            [
              17.46063616353543,
              298.6052474963181
            ],
            [
              17.4388243355781,
              298.7336249202418
            ],
            [
              17.341392316073122,
              299.6210586613703
            ],
            [
              17.209131468391124,
              300.4436683343744
            ],
            [
              17.09391227018063,
              301.59556399578196
            ],
            [
              17.073997134602983,
              301.72408825874584
            ],
            [
              17.071030850696445,
              301.7479744386624
            ],
            [
              17.064778512375163,
              301.8136040504846
            ],
            [
              17.0185908723747,
              302.10847119700816
            ],
            [
              16.9261910357195,
              303.14992123491055
            ],
            [
              16.896834494213103,
              303.38159691071
            ],
            [
              16.601766398482123,
              305.5264313052151
            ],
            [
              16.565934650794105,
              305.98867197950364
            ],
            [
              16.51242290139497,
              306.3887673875859
            ],
            [
              16.50769308754807,
              306.452619372665
            ],
            [
              16.405505643789326,
              307.2590612720368
            ],
            [
              16.29542734701578,
              308.78798304280815
            ],
            [
              16.255722111995237,
              309.1349662635777
            ],
            [
              16.247431048386737,
              309.20481955672483
            ],
            [
              16.24708988192355,
              309.21040314214815
            ],
            [
              16.119886451817898,
              310.32203126493346
            ],
            [
              16.070041526307136,
              311.20082056497506
            ],
            [
              16.044766026007903,
              311.4310357642898
            ],
            [
              15.972931310470864,
              312.80249065445526
            ],
            [
              15.90778811481977,
              313.4537550757143
            ],
            [
              15.870126808124711,
              314.35363684850944
            ],
            [
              15.868989937819414,
              314.3655703608931
            ],
            [
              15.859844979913905,
              314.59931153719833
            ],
            [
              15.847836008526489,
              314.8862547000815
            ],
            [
              15.820839906762593,
              315.17721130503446
            ],
            [
              15.806034176303891,
              315.5853617732206
            ],
            [
              15.791697664817663,
              315.7844873517532
            ],
            [
              15.77683499898811,
              315.95065521451227
            ],
            [
              15.774271628350478,
              316.02652458629086
            ],
            [
              15.733472529650193,
              316.59319968990593
            ],
            [
              15.711878169562175,
              316.83659240516573
            ],
            [
              15.709875755950893,
              316.92094477761054
            ]
          ]
        ]
      }
    }
  ]
}