{
  "type": "FeatureCollection",
  "features": [
    {
      "type": "Feature",
      "properties": {
        "method": "Homography",
        "mode": "tmpl2img",
        "inside_ratio": 1.0
      },
      "geometry": {
        "type": "Polygon",
        "coordinates": [
          [
            [
              88.50926117407998,
              259.9322803425535
            ],
            [
              86.5560211466848,
              260.1544742087806
            ],
            [
              84.25550264092944,
              260.5569476224452
            ],
            [
              82.15768565817609,
              260.8448349912957
            ],
            [
              82.13146850886176,
              260.8501014026881
            ],
            [
              82.10431070290477,
              260.8538324105986
            ],
            [
              81.86468968113401,
              260.90200788786916
            ],
            [
              81.4925589024493,
              260.9541120319765
            ],
            [
              80.92966595344151,
              261.06936396853916
            ],
            [
              80.61945585836452,
              261.11449669356807
            ],
            [
              80.42361611454393,
              261.1552812238228
            ],
            [
              80.31641490988235,
              261.17109686878604
            ],
            [
              79.95878913818228,
              261.24666112666574
            ],
            [
              79.72777119722677,
              261.28131526979234
            ],
            [
              79.45151883463983,
              261.34070607801317
            ],
            [
              78.63823529889581,
              261.4669393302216
            ],
            [
              77.11756272282891,
              261.80572307814117
            ],
            [
              75.60450200316917,
              262.07043153903874
            ],
            [
              73.28920970065825,
              262.6260963581973
            ],
            [
              72.08144051921246,
              262.8689166930685
            ],
            [
              71.17229678616415,
              263.05154238041274
            ],
            [
              71.1700027792521,
              263.05215999868943
            ],
            [
              71.11813967664175,
              263.06258700422563
            ],
            [
              70.87572204288877,
              263.1279019335802
            ],
            [
              70.38055687755724,
              263.2292866539331
            ],
            [
              70.11602819318131,
              263.30188396756586
            ],
            [
              69.91432656158236,
              263.3438892629964
            ],
            [
              69.60794815976128,
              263.4283681302337
            ],
            [
              69.81308606674568,
              263.38502347516953
            ],
            [
              69.80049536853879,
              263.38847886931296
            ],
            [
              69.59561066629345,
              263.43176999363305
            ],
            [
              69.59265859387251,
              263.4325839796509
            ],
            [
              69.79748271028167,
              263.3893056639413
            ],
            [
              69.75127848571745,
              263.4019859620778
            ],
            [
              69.47899441351484,
              263.4594303286491
            ],
            [
              69.08790882815356,
              263.568752812676
            ],
            [
              68.75114340417922,
              263.6411531734361
            ],
            [
              68.37000606295564,
              263.7498420541107
            ],
            [
              68.33287014013247,
              263.7579052233645
            ],
            [
              68.25763763499803,
              263.7795856142302
            ],
            [
              67.35478472151107,
              263.98072812095114
            ],
            [
              66.11528409149031,
              264.34782197873835
            ],
            [
              65.896238136833,
              264.40039250326697
            ],
            [
              65.64427806601675,
              264.4597325170391
            ],
            [
              65.6270699720709,
              264.46499224276084
            ],
            [
              65.0710334978355,
              264.5984397157119
            ],
            [
              62.80874905398744,
              265.30139798960454
            ],
            [
              61.98481085994198,
              265.5233928342158
            ],
            [
              60.68949019950793,
              265.8699784328199
            ],
            [
              60.656863859877895,
              265.8811834914086
            ],
            [
              60.61231294799213,
              265.89318690723974
            ],
            [
              60.38632076792884,
              265.9710820797285
            ],
            [
              59.67995293529902,
              266.16585153475256
            ],
            [
              59.31726007710882,
              266.2927934992131
            ],
            [
              59.42226494591738,
              266.2633932699804
            ],
            [
              59.41713652890104,
              266.265195236541
            ],
            [
              59.31203139359202,
              266.2946235307171
            ],
            [
              59.308443450642606,
              266.29587930544926
            ],
            [
              59.413617389094576,
              266.2664317530457
            ],
            [
              59.32127276659334,
              266.2988787871999
            ],
            [
              59.15066273615689,
              266.3465704256186
            ],
            [
              58.68859419789035,
              266.51068888053607
            ],
            [
              58.455113111160635,
              266.5772706483909
            ],
            [
              59.01859797468731,
              266.37678169498366
            ],
            [
              59.017225045767525,
              266.3771661001456
            ],
            [
              58.45363970253758,
              266.57769082011674
            ],
            [
              58.2866675684778,
              266.6253062395242
            ],
            [
              57.91593286122566,
              266.7598426361141
            ],
            [
              57.79715923329651,
              266.79407064265473
            ],
            [
              57.55344431993829,
              266.88351959386307
            ],
            [
              56.63380360676865,
              267.1558828738809
            ],
            [
              55.83326776210664,
              267.45850875887794
            ],
            [
              55.61727920699654,
              267.5245265620904
            ],
            [
              55.46502557956869,
              267.5829412701214
            ],
            [
              55.15043276948064,
              267.6803318769615
            ],
            [
              55.140972936842786,
              267.6840014144545
            ],
            [
              55.06253694354522,
              267.70837378310375
            ],
            [
              53.20273106890741,
              268.43286961744883
            ],
            [
              52.76414072548526,
              268.58637558960004
            ],
            [
              51.169955765487515,
              269.1325409143815
            ],
            [
              51.084755934765404,
              269.1685896584649
            ],
            [
              50.66065412593226,
              269.31424147441925
            ],
            [
              50.555273216906976,
              269.35947595384783
            ],
            [
              50.01841553190444,
              269.547375350352
            ],
            [
              49.77306480793326,
              269.6538227069332
            ],
            [
              49.77290485976881,
              269.65387890775503
            ],
            [
              49.77015804151979,
              269.6550838305853
            ],
            [
              49.613783022390415,
              269.72292837227815
            ],
            [
              49.273106584094066,
              269.84414168666177
            ],
            [
              48.61212328544554,
              270.136114105654
            ],
            [
              48.44468326841581,
              270.1968766296217
            ],
            [
              48.09180737678973,
              270.3561569044292
            ],
            [
              47.90018629435165,
              270.42648622739375
            ],
            [
              47.579611894279545,
              270.5729978288256
            ],
            [
              47.11141887239772,
              270.74840650805305
            ],
            [
              47.02774517707998,
              270.78725297805653
            ],
            [
              46.595526435879776,
              270.9506442614573
            ],
            [
              46.023470673050724,
              271.22074647924336
            ],
            [
              45.79282024667688,
              271.3102174476751
            ],
            [
              45.6880448892868,
              271.3602497853383
            ],
            [
              45.67861056491232,
              271.36392496929
            ],
            [
              45.66896445909337,
              271.3681020504756
            ],
            [
              45.04269436130509,
              271.6684176249175
            ],
            [
              44.17893038389936,
              272.08088227363044
            ],
            [
              43.28416028223808,
              272.46908537542134
            ],
            [
              42.324469255077624,
              272.87513848544586
            ],
            [
              42.198856883740405,
              272.9399528584699
            ],
            [
              41.02399597668253,
              273.4496755765687
            ],
            [
              40.596601414933005,
              273.67676530635737
            ],
            [
              40.22145382699171,
              273.8424771313821
            ],
            [
              39.491794780212096,
              274.2380099927039
            ],
            [
              39.32658960283257,
              274.3125799099881
            ],
            [
              38.99821862123691,
              274.49493816687135
            ],
            [
              38.74564338822596,
              274.6103722185748
            ],
            [
              38.523765346237354,
              274.73532287192154
            ],
            [
              38.16522742061806,
              274.90177820437606
            ],
            [
              37.86522594388484,
              275.07274857033696
            ],
            [
              37.34978285136721,
              275.3161205132166
            ],
            [
              35.7271171002914,
              276.2640932140997
            ],
            [
              34.73711996930459,
              276.79011343309526
            ],
            [
              34.18285494520147,
              277.07610707883686
            ],
            [
              34.09349748865176,
              277.1320926445813
            ],
            [
              33.317354590476846,
              277.54448460460833
            ],
            [
              33.18483004252915,
              277.6142435460432
            ],
            [
              33.1788841935287,
              277.61805878603354
            ],
            [
              32.78217614395183,
              277.82884369498316
            ],
            [
              32.34710385197883,
              278.110997052275
            ],
            [
              31.950384488098724,
              278.32605029642787
            ],
            [
              31.184263891516366,
              278.83435682368713
            ],
            [
              31.02372240853777,
              278.92351228088546
            ],
            [
              30.725595381249686,
              279.12686348266175
            ],
            [
              30.426732623940378,
              279.2951680902345
            ],
            [
              30.290685049985825,
              279.3894674169286
            ],
            [
              30.03298401810114,
              279.5363308264354
            ],
            [
              29.78291724053803,
              279.7111675943295
            ],
            [
              29.58469562316534,
              279.8257139123256
            ],
            [
              29.3940311013436,
              279.96037353347674
            ],
            [
              29.282373152244116,
              280.02549937244623
            ],
            [
              29.25389626193955,
              280.0457941820924
            ],
            [
              28.994724933012705,
              280.19720388831945
            ],
            [
              27.817816984497142,
              281.04833302922617
            ],
            [
              27.104057568064814,
              281.5112207363031
            ],
            [
              26.816597666201627,
              281.69132439922794
            ],
            [
              26.76143830745553,
              281.7334163953584
            ],
            [
              26.39835725940699,
              281.9688819457191
            ],
            [
              25.772333272102706,
              282.37057929003186
            ],
            [
              25.74098463157971,
              282.3952016570731
            ],
            [
              25.368826860972803,
              282.63655364927104
            ],
            [
              24.941964814889193,
              282.97600420912073
            ],
            [
              24.537811599805828,
              283.2441522241414
            ],
            [
              23.770001406225404,
              283.8712451201558
            ],
            [
              23.61645871527345,
              283.9759759492023
            ],
            [
              23.353375212011034,
              284.1979592389219
            ],
            [
              23.025243491472136,
              284.4253987985764
            ],
            [
              22.96016033357509,
              284.48136848771986
            ],
            [
              22.791862360714617,
              284.5990357520612
            ],
            [
              22.63904446512751,
              284.7311821381528
            ],
            [
              22.529231211239384,
              284.80873936287827
            ],
            [
              22.341689126247392,
              284.9719615600583
            ],
            [
              22.281629764234665,
              285.0147644541352
            ],
            [
              22.041249056989006,
              285.22589449759005
            ],
            [
              21.615832242324583,
              285.5335520747603
            ],
            [
              20.762745905720383,
              286.29941562850837
            ],
            [
              20.401940270594366,
              286.58633660441825
            ],
            [
              20.288047484766906,
              286.67324796106703
            ],
            [
              20.262731331031908,
              286.6970387689758
            ],
            [
              20.162279242350717,
              286.7769205904103
            ],
            [
              19.23946407049517,
              287.50173332532813
            ],
            [
              19.18890360089912,
              287.5509713861316
            ],
            [
              18.84959099010032,
              287.82080061259717
            ],
            [
              18.447295414438397,
              288.2184537700595
            ],
            [
              18.050805047559713,
              288.5422789738479
            ],
            [
              17.317629396138404,
              289.2907708195813
            ],
            [
              17.17355283545842,
              289.4123390232669
            ],
            [
              16.949400994087704,
              289.650452819504
            ],
            [
              16.61087471050668,
              289.9415759221805
            ],
            [
              16.60031271530482,
              289.9530612530348
            ],
            [
              16.507694993215825,
              290.0331506772199
            ],
            [
              16.43351548031812,
              290.11398119710276
            ],
            [
              16.39600045056829,
              290.146631391771
            ],
            [
              16.220438026070813,
              290.3384016533085
            ],
            [
              16.201553364329538,
              290.35498833989936
            ],
            [
              16.010124040882005,
              290.5661114069294
            ],
            [
              15.664613004296823,
              290.876296084587
            ],
            [
              15.003028248136125,
              291.62297471607235
            ],
            [
              14.702622872145726,
              291.919913468342
            ],
            [
              13.640818575365214,
              292.95394627987577
            ],
            [
              13.57848122345827,
              293.03108272567925
            ],
            [
              13.27945931894841,
              293.32665397147844
            ],
            [
              12.918224174743502,
              293.78208054586395
            ],
            [
              12.545161312500188,
              294.16293677014727
            ],
            [
              12.030307029459335,
              294.8390875243956
            ],
            [
              12.011837778791644,
              294.85842835496777
            ],
            [
              11.898535259595864,
              295.01214150203003
            ],
            [
              11.883455290579098,
              295.03194580930483
            ],
            [
              11.751700532096221,
              295.17190729935334
            ],
            [
              11.655346854536203,
              295.30505399074866
            ],
            [
              11.596515917394099,
              295.36811950374306
            ],
            [
              11.540786979748765,
              295.4453964748766
            ],
            [
              11.234579187964695,
              295.77905915390767
            ],
            [
              10.897332223353377,
              296.25675060120875
            ],
            [
              10.67921133727146,
              296.5029264739187
            ],
            [
              10.190566925486861,
              297.22096963804853
            ],
            [
              10.090782279705806,
              297.346772955174
            ],
            [
              9.974517384309273,
              297.4906395219843
            ],
            [
              9.918266238401234,
              297.5570064046802
            ],
            [
              9.907635185196439,
              297.5733997767807
            ],
            [
              9.0203806891862,
              298.67129143006775
            ],
            [
              8.954800635757957,
              298.7789598200627
            ],
            [
              8.702531929614045,
              299.09700714880677
            ],
            [
              8.398670827295614,
              299.6084633228285
            ],
            [
              8.06517272496745,
              300.0464416030082
            ],
            [
              7.6709943642983145,
              300.74748278087776
            ],
            [
              7.6106754500086025,
              300.82931511971896
            ],
            [
              7.474825261982879,
              301.08192346226417
            ],
            [
              7.3953206826789515,
              301.19178716392554
            ],
            [
              7.391570821034997,
              301.19893980209395
            ],
            [
              7.3626202499209805,
              301.23908433997735
            ],
            [
              7.312015362105102,
              301.3351512399282
            ],
            [
              7.092002281864114,
              301.6467874524188
            ],
            [
              6.918232464482296,
              301.98530379502887
            ],
            [
              6.872505519399106,
              302.05093477785135
            ],
            [
              6.820676431103722,
              302.1552007626623
            ],
            [
              6.811629149580023,
              302.1682416436591
            ],
            [
              6.809246965253431,
              302.1722656082799
            ],
            [
              6.776811307849619,
              302.23734519900336
            ],
            [
              6.6943191283767005,
              302.3585641143064
            ],
            [
              6.361748819236781,
              303.03619505657133
            ],
            [
              6.311050641643213,
              303.1194305965268
            ],
            [
              6.162723499089658,
              303.3481550694369
            ],
            [
              6.141575502248663,
              303.39375469323085
            ],
            [
              6.007118496665399,
              303.60566409770087
            ],
            [
              5.983267468181338,
              303.6575803037969
            ],
            [
              5.411448202143666,
              304.59638496353153
            ],
            [
              5.3520773225984515,
              304.7364611014778
            ],
            [
              5.151952835287814,
              305.0733087724217
            ],
            [
              4.921299681046637,
              305.63777964103275
            ],
            [
              4.6435822314836095,
              306.13169657656397
            ],
            [
              4.374644619080708,
              306.8465933916109
            ],
            [
              4.293024656896296,
              306.9983626579306
            ],
            [
              4.221430035269188,
              307.20223175701176
            ],
            [
              4.17182785979235,
              307.29639513597584
            ],
            [
              4.130937044416055,
              307.4151595984926
            ],
            [
              3.9882655014826276,
              307.6930942227927
            ],
            [
              3.8495462396927076,
              308.1106718960095
            ],
            [
              3.802380719359429,
              308.2053057960139
            ],
            [
              3.782942230244206,
              308.26629317141834
            ],
            [
              3.7363321017250732,
              308.36006003307307
            ],
            [
              3.5576682533123285,
              308.9373487976388
            ],
            [
              3.4066548334889757,
              309.26605763430064
            ],
            [
              3.4059058483447635,
              309.26805328194644
            ],
            [
              3.35278637586092,
              309.4534697863979
            ],
            [
              2.8367114769626562,
              310.6710663469014
            ],
            [
              2.79370643704731,
              310.8445777463534
            ],
            [
              2.65000180450555,
              311.19626198418933
            ],
            [
              2.5076351437383155,
              311.8095255588587
            ],
            [
              2.301705534381103,
              312.3569328944691
            ],
            [
              2.159142803203431,
              313.07469299069686
            ],
            [
              2.0793705525111124,
              313.3018482784956
            ],
            [
              2.0544472675153793,
              313.44617634428033
            ],
            [
              2.0428037762695235,
              313.47999403578626
            ],
            [
              2.0187906960924753,
              313.6216775793553
            ],
            [
              1.9394223983302548,
              313.86059486221063
            ],
            [
              1.8796991919361012,
              314.2376316310488
            ],
            [
              1.8426353670860904,
              314.35391769558197
            ],
            [
              1.8080822443344309,
              314.59051453094037
            ],
            [
              1.745224577509394,
              314.79361675417726
            ],
            [
              1.6813141274299808,
              315.28783762015973
            ],
            [
              1.6226402017464563,
              315.492642255715
            ],
            [
              1.6066820064357823,
              315.6338366456563
            ],
            [
              1.598560413320248,
              315.6666046419127
            ],
            [
              1.5767082803379937,
              315.7437157984847
            ],
            [
              1.5747293442880994,
              315.76275528253643
            ],
            [
              1.3084667881971839,
              316.83703840884334
            ],
            [
              1.2924510973234007,
              317.04409458065203
            ],
            [
              1.2665422721104278,
              317.15570033638033
            ],
            [
              1.226432677658888,
              317.3263933697745
            ],
            [
              1.2262513963748485,
              317.32925871266457
            ],
            [
              1.2083245029491887,
              317.4064812216854
            ],
            [
              1.1683191427817587,
              318.06318949308684
            ],
            [
              1.0496995372281894,
              318.66040321643106
            ],
            [
              1.03143970612199,
              319.370303226263
            ],
            [
              0.9786222325426183,
              319.6761635413497
            ],
            [
              0.9790070361902127,
              319.923764051253
            ],
            [
              0.9526662742016487,
              320.09005511947737
            ],
            [
              0.9565168151331618,
              320.4214690030042
            ],
            [
              0.9363384564221982,
              320.55963700152347
            ],
            [
              0.9459377281380202,
              320.97451891292775
            ],
            [
              0.9058119633781511,
              321.2848123028751
            ],
            [
              0.9241765701411858,
              321.67248555448936
            ],
            [
              0.9138042749691119,
              321.7642572028698
            ],
            [
              0.9195802781198934,
              321.8646923936282
            ],
            [
              0.8289447000263698,
              323.03645925508044
            ],
            [
              0.8503126996986715,
              323.27136837358796
            ],
            [
              0.8307504024723802,
              323.5805712206582
            ],
            [
              0.8316796445576865,
              323.5892975455345
            ],
            [
              0.8282803650526651,
              323.6450984421951
            ],
            [
              0.9036107041224801,
              324.3399992354989
            ],
            [
              0.8870721432961218,
              324.9829802369846
            ],
            [
              0.9879445875384989,
              325.6745989910381
            ],
            [
              0.9885411832424773,
              326.05847632939486
            ],
            [
              1.0243902147253396,
              326.26329417781255
            ],
            [
              1.0250839194957553,
              326.32300095557434
            ],
            [
              1.0762207889041018,
              326.6053716356246
            ],
            [
              1.0799092512786304,
              326.7647875126801
            ],
            [
              1.1934101409614937,
              327.3559534979335
            ],
            [
              1.2129219266874622,
              327.7678434727034
            ],
            [
              1.2910052714142197,
              328.1161224520449
            ],
            [
              1.3907331195677344,
              329.21248061664755
            ],
            [
              1.4580088024345699,
              329.47102824798174
            ],
            [
              1.493670725546232,
              329.8059221698881
            ],
            [
              1.497724963865571,
              329.8205330484129
            ],
            [
              1.5013869003231417,
              329.85431336295335
            ],
            [
              1.702898524872146,
              330.57658738904456
            ],
            [
              1.8027014617391568,
              331.2608732053332
            ],
            [
              2.0027557587065856,
              331.88707282978464
            ],
            [
              2.0552679706347363,
              332.1935125807075
            ],
            [
              2.0696897543641475,
              332.2354500159276
            ],
            [
              2.0962726166762202,
              332.3873270524287
            ],
            [
              2.235572260671458,
              332.78402369196243
            ],
            [
              2.260333412552534,
              332.912991410094
            ],
            [
              2.5370298027737084,
              333.673826896388
            ],
            [
              2.6501824181361204,
              334.1785270667779
            ],
            [
              2.7418556452574006,
              334.4049887233061
            ],
            [
              2.977274779507627,
              335.3097295886471
            ],
            [
              3.0983825008797816,
              335.5890673520678
            ],
            [
              3.1973581275232825,
              335.94576095099177
            ],
            [
              3.206519258753994,
              335.9659846687573
            ],
            [
              3.209839335431389,
              335.97788475221853
            ],
            [
              3.546529711624369,
              336.71931429729
            ],
            [
              3.7761153734945596,
              337.43795147441034
            ],
            [
              4.04252842284286,
              337.9723127645481
            ],
            [
              4.152816083018217,
              338.29302077753135
            ],
            [
              4.205419116459856,
              338.3937410299236
            ],
            [
              4.278955131185764,
              338.6031564246056
            ],
            [
              4.438360016477328,
              338.90193810012863
            ],
            [
              4.455701218581949,
              338.94962141802654
            ],
            [
              4.954215931088203,
              339.87021331411034
            ],
            [
              5.191663952113146,
              340.4567844851082
            ],
            [
              5.256131294425573,
              340.5659649039432
            ],
            [
              5.563419758614684,
              341.27473286141645
            ],
            [
              5.745714227477778,
              341.57140185113366
            ],
            [
              5.915135458814739,
              341.94540884661455
            ],
            [
              6.414228483550561,
              342.729379685152
            ],
            [
              6.777642628445418,
              343.45830213019786
            ],
            [
              7.081437749925102,
              343.9005208425555
            ],
            [
              7.254366930972474,
              344.23163237018287
            ],
            [
              7.364730518817736,
              344.38700137334
            ],
            [
              7.50438558120818,
              344.64876482845676
            ],
            [
              8.288099267407745,
              345.72792071371435
            ],
            [
              8.549809510770343,
              346.1736799647072
            ],
            [
              8.623428619568543,
              346.26874276183264
            ],
            [
              8.690014330033444,
              346.3815108005951
            ],
            [
              8.742308957592533,
              346.44810895431544
            ],
            [
              9.116015099169442,
              347.05628441989006
            ],
            [
              9.36616300711905,
              347.3662519094484
            ],
            [
              9.612102867925069,
              347.75257203285145
            ],
            [
              10.273019053790701,
              348.5463392734508
            ],
            [
              10.769190889187175,
              349.2685907338702
            ],
            [
              11.08260829228743,
              349.6210008725854
            ],
            [
              11.321902528269714,
              349.957877442399
            ],
            [
              11.465969878528314,
              350.11572455774683
            ],
            [
              11.531558353169947,
              350.2069108786716
            ],
            [
              11.575469425853594,
              350.25455450355037
            ],
            [
              11.73171817597727,
              350.4697054716011
            ],
            [
              12.579478489746078,
              351.37710623388676
            ],
            [
              12.808748223990884,
              351.6731573894812
            ],
            [
              12.99424638981094,
              351.86302815218966
            ],
            [
              13.15726723516008,
              352.07063814627054
            ],
            [
              13.185634275922498,
              352.0990994888022
            ],
            [
              13.59451548013203,
              352.6057592543556
            ],
            [
              13.91838433105218,
              352.92446103682767
            ],
            [
              14.245777281736721,
              353.31766338927855
            ],
            [
              15.087821814768283,
              354.12450909855363
            ],
            [
              15.704924551897433,
              354.81838652539744
            ],
            [
              16.002108846165125,
              355.0857364971542
            ],
            [
              16.31003518256625,
              355.4231153956623
            ],
            [
              16.464535221865958,
              355.55920325299525
            ],
            [
              16.539028118017217,
              355.64002823365223
            ],
            [
              16.66529909200648,
              355.7503667756098
            ],
            [
              16.91217945588364,
              356.01461532173505
            ],
            [
              17.770950261633196,
              356.7523293663844
            ],
            [
              17.92615509188671,
              356.9111927134451
            ],
            [
              18.209884524695028,
              357.1474937777295
            ],
            [
              18.951601112338405,
              357.87737687052964
            ],
            [
              19.273196655682934,
              358.1349284999176
            ],
            [
              19.6264333212034,
              358.47339930134626
            ],
            [
              19.87965075597694,
              358.6718875926931
            ],
            [
              19.981069730135932,
              358.76843820050817
            ],
            [
              20.77727970656675,
              359.38152809618947
            ],
            [
              21.531945564401678,
              360.0604330708915
            ],
            [
              21.540325025865403,
              360.0665870140543
            ],
            [
              21.571413609848992,
              360.0945546372224
            ],
            [
              21.824609701068024,
              360.2805033530668
            ],
            [
              22.16665591810097,
              360.5817870096609
            ],
            [
              22.325509974812455,
              360.69639194870274
            ],
            [
              22.406389844919516,
              360.7670666782918
            ],
            [
              22.580494648131893,
              360.891828391958
            ],
            [
              22.67037293386636,
              360.96967058598165
            ],
            [
              22.728320909239272,
              361.0108834844106
            ],
            [
              22.989783735343796,
              361.23548916229146
            ],
            [
              23.808407047174978,
              361.81016418655565
            ],
            [
              23.852140923207905,
              361.8465874837459
            ],
            [
              24.246764578889902,
              362.11803880414925
            ],
            [
              25.13379140779142,
              362.8284193110346
            ],
            [
              25.441464378501518,
              363.0315987781693
            ],
            [
              25.7988995114222,
              363.31177967829376
            ],
            [
              26.325057015119615,
              363.6533738555466
            ],
            [
              26.609409953614843,
              363.87232855161835
            ],
            [
              27.36220088268784,
              364.3473432640995
            ],
            [
              28.230207076002188,
              364.98481217688345
            ],
            [
              28.476502102494646,
              365.13401282188084
            ],
            [
              28.833573214006993,
              365.3916210556047
            ],
            [
              28.990960618027632,
              365.48550246107527
            ],
            [
              29.075871554174984,
              365.5463487657624
            ],
            [
              29.25399778796201,
              365.65197847778234
            ],
            [
              29.342421677505737,
              365.7148660032706
            ],
            [
              29.517952979908898,
              365.81827560976836
            ],
            [
              29.902036689109156,
              366.08790305833367
            ],
            [
              31.25620365337277,
              366.87150588687587
            ],
            [
              32.13055128659166,
              367.4489030036795
            ],
            [
              32.39034113416224,
              367.5911030029627
            ],
            [
              32.708050775830095,
              367.79736778657775
            ],
            [
              33.55544010952931,
              368.2553071316718
            ],
            [
              34.05986227559201,
              368.57359995498985
            ],
            [
              34.72344870932941,
              368.918289249513
            ],
            [
              35.65597115830082,
              369.48319286466887
            ],
            [
              35.65939405708316,
              369.4850787520768
            ],
            [
              35.889460850645314,
              369.6004499151795
            ],
            [
              36.24713376410927,
              369.8138013966671
            ],
            [
              36.397601372320786,
              369.88816970776116
            ],
            [
              36.484341486694156,
              369.9396070121179
            ],
            [
              36.661547240204136,
              370.026734507517
            ],
            [
              36.74495424298413,
              370.0758715287655
            ],
            [
              37.05928734532198,
              370.22952075157167
            ],
            [
              37.580617857780744,
              370.5311940865066
            ],
            [
              38.99937792740536,
              371.2086617183357
            ],
            [
              39.835166051417865,
              371.6661433010255
            ],
            [
              40.03252190342955,
              371.7555997089672
            ],
            [
              40.29234823652595,
              371.8960129713041
            ],
            [
              41.47379617167652,
              372.4267478920903
            ],
            [
              42.198284807673666,
              372.8043120504679
            ],
            [
              42.23462202347078,
              372.8198473572041
            ],
            [
              42.25798129715297,
              372.831980956019
            ],
            [
              42.76227996102822,
              373.0469496132812
            ],
            [
              43.710409141178914,
              373.5224061734865
            ],
            [
              43.95747401724544,
              373.62462147535786
            ],
            [
              44.33881953734598,
              373.8131007275324
            ],
            [
              44.47738068806665,
              373.86957809051734
            ],
            [
              44.563893383659675,
              373.91211415008644
            ],
            [
              44.735491675902914,
              373.981727632487
            ],
            [
              44.810746017975106,
              374.0185127215771
            ],
            [
              45.28232174920773,
              374.20881034319433
            ],
            [
              45.952035847009896,
              374.5286034030316
            ],
            [
              47.40811078241014,
              375.09876729595555
            ],
            [
              48.180461171743524,
              375.44885416085424
            ],
            [
              48.30161436446884,
              375.4939685793946
            ],
            [
              48.486139007289765,
              375.576861501525
            ],
            [
              49.963050272892005,
              376.12399438154887
            ],
            [
              51.07496341980167,
              376.5993723493717
            ],
            [
              51.52509604208626,
              376.75548646129687
            ],
            [
              52.37376457669089,
              377.1065963067627
            ],
            [
              52.636397363846,
              377.1951837455143
            ],
            [
              53.0358178439774,
              377.357987066089
            ],
            [
              53.158039516767325,
              377.3985616711541
            ],
            [
              53.2424052902063,
              377.4327869260102
            ],
            [
              53.40403707918144,
              377.4862120591309
            ],
            [
              53.46844359270305,
              377.51220238375237
            ],
            [
              54.112618815664845,
              377.7240912456039
            ],
            [
              54.938252809693545,
              378.0473896423541
            ],
            [
              56.40423426113064,
              378.5111815563167
            ],
            [
              57.09267193484018,
              378.7675385259668
            ],
            [
              57.12605163784248,
              378.77758208020873
            ],
            [
              57.22014527510276,
              378.81243977541357
            ],
            [
              58.83920315679778,
              379.2991682511681
            ],
            [
              59.221081037217935,
              379.435368944997
            ],
            [
              59.22696835340436,
              379.4372564432275
            ],
            [
              59.40480320789851,
              379.4883110234849
            ],
            [
              60.53955102456939,
              379.88186203243015
            ],
            [
              60.831580164852916,
              379.96223494651167
            ],
            [
              61.20739532424815,
              380.0899582792723
            ],
            [
              61.26474825615981,
              380.1055724844907
            ],
            [
              61.572909142949705,
              380.2095167938803
            ],
            [
              61.82177786657092,
              380.2764666123584
            ],
            [
              61.846084368063295,
              380.2846280495264
            ],
            [
              61.874558936005165,
              380.29223285801146
            ],
            [
              62.261563340066736,
              380.42070885162207
            ],
            [
              62.3636405890072,
              380.4476840148881
            ],
            [
              62.44407090759841,
              380.47426913471213
            ],
            [
              62.591773792130176,
              380.5131437166874
            ],
            [
              62.64308440656189,
              380.53002134144674
            ],
            [
              63.47184903830327,
              380.74715976834966
            ],
            [
              64.4572773706599,
              381.058919301109
            ],
            [
              68.97808547631985,
              382.26381439896085
            ],
            [
              70.02024655732926,
              382.491160291999
            ],
            [
              70.50364557466006,
              382.6242024522724
            ],
            [
              70.55772853977837,
              382.6355652218964
            ],
            [
              70.7054754302115,
              382.67578897663986
            ],
            [
              70.86687511060592,
              382.70974794149896
            ],
            [
              71.22800165116156,
              382.80689697648404
            ],
            [
              71.50242042917706,
              382.86358154116556
            ],
            [
              71.59612011926055,
              382.88860626497586
            ],
            [
              71.6148911440204,
              382.892440282157
            ],
            [
              71.93625289629279,
              382.9773640611938
            ],
            [
              72.01506988932476,
              382.99330311074743
            ],
            [
              72.08990444702575,
              383.0129991522816
            ],
            [
              72.22017640144117,
              383.03924363500676
            ],
            [
              72.25659059490782,
              383.04878424567556
            ],
            [
              74.59295573484061,
              383.5174585958818
            ],
            [
              76.0163370813019,
              383.8551838683373
            ],
            [
              76.1979916138552,
              383.88819277671087
            ],
            [
              76.30595096731375,
              383.91369040882165
            ],
            [
              76.56653456915775,
              383.9596349783596
            ],
            [
              76.58688606148182,
              383.964420355379
            ],
            [
              77.26350271087286,
              384.0825203058493
            ],
            [
              77.39516893508856,
              384.10573492085933
            ],
            [
              77.51343836063093,
              384.1272259597939
            ],
            [
              78.3213858620906,
              384.3085247436221
            ],
            [
              78.44595269197012,
              384.32921557974055
            ],
            [
              79.68696084956959,
              384.5999396674042
            ],
            [
              80.30686597675181,
              384.6959496323746
            ],
            [
              80.57100142290994,
              384.75152450286345
            ],
            [
              80.78306826572279,
              384.78389749924344
            ],
            [
              80.87555767454953,
              384.80332941912445
            ],
            [
              80.93884349488353,
              384.8127904748426
            ],
            [
              81.25640574616953,
              384.87838685314347
            ],
            [
              81.55357785175637,
              384.9224357738626
            ],
            [
              81.72296673607833,
              384.95703377273617
            ],
            [
              81.73207873990054,
              384.95836013259236
            ],
            [
              81.97733599533251,
              385.00795816212866
            ],
            [
              82.03051322825915,
              385.01562616912935
            ],
            [
              82.09822161921305,
              385.029266646887
            ],
            [
              82.20807911137626,
              385.04505072574943
            ],
            [
              82.22823963612741,
              385.0490949227262
            ],
            [
              83.91488887098821,
              385.29044985733617
            ],
            [
              84.84148636529413,
              385.45882425108465
            ],
            [
              85.6471399386308,
              385.56521244176037
            ],
            [
              85.69211476590941,
              385.5733582775573
            ],
            [
              85.78312146055679,
              385.58464942411405
            ],
            [
              86.44411963142993,
              385.7011927377037
            ],
            [
              86.74087503357056,
              385.73674682086244
            ],
            [
              86.87295753634751,
              385.75980114128225
            ],
            [
              87.5057497337787,
              385.83406864547277
            ],
            [
              88.36211705168533,
              385.9763132209088
            ],
            [
              89.10659883143174,
              386.0588388973717
            ],
            [
              90.7361775790611,
              386.3112255798163
            ],
            [
              91.25615994449903,
              386.36062011662614
            ],
            [
              91.57316388596264,
              386.4076086502792
            ],
            [
              91.8828104795845,
              386.4362996442774
            ],
            [
              92.29998479311956,
              386.49645500364335
            ],
            [
              92.32591225608095,
              386.49875837114115
            ],
            [
              92.38510081679415,
              386.50726245121785
            ],
            [
              92.47213065921346,
              386.5149679667028
            ],
            [
              92.47511576907357,
              386.5153951278338
            ],
            [
              92.96041694686642,
              386.55820023561984
            ],
            [
              93.55776198985653,
              386.61108843294517
            ],
            [
              93.57100909820973,
              386.6129229868767
            ],
            [
              93.60688999237554,
              386.6168799352817
            ],
            [
              93.61878111413188,
              386.61788384977496
            ],
            [
              93.8515960169883,
              386.6486275305519
            ],
            [
              93.8699534041468,
              386.6506094771482
            ],
            [
              95.31048675145766,
              386.7667039776798
            ],
            [
              96.1158784786169,
              386.86662845096293
            ],
            [
              96.2478499381509,
              386.8757716674056
            ],
            [
              96.82433090504324,
              386.9448394993319
            ],
            [
              97.15371000489054,
              386.966399184237
            ],
            [
              97.40448419434432,
              386.99583123672284
            ],
            [
              97.75853703799925,
              387.01790475045357
            ],
            [
              98.62389003162363,
              387.1138289800606
            ],
            [
              99.63839263234635,
              387.17217684331564
            ],
            [
              101.07751051607569,
              387.312760069193
            ],
            [
              101.45670084662065,
              387.3295971946438
            ],
            [
              102.02594091192088,
              387.38367085410977
            ],
            [
              102.41264725107386,
              387.39799709917855
            ],
            [
              102.46303263339142,
              387.40262734900404
            ],
            [
              102.52164094784206,
              387.4047392796743
            ],
            [
              102.86482970569854,
              387.4351247912938
            ],
            [
              104.17051889071962,
              387.48074576491945
            ],
            [
              104.44256576224245,
              387.502670384526
            ],
            [
              105.83406210809025,
              387.5399214239881
            ],
            [
              106.7036649460569,
              387.60016904869195
            ],
            [
              106.87792039840124,
              387.60290256930557
            ],
            [
              107.36023864561267,
              387.6344729677892
            ],
            [
              107.40682160192708,
              387.6350417374836
            ],
            [
              107.56393022564343,
              387.64532535720815
            ],
            [
              107.8850813849305,
              387.64924670896676
            ],
            [
              108.09145151582818,
              387.6621129067687
            ],
            [
              108.16819761674716,
              387.6627580350211
            ],
            [
              109.02381947050783,
              387.7119680684778
            ],
            [
              110.20400282281405,
              387.71800219561214
            ],
            [
              111.55099752609787,
              387.7778125783398
            ],
            [
              112.17613915909011,
              387.7727044822377
            ],
            [
              112.72304764150626,
              387.79388192596934
            ],
            [
              112.99258979512089,
              387.78995046112306
            ],
            [
              113.44698665881286,
              387.80678442573037
            ],
            [
              113.46035455941539,
              387.8068968752292
            ],
            [
              114.11164361135202,
              387.79489825898156
            ],
            [
              114.90227952043848,
              387.7826820504778
            ],
            [
              115.10905033669283,
              387.7882174066199
            ],
            [
              115.8894418478254,
              387.7674292891564
            ],
            [
              116.62862826535583,
              387.75600803280474
            ],
            [
              116.6710522622214,
              387.75652604249836
            ],
            [
              117.36652613285312,
              387.7674358426547
            ],
            [
              117.41497321516609,
              387.76560953994533
            ],
            [
              118.16821237704455,
              387.7748068155115
            ],
            [
              118.51787447482546,
              387.7605099622602
            ],
            [
              119.47798336554602,
              387.7654188767071
            ],
            [
              120.81769310576385,
              387.70209346272986
            ],
            [
              122.0577728761182,
              387.6919606443297
            ],
            [
              122.49373204980638,
              387.6653856238043
            ],
            [
              123.1542970841915,
              387.65517915569717
            ],
            [
              123.64999738510285,
              387.62371904730566
            ],
            [
              123.85353337491159,
              387.62015537968773
            ],
            [
              123.936810326559,
              387.614348745831
            ],
            [
              124.20386863359785,
              387.609546403562
            ],
            [
              124.39101138647366,
              387.5962276279879
            ],
            [
              124.41971116648357,
              387.59569803782307
            ],
            [
              124.42270474095284,
              387.59548062033787
            ],
            [
              124.4964513527394,
              387.59407446850884
            ],
            [
              124.52823949472533,
              387.59170649541903
            ],
            [
              124.67988457408248,
              387.58877994286763
            ],
            [
              124.85233366466827,
              387.5758142864076
            ],
            [
              124.8614890625607,
              387.57563313460207
            ],
            [
              125.07179910790272,
              387.5595036965575
            ],
            [
              125.17957264718751,
              387.55724596388825
            ],
            [
              126.3758558657629,
              387.46126763728347
            ],
            [
              126.92891190106327,
              387.4196858896938
            ],
            [
              128.13764224163336,
              387.3738403667961
            ],
            [
              128.27082620480468,
              387.36173491475625
            ],
            [
              128.75251029939764,
              387.342039995413
            ],
            [
              129.06835374771248,
              387.31210114940797
            ],
            [
              129.90183094527822,
              387.2727043405403
            ],
            [
              131.13611151167112,
              387.14860543245095
            ],
            [
              132.64946009259776,
              387.0525592724952
            ],
            [
              133.7033107307145,
              386.93403496597006
            ],
            [
              133.96881397895234,
              386.91592017941963
            ],
            [
              133.98884107711385,
              386.9134529888761
            ],
            [
              134.15349779117088,
              386.9019720060671
            ],
            [
              134.16370752927878,
              386.90071393752544
            ],
            [
              134.688959300723,
              386.8633322577248
            ],
            [
              134.9427267459504,
              386.83143191248934
            ],
            [
              135.091364798161,
              386.8206366202696
            ],
            [
              135.367543602885,
              386.7852238622168
            ],
            [
              135.67757127877545,
              386.76191430270916
            ],
            [
              135.96005857258854,
              386.7244436966144
            ],
            [
              136.05100004414092,
              386.71746906623594
            ],
            [
              136.64057825044833,
              386.6377244643713
            ],
            [
              136.81726081752905,
              386.6235491446272
            ],
            [
              137.5819962545844,
              386.51541738686416
            ],
            [
              138.45745429164174,
              386.4358446287961
            ],
            [
              138.72813787443354,
              386.3964488193854
            ],
            [
              139.22830013120347,
              386.3490383669583
            ],
            [
              139.509493578287,
              386.30671615719723
            ],
            [
              140.21059925117714,
              386.2362245276327
            ],
            [
              140.99833603078847,
              386.1135792168371
            ],
            [
              142.03007439098826,
              385.9975418304781
            ],
            [
              142.78398938847576,
              385.8744852384113
            ],
            [
              142.82738744545918,
              385.86949899341323
            ],
            [
              143.09677634214938,
              385.8234310788705
            ],
            [
              143.55045257539211,
              385.749380487826
            ],
            [
              143.8954274374459,
              385.706014731483
            ],
            [
              144.05729296576487,
              385.68664425570313
            ],
            [
              144.07582377177016,
              385.6833376487747
            ],
            [
              145.01726836399834,
              385.5649914697207
            ],
            [
              145.1792957206204,
              385.5353954265032
            ],
            [
              145.2158947335613,
              385.5307636791518
            ],
            [
              145.36557237226253,
              385.5032363680995
            ],
            [
              145.5972511349086,
              385.4735295845708
            ],
            [
              146.1074392180068,
              385.37844155279953
            ],
            [
              146.49289556661356,
              385.3273125876284
            ],
            [
              146.8775482755856,
              385.2531022205538
            ],
            [
              147.04788864464342,
              385.2300624867787
            ],
            [
              147.9156362642565,
              385.05928262777496
            ],
            [
              148.59342201535927,
              384.960636385554
            ],
            [
              148.99637957227932,
              384.8788522322133
            ],
            [
              149.50723746788634,
              384.8019634026905
            ],
            [
              149.75325607138168,
              384.7504971351574
            ],
            [
              150.31974483903713,
              384.66229864961474
            ],
            [
              150.6719240830199,
              384.5869894793564
            ],
            [
              151.2318402713376,
              384.4955980384047
            ],
            [
              152.05659479830462,
              384.3142268587513
            ],
            [
              152.19632170277103,
              384.29108396141004
            ],
            [
              152.6321161467366,
              384.1928025540237
            ],
            [
              152.91851172921415,
              384.1438263438697
            ],
            [
              153.38020862969927,
              384.0374102842109
            ],
            [
              155.10197943312073,
              383.7229102876162
            ],
            [
              155.27550248741366,
              383.68069473003305
            ],
            [
              155.3558778926504,
              383.66591283742605
            ],
            [
              155.5465565690371,
              383.6191940903425
            ],
            [
              155.8457885269857,
              383.56342372081525
            ],
            [
              156.5763662241942,
              383.38192642120555
            ],
            [
              157.02552254636475,
              383.29527148607565
            ],
            [
              157.50127584453043,
              383.17275002425833
            ],
            [
              157.7464165412363,
              383.1245043216192
            ],
            [
              158.10579234322645,
              383.030008357473
            ],
            [
              158.46190880318193,
              382.9577310601066
            ],
            [
              158.97414230289303,
              382.8215186315126
            ],
            [
              159.5016416437729,
              382.71116753686596
            ],
            [
              159.7122885583172,
              382.65381948401495
            ],
            [
              160.1453967358166,
              382.5612046634784
            ],
            [
              160.60227464996228,
              382.43495249900843
            ],
            [
              161.2610340676372,
              382.29008518541923
            ],
            [
              161.9951822362854,
              382.0812214508662
            ],
            [
              162.13293527503498,
              382.05015505544196
            ],
            [
              162.63755518893907,
              381.9036936777164
            ],
            [
              162.70041339865617,
              381.8892055514405
            ],
            [
              162.98923683618423,
              381.80405881045624
            ],
            [
              164.85720459799967,
              381.34961025934945
            ],
            [
              165.0387884663807,
              381.2934742475829
            ],
            [
              165.16025151469177,
              381.26371422647424
            ],
            [
              165.38680319405654,
              381.1931509842995
            ],
            [
              165.74642238600316,
              381.1038108463879
            ],
            [
              166.6766194468637,
              380.8098099980268
            ],
            [
              167.17633755379705,
              380.68111684298884
            ],
            [
              167.7290755678736,
              380.4996169912845
            ],
            [
              168.04219223417925,
              380.4172846219163
            ],
            [
              168.14432842419913,
              380.3829953350837
            ],
            [
              168.42201424042545,
              380.30915350428586
            ],
            [
              168.83415562158112,
              380.17041584359384
            ],
            [
              169.12500870531719,
              380.09123187807666
            ],
            [
              169.30046562331339,
              380.03132255022666
            ],
            [
              169.60483622583854,
              379.9472137627781
            ],
            [
              170.11652777504156,
              379.7707143471508
            ],
            [
              170.88782560400125,
              379.5512816060642
            ],
            [
              171.53170769291506,
              379.32224614949376
            ],
            [
              171.67296175479265,
              379.2812484323164
            ],
            [
              172.4090304057209,
              379.0149899751043
            ],
            [
              174.19850351763944,
              378.46178068088096
            ],
            [
              174.38453397184213,
              378.39065992508563
            ],
            [
              174.54307149312461,
              378.3412808097373
            ],
            [
              174.79931914074243,
              378.2425253854681
            ],
            [
              175.21019534642863,
              378.112662630439
            ],
            [
              176.3120755360067,
              377.6812596833144
            ],
            [
              176.84811567911345,
              377.50524282903456
            ],
            [
              177.30393759485844,
              377.31926380867884
            ],
            [
              177.89817127339873,
              377.1192290773063
            ],
            [
              178.21352424251714,
              376.98798087363497
            ],
            [
              178.29255842252624,
              376.9609948496276
            ],
            [
              178.43346170210125,
              376.9019275160914
            ],
            [
              178.61700821217863,
              376.83861622666745
            ],
            [
              179.17062948620227,
              376.60500339531006
            ],
            [
              180.03495028826106,
              376.29755562974634
            ],
            [
              180.5867454583346,
              376.05686128604117
            ],
            [
              180.73134754425868,
              376.0045543058998
            ],
            [
              181.39962252584235,
              375.70874205274805
            ],
            [
              183.04343800474638,
              375.0802997917895
            ],
            [
              183.23015931529775,
              374.99335917405114
            ],
            [
              183.42046306355311,
              374.9200179060523
            ],
            [
              183.69920584536487,
              374.7890851834283
            ],
            [
              184.15035725739517,
              374.6124525054038
            ],
            [
              185.07323167163338,
              374.1713981133028
            ],
            [
              185.0778298876714,
              374.1695591584289
            ],
            [
              185.10955817449002,
              374.1540371773125
            ],
            [
              185.38892824602982,
              374.0205223727261
            ],
            [
              185.9462397766406,
              373.79313477042604
            ],
            [
              185.9584418734606,
              373.7876171405334
            ],
            [
              186.2373307426853,
              373.64851591568095
            ],
            [
              186.80773453502673,
              373.411116935986
            ],
            [
              187.74894118797855,
              372.9326947581309
            ],
            [
              188.61834069573848,
              372.55346065953194
            ],
            [
              189.07863207074243,
              372.30962465635093
            ],
            [
              189.22554678832122,
              372.2445927835007
            ],
            [
              189.82645621776211,
              371.92201115407426
            ],
            [
              191.31216533067848,
              371.23023972387466
            ],
            [
              191.495709371777,
              371.12686502832054
            ],
            [
              191.71123377961328,
              371.02562761752046
            ],
            [
              192.004277253687,
              370.8589559774472
            ],
            [
              192.48301851828504,
              370.6301589340193
            ],
            [
              193.40240914072064,
              370.09704296145463
            ],
            [
              193.46398811927713,
              370.0669175485122
            ],
            [
              193.7006278175009,
              369.92605195559753
            ],
            [
              194.1708967436257,
              369.6914962208445
            ],
            [
              194.39119740930784,
              369.5581449394444
            ],
            [
              194.47124983994013,
              369.5178919519027
            ],
            [
              194.49313541301353,
              369.5045718492013
            ],
            [
              195.0636736797143,
              369.21456310430966
            ],
            [
              195.91425965932743,
              368.68850073147763
            ],
            [
              196.55709878295198,
              368.3479613881289
            ],
            [
              196.92885312730553,
              368.10928554900494
            ],
            [
              197.0761692938313,
              368.0302029340367
            ],
            [
              197.6098778865198,
              367.6832756587353
            ],
            [
              198.92807182936758,
              366.9408494992875
            ],
            [
              199.05960279105517,
              366.8512197502543
            ],
            [
              199.29020033083452,
              366.7203675777614
            ],
            [
              199.33541842488845,
              366.68929027689967
            ],
            [
              199.33752830093226,
              366.68809026211534
            ],
            [
              199.37982228425975,
              366.658945749431
            ],
            [
              199.40812027836117,
              366.6428631929564
            ],
            [
              199.66311543883273,
              366.4667225670403
            ],
            [
              200.127848339648,
              366.1972434943219
            ],
            [
              201.01731026770744,
              365.5706170083496
            ],
            [
              201.12985524697808,
              365.5036218450124
            ],
            [
              201.33261119849308,
              365.3564035572449
            ],
            [
              201.67412609619885,
              365.14967949181334
            ],
            [
              201.79608918465226,
              365.0598130149481
            ],
            [
              201.85201731563376,
              365.0257737669863
            ],
            [
              201.93168695794319,
              364.9668992015817
            ],
            [
              202.5829961928764,
              364.5640836252765
            ],
            [
              203.33132188281687,
              363.9987361340575
            ],
            [
              203.77420095745117,
              363.7143963909606
            ],
            [
              204.0626853093236,
              363.48874904271446
            ],
            [
              204.20767063780104,
              363.39450404524774
            ],
            [
              204.55158186685236,
              363.12227365477077
            ],
            [
              204.63706977401142,
              363.0661515519412
            ],
            [
              204.76432745792582,
              362.96382294539006
            ],
            [
              205.81844642936244,
              362.2455097995682
            ],
            [
              205.90111913248617,
              362.1768432014051
            ],
            [
              206.17912784877748,
              361.98577454405154
            ],
            [
              206.3144978899566,
              361.87220922028075
            ],
            [
              206.39965968912853,
              361.81338279948244
            ],
            [
              206.64345724822903,
              361.6069929332306
            ],
            [
              207.00881722377173,
              361.3495966013976
            ],
            [
              207.84155519295408,
              360.63034948646117
            ],
            [
              207.99637700443594,
              360.5179355137775
            ],
            [
              208.1414334752089,
              360.3880885512194
            ],
            [
              208.33949465311312,
              360.242449456919
            ],
            [
              208.3638661970813,
              360.2204555629939
            ],
            [
              208.39249628377218,
              360.19935995893576
            ],
            [
              208.43355182468517,
              360.1621271796753
            ],
            [
              208.46758275194364,
              360.1369788798363
            ],
            [
              208.59029798521905,
              360.025668009008
            ],
            [
              209.2875672517197,
              359.4988927882498
            ],
            [
              209.92427560693173,
              358.9039169761795
            ],
            [
              210.19724472800488,
              358.6904053665456
            ],
            [
              210.40987981799594,
              358.4850108844429
            ],
            [
              210.54908235307664,
              358.37482209943136
            ],
            [
              210.90984226427457,
              358.02218054448156
            ],
            [
              211.07888792528513,
              357.8862499947284
            ],
            [
              211.1376716360418,
              357.8274481420407
            ],
            [
              211.91519150655407,
              357.18165282516617
            ],
            [
              211.9573681418198,
              357.13826379490524
            ],
            [
              212.2639435547366,
              356.8810699894993
            ],
            [
              212.4291658430985,
              356.70902911651217
            ],
            [
              212.55570216093287,
              356.6019082174741
            ],
            [
              212.78039747236508,
              356.3646042075884
            ],
            [
              213.05498033808118,
              356.1274432502542
            ],
            [
              213.36017510000067,
              355.7981755727019
            ],
            [
              213.3907895041886,
              355.7714015595567
            ],
            [
              213.76713616929197,
              355.35911454393755
            ],
            [
              213.8044773575123,
              355.31882798644455
            ],
            [
              213.9900402706929,
              355.15272177614247
            ],
            [
              214.03253938244612,
              355.1048093448283
            ],
            [
              214.14978640739213,
              354.9990007578538
            ],
            [
              214.2220333357817,
              354.91730982546545
            ],
            [
              214.2505438948388,
              354.89144885391397
            ],
            [
              214.37918413623015,
              354.745190592573
            ],
            [
              214.523565022523,
              354.6126714901903
            ],
            [
              214.5291475474039,
              354.60695290193013
            ],
            [
              214.55718182642977,
              354.5746709130336
            ],
            [
              215.10497276582157,
              354.06278449543265
            ],
            [
              215.62348372529445,
              353.4489395827802
            ],
            [
              215.75923225434883,
              353.3178135357004
            ],
            [
              215.90538427921103,
              353.1390556481301
            ],
            [
              216.03477749054926,
              353.0125742353385
            ],
            [
              216.32898436016356,
              352.6482683752329
            ],
            [
              216.91075202481517,
              352.0424916492564
            ],
            [
              217.1555659582064,
              351.79064037906994
            ],
            [
              217.16693410741806,
              351.77573714796006
            ],
            [
              217.48130892875545,
              351.4483883426388
            ],
            [
              217.65755720532425,
              351.21376436980273
            ],
            [
              217.80972806538006,
              351.05305449540083
            ],
            [
              218.0067901977447,
              350.78504837448475
            ],
            [
              218.20129554054446,
              350.5752009901669
            ],
            [
              218.44906257798124,
              350.23007356821887
            ],
            [
              218.50557045017845,
              350.1681693077401
            ],
            [
              218.8309168422799,
              349.7059603699373
            ],
            [
              219.0652842563531,
              349.4409568188598
            ],
            [
              219.13654383345562,
              349.336283159243
            ],
            [
              219.1393411763207,
              349.33310270420685
            ],
            [
              219.23988455813085,
              349.1844852918129
            ],
            [
              219.2462895368021,
              349.17507697668594
            ],
            [
              219.35682955801337,
              349.0477881052994
            ],
            [
              219.4157428421852,
              348.9594318417597
            ],
            [
              219.96941745265588,
              348.3039580534243
            ],
            [
              220.36636771659911,
              347.6828467689399
            ],
            [
              220.3993831857422,
              347.64246569637754
            ],
            [
              220.49009739983438,
              347.4957106974034
            ],
            [
              220.60526403232444,
              347.3531039691531
            ],
            [
              220.81062396119913,
              347.01636134666177
            ],
            [
              221.77416481329095,
              345.73368337039113
            ],
            [
              221.9414397088951,
              345.4338926755895
            ],
            [
              222.1020035712692,
              345.21552450207435
            ],
            [
              222.26260260334573,
              344.91799795449117
            ],
            [
              222.3894666738761,
              344.74128247993923
            ],
            [
              222.57619074456602,
              344.38517269812786
            ],
            [
              222.64774182432853,
              344.2835224281998
            ],
            [
              222.86121860423717,
              343.86508398897047
            ],
            [
              223.03072778791727,
              343.6160908386415
            ],
            [
              223.1768957382917,
              343.31857475558746
            ],
            [
              223.23769000239244,
              343.227397458382
            ],
            [
              223.3089424587142,
              343.0785763003617
            ],
            [
              223.82264615963427,
              342.27477996992667
            ],
            [
              224.153808134173,
              341.5343152044016
            ],
            [
              224.207995643081,
              341.44546026587335
            ],
            [
              224.33863574704063,
              341.1376289520109
            ],
            [
              225.09253147252034,
              339.78649420742283
            ],
            [
              225.22999848710825,
              339.4205859141683
            ],
            [
              225.38045514619589,
              339.1418491760951
            ],
            [
              225.49582539135022,
              338.81700758056667
            ],
            [
              225.5687994668017,
              338.67783547495
            ],
            [
              225.69233830866412,
              338.3157717362695
            ],
            [
              225.76632726995823,
              338.17074507108134
            ],
            [
              225.88602628632532,
              337.80430225558354
            ],
            [
              225.9983296854579,
              337.57571543242574
            ],
            [
              226.07722857747586,
              337.3222359417983
            ],
            [
              226.10072784644993,
              337.27369104737255
            ],
            [
              226.12170875681127,
              337.20370321755206
            ],
            [
              226.12502945709738,
              337.1967674501759
            ],
            [
              226.18876772262854,
              336.9842279649967
            ],
            [
              226.61487288867184,
              336.03147406773695
            ],
            [
              226.79520148869827,
              335.34914718477893
            ],
            [
              226.79818619607397,
              335.34211422656017
            ],
            [
              226.8141626265968,
              335.277402081026
            ],
            [
              226.87969522054624,
              335.0294400242168
            ],
            [
              227.39430811647892,
              333.6596486819153
            ],
            [
              227.48066970727908,
              333.22839161105907
            ],
            [
              227.6015422032205,
              332.8880576333901
            ],
            [
              227.66336775053395,
              332.5391408563146
            ],
            [
              227.69705408698266,
              332.4404140046353
            ],
            [
              227.7567196785623,
              332.0774201609066
            ],
            [
              227.81905877571262,
              331.88657720355525
            ],
            [
              227.86499832211982,
              331.57864496546375
            ],
            [
              227.92858586364167,
              331.37435644856356
            ],
            [
              227.9767945856267,
              331.0219334818002
            ],
            [
              227.98036558744263,
              331.01002573875473
            ],
            [
              227.98176306178524,
              330.9989598618867
            ],
            [
              228.0102448943355,
              330.9039505598495
            ],
            [
              228.04427826526444,
              330.6228937595834
            ],
            [
              228.3056982666696,
              329.6337334451466
            ],
            [
              228.38516463314076,
              328.7116865722874
            ],
            [
              228.6460549325315,
              327.408899241888
            ],
            [
              228.65995292542962,
              326.9148430955754
            ],
            [
              228.73110844969628,
              326.5132719445254
            ],
            [
              228.73191547439131,
              326.1445187859875
            ],
            [
              228.7412752319135,
              326.08757584333136
            ],
            [
              228.73777996105147,
              325.7283999268741
            ],
            [
              228.77322760653064,
              325.49079477701537
            ],
            [
              228.76689499421101,
              325.24601745319575
            ],
            [
              228.79106083579933,
              325.0693565247175
            ],
            [
              228.77418491790294,
              324.5951268156536
            ],
            [
              228.7941830897189,
              324.4299764932481
            ],
            [
              228.77847755905734,
              324.1480835096172
            ],
            [
              228.86499272462177,
              323.1442495430378
            ],
            [
              228.78944248830575,
              322.3116521972632
            ],
            [
              228.82373804537193,
              321.09248833076094
            ],
            [
              228.74418110172735,
              320.539995323005
            ],
            [
              228.74518951199227,
              320.0792232133872
            ],
            [
              228.6790950184644,
              319.6979036202946
            ],
            [
              228.67888575562495,
              319.67639965840493
            ],
            [
              228.62166929651767,
              319.36659685393835
            ],
            [
              228.61358192963556,
              319.31993833091633
            ],
            [
              228.60648740100487,
              319.0457103118036
            ],
            [
              228.57033478073532,
              318.86673966454805
            ],
            [
              228.56512735090752,
              318.7204058208022
            ],
            [
              228.44375098521684,
              318.14019529242375
            ],
            [
              228.43128201404258,
              317.91639416383964
            ],
            [
              228.36489669246757,
              317.6329679204029
            ],
            [
              228.27371961713365,
              316.62815582956097
            ],
            [
              228.07488328989163,
              315.8919741168259
            ],
            [
              227.9134156244875,
              314.7706419988561
            ],
            [
              227.72022496431697,
              314.16588545441795
            ],
            [
              227.6307519380372,
              313.6496878689422
            ],
            [
              227.36349709156414,
              312.8923864707646
            ],
            [
              227.30758400230445,
              312.61559320651713
            ],
            [
              227.26448757851,
              312.5030101584098
            ],
            [
              227.24063727194084,
              312.38899950323633
            ],
            [
              226.9776663132623,
              311.71031083542096
            ],
            [
              226.91195444394157,
              311.42975983666565
            ],
            [
              226.79257619672072,
              311.144295233494
            ],
            [
              226.5246701699378,
              310.15238635860294
            ],
            [
              226.23512898085926,
              309.51699862764815
            ],
            [
              225.9118417542741,
              308.50499284103194
            ],
            [
              225.58610683379104,
              307.85591979830133
            ],
            [
              225.38633693463308,
              307.289845783394
            ],
            [
              224.98372458051608,
              306.5448533622551
            ],
            [
              224.87698496530376,
              306.2660118673817
            ],
            [
              224.8496797894059,
              306.218296256136
            ],
            [
              224.81849928814472,
              306.1378240512697
            ],
            [
              224.393779860654,
              305.3982141516453
            ],
            [
              224.37759177698217,
              305.3589099795403
            ],
            [
              224.36296296181877,
              305.334454713338
            ],
            [
              224.23892798896685,
              305.0378546615892
            ],
            [
              224.0629649102671,
              304.7502626600977
            ],
            [
              223.62308072852645,
              303.7849526362941
            ],
            [
              223.27569395812273,
              303.252094353491
            ],
            [
              222.82696385638218,
              302.35793596214825
            ],
            [
              222.35149831224336,
              301.67419154441296
            ],
            [
              222.02258139085905,
              301.06556488129445
            ],
            [
              221.50227331097753,
              300.36292089555786
            ],
            [
              221.31113854395466,
              300.03007724230855
            ],
            [
              220.77791057061336,
              299.3412550183399
            ],
            [
              220.77332361529386,
              299.33358691861815
            ],
            [
              220.72818646875228,
              299.27702157946277
            ],
            [
              220.6612900885896,
              299.1906050453384
            ],
            [
              220.42774542408796,
              298.8089023722494
            ],
            [
              220.19051429682628,
              298.51972203389107
            ],
            [
              219.58710252653538,
              297.594145739298
            ],
            [
              219.2144108410424,
              297.1628950417831
            ],
            [
              218.67828957141697,
              296.3919245059481
            ],
            [
              218.03795317466572,
              295.6845701211572
            ],
            [
              217.56258906586353,
              295.04262019764207
            ],
            [
              216.97987082988155,
              294.43495919040953
            ],
            [
              216.74281378875182,
              294.12872964799436
            ],
            [
              215.85388729603554,
              293.2334542582028
            ],
            [
              215.5070947820082,
              292.81072062411994
            ],
            [
              215.20309825358854,
              292.52130678361505
            ],
            [
              214.4480952946417,
              291.64767432722795
            ],
            [
              214.08282522923426,
              291.315496133173
            ],
            [
              213.4954442639786,
              290.6666395268293
            ],
            [
              212.67594241481711,
              289.9468046857826
            ],
            [
              212.0421264323032,
              289.28585873531415
            ],
            [
              211.42604464781715,
              288.77398704097345
            ],
            [
              211.14976932900242,
              288.49573850662784
            ],
            [
              210.99918923870624,
              288.37415459387455
            ],
            [
              210.9849347305375,
              288.3598655379919
            ],
            [
              210.5255471882284,
              287.9917185518394
            ],
            [
              209.9970377127686,
              287.56498052938133
            ],
            [
              209.51894255747257,
              287.10981955850167
            ],
            [
              209.14222665578458,
              286.82249419544416
            ],
            [
              208.25071862930105,
              286.01175289943393
            ],
            [
              207.92412424681925,
              285.77289796530755
            ],
            [
              207.3248226994796,
              285.2464828821574
            ],
            [
              206.3149198466948,
              284.5274078078026
            ],
            [
              205.50962066096875,
              283.85832479150656
            ],
            [
              204.8887358695857,
              283.4403494151057
            ],
            [
              204.58020196795417,
              283.19122777555674
            ],
            [
              204.33103355933977,
              283.0275188007596
            ],
            [
              204.28078180176755,
              282.98724771938737
            ],
            [
              203.19994732140896,
              282.2843709456771
            ],
            [
              203.14429926760647,
              282.24780898387667
            ],
            [
              202.5184472104147,
              281.77046473387446
            ],
            [
              202.08294432789683,
              281.5009486618498
            ],
            [
              201.08319534266107,
              280.7697818359048
            ],
            [
              200.8061762981591,
              280.60505016137296
            ],
            [
              200.21953596100525,
              280.1873481587503
            ],
            [
              199.10926702999032,
              279.54082543931554
            ],
            [
              199.09981797021942,
              279.5342786999795
            ],
            [
              199.03463746773065,
              279.49736776325716
            ],
            [
              199.01215955368667,
              279.4842786082702
            ],
            [
              198.02594162411728,
              278.8203634728912
            ],
            [
              197.4275398314775,
              278.49177573855553
            ],
            [
              197.09402724950502,
              278.27265083752945
            ],
            [
              196.73055153250073,
              278.07726234339697
            ],
            [
              196.63470930500216,
              278.01493524625454
            ],
            [
              195.34163779182907,
              277.3290119632626
            ],
            [
              194.57363552005657,
              276.85372474036643
            ],
            [
              194.0777515119084,
              276.6039365049959
            ],
            [
              192.99595326908496,
              275.96063619915464
            ],
            [
              192.78865560116242,
              275.86025870877546
            ],
            [
              192.2456472700882,
              275.54405854043864
            ],
            [
              191.38564498219293,
              275.1342953892298
            ],
            [
              191.37312962803253,
              275.1271170924739
            ],
            [
              191.2432917604748,
              275.066468703721
            ],
            [
              191.08932253210608,
              274.9931073684166
            ],
            [
              191.03802291077363,
              274.9638784345873
            ],
            [
              190.98910809541164,
              274.94128098551425
            ],
            [
              190.9642505183673,
              274.9272044377995
            ],
            [
              190.94057221521373,
              274.9162519153154
            ],
            [
              190.82549802410992,
              274.85104181904217
            ],
            [
              190.65210492829004,
              274.77132431051535
            ],
            [
              190.29694210626585,
              274.5763012533546
            ],
            [
              190.29268869337594,
              274.57392443331037
            ],
            [
              190.29225487137455,
              274.5737274510855
            ],
            [
              189.66395551062854,
              274.2287226968056
            ],
            [
              189.113293725159,
              273.98256092925885
            ],
            [
              188.7624346026815,
              273.7939545591821
            ],
            [
              188.2719939478287,
              273.57884558370705
            ],
            [
              188.12180633611297,
              273.49917699720925
            ],
            [
              186.6787488220473,
              272.8768878503416
            ],
            [
              185.76483111301175,
              272.416526378579
            ],
            [
              185.26555954950027,
              272.21299362326357
            ],
            [
              184.52692585491252,
              271.85139842288015
            ],
            [
              184.43008938036544,
              271.8128812884643
            ],
            [
              184.06808274147974,
              271.63759075925566
            ],
            [
              183.94912328144724,
              271.5910343897652
            ],
            [
              183.479962442693,
              271.3674944917717
            ],
            [
              182.57476616022703,
              271.01732556532835
            ],
            [
              182.3431780434058,
              270.90914875678476
            ],
            [
              181.89690357190398,
              270.7409047355144
            ],
            [
              181.78188339127982,
              270.68776822349685
            ],
            [
              181.7203381694346,
              270.6649428575473
            ],
            [
              181.58354248937383,
              270.602051017822
            ],
            [
              181.39720579621735,
              270.53324613518174
            ],
            [
              181.17331845757013,
              270.43316201010026
            ],
            [
              181.08812502603797,
              270.3944788827729
            ],
            [
              181.0808116318267,
              270.3918087796167
            ],
            [
              180.5078445098128,
              270.1356758805753
            ],
            [
              180.02745688441402,
              269.9627629783521
            ],
            [
              179.6672272459873,
              269.80476500715986
            ],
            [
              179.04067007691958,
              269.58312203734624
            ],
            [
              178.82839150457528,
              269.4915812287535
            ],
            [
              177.65577911103716,
              269.08572380590317
            ],
            [
              177.4811354343169,
              269.0122856051941
            ],
            [
              177.09790820123303,
              268.8833736231851
            ],
            [
              176.18383242585597,
              268.5107420240248
            ],
            [
              175.88061140831007,
              268.4122887556123
            ],
            [
              175.10565470695784,
              268.1040463131535
            ],
            [
              174.75889109139305,
              267.99380830713864
            ],
            [
              174.64688789529768,
              267.9504806447394
            ],
            [
              174.39235210554298,
              267.8508646724321
            ],
            [
              174.3772515289292,
              267.8461736797511
            ],
            [
              174.00925576276097,
              267.70381706067116
            ],
            [
              173.08209867316964,
              267.41775201763204
            ],
            [
              172.58780701845762,
              267.2314056747881
            ],
            [
              171.94716280814123,
              267.04035109562284
            ],
            [
              171.77685961328805,
              266.97719050203546
            ],
            [
              171.72889919426493,
              266.96322087699525
            ],
            [
              171.6001005606199,
              266.91566194094895
            ],
            [
              171.40367152692107,
              266.8586785359796
            ],
            [
              171.39804850867586,
              266.85665456127293
            ],
            [
              171.16090312235528,
              266.770073334187
            ],
            [
              171.14413271947865,
              266.76525895966085
            ],
            [
              170.65219475843406,
              266.5881885771976
            ],
            [
              170.2612842859256,
              266.47743713591257
            ],
            [
              169.89994970651261,
              266.3496159677368
            ],
            [
              169.13198735110635,
              266.13552118508085
            ],
            [
              168.85105682069806,
              266.03828722976897
            ],
            [
              167.76800565859975,
              265.7449321844878
            ],
            [
              167.37978451822374,
              265.61434032580615
            ],
            [
              167.372625817245,
              265.6122062319635
            ],
            [
              166.75180805057278,
              265.44824446038507
            ],
            [
              165.93284611718502,
              265.18233453205113
            ],
            [
              165.84895370158048,
              265.16129160864244
            ],
            [
              165.05760887723127,
              264.9097188611395
            ],
            [
              164.5395000651016,
              264.78201869268065
            ],
            [
              163.92929323138625,
              264.59374547974403
            ],
            [
              163.00421700327203,
              264.373362586718
            ],
            [
              162.2101991305605,
              264.1365685158816
            ],
            [
              161.36322728001858,
              263.9439697342357
            ],
            [
              161.13329350395645,
              263.8769959941922
            ],
            [
              161.10090892389206,
              263.8698816019281
            ],
            [
              160.98454885746898,
              263.8361259362707
            ],
            [
              160.80040085575456,
              263.7958252762711
            ],
            [
              160.61793185876994,
              263.7434428679708
            ],
            [
              160.58982826638572,
              263.7373527205126
            ],
            [
              160.20086299324626,
              263.6271523865714
            ],
            [
              159.93653444608935,
              263.57057867269356
            ],
            [
              159.91791517741459,
              263.5653303511172
            ],
            [
              159.8956451267853,
              263.5605867926135
            ],
            [
              159.56081321198326,
              263.46724137598363
            ],
            [
              158.6502730520723,
              263.27530475110854
            ],
            [
              158.29549138320834,
              263.1792086513333
            ],
            [
              157.71629818087985,
              263.061911006639
            ],
            [
              157.41109342329676,
              262.9813045623058
            ],
            [
              156.68626506303272,
              262.83614336044917
            ],
            [
              156.6694600181978,
              262.83172169770154
            ],
            [
              156.53825899578385,
              262.8065022208586
            ],
            [
              156.46420883868132,
              262.79167221365515
            ],
            [
              154.48667234317594,
              262.3042615815704
            ],
            [
              153.78925687674104,
              262.17806288046137
            ],
            [
              153.3436675350614,
              262.07190917632283
            ],
            [
              152.4443877280986,
              261.915853179602
            ],
            [
              151.32188324168152,
              261.6605991279603
            ],
            [
              150.26311119740564,
              261.48898476286035
            ],
            [
              149.97044721797505,
              261.4246910049292
            ],
            [
              149.95502141086772,
              261.4223216514128
            ],
            [
              149.85503340084225,
              261.40043934610054
            ],
            [
              149.68782106227025,
              261.3748493594965
            ],
            [
              149.5745105565695,
              261.3502945737967
            ],
            [
              149.53412972405778,
              261.3441726538333
            ],
            [
              149.26564067669335,
              261.28670847636823
            ],
            [
              149.1126157155275,
              261.26378326642725
            ],
            [
              149.02430300326415,
              261.2449725091531
            ],
            [
              149.00430628646566,
              261.24199047664047
            ],
            [
              148.75743664352726,
              261.1899517768245
            ],
            [
              147.70739933871627,
              261.0349185359084
            ],
            [
              147.2751051958524,
              260.9473707460341
            ],
            [
              147.20986548299004,
              260.9383070894619
            ],
            [
              147.0461602192298,
              260.9055218755577
            ],
            [
              145.97413774850807,
              260.7548355058586
            ],
            [
              145.29936241171535,
              260.62831403113364
            ],
            [
              145.02434977462636,
              260.59203569166726
            ],
            [
              143.50350102216248,
              260.3168351169928
            ],
            [
              142.62578172075564,
              260.2119871136333
            ],
            [
              142.36246611703353,
              260.16629279394414
            ],
            [
              141.99266557983736,
              260.12463884521384
            ],
            [
              141.94797524761893,
              260.11694648703224
            ],
            [
              141.48430004547285,
              260.0660438094048
            ],
            [
              140.04122840126345,
              259.83213904647425
            ],
            [
              138.77855334367308,
              259.7053074037006
            ],
            [
              138.33681191979522,
              259.6377037973186
            ],
            [
              138.19042113658307,
              259.6244142505702
            ],
            [
              138.15273734827886,
              259.61870121491626
            ],
            [
              138.10021199753282,
              259.6139761678589
            ],
            [
              137.9647422944143,
              259.59368097313137
            ],
            [
              137.93114827585657,
              259.59069353837396
            ],
            [
              137.76985718882858,
              259.5666408265947
            ],
            [
              137.75218393954674,
              259.5650761785999
            ],
            [
              137.60342778074624,
              259.5431130071004
            ],
            [
              136.93945654623292,
              259.48489634983684
            ],
            [
              136.37709420470824,
              259.4058491824419
            ],
            [
              135.43586971796066,
              259.32716969068065
            ],
            [
              135.23253820129278,
              259.3003471785784
            ],
            [
              135.09570193744406,
              259.2895941643376
            ],
            [
              135.0022334031334,
              259.2773115714139
            ],
            [
              134.41912584556687,
              259.23166062273407
            ],
            [
              132.22403847459373,
              258.9694463502797
            ],
            [
              131.17220837849854,
              258.9058337755194
            ],
            [
              131.10080016432357,
              258.89779042838205
            ],
            [
              130.59185123542397,
              258.87026105494687
            ],
            [
              130.38815981341625,
              258.8478996287987
            ],
            [
              130.09928065507233,
              258.83350241592797
            ],
            [
              128.4917850288364,
              258.6720346576192
            ],
            [
              127.04774265418989,
              258.61286732539327
            ],
            [
              126.56043217202128,
              258.5686286425086
            ],
            [
              126.52215944600545,
              258.5674598193798
            ],
            [
              126.19293445732391,
              258.53831288411624
            ],
            [
              125.89147398198192,
              258.5293279257597
            ],
            [
              125.50665260449071,
              258.49715966958917
            ],
            [
              123.4615429591921,
              258.439508194742
            ],
            [
              120.76791894908533,
              258.2766032166843
            ],
            [
              118.81807245907333,
              258.2712674774467
            ],
            [
              118.66574396279566,
              258.2636757017011
            ],
            [
              118.55073441348765,
              258.26471597034134
            ],
            [
              116.80051287263457,
              258.19300343531205
            ],
            [
              115.51896635037313,
              258.2156076050245
            ],
            [
              114.53978104113018,
              258.1880044506586
            ],
            [
              112.7266285239639,
              258.24193719538476
            ],
            [
              112.33054841084069,
              258.23431035691897
            ],
            [
              111.87434993625948,
              258.2522660365914
            ],
            [
              109.25679573602112,
              258.24510312056594
            ],
            [
              107.08703356173297,
              258.3643316945746
            ],
            [
              107.02746680017007,
              258.36538234483515
            ],
            [
              106.93201013294033,
              258.3663319464236
            ],
            [
              106.9169079672783,
              258.3673324032821
            ],
            [
              105.09593980754045,
              258.3994509979685
            ],
            [
              104.79928031458495,
              258.42218090035954
            ],
            [
              104.72873161787906,
              258.4234962428443
            ],
            [
              103.80029961784408,
              258.4963506851578
            ],
            [
              103.74025439261638,
              258.49795237227687
            ],
            [
              103.71618676031153,
              258.4999283488828
            ],
            [
              102.98466292268719,
              258.52063432459744
            ],
            [
              102.79114845910796,
              258.53747091634267
            ],
            [
              102.36903824295308,
              258.55002670650475
            ],
            [
              100.90218709829678,
              258.6841233359383
            ],
            [
              100.65206289132985,
              258.69396806447014
            ],
            [
              100.10556065465782,
              258.74796408942825
            ],
            [
              97.81263560646157,
              258.87396047144273
            ],
            [
              95.56330125167075,
              259.1298370097638
            ],
            [
              93.50629814895609,
              259.28744356157205
            ],
            [
              93.45475955240127,
              259.29451630008083
            ],
            [
              93.45414607667054,
              259.29456338658923
            ],
            [
              93.2223730542947,
              259.32640494925937
            ],
            [
              92.9843234830941,
              259.3450847973818
            ],
            [
              92.12371331250758,
              259.46558371581244
            ],
            [
              91.52159148857004,
              259.5179709076696
            ],
            [
              91.17908104615411,
              259.5685022759457
            ],
            [
              91.09860799168932,
              259.5756182832196
            ],
            [
              91.01789459141878,
              259.58772580055836
            ],
            [
              90.35505226236543,
              259.64832153482837
            ],
            [
              89.23787707618504,
              259.82172312336866
            ],
            [
              89.13564525943247,
              259.8318239269137
            ],
            [
              88.50926117407998,
              259.9322803425535
            ]
          ]
        ]
      }
    }
  ]
}