{
  "type": "FeatureCollection",
  "features": [
    {
      "type": "Feature",
      "properties": {
        "method": "Homography",
        "mode": "tmpl2img",
        "inside_ratio": 1.0
      },
      "geometry": {
        "type": "Polygon",
        "coordinates": [
          [
            [
              423.96408274692817,
              111.90033023244442
            ],
            [
              423.2563297203678,
              111.8578990108697
            ],
            [
              423.05594505735246,
              111.85915201590795
            ],
            [
              422.10948832233805,
              111.80834459374313
            ],
            [
              420.4301154400091,
              111.82708291572867
            ],
            [
              419.01295576640075,
              111.7732225414795
            ],
            [
              417.0402352085494,
              111.81674103621141
            ],
            [
              414.6058358786077,
              111.76955348404181
            ],
            [
              412.2516310272941,
              111.86738472557779
            ],
            [
              410.8141366727723,
              111.86334125276238
            ],
            [
              409.3439401848144,
              111.94489316468078
            ],
            [
              407.9538475598696,
              111.95358541207176
            ],
            [
              407.7387709204933,
              111.96869202622072
            ],
            [
              407.04054288633125,
              111.97648280446968
            ],
            [
              405.8684376515957,
              112.06319247160242
            ],
            [
              404.883885105962,
              112.0849118401151
            ],
            [
              402.6138382641808,
              112.26789245163764
            ],
            [
              399.96224638961286,
              112.37808189627951
            ],
            [
              398.0751779763817,
              112.5699722684574
            ],
            [
              396.75277719180633,
              112.6433259413791
            ],
            [
              395.76809556700965,
              112.75457351675952
            ],
            [
              395.7383945976715,
              112.75632087318847
            ],
            [
              395.3955441512001,
              112.79666371187486
            ],
            [
              394.48315654958725,
              112.89974363733747
            ],
            [
              392.416981537935,
              113.04486822527689
            ],
            [
              392.19189431578536,
              113.07495189815235
            ],
            [
              391.75869962309866,
              113.10699865171178
            ],
            [
              391.1147203601584,
              113.1947965081251
            ],
            [
              390.59341452720435,
              113.23681716529877
            ],
            [
              388.0680813351739,
              113.58756415090089
            ],
            [
              385.21265303920893,
              113.87792415830519
            ],
            [
              383.80148497947437,
              114.10653985783959
            ],
            [
              382.62521706297275,
              114.23943251107612
            ],
            [
              381.4999020694187,
              114.43174878386729
            ],
            [
              381.2843276401978,
              114.45711519220056
            ],
            [
              379.6877532744883,
              114.73977488711388
            ],
            [
              379.495516097354,
              114.7637439383988
            ],
            [
              379.3376676493117,
              114.79296301569269
            ],
            [
              379.04412994253505,
              114.8321953286701
            ],
            [
              378.0505072411427,
              114.96207716464276
            ],
            [
              377.9995539512644,
              114.9718064630203
            ],
            [
              376.8599338680111,
              115.12412056355825
            ],
            [
              376.63125433285325,
              115.16942107103861
            ],
            [
              376.46780186432915,
              115.19170560283578
            ],
            [
              376.3521754899833,
              115.21480235920208
            ],
            [
              376.3082776673138,
              115.22089938791295
            ],
            [
              374.05328883028443,
              115.6677356038797
            ],
            [
              373.7732790621928,
              115.70908020747547
            ],
            [
              373.62229854353694,
              115.74068574329182
            ],
            [
              373.16624374864284,
              115.81002115834026
            ],
            [
              372.75578513512744,
              115.89599390576215
            ],
            [
              370.5362532349095,
              116.25556825589787
            ],
            [
              369.595346974051,
              116.46623661908059
            ],
            [
              368.59316222132856,
              116.63750994023692
            ],
            [
              367.3489443632455,
              116.92425438105525
            ],
            [
              366.94608838941247,
              116.99557655000908
            ],
            [
              365.2311790313497,
              117.40419287805535
            ],
            [
              364.97238022884915,
              117.45209871626113
            ],
            [
              364.8456112045559,
              117.48349185426369
            ],
            [
              363.63056478780317,
              117.71549942746107
            ],
            [
              363.3129654879772,
              117.79597915067781
            ],
            [
              362.1967750327221,
              118.01715732732251
            ],
            [
              362.00730223226793,
              118.06636788821204
            ],
            [
              361.499688610794,
              118.16692413011994
            ],
            [
              359.9460978679927,
              118.57905127550985
            ],
            [
              359.6232715374269,
              118.64666897353034
            ],
            [
              359.2143653355859,
              118.75677320344158
            ],
            [
              359.2107565764198,
              118.75752864373499
            ],
            [
              359.1628154307226,
              118.77065380136708
            ],
            [
              358.56565373550455,
              118.931448693419
            ],
            [
              356.472069951286,
              119.39519842967768
            ],
            [
              356.3209210215697,
              119.43837284983317
            ],
            [
              356.1171309928415,
              119.48400131844198
            ],
            [
              355.6251060862032,
              119.62614893205509
            ],
            [
              354.81815158687687,
              119.81212095871815
            ],
            [
              353.481164578804,
              120.20390222566206
            ],
            [
              352.8965329218681,
              120.3432040726037
            ],
            [
              351.09705821905635,
              120.88818967849586
            ],
            [
              350.77153969606644,
              120.96880123144471
            ],
            [
              350.68593291476645,
              120.99567161572655
            ],
            [
              349.545672189172,
              121.28461390131534
            ],
            [
              349.23988766283236,
              121.38236696858797
            ],
            [
              348.4255945117788,
              121.59385813035503
            ],
            [
              347.7359763939658,
              121.81807836887182
            ],
            [
              346.5511671012819,
              122.13237740411222
            ],
            [
              345.05193224411823,
              122.6338815880526
            ],
            [
              345.04918457761073,
              122.63463383449097
            ],
            [
              345.02895780820154,
              122.64156669201431
            ],
            [
              344.5734093694899,
              122.79395072104785
            ],
            [
              342.6172178822421,
              123.35272036187885
            ],
            [
              342.1379205681427,
              123.52264118259116
            ],
            [
              342.1360762704095,
              123.52317400627564
            ],
            [
              342.10817054144445,
              123.53318818297068
            ],
            [
              342.05326195612344,
              123.55265441323968
            ],
            [
              341.45856137260535,
              123.72692128842799
            ],
            [
              340.0585020476942,
              124.23130654133887
            ],
            [
              339.30467009715295,
              124.4596107023638
            ],
            [
              337.45863880404954,
              125.14747443317258
            ],
            [
              337.06879790457623,
              125.26983827653822
            ],
            [
              337.0177229110358,
              125.28954339601633
            ],
            [
              335.9681482902813,
              125.62507096419439
            ],
            [
              335.68057619143076,
              125.73773279647492
            ],
            [
              335.1566362341779,
              125.9080849655213
            ],
            [
              334.57670967322116,
              126.13791427643004
            ],
            [
              333.2156171309403,
              126.59320892317848
            ],
            [
              331.71004681838156,
              127.20671055515585
            ],
            [
              331.46677161618464,
              127.2900947220134
            ],
            [
              331.221693934906,
              127.39266952211986
            ],
            [
              329.35238410164055,
              128.0553785582316
            ],
            [
              328.88322631228885,
              128.25731042411584
            ],
            [
              328.66667335100175,
              128.33532577546768
            ],
            [
              327.23585707221616,
              128.95666272134153
            ],
            [
              326.3323917010824,
              129.29330981024523
            ],
            [
              324.49668788902335,
              130.11923348174895
            ],
            [
              324.32557251005494,
              130.18627118186566
            ],
            [
              324.0318814416044,
              130.29957942120365
            ],
            [
              324.0083050076543,
              130.31056675256937
            ],
            [
              323.06212559050186,
              130.68125051232713
            ],
            [
              322.79919827568705,
              130.80543170172055
            ],
            [
              322.5439615765452,
              130.90658394862507
            ],
            [
              322.14679848736876,
              131.1036181981534
            ],
            [
              320.5771604645216,
              131.7432266446021
            ],
            [
              320.0361971920765,
              132.00797178060094
            ],
            [
              319.97906322415633,
              132.03138155856195
            ],
            [
              319.9087622668537,
              132.06619291506388
            ],
            [
              319.61327563339995,
              132.1877691303084
            ],
            [
              318.80339878137875,
              132.59022213626977
            ],
            [
              318.63190510118216,
              132.66199909234732
            ],
            [
              318.52866232250017,
              132.71405498711437
            ],
            [
              316.83646813560523,
              133.44239828089462
            ],
            [
              314.9817273775914,
              134.40022427567217
            ],
            [
              314.1314159235482,
              134.78279817100434
            ],
            [
              312.36039553237345,
              135.73570279744516
            ],
            [
              311.8594317860959,
              135.97230915346327
            ],
            [
              311.8171983304189,
              135.99199122129093
            ],
            [
              311.8141153056513,
              135.99371223379688
            ],
            [
              310.9804237701112,
              136.38746670751794
            ],
            [
              310.2877841714904,
              136.7788038543912
            ],
            [
              308.77728478385836,
              137.51803586176965
            ],
            [
              308.15267888038215,
              137.88289623735557
            ],
            [
              307.49153231906337,
              138.21144053432334
            ],
            [
              306.78227329728617,
              138.63458976702026
            ],
            [
              305.21563765191655,
              139.44363239952466
            ],
            [
              303.48965099619454,
              140.5086424827681
            ],
            [
              302.84055741454534,
              140.8578898884015
            ],
            [
              301.16752474997,
              141.9316947775842
            ],
            [
              299.8617958082758,
              142.6694236623536
            ],
            [
              299.24213312320927,
              143.08794641950465
            ],
            [
              297.9481888479117,
              143.84379741554312
            ],
            [
              297.5092440867807,
              144.15001671006337
            ],
            [
              297.5023954662142,
              144.15404000799913
            ],
            [
              297.35780659460687,
              144.25566344771454
            ],
            [
              297.3416354750769,
              144.266944841753
            ],
            [
              296.4217009396326,
              144.8157846602803
            ],
            [
              295.8821907978602,
              145.20278179847438
            ],
            [
              294.62079557291344,
              145.98111842643078
            ],
            [
              293.0554625881714,
              147.1382709521856
            ],
            [
              292.58341784860426,
              147.44124408593808
            ],
            [
              291.0408434100889,
              148.62713163373783
            ],
            [
              289.82864052931785,
              149.44585850580737
            ],
            [
              289.28546060898833,
              149.88714219346926
            ],
            [
              288.20591169484015,
              150.64026362506502
            ],
            [
              287.85599863027795,
              150.9339534021743
            ],
            [
              287.7190007743817,
              151.03024154105634
            ],
            [
              287.50319234079143,
              151.21313855134537
            ],
            [
              286.52985121387457,
              151.91132789283063
            ],
            [
              286.14147082398773,
              152.24935154074015
            ],
            [
              285.165550068137,
              152.97078856313834
            ],
            [
              283.78869561663697,
              154.20237750081267
            ],
            [
              283.46656612256896,
              154.45002153422934
            ],
            [
              282.3707042664577,
              155.47076317418907
            ],
            [
              282.0525274106821,
              155.7553706687376
            ],
            [
              281.63667745754026,
              156.08880709137134
            ],
            [
              281.56036656874386,
              156.16307003627213
            ],
            [
              280.98524754244124,
              156.63030130768124
            ],
            [
              280.521768797564,
              157.08973477473816
            ],
            [
              279.64875280719605,
              157.8224764114194
            ],
            [
              279.6327450236686,
              157.83889577513798
            ],
            [
              279.5793538699638,
              157.88370805510522
            ],
            [
              279.32764432403286,
              158.14189135740142
            ],
            [
              279.1467596590984,
              158.29519057688196
            ],
            [
              278.8978147551557,
              158.55380746165014
            ],
            [
              277.92156440719657,
              159.40347884692318
            ],
            [
              277.6625366532641,
              159.682193905193
            ],
            [
              276.9447383662609,
              160.32426063112032
            ],
            [
              275.7790887623195,
              161.61053013677682
            ],
            [
              275.57824925774696,
              161.79760229749613
            ],
            [
              274.8778458490868,
              162.6050324919914
            ],
            [
              274.4080595703176,
              163.12343164256802
            ],
            [
              274.1014428823867,
              163.42181970435698
            ],
            [
              274.06535436045647,
              163.46545563226704
            ],
            [
              273.98975771356356,
              163.53909807077613
            ],
            [
              273.8744669418296,
              163.67901847320204
            ],
            [
              273.41660984008547,
              164.1328793632669
            ],
            [
              273.0816413207502,
              164.54853626874637
            ],
            [
              272.2875636745261,
              165.3630369196174
            ],
            [
              272.0557866502071,
              165.6616613120345
            ],
            [
              271.8664057196567,
              165.85840005028297
            ],
            [
              271.60885280716013,
              166.19598565231016
            ],
            [
              270.68080452472265,
              167.19456988576482
            ],
            [
              270.5268906513191,
              167.40621886259552
            ],
            [
              270.03352421193483,
              167.9506382180817
            ],
            [
              269.09592078813336,
              169.27047817494628
            ],
            [
              268.987646204292,
              169.3952979105601
            ],
            [
              268.6051575797062,
              169.96131278091727
            ],
            [
              268.0699309427721,
              170.71473739889373
            ],
            [
              267.84938762996023,
              170.9814042387607
            ],
            [
              267.82128935214126,
              171.0253397061412
            ],
            [
              267.691301291893,
              171.18309718687726
            ],
            [
              267.5293370796347,
              171.4382989360798
            ],
            [
              267.1878084499733,
              171.86209617416338
            ],
            [
              266.97711326266585,
              172.2041778150459
            ],
            [
              266.79339673534207,
              172.43623497247515
            ],
            [
              266.778037527885,
              172.46157873108137
            ],
            [
              266.3206332338111,
              173.05090409587706
            ],
            [
              266.12231809932086,
              173.38742101418396
            ],
            [
              265.938667572476,
              173.62813960312096
            ],
            [
              265.69843038879435,
              174.04589761032875
            ],
            [
              264.8694471988619,
              175.1858432180692
            ],
            [
              264.79464776294077,
              175.32526835585747
            ],
            [
              264.4870587703862,
              175.75825338168454
            ],
            [
              263.7879386155677,
              177.08993672483058
            ],
            [
              263.7446493695395,
              177.15399707959406
            ],
            [
              263.5935666897562,
              177.4601761667985
            ],
            [
              263.07832618213314,
              178.44160574937564
            ],
            [
              262.92505896864236,
              178.68125982008286
            ],
            [
              262.90519286357994,
              178.72441280049694
            ],
            [
              262.7502538508872,
              178.96854517088715
            ],
            [
              262.5808817868941,
              179.3418352818233
            ],
            [
              262.34394495119756,
              179.7265224812459
            ],
            [
              262.2649884094539,
              179.9084230909572
            ],
            [
              262.11736020009755,
              180.152019885368
            ],
            [
              262.0683928601863,
              180.26644430222782
            ],
            [
              261.7195439464773,
              180.85839892888745
            ],
            [
              261.56758072266615,
              181.2291966243328
            ],
            [
              261.4043166429726,
              181.51310303523692
            ],
            [
              261.2186621325552,
              181.9838918951845
            ],
            [
              261.04799486709186,
              182.30897872481148
            ],
            [
              260.52742654909974,
              183.27931103504852
            ],
            [
              260.50466426541925,
              183.3439142892901
            ],
            [
              260.3406681043425,
              183.65629400620108
            ],
            [
              259.88382354941444,
              184.97821708405291
            ],
            [
              259.88013477366087,
              184.9856926331615
            ],
            [
              259.8681835924514,
              185.02347278391144
            ],
            [
              259.45523153624424,
              186.21838875094227
            ],
            [
              259.3548565543056,
              186.43642241256475
            ],
            [
              259.34294182152615,
              186.47814182713293
            ],
            [
              259.19339088065783,
              186.8077468752724
            ],
            [
              259.05764796208695,
              187.29751549544488
            ],
            [
              258.9105733586911,
              187.63634695181705
            ],
            [
              258.9047432758591,
              187.65910152165625
            ],
            [
              258.798353858428,
              187.90770696100236
            ],
            [
              258.74611514409634,
              188.11371057516627
            ],
            [
              258.5065007528176,
              188.6983814044195
            ],
            [
              258.41286690149707,
              189.0989204241524
            ],
            [
              258.28470205419734,
              189.42392509123314
            ],
            [
              258.1791144926717,
              189.91095453015015
            ],
            [
              257.61050870817326,
              191.55626933281215
            ],
            [
              257.20550653259585,
              193.96236749266612
            ],
            [
              257.14777054316096,
              194.16452995163826
            ],
            [
              257.1432923108727,
              194.2046259046095
            ],
            [
              257.0293428361138,
              194.6157624678044
            ],
            [
              256.98412363193063,
              195.06213233938735
            ],
            [
              256.84226727387124,
              195.62154355042622
            ],
            [
              256.81868031384477,
              195.91839782539472
            ],
            [
              256.6858129990104,
              196.4867664579795
            ],
            [
              256.66166871655986,
              196.90624234803815
            ],
            [
              256.57916010537417,
              197.28548228014284
            ],
            [
              256.558560822153,
              197.8058403854937
            ],
            [
              256.294521623298,
              199.37448437997935
            ],
            [
              256.30707441532996,
              201.6917215278927
            ],
            [
              256.2964435047499,
              201.78690562327535
            ],
            [
              256.2989517517477,
              201.8256322647232
            ],
            [
              256.2497268800838,
              202.3115430638709
            ],
            [
              256.2798092710172,
              202.70037280362143
            ],
            [
              256.2388679934358,
              203.21564027598455
            ],
            [
              256.2764226562346,
              203.59939773239662
            ],
            [
              256.2450988272346,
              204.14360902046732
            ],
            [
              256.2923743881123,
              204.52997088257717
            ],
            [
              256.274119717127,
              204.99110178254202
            ],
            [
              256.32695560862265,
              205.36177673379487
            ],
            [
              256.333713690321,
              206.60931416910367
            ],
            [
              256.36867554489623,
              206.80487502415167
            ],
            [
              256.3693890214575,
              206.88933328869663
            ],
            [
              256.3938367274088,
              207.01913346854255
            ],
            [
              256.3941583536407,
              207.05010000956716
            ],
            [
              256.57297203441607,
              207.97021636815813
            ],
            [
              256.65247545791885,
              208.3923238120057
            ],
            [
              256.7650453728797,
              209.0219891743293
            ],
            [
              256.7784819112228,
              209.22944561888136
            ],
            [
              256.7878802161663,
              209.26744035241836
            ],
            [
              256.83054142076656,
              209.81885746274799
            ],
            [
              256.91745261181774,
              210.14984997766166
            ],
            [
              256.96315069321093,
              210.61682207044754
            ],
            [
              257.0938942543297,
              211.08043167657783
            ],
            [
              257.15673226027485,
              211.59397839158723
            ],
            [
              257.26519551808815,
              211.9440832456536
            ],
            [
              257.3414277887986,
              212.47889760054665
            ],
            [
              257.43139467036843,
              212.74924678086603
            ],
            [
              257.58980659271805,
              213.63533166873734
            ],
            [
              257.6950180094942,
              213.92749389904967
            ],
            [
              257.73790565318075,
              214.1551972211277
            ],
            [
              257.8143608508716,
              214.35799471035887
            ],
            [
              257.83525265678713,
              214.46549706864477
            ],
            [
              258.4941618823795,
              216.16546267672248
            ],
            [
              258.55794203386426,
              216.42330809432562
            ],
            [
              258.57474815419187,
              216.4614930801442
            ],
            [
              258.73374248197297,
              217.06700695898616
            ],
            [
              258.85955884314654,
              217.34138294328025
            ],
            [
              258.9768471290143,
              217.75728087007263
            ],
            [
              259.23142213253675,
              218.2907991362993
            ],
            [
              259.379452550543,
              218.76862147848223
            ],
            [
              259.5384209611756,
              219.08083036738262
            ],
            [
              259.73729862468366,
              219.67845487514543
            ],
            [
              259.8248870674366,
              219.84194038416467
            ],
            [
              260.0237660974839,
              220.3942087857351
            ],
            [
              260.2316188449778,
              220.76977398558938
            ],
            [
              260.3674228689145,
              221.12999429652652
            ],
            [
              260.5217158648274,
              221.39648981186272
            ],
            [
              260.5906056696506,
              221.57422339698556
            ],
            [
              261.49078309186194,
              223.08698132714488
            ],
            [
              261.5869183393194,
              223.30540907775398
            ],
            [
              261.6124818431258,
              223.34486254409373
            ],
            [
              261.90892470998375,
              223.9913349314421
            ],
            [
              262.05663123637436,
              224.2116501306311
            ],
            [
              262.2300259745161,
              224.57503718268939
            ],
            [
              262.63678597605156,
              225.16592044749302
            ],
            [
              262.86006010710486,
              225.60442372052904
            ],
            [
              263.0589132421689,
              225.87835878016605
            ],
            [
              263.0596927423212,
              225.8797672442625
            ],
            [
              263.4057859015327,
              226.52575676658375
            ],
            [
              263.44823208431757,
              226.5818116357312
            ],
            [
              263.5871162535559,
              226.83275881544486
            ],
            [
              263.92610753077025,
              227.27656950084796
            ],
            [
              264.2031591892534,
              227.75509429754064
            ],
            [
              264.45856865996603,
              228.0743771919312
            ],
            [
              264.60120852044207,
              228.31408502592484
            ],
            [
              265.6879052368952,
              229.63467245930326
            ],
            [
              265.807169007347,
              229.8187383521997
            ],
            [
              265.843834813231,
              229.86054412837632
            ],
            [
              266.2950371248768,
              230.5335457186798
            ],
            [
              266.4488161956144,
              230.70349752771034
            ],
            [
              266.6627186517027,
              231.01422469144737
            ],
            [
              267.2469455562094,
              231.647686386628
            ],
            [
              267.5351313205948,
              232.0446838215934
            ],
            [
              267.6918895001061,
              232.20676797274342
            ],
            [
              268.22707463195803,
              232.9074375655991
            ],
            [
              268.273241155847,
              232.95376864985772
            ],
            [
              268.28057200903993,
              232.9634498506113
            ],
            [
              268.5594403028175,
              233.24098795241852
            ],
            [
              268.72244316503605,
              233.4045718376036
            ],
            [
              269.18116539181506,
              233.97801243820655
            ],
            [
              269.55811392049526,
              234.33786965754487
            ],
            [
              269.79817101248256,
              234.62959445450275
            ],
            [
              270.1604417353817,
              234.96521922680873
            ],
            [
              270.17165492962647,
              234.97866471550358
            ],
            [
              270.404594912463,
              235.191414304924
            ],
            [
              271.01638972865317,
              235.75821002675053
            ],
            [
              271.151721983639,
              235.91251373895946
            ],
            [
              271.2029323760537,
              235.9575977205882
            ],
            [
              271.82207344172826,
              236.64185302043896
            ],
            [
              271.96752472683477,
              236.7660848385658
            ],
            [
              272.2065163562616,
              237.02521710643208
            ],
            [
              272.97452481698093,
              237.67181001562676
            ],
            [
              273.07071957448363,
              237.76834765891087
            ],
            [
              273.33269475130095,
              238.03922363035528
            ],
            [
              273.3727594503021,
              238.07146415451234
            ],
            [
              273.81975029177903,
              238.5200482928578
            ],
            [
              274.0372515232814,
              238.69267020557078
            ],
            [
              274.2867100766943,
              238.94093885043148
            ],
            [
              274.7834810997868,
              239.32631226991302
            ],
            [
              275.2298748264715,
              239.7524659566712
            ],
            [
              275.7457158613267,
              240.13968196495028
            ],
            [
              276.10444173198437,
              240.47202261808002
            ],
            [
              276.50501615272356,
              240.76307314311669
            ],
            [
              276.6024813247033,
              240.85209038725293
            ],
            [
              277.3739258580875,
              241.40394572498408
            ],
            [
              277.3809919262503,
              241.4102478656348
            ],
            [
              277.44895337708465,
              241.45761690295026
            ],
            [
              277.4563665362845,
              241.46291993031576
            ],
            [
              277.5464150599673,
              241.54219575294297
            ],
            [
              277.6167462699964,
              241.5911578026035
            ],
            [
              278.41268784213014,
              242.27098176264354
            ],
            [
              278.53698397054677,
              242.3548920783051
            ],
            [
              278.78609369779815,
              242.5646196939382
            ],
            [
              279.60346688852263,
              243.11034975737428
            ],
            [
              280.33738965365336,
              243.69283451217007
            ],
            [
              280.75829095675135,
              243.96131068637604
            ],
            [
              281.3422710203694,
              244.41433709807072
            ],
            [
              281.8854292131623,
              244.74845702442533
            ],
            [
              282.27156333285814,
              245.03830855307862
            ],
            [
              282.9404496430002,
              245.43894908328994
            ],
            [
              283.4364221062833,
              245.79931419490345
            ],
            [
              283.86154789990746,
              246.04488709926966
            ],
            [
              284.0747133847133,
              246.1973757170814
            ],
            [
              285.0150809867412,
              246.7311973905116
            ],
            [
              285.0920554782183,
              246.78484850469968
            ],
            [
              285.130309412899,
              246.8059399604411
            ],
            [
              285.9836985257121,
              247.38204921463054
            ],
            [
              286.0756831078839,
              247.43161085092314
            ],
            [
              286.3206248765805,
              247.59514947500006
            ],
            [
              287.1493829259151,
              248.03793365775263
            ],
            [
              287.7085912604052,
              248.39463037768235
            ],
            [
              288.3543439318152,
              248.7277642281906
            ],
            [
              289.35986015365216,
              249.34630043079778
            ],
            [
              289.93450155776065,
              249.62815227817612
            ],
            [
              290.2236901409585,
              249.8013665681809
            ],
            [
              291.0565122834788,
              250.2010411764729
            ],
            [
              291.7054422554607,
              250.57589403258382
            ],
            [
              291.722258479231,
              250.58363729226897
            ],
            [
              291.7740752546636,
              250.61356922160797
            ],
            [
              292.198183943484,
              250.80885386500128
            ],
            [
              292.4966364807728,
              250.97827743143324
            ],
            [
              293.49177118106184,
              251.42742679232717
            ],
            [
              294.44745245714677,
              251.94235143186546
            ],
            [
              294.4976883002507,
              251.96394486496678
            ],
            [
              294.72506844389864,
              252.08542824743355
            ],
            [
              295.5267713199816,
              252.4279089726424
            ],
            [
              295.858675846102,
              252.59913340217992
            ],
            [
              296.4666126380167,
              252.8522522108196
            ],
            [
              296.6449601494716,
              252.94317421480204
            ],
            [
              296.92511074278434,
              253.05692733517216
            ],
            [
              298.24797947506073,
              253.70577197701917
            ],
            [
              298.83838688357594,
              253.9355932779547
            ],
            [
              299.0001007336424,
              254.01320038801396
            ],
            [
              299.92716401723186,
              254.36773194800145
            ],
            [
              300.88668695483045,
              254.80955287653768
            ],
            [
              301.39732168296894,
              254.99555978414963
            ],
            [
              301.77271543619224,
              255.16499198693995
            ],
            [
              302.7365626710192,
              255.5078711932372
            ],
            [
              303.68728457818804,
              255.91401159506023
            ],
            [
              303.71303489630446,
              255.92508014168632
            ],
            [
              303.7138108440691,
              255.9253433927211
            ],
            [
              303.91130595787394,
              256.00971164412744
            ],
            [
              304.64826199119403,
              256.25874012948515
            ],
            [
              304.71056597056725,
              256.28468083457096
            ],
            [
              305.5938919196327,
              256.5782826505241
            ],
            [
              305.6153144976861,
              256.5855216606177
            ],
            [
              306.0948413397028,
              256.7802300634758
            ],
            [
              306.3797039785174,
              256.8711175964303
            ],
            [
              307.91222214543956,
              257.46766383508646
            ],
            [
              308.5021523543605,
              257.6470161628462
            ],
            [
              308.5120812382426,
              257.6508132096638
            ],
            [
              308.69811404072027,
              257.7065930145948
            ],
            [
              309.554681004392,
              257.96700903752674
            ],
            [
              310.7488774631703,
              258.4020142930298
            ],
            [
              311.34780141933874,
              258.5712349718442
            ],
            [
              311.80478744286535,
              258.7338032704093
            ],
            [
              312.69856588552415,
              258.9790584317982
            ],
            [
              313.78912794850305,
              259.3475756926002
            ],
            [
              315.24199580988994,
              259.7269492173856
            ],
            [
              315.29300436289026,
              259.74371197527256
            ],
            [
              315.58975862970334,
              259.8177572049909
            ],
            [
              315.7296264913344,
              259.85427956540207
            ],
            [
              316.2302050287973,
              260.0139928521603
            ],
            [
              316.520596934759,
              260.08480741127056
            ],
            [
              318.2562946082531,
              260.6124993540134
            ],
            [
              319.95775704543087,
              261.0039019584477
            ],
            [
              321.2639903066844,
              261.3729666400155
            ],
            [
              321.9512899942877,
              261.51803032492785
            ],
            [
              322.49307202508686,
              261.66669674275374
            ],
            [
              323.29257270711526,
              261.8291195628465
            ],
            [
              324.2663279257832,
              262.08338697381174
            ],
            [
              324.26260098716887,
              262.0868572817562
            ],
            [
              324.5266276600343,
              262.13392946672957
            ],
            [
              326.0667172521812,
              262.431936324391
            ],
            [
              326.3803745975834,
              262.5101991592951
            ],
            [
              326.7080261764713,
              262.56909948489704
            ],
            [
              326.9563749163526,
              262.62966145704115
            ],
            [
              327.25499685152477,
              262.68255122091097
            ],
            [
              327.5124185795481,
              262.74176824068616
            ],
            [
              327.5599606623294,
              262.7531371995071
            ],
            [
              327.56775514234835,
              262.7544978045745
            ],
            [
              329.1828691539171,
              263.12603690927364
            ],
            [
              330.92302794149276,
              263.4116342216955
            ],
            [
              332.3345420799194,
              263.7095529402971
            ],
            [
              333.1086898537356,
              263.82331602214055
            ],
            [
              333.73700350191575,
              263.9509612849083
            ],
            [
              334.37773129419065,
              264.040114959732
            ],
            [
              335.17894289448174,
              264.19514915549547
            ],
            [
              335.64544267539964,
              264.2569766988373
            ],
            [
              335.8434959057846,
              264.2949301089242
            ],
            [
              337.43994185131487,
              264.49832360074197
            ],
            [
              338.0081176982134,
              264.6004618003963
            ],
            [
              338.4141115046735,
              264.64783865755584
            ],
            [
              338.49762213171823,
              264.6624162794358
            ],
            [
              338.6551579119783,
              264.68064228845645
            ],
            [
              340.59427550594063,
              264.99889300055366
            ],
            [
              340.59451010562515,
              264.9986034271921
            ],
            [
              340.6094464486766,
              265.00126636383857
            ],
            [
              342.27060959997715,
              265.1696845853171
            ],
            [
              343.86287152824315,
              265.40367172599724
            ],
            [
              344.72079698554296,
              265.4792944778541
            ],
            [
              345.4358970663345,
              265.57879663905214
            ],
            [
              345.9001746263099,
              265.6160874853833
            ],
            [
              346.4978973797053,
              265.69530666394246
            ],
            [
              347.33716485761755,
              265.75926873463254
            ],
            [
              347.8621040224072,
              265.82614804866034
            ],
            [
              349.2950881430316,
              265.92392725790427
            ],
            [
              349.94954375573866,
              265.99586325775846
            ],
            [
              349.986355389514,
              265.9982448381573
            ],
            [
              350.06994887006664,
              266.00799965787235
            ],
            [
              350.75562652797225,
              266.0480139159332
            ],
            [
              351.2481346085346,
              266.0798774185943
            ],
            [
              353.5261941334169,
              266.3108401228295
            ],
            [
              354.6899055065837,
              266.35803215082643
            ],
            [
              355.7516447239148,
              266.45162028332226
            ],
            [
              356.68881052875514,
              266.4826324107726
            ],
            [
              357.4894637412397,
              266.54694100219524
            ],
            [
              357.76253646947333,
              266.55380489095137
            ],
            [
              358.13797676123,
              266.5824178648995
            ],
            [
              359.36084519237176,
              266.6107609433066
            ],
            [
              360.22896844615957,
              266.6699970535043
            ],
            [
              361.73880472762113,
              266.68896192078614
            ],
            [
              362.4601731532017,
              266.7310589936678
            ],
            [
              363.4287502398942,
              266.73422378943036
            ],
            [
              363.8195837369251,
              266.7543995269303
            ],
            [
              363.8769101215494,
              266.75583686653823
            ],
            [
              364.2847620213839,
              266.7551053327182
            ],
            [
              364.62406873405973,
              266.7712234455089
            ],
            [
              364.6393624215969,
              266.77153904970214
            ],
            [
              364.81760445461606,
              266.7705412664303
            ],
            [
              364.87949542622795,
              266.77383498567804
            ],
            [
              364.9277352934535,
              266.77320722006385
            ],
            [
              366.7676172168485,
              266.84782001602093
            ],
            [
              367.3991597259918,
              266.8370528480255
            ],
            [
              367.90423293341433,
              266.8537664269887
            ],
            [
              368.76788063560656,
              266.8369775340081
            ],
            [
              368.82164744237195,
              266.83851768554354
            ],
            [
              368.9680162885205,
              266.83546306832625
            ],
            [
              369.79819230758994,
              266.85633016801364
            ],
            [
              369.87016131978265,
              266.8543410075448
            ],
            [
              370.0101154846025,
              266.85758480039107
            ],
            [
              371.29616439369454,
              266.8220168799265
            ],
            [
              371.8034215438037,
              266.83045706437866
            ],
            [
              372.12413824748296,
              266.81941081401965
            ],
            [
              372.838500563127,
              266.82838383094315
            ],
            [
              374.2752292293244,
              266.76966432504616
            ],
            [
              375.07405534060734,
              266.77227446473097
            ],
            [
              375.83510682511417,
              266.73438833259075
            ],
            [
              376.40255740532683,
              266.73337053840936
            ],
            [
              377.29994510038506,
              266.6846584711368
            ],
            [
              377.64319019977944,
              266.68162720889376
            ],
            [
              378.0728546719663,
              266.6560933460751
            ],
            [
              378.4980009837362,
              266.64782870771427
            ],
            [
              380.2202430841336,
              266.6184662028112
            ],
            [
              380.8265409343069,
              266.5719601078956
            ],
            [
              381.14235419708234,
              266.5497033673333
            ],
            [
              382.02616264040716,
              266.5252601068993
            ],
            [
              382.16534580042537,
              266.5145128762419
            ],
            [
              382.26361806801884,
              266.51179671682814
            ],
            [
              383.10387164306235,
              266.44538207173645
            ],
            [
              383.1728344345593,
              266.44326848811073
            ],
            [
              383.2677364983296,
              266.43559863720105
            ],
            [
              383.94038415819136,
              266.41243104296956
            ],
            [
              384.80951916837023,
              266.33912492345115
            ],
            [
              385.5862978132901,
              266.3073777610996
            ],
            [
              386.9340029388163,
              266.18187085732137
            ],
            [
              387.80807236479495,
              266.138358545152
            ],
            [
              388.3150114916445,
              266.0867377975963
            ],
            [
              389.0374169131265,
              266.0475241314384
            ],
            [
              390.3492278718244,
              265.9086465224539
            ],
            [
              392.29027175441684,
              265.7740425331355
            ],
            [
              392.5022873384096,
              265.74911924205264
            ],
            [
              392.62321577420965,
              265.7405968867894
            ],
            [
              392.6589774143724,
              265.7362723062929
            ],
            [
              392.6698440725958,
              265.73550648915295
            ],
            [
              392.7440092731613,
              265.7265378408729
            ],
            [
              392.8405779891111,
              265.71974751324666
            ],
            [
              392.8582080611216,
              265.7176238112614
            ],
            [
              393.03368400977604,
              265.70519467971695
            ],
            [
              393.7012865276549,
              265.6237483911819
            ],
            [
              394.09902602940286,
              265.59303635556773
            ],
            [
              394.4038856483331,
              265.554521509061
            ],
            [
              394.6691509443242,
              265.5336816943848
            ],
            [
              394.718921204331,
              265.52731469629595
            ],
            [
              394.7884992511183,
              265.52181516446325
            ],
            [
              395.1404138858901,
              265.47606560032176
            ],
            [
              395.40587641534023,
              265.4546112931978
            ],
            [
              395.4236818442926,
              265.4522859733667
            ],
            [
              395.6963090003123,
              265.43137409912924
            ],
            [
              395.88568411942134,
              265.4049194637856
            ],
            [
              396.1229970805513,
              265.384903595032
            ],
            [
              397.5638484793547,
              265.191951789608
            ],
            [
              398.36931863909507,
              265.1169412669643
            ],
            [
              398.46765453376224,
              265.1026647141843
            ],
            [
              398.4769991955499,
              265.1017919221687
            ],
            [
              399.62401070292606,
              264.9351616763988
            ],
            [
              399.8133612331632,
              264.91588043452384
            ],
            [
              400.0666837599736,
              264.89100233426007
            ],
            [
              400.08525253940246,
              264.8881942060621
            ],
            [
              400.56007202146714,
              264.83984414720993
            ],
            [
              400.81420812372875,
              264.8007495150365
            ],
            [
              401.68193787252625,
              264.70888549152113
            ],
            [
              402.65547176264784,
              264.55557126766956
            ],
            [
              404.1165250830993,
              264.38381852900034
            ],
            [
              404.6078389808124,
              264.3022742591921
            ],
            [
              405.13813169434667,
              264.23839569485966
            ],
            [
              405.2299838439335,
              264.2227001529772
            ],
            [
              405.2682053319625,
              264.21807807467746
            ],
            [
              405.37837620674895,
              264.1991647657983
            ],
            [
              405.58085094575546,
              264.17446321723844
            ],
            [
              406.3863069462475,
              264.03473212350707
            ],
            [
              406.7697289976477,
              263.9856817977015
            ],
            [
              407.09136391514505,
              263.92853203565045
            ],
            [
              407.6022549506235,
              263.8618116517443
            ],
            [
              407.9040475222354,
              263.80724266870953
            ],
            [
              408.26313074435905,
              263.7591559915802
            ],
            [
              410.1439462086206,
              263.4131207207278
            ],
            [
              411.0948303678658,
              263.280287570282
            ],
            [
              412.3429342124264,
              263.03448369754835
            ],
            [
              412.9942581450117,
              262.9359849723818
            ],
            [
              413.16837516532183,
              262.9002654357613
            ],
            [
              413.22936207381593,
              262.89088360951155
            ],
            [
              413.23974333875674,
              262.88873727435407
            ],
            [
              414.23798645355964,
              262.7315317883275
            ],
            [
              414.863790178439,
              262.60007520579813
            ],
            [
              415.8485900158628,
              262.43662616838014
            ],
            [
              416.48725723453515,
              262.29907608126535
            ],
            [
              417.3269097099243,
              262.1555976689099
            ],
            [
              417.4779238230649,
              262.12200524600814
            ],
            [
              417.5307444630496,
              262.112937394989
            ],
            [
              417.5676149618232,
              262.1046934072725
            ],
            [
              417.5862532390683,
              262.1014937303595
            ],
            [
              417.78054565315796,
              262.0580512920755
            ],
            [
              418.0108876643918,
              262.01809139216687
            ],
            [
              418.6249771200143,
              261.879179759509
            ],
            [
              418.7524798905497,
              261.8565244052525
            ],
            [
              418.97927676559055,
              261.8046619112059
            ],
            [
              419.67389816085876,
              261.67906311687545
            ],
            [
              420.07251154765714,
              261.5864482685039
            ],
            [
              420.27389589559453,
              261.549397271897
            ],
            [
              422.27223894796083,
              261.07898811262197
            ],
            [
              423.1718498812968,
              260.9018170764678
            ],
            [
              424.3669208419008,
              260.60384375063916
            ],
            [
              424.55482371218926,
              260.5643727980168
            ],
            [
              425.736922255669,
              260.321869152262
            ],
            [
              425.85085750070743,
              260.29212741833925
            ],
            [
              426.60888484165275,
              260.13289588975834
            ],
            [
              426.88755458687876,
              260.05915869549506
            ],
            [
              427.4073580474411,
              259.94720835704925
            ],
            [
              428.1768101221241,
              259.74208521292934
            ],
            [
              429.31800401294345,
              259.4882316690685
            ],
            [
              429.5060533853126,
              259.43630896427146
            ],
            [
              429.64690778107513,
              259.4048148968205
            ],
            [
              430.0138035516744,
              259.3029419505252
            ],
            [
              430.2293868337779,
              259.254175398006
            ],
            [
              430.7943543344195,
              259.0953080387941
            ],
            [
              431.5340152438904,
              258.92345334137036
            ],
            [
              432.0205905566939,
              258.78423002333204
            ],
            [
              432.06966450192533,
              258.77267803615456
            ],
            [
              432.90230721713453,
              258.53194529822014
            ],
            [
              434.43175956568933,
              258.0943245946082
            ],
            [
              434.9996386737006,
              257.9527323109197
            ],
            [
              435.03717727736034,
              257.9413079701279
            ],
            [
              435.26821667732713,
              257.88384736624414
            ],
            [
              436.0966796986161,
              257.6307795163086
            ],
            [
              438.7148552269247,
              256.9328174028819
            ],
            [
              439.59466669130467,
              256.65078003541197
            ],
            [
              439.8028609219766,
              256.59432892146236
            ],
            [
              439.8245506105153,
              256.5872471534585
            ],
            [
              441.02383634888463,
              256.25610986448197
            ],
            [
              441.2088209441175,
              256.1945130806683
            ],
            [
              441.4165503502115,
              256.13683455634094
            ],
            [
              441.9454171320465,
              255.95965882524266
            ],
            [
              442.1433844515288,
              255.90399094129947
            ],
            [
              442.44584620897086,
              255.8012618267797
            ],
            [
              443.09711093887995,
              255.61491608700803
            ],
            [
              446.33633043639264,
              254.50290738477247
            ],
            [
              447.1257059368169,
              254.26177947012786
            ],
            [
              447.1463560279249,
              254.25485584167146
            ],
            [
              447.69145296812076,
              254.05522817127573
            ],
            [
              449.69425772938246,
              253.4131976848749
            ],
            [
              450.09942704133124,
              253.25985226522167
            ],
            [
              450.4159171214415,
              253.15785819598804
            ],
            [
              450.6826341596063,
              253.05531730066252
            ],
            [
              450.76508639993716,
              253.02863996456358
            ],
            [
              451.072345814946,
              252.91012386796322
            ],
            [
              452.3581792665048,
              252.48196278225456
            ],
            [
              452.5380304550765,
              252.41102602351614
            ],
            [
              452.8073660353051,
              252.3207958748711
            ],
            [
              453.48265060326526,
              252.05268497484016
            ],
            [
              453.6613844694497,
              251.99197921168988
            ],
            [
              453.7237997209379,
              251.96682418997253
            ],
            [
              454.279008684876,
              251.77622358389195
            ],
            [
              457.70204189044125,
              250.38910862724302
            ],
            [
              458.52158000519114,
              250.0889739675488
            ],
            [
              458.829437380825,
              249.95578391754395
            ],
            [
              460.26992343134776,
              249.41059964172743
            ],
            [
              460.27645565596293,
              249.40771390547366
            ],
            [
              460.38115865880394,
              249.3681948320167
            ],
            [
              460.74030256004585,
              249.20931434618265
            ],
            [
              460.9938140838687,
              249.112916778432
            ],
            [
              461.33903413297605,
              248.95840320135667
            ],
            [
              461.66617777172365,
              248.83263095280608
            ],
            [
              461.7963889960452,
              248.77364610521863
            ],
            [
              461.9829024250118,
              248.7017041484099
            ],
            [
              462.2489209037424,
              248.58086455293937
            ],
            [
              463.23620002151233,
              248.19146273056325
            ],
            [
              463.40916404829164,
              248.11152212259935
            ],
            [
              463.73297174732,
              247.98295947250995
            ],
            [
              464.35904985439515,
              247.6914908249132
            ],
            [
              464.9968986687383,
              247.4330154969417
            ],
            [
              468.40180713680274,
              245.81996660804242
            ],
            [
              468.9689512933379,
              245.5690695753713
            ],
            [
              469.36726956434273,
              245.3967429246809
            ],
            [
              469.42733327131384,
              245.36628748410948
            ],
            [
              470.74114048387395,
              244.78507664495834
            ],
            [
              471.25766637639424,
              244.51902214114193
            ],
            [
              471.6240651288616,
              244.35502940078516
            ],
            [
              472.0968208889704,
              244.10761667154236
            ],
            [
              472.35967077643284,
              243.98854736218325
            ],
            [
              472.36647219174745,
              243.98494019976894
            ],
            [
              472.64465588240813,
              243.8585745247021
            ],
            [
              472.86811389025485,
              243.73977954045841
            ],
            [
              473.57454391024345,
              243.41328132963437
            ],
            [
              473.739142738771,
              243.3246187742241
            ],
            [
              474.1085039218042,
              243.152663864331
            ],
            [
              474.631039068804,
              242.8689164576952
            ],
            [
              475.16942642415455,
              242.6138596379601
            ],
            [
              478.19890446483254,
              240.94369768557405
            ],
            [
              480.5187909088837,
              239.7487600344104
            ],
            [
              481.1671452267637,
              239.3607391315341
            ],
            [
              481.62873014972007,
              239.1191725654402
            ],
            [
              482.092171829517,
              238.83607602990622
            ],
            [
              482.6621501608624,
              238.53306354204477
            ],
            [
              482.84230067083877,
              238.42112552512748
            ],
            [
              483.2914729754728,
              238.17917505256816
            ],
            [
              483.44643992709285,
              238.08197122283858
            ],
            [
              483.8507643050159,
              237.8624147119776
            ],
            [
              484.2744298506642,
              237.59423906466841
            ],
            [
              484.7168370430843,
              237.35033841566909
            ],
            [
              487.36908716278344,
              235.6490601263193
            ],
            [
              489.63678324821495,
              234.29191102087825
            ],
            [
              490.3870208461686,
              233.76911049399666
            ],
            [
              490.923468092965,
              233.44141800605837
            ],
            [
              491.3672722249992,
              233.1240635843477
            ],
            [
              491.9491768314934,
              232.7624923199055
            ],
            [
              492.08616647865955,
              232.6626576215644
            ],
            [
              492.30707528669024,
              232.524091418008
            ],
            [
              492.45126748106503,
              232.41839045717154
            ],
            [
              492.8784396674917,
              232.14799514467714
            ],
            [
              493.20964610565574,
              231.9026502182406
            ],
            [
              493.5611893354129,
              231.67715381421408
            ],
            [
              494.4809658874271,
              230.98779883589611
            ],
            [
              494.5271024816701,
              230.95784171266868
            ],
            [
              494.75086433303636,
              230.78551510001267
            ],
            [
              495.16918526433807,
              230.47199154269188
            ],
            [
              495.21772364826313,
              230.4399154028081
            ],
            [
              495.3871597363751,
              230.30862383439765
            ],
            [
              495.8401565560623,
              229.9691113602729
            ],
            [
              498.01970702539563,
              228.45029900422676
            ],
            [
              498.83764309980535,
              227.78216823507094
            ],
            [
              499.42613807623866,
              227.36134862244162
            ],
            [
              499.84238795864263,
              227.010113449662
            ],
            [
              500.4218394201418,
              226.58782342222608
            ],
            [
              500.51705334915397,
              226.50571730665163
            ],
            [
              500.54355905010345,
              226.48628714213743
            ],
            [
              500.67584940794546,
              226.3719754216431
            ],
            [
              501.11241028146543,
              226.0485880020119
            ],
            [
              501.35925421480357,
              225.83265295790898
            ],
            [
              501.62665333696975,
              225.63224241726624
            ],
            [
              502.8755543987676,
              224.52841493131697
            ],
            [
              503.16149902338924,
              224.30819924992588
            ],
            [
              503.7390089892109,
              223.77848938522757
            ],
            [
              505.5944052236964,
              222.26290968159233
            ],
            [
              506.4418237239747,
              221.4414537111467
            ],
            [
              507.05720565572227,
              220.92218923022088
            ],
            [
              507.43767923148937,
              220.53783304456013
            ],
            [
              507.9989894674526,
              220.0537966899956
            ],
            [
              508.1812740772535,
              219.86486132562678
            ],
            [
              508.47616065133593,
              219.60689936351704
            ],
            [
              508.64836253423823,
              219.42618186743252
            ],
            [
              508.83990331687335,
              219.25689065052995
            ],
            [
              509.94904035028406,
              218.08245803209348
            ],
            [
              510.18791317475075,
              217.86335654637645
            ],
            [
              510.3151847308583,
              217.72286155197747
            ],
            [
              510.32793759606363,
              217.71114960465832
            ],
            [
              510.5924630606317,
              217.41797834079287
            ],
            [
              512.2904092088618,
              215.77205250781648
            ],
            [
              513.1253402178771,
              214.7921313158337
            ],
            [
              513.7402676064389,
              214.170928791986
            ],
            [
              514.0764262862451,
              213.75462123530653
            ],
            [
              514.6027884154537,
              213.20905449335652
            ],
            [
              514.7415617305103,
              213.03166583042977
            ],
            [
              514.8963041588996,
              212.86927118220984
            ],
            [
              515.0051307697995,
              212.72871243388616
            ],
            [
              515.1306167465765,
              212.59583901983913
            ],
            [
              516.0869920581227,
              211.35136690744167
            ],
            [
              516.2718681703452,
              211.1472822781131
            ],
            [
              516.3638321113967,
              211.02162038867672
            ],
            [
              516.4741558588191,
              210.89934954220678
            ],
            [
              516.6588148395232,
              210.6450501489836
            ],
            [
              518.0404802547132,
              209.02345123127688
            ],
            [
              518.8175593531404,
              207.88308008054764
            ],
            [
              519.4027057471591,
              207.1584197334127
            ],
            [
              519.6856871822737,
              206.71177786850893
            ],
            [
              520.1594060973854,
              206.10624095441435
            ],
            [
              520.2576418742065,
              205.94465125351755
            ],
            [
              520.3032308249918,
              205.88576927780562
            ],
            [
              520.361397983179,
              205.78934653057982
            ],
            [
              520.4320874306967,
              205.69736271940047
            ],
            [
              521.2132592096309,
              204.39523873357047
            ],
            [
              521.3527850513295,
              204.20458704232297
            ],
            [
              521.4129392973914,
              204.0980034778133
            ],
            [
              521.5885421363097,
              203.85617556772357
            ],
            [
              521.7087560924509,
              203.6402206866109
            ],
            [
              522.7812641050226,
              202.06630472499273
            ],
            [
              523.4521866824556,
              200.76694844794918
            ],
            [
              523.9764770092397,
              199.93943829974376
            ],
            [
              524.1539027969199,
              199.55754601527195
            ],
            [
              524.154379788721,
              199.5567828630508
            ],
            [
              524.1603936446319,
              199.54357507739257
            ],
            [
              524.1918773469189,
              199.47580937575603
            ],
            [
              524.2417496503176,
              199.3951622138943
            ],
            [
              524.2488907918669,
              199.3793779928656
            ],
            [
              524.5998629318772,
              198.80205794755386
            ],
            [
              525.286248119843,
              197.2351286563886
            ],
            [
              525.3693472106363,
              197.08789054964313
            ],
            [
              525.4030392636757,
              197.00373263957454
            ],
            [
              525.6074537187696,
              196.63651820987104
            ],
            [
              525.6773531166177,
              196.45753321746696
            ],
            [
              526.454061766385,
              194.9533041253913
            ],
            [
              526.9681444329796,
              193.50015615374318
            ],
            [
              527.399042618822,
              192.5726884235923
            ],
            [
              527.5206001680224,
              192.16380273091704
            ],
            [
              527.5291872823185,
              192.1449434887481
            ],
            [
              527.5543231867824,
              192.05740437088338
            ],
            [
              527.8610181487701,
              191.35725913493482
            ],
            [
              528.26550324028,
              189.8537086976229
            ],
            [
              528.2656388272736,
              189.85337002079396
            ],
            [
              528.2659650545227,
              189.85199204349433
            ],
            [
              528.2857478714213,
              189.77845543210697
            ],
            [
              528.4729837141699,
              189.29901774129686
            ],
            [
              528.5053468148838,
              189.15497459355123
            ],
            [
              529.0057156350938,
              187.74059129797413
            ],
            [
              529.3105751486057,
              186.14282612673094
            ],
            [
              529.6144337886336,
              185.12073040892892
            ],
            [
              529.6697739683375,
              184.69006672485142
            ],
            [
              529.6810580905436,
              184.6507682741155
            ],
            [
              529.6933121163106,
              184.5462629968997
            ],
            [
              529.8926813152875,
              183.8051685719197
            ],
            [
              530.0349371080979,
              182.3470051560547
            ],
            [
              530.1340299719769,
              181.90595816997515
            ],
            [
              530.140279948308,
              181.7943529032482
            ],
            [
              530.3896050372206,
              180.48764300664644
            ],
            [
              530.4319623188267,
              178.75862875803034
            ],
            [
              530.5744446093655,
              177.64981508076792
            ],
            [
              530.5543192446096,
              177.20338725074515
            ],
            [
              530.5615436811532,
              177.14177551943064
            ],
            [
              530.5545594450281,
              177.02072446967645
            ],
            [
              530.6300385953202,
              176.24704113887685
            ],
            [
              530.5256718137892,
              174.9334292682277
            ],
            [
              530.5265856520482,
              174.896126606293
            ],
            [
              530.5474774220701,
              174.52306414308038
            ],
            [
              530.537733518831,
              174.44107331226655
            ],
            [
              530.5667392787069,
              173.25706503360314
            ],
            [
              530.2933519913744,
              171.41452101005603
            ],
            [
              530.2399348816017,
              170.2296041304687
            ],
            [
              530.136454261646,
              169.77410931128685
            ],
            [
              530.1315405156795,
              169.68894407678638
            ],
            [
              530.0979468192268,
              169.54987118542317
            ],
            [
              530.0912480807414,
              169.46555755358133
            ],
            [
              530.0788130472002,
              169.2866308597027
            ],
            [
              530.0762084528388,
              169.27626136677577
            ],
            [
              530.0347602806836,
              168.7545741962888
            ],
            [
              529.7270420304592,
              167.59777062583018
            ],
            [
              529.7141002082163,
              167.51054682903018
            ],
            [
              529.6794741445639,
              167.21918312611788
            ],
            [
              529.6626508930093,
              167.16379468414831
            ],
            [
              529.5069294125839,
              166.1142810585904
            ],
            [
              528.865651114187,
              164.1803638343016
            ],
            [
              528.5822165430702,
              162.93275844915144
            ],
            [
              528.3890852214478,
              162.4754391190207
            ],
            [
              528.362717631305,
              162.36628122969088
            ],
            [
              528.3109455298335,
              162.2483411866335
            ],
            [
              528.2699573873789,
              162.08515790685917
            ],
            [
              528.246906049496,
              162.0335033578401
            ],
            [
              528.0793627538536,
              161.40365874364585
            ],
            [
              527.61564622506,
              160.41069629435205
            ],
            [
              527.5665133407948,
              160.26252516275167
            ],
            [
              527.5067727171721,
              160.06583666562616
            ],
            [
              527.4907192552316,
              160.0339512535343
            ],
            [
              527.1900122817319,
              159.1271025468765
            ],
            [
              526.1309693019062,
              157.1284034803172
            ],
            [
              525.5844873766329,
              155.83437853458165
            ],
            [
              525.2972091574965,
              155.3828636924784
            ],
            [
              525.2389900339182,
              155.2502369351198
            ],
            [
              525.1789867994326,
              155.15876202844672
            ],
            [
              525.1470704106147,
              155.08724224604308
            ],
            [
              525.0873664616684,
              154.99685678171846
            ],
            [
              524.7491406124744,
              154.2726092149809
            ],
            [
              524.1798804509301,
              153.44617382633658
            ],
            [
              524.0607686037744,
              153.22137772054464
            ],
            [
              524.0180989598448,
              153.13662720475068
            ],
            [
              524.0097683902936,
              153.12512659476639
            ],
            [
              523.6070922618178,
              152.36516838963811
            ],
            [
              522.0839612450552,
              150.33260569488002
            ],
            [
              522.0422970231793,
              150.26712208592127
            ],
            [
              521.9677803198109,
              150.14269396644033
            ],
            [
              521.9479945719324,
              150.1189070332549
            ],
            [
              521.2432652652915,
              149.0112848036629
            ],
            [
              520.8593081113413,
              148.573413618838
            ],
            [
              520.7579886547377,
              148.41895214831487
            ],
            [
              520.584021544717,
              148.22581017992923
            ],
            [
              520.0436832505991,
              147.44136271940323
            ],
            [
              519.4214513225155,
              146.77958347720025
            ],
            [
              518.7617579184245,
              145.89924673113512
            ],
            [
              516.8246657912232,
              143.95950986700132
            ],
            [
              516.5837732664371,
              143.66990269985638
            ],
            [
              516.4642008996019,
              143.56115956287312
            ],
            [
              515.5697660176801,
              142.54113100639827
            ],
            [
              515.0886779989572,
              142.124763440527
            ],
            [
              514.9324669907307,
              141.9513346722539
            ],
            [
              514.6869535932559,
              141.74417436669975
            ],
            [
              513.9783164107142,
              140.9904981946891
            ],
            [
              513.3566925399244,
              140.4868017469932
            ],
            [
              512.6712230592543,
              139.80039638596534
            ],
            [
              510.35346768347216,
              138.00385299802335
            ],
            [
              509.91487795981607,
              137.60498473389148
            ],
            [
              509.65237732454926,
              137.41980469895486
            ],
            [
              508.5911585460559,
              136.50135098058715
            ],
            [
              508.0146269789588,
              136.1141711393633
            ],
            [
              507.79157503881515,
              135.92596345476616
            ],
            [
              507.4606773626552,
              135.70931162808102
            ],
            [
              506.58539469624435,
              135.0000776515157
            ],
            [
              506.21432845089055,
              134.76674945891415
            ],
            [
              506.2094141065756,
              134.76280476261562
            ],
            [
              506.0760074216091,
              134.67977254800857
            ],
            [
              506.01773330507024,
              134.6431295106605
            ],
            [
              505.36733509008053,
              134.13899148777196
            ],
            [
              503.33655827354005,
              132.90292599869125
            ],
            [
              503.32810376548997,
              132.89674009251564
            ],
            [
              503.29767113149717,
              132.87925670434157
            ],
            [
              502.7020334072739,
              132.516712071699
            ],
            [
              502.0007805903724,
              132.02201604553787
            ],
            [
              501.55180445644237,
              131.77394982109996
            ],
            [
              500.3516239250179,
              130.96794762777543
            ],
            [
              499.6834715969212,
              130.61726669364546
            ],
            [
              499.3819238001292,
              130.4198313965235
            ],
            [
              498.9516708032695,
              130.19995632256018
            ],
            [
              497.915363705057,
              129.5483215666733
            ],
            [
              497.52114532433245,
              129.35523318331872
            ],
            [
              497.4457357363027,
              129.30829831571697
            ],
            [
              497.37278677351134,
              129.27297903657296
            ],
            [
              496.8973889580196,
              128.9836203889145
            ],
            [
              494.6110892190495,
              127.8888610783197
            ],
            [
              494.52646943160363,
              127.84024745544471
            ],
            [
              494.2395260183255,
              127.71094377966287
            ],
            [
              493.9292736215124,
              127.56238421231376
            ],
            [
              492.89813297139955,
              126.99266313228776
            ],
            [
              492.2287033648716,
              126.70385849635528
            ],
            [
              491.8055930197114,
              126.47858673360166
            ],
            [
              491.7392422652727,
              126.44301431996053
            ],
            [
              491.73706828882564,
              126.44210290120289
            ],
            [
              491.511999877434,
              126.32227232188606
            ],
            [
              491.45495161013076,
              126.29851338823767
            ],
            [
              490.9131406883519,
              126.01414296522974
            ],
            [
              490.1865447741561,
              125.71783791468232
            ],
            [
              490.09052804454615,
              125.66826372094927
            ],
            [
              490.0600784152186,
              125.65602624367433
            ],
            [
              489.7683596283835,
              125.5069472359812
            ],
            [
              489.22529499570595,
              125.2919210526983
            ],
            [
              488.03750683801815,
              124.71014174876306
            ],
            [
              487.7301255379708,
              124.59401791871522
            ],
            [
              487.32468311238415,
              124.39987807661551
            ],
            [
              484.8162114510732,
              123.46456921521998
            ],
            [
              484.62558348915877,
              123.37866762263234
            ],
            [
              484.0812053480483,
              123.18887323789238
            ],
            [
              482.681036986089,
              122.58481403573464
            ],
            [
              482.09631872472454,
              122.39110202088573
            ],
            [
              481.87575203512876,
              122.29771861745152
            ],
            [
              481.7668701922902,
              122.26219305356074
            ],
            [
              481.51279882756745,
              122.15567607273825
            ],
            [
              481.48928782115405,
              122.14810609394227
            ],
            [
              481.28437917640093,
              122.06276764064374
            ],
            [
              481.27709083783145,
              122.06043647580331
            ],
            [
              481.27656935869976,
              122.06021929524927
            ],
            [
              481.00209619619517,
              121.97242943245183
            ],
            [
              480.3559187325146,
              121.70891894153738
            ],
            [
              479.8414696904092,
              121.54924416438898
            ],
            [
              479.57868612082655,
              121.44363342193499
            ],
            [
              479.2584165910625,
              121.34554028398631
            ],
            [
              479.0343681795792,
              121.25682842191594
            ],
            [
              478.3662831289609,
              121.05650524538558
            ],
            [
              478.158816896721,
              120.97812775954273
            ],
            [
              477.8936994617374,
              120.8757425201379
            ],
            [
              477.8678428270992,
              120.86820232360328
            ],
            [
              477.0402931747774,
              120.5555670554083
            ],
            [
              476.9317540353348,
              120.52477005306108
            ],
            [
              476.72875562208435,
              120.4490800551698
            ],
            [
              476.4319331355661,
              120.3645913489821
            ],
            [
              476.36097035298087,
              120.33814684347385
            ],
            [
              475.26684783095783,
              120.03295693968592
            ],
            [
              473.9724829809706,
              119.66452389813247
            ],
            [
              473.71069800921197,
              119.57325403643719
            ],
            [
              473.14003085232116,
              119.42396265825847
            ],
            [
              471.44114348277,
              118.8611362218258
            ],
            [
              471.0448730029922,
              118.76385957341802
            ],
            [
              470.80013629396575,
              118.68400778761203
            ],
            [
              470.5171196898832,
              118.61533175615111
            ],
            [
              470.295991826499,
              118.54413390065267
            ],
            [
              470.24745509340136,
              118.53257229568732
            ],
            [
              470.0659070917205,
              118.47450441752514
            ],
            [
              469.51611566527674,
              118.3444591069946
            ],
            [
              468.77840935852026,
              118.11548970382584
            ],
            [
              468.5255430380106,
              118.05824271690015
            ],
            [
              468.0725105382217,
              117.91948652761165
            ],
            [
              467.41062124888543,
              117.77148489242686
            ],
            [
              467.2820336893725,
              117.73292832188211
            ],
            [
              466.8814671232727,
              117.64610958461661
            ],
            [
              465.6407052552908,
              117.29293430419769
            ],
            [
              465.2661948529247,
              117.21477279931621
            ],
            [
              465.031250122232,
              117.14810934999515
            ],
            [
              464.76546844943664,
              117.0944173068601
            ],
            [
              464.4985425994612,
              117.0194257959308
            ],
            [
              464.37528435257053,
              116.99491033779293
            ],
            [
              464.2405956331873,
              116.95734083667601
            ],
            [
              464.15522081014717,
              116.94048753633186
            ],
            [
              464.1232073493787,
              116.9315186042769
            ],
            [
              462.06106793503295,
              116.52561180206915
            ],
            [
              461.88349484928005,
              116.47915717369662
            ],
            [
              461.42393460051704,
              116.39413834670117
            ],
            [
              461.3826161888346,
              116.38344422794734
            ],
            [
              461.24364152400676,
              116.35784903967206
            ],
            [
              459.2873057550823,
              115.87760689074769
            ],
            [
              459.11298330620576,
              115.84803535820389
            ],
            [
              458.85066536169666,
              115.78438200660256
            ],
            [
              458.3709568321943,
              115.70355244820672
            ],
            [
              458.1958718398529,
              115.66184664339643
            ],
            [
              458.12747079762534,
              115.65063780116913
            ],
            [
              457.9789254284718,
              115.61550151542207
            ],
            [
              457.20902309446285,
              115.49035837674033
            ],
            [
              455.6855121353554,
              115.14969398346166
            ],
            [
              454.64034604180705,
              114.99297084336983
            ],
            [
              454.63149144365633,
              114.99105169909524
            ],
            [
              454.5675255027384,
              114.98192668516916
            ],
            [
              453.79505411540435,
              114.82070946468812
            ],
            [
              452.8634269855725,
              114.69001930234411
            ],
            [
              452.1362984904392,
              114.54312800575451
            ],
            [
              451.8864348720351,
              114.51093969590394
            ],
            [
              451.4616010520106,
              114.42644234182288
            ],
            [
              451.34661555822254,
              114.41202230953905
            ],
            [
              451.23367096151384,
              114.38972663567903
            ],
            [
              451.16963543373987,
              114.38176715833235
            ],
            [
              450.8304646181143,
              114.31500555132642
            ],
            [
              448.27650391009774,
              114.00266509317935
            ],
            [
              446.1459691920777,
              113.64367589492319
            ],
            [
              445.4533678025869,
              113.5737393182197
            ],
            [
              445.33506196829507,
              113.55435260439481
            ],
            [
              445.2452752023168,
              113.54572086169493
            ],
            [
              445.1376414256754,
              113.52822561841423
            ],
            [
              444.4121750895323,
              113.45925186899878
            ],
            [
              442.54724496227414,
              113.17960473214606
            ],
            [
              441.4514945205024,
              113.0891349369623
            ],
            [
              441.2995278314646,
              113.06781680374907
            ],
            [
              441.1294834390901,
              113.05469540224964
            ],
            [
              441.00391659347264,
              113.0370811861735
            ],
            [
              440.29060326173783,
              112.98203691375761
            ],
            [
              439.88542535809603,
              112.92683733408333
            ],
            [
              439.2499003490858,
              112.88305688821504
            ],
            [
              438.49850833709314,
              112.78625992731381
            ],
            [
              438.33512993701305,
              112.7762167000884
            ],
            [
              438.13054632571465,
              112.75008424388372
            ],
            [
              438.1176384649236,
              112.7488644473531
            ],
            [
              438.0542947651082,
              112.74506686477919
            ],
            [
              437.6762969739502,
              112.69766314304492
            ],
            [
              437.5724518396425,
              112.69166670083793
            ],
            [
              437.48634392975293,
              112.68096367422443
            ],
            [
              437.45417324805413,
              112.6791319211122
            ],
            [
              436.7683399946864,
              112.59525691399115
            ],
            [
              434.62229074569444,
              112.48005330653118
            ],
            [
              432.81852550317086,
              112.29791511253707
            ],
            [
              431.90424214298247,
              112.2631669857959
            ],
            [
              431.8504304949771,
              112.25799374790661
            ],
            [
              431.73866170854643,
              112.254316929117
            ],
            [
              431.6781441275488,
              112.24856321697497
            ],
            [
              431.0121719909928,
              112.22722027548342
            ],
            [
              428.8018082571238,
              112.04472328834342
            ],
            [
              426.4065162293515,
              111.99829377855269
            ],
            [
              425.8306226995891,
              111.95862126346749
            ],
            [
              425.5154921828369,
              111.95689251026337
            ],
            [
              424.65037240428785,
              111.90226067033758
            ],
            [
              423.96408274692817,
              111.90033023244442
            ]
          ]
        ]
      }
    }
  ]
}