{
  "type": "FeatureCollection",
  "features": [
    {
      "type": "Feature",
      "properties": {
        "method": "Homography",
        "mode": "tmpl2img",
        "inside_ratio": 1.0
      },
      "geometry": {
        "type": "Polygon",
        "coordinates": [
          [
            [
              307.52156534526273,
              147.79730207265757
            ],
            [
              307.2925811581469,
              147.76997539286452
            ],
            [
              307.1862750024499,
              147.76508562326688
            ],
            [
              307.1813669102076,
              147.76449581793355
            ],
            [
              306.9705127479442,
              147.75516119598004
            ],
            [
              306.86979981322236,
              147.75052869805106
            ],
            [
              306.2561837779683,
              147.68472183747915
            ],
            [
              305.786752251248,
              147.6681611215399
            ],
            [
              305.46315973601617,
              147.63638994309588
            ],
            [
              304.74128923010306,
              147.61718466293172
            ],
            [
              304.2454341635093,
              147.5753111174361
            ],
            [
              304.23591233345473,
              147.57518988786742
            ],
            [
              304.2021191289157,
              147.57235403380463
            ],
            [
              304.1697275138539,
              147.57195686704569
            ],
            [
              304.1529593845209,
              147.57054976625048
            ],
            [
              303.4866330336753,
              147.56237883866726
            ],
            [
              302.7460576857143,
              147.51278351990342
            ],
            [
              302.7220202305025,
              147.51285184504732
            ],
            [
              302.69466012948857,
              147.51101962823174
            ],
            [
              302.2096688981594,
              147.512397254833
            ],
            [
              302.0661335471723,
              147.5036832524195
            ],
            [
              301.85284963025026,
              147.50572774578492
            ],
            [
              301.6672723477679,
              147.49492482251188
            ],
            [
              301.6203674562083,
              147.49570715732276
            ],
            [
              301.0442129982019,
              147.46626139762063
            ],
            [
              300.80505588269847,
              147.4715683660571
            ],
            [
              300.79859322072247,
              147.4712711026687
            ],
            [
              300.6405787615837,
              147.47493177049705
            ],
            [
              300.450435016934,
              147.46651400935843
            ],
            [
              300.23609206908407,
              147.472343624554
            ],
            [
              299.7765780694659,
              147.45613278146885
            ],
            [
              299.2893930491347,
              147.4721376043213
            ],
            [
              298.93690290428134,
              147.46275964535042
            ],
            [
              298.1191736049278,
              147.4965595562179
            ],
            [
              297.49085715417186,
              147.48885473077976
            ],
            [
              296.79574302914676,
              147.5277756118415
            ],
            [
              296.0731520026614,
              147.52982814507698
            ],
            [
              295.5526083934387,
              147.56612049172088
            ],
            [
              295.34482569496595,
              147.56811225159854
            ],
            [
              294.8959966893958,
              147.60269216959725
            ],
            [
              293.94258468804054,
              147.62384866911165
            ],
            [
              293.64230898921375,
              147.6516787434111
            ],
            [
              293.48266100361,
              147.65602078653387
            ],
            [
              293.3739254460599,
              147.66647036729597
            ],
            [
              293.08701999897784,
              147.6758956793741
            ],
            [
              292.58787341661423,
              147.7251895606552
            ],
            [
              292.2085166835244,
              147.74086983990495
            ],
            [
              291.3545145177086,
              147.832441277677
            ],
            [
              290.6326988491601,
              147.87285723352306
            ],
            [
              289.94558416227846,
              147.95704271886746
            ],
            [
              289.2804528757441,
              148.0034157312091
            ],
            [
              288.7312812178855,
              148.07765112464628
            ],
            [
              288.45614782607925,
              148.098848707709
            ],
            [
              287.8305201428911,
              148.18844420080652
            ],
            [
              287.21223830261516,
              148.24399357701526
            ],
            [
              287.15438738800907,
              148.25299060752207
            ],
            [
              286.67399481252835,
              148.2975142273844
            ],
            [
              286.48922067225425,
              148.3274700829944
            ],
            [
              286.2599646845084,
              148.3501105614468
            ],
            [
              285.7550135235539,
              148.43285469273164
            ],
            [
              285.35164024605956,
              148.47610689097903
            ],
            [
              284.530608937512,
              148.61773411714157
            ],
            [
              284.50699794031516,
              148.62049728855152
            ],
            [
              284.456428132216,
              148.6295756647233
            ],
            [
              283.66468566202195,
              148.72658017560283
            ],
            [
              282.99316543345583,
              148.8533125717522
            ],
            [
              282.3921876005427,
              148.9345509700465
            ],
            [
              281.9378393869046,
              149.0256961097614
            ],
            [
              281.9218819495893,
              149.02792140806451
            ],
            [
              281.8129120326696,
              149.05021963111884
            ],
            [
              281.4789700569289,
              149.09804311589264
            ],
            [
              280.782765208935,
              149.2439114860146
            ],
            [
              280.2716125741567,
              149.32340644093387
            ],
            [
              280.1423573572353,
              149.35257603330638
            ],
            [
              279.3722754687595,
              149.47876597365408
            ],
            [
              279.3349973820783,
              149.4873232939194
            ],
            [
              279.33115333851254,
              149.48794649592182
            ],
            [
              279.2455307696655,
              149.50782614133846
            ],
            [
              279.16966419858886,
              149.52027401229088
            ],
            [
              278.80050990461626,
              149.60617149244783
            ],
            [
              278.4442188701596,
              149.6676314031618
            ],
            [
              277.5573352141752,
              149.87918753344238
            ],
            [
              276.66459104348405,
              150.0476703327483
            ],
            [
              276.41859259846035,
              150.11066479286583
            ],
            [
              276.3906898518859,
              150.11599408012944
            ],
            [
              276.00605911979756,
              150.2156489366403
            ],
            [
              275.48777071833575,
              150.31962088446426
            ],
            [
              275.0912512347478,
              150.42565512744656
            ],
            [
              275.05004237384566,
              150.43408758658754
            ],
            [
              274.87283295991455,
              150.48215650422497
            ],
            [
              274.49598117984056,
              150.56111423498044
            ],
            [
              273.72287030840926,
              150.77560745821708
            ],
            [
              272.50400328439764,
              151.05540281295666
            ],
            [
              272.25798104003474,
              151.12853423482335
            ],
            [
              272.0027640636904,
              151.1879199592194
            ],
            [
              271.7529230865236,
              151.26376482268705
            ],
            [
              271.5672421189154,
              151.30805693102678
            ],
            [
              270.6816943070532,
              151.57975054489347
            ],
            [
              269.71725733609054,
              151.82672034299847
            ],
            [
              269.4441946195422,
              151.91577742520988
            ],
            [
              269.378846183018,
              151.9327087011611
            ],
            [
              269.0512391353534,
              152.04082950615327
            ],
            [
              268.64906422325663,
              152.14837608107678
            ],
            [
              268.3149827259671,
              152.26100535763194
            ],
            [
              268.2481488065909,
              152.27913438415888
            ],
            [
              268.005490770282,
              152.36184716964516
            ],
            [
              267.592241094641,
              152.47649987756276
            ],
            [
              266.8336190241259,
              152.74095472132018
            ],
            [
              265.7369869599956,
              153.0669344404399
            ],
            [
              265.3816721625561,
              153.1979017362498
            ],
            [
              264.95242910501037,
              153.32820814740774
            ],
            [
              264.8266944070938,
              153.37581171467326
            ],
            [
              264.8127153360237,
              153.38006964405636
            ],
            [
              264.80851324453096,
              153.38169253651003
            ],
            [
              264.8033051099808,
              153.3832904365641
            ],
            [
              264.3529002765266,
              153.55519171986154
            ],
            [
              263.9513117368738,
              153.70723445251522
            ],
            [
              262.9088091522491,
              154.04723780250612
            ],
            [
              262.6148240103643,
              154.16505238089047
            ],
            [
              262.51296075305186,
              154.19867051413502
            ],
            [
              262.2450251092557,
              154.30737709818172
            ],
            [
              261.9588759939733,
              154.40384687607352
            ],
            [
              261.6893694979858,
              154.51476982513796
            ],
            [
              261.59790363739563,
              154.54594701679906
            ],
            [
              261.2952825641876,
              154.6716128976532
            ],
            [
              260.85356836567934,
              154.82559399560927
            ],
            [
              260.11971562613775,
              155.1374331692444
            ],
            [
              259.15331660783585,
              155.4936431188764
            ],
            [
              258.7033116131909,
              155.69414443869093
            ],
            [
              258.11196944898353,
              155.91802851331158
            ],
            [
              258.0839135049269,
              155.93093696342825
            ],
            [
              258.0782402067642,
              155.93308489730438
            ],
            [
              257.8629030369211,
              156.03216081792533
            ],
            [
              257.7710945515002,
              156.0672003985195
            ],
            [
              257.3647926654088,
              156.2565366407566
            ],
            [
              257.00585998721033,
              156.39516026086247
            ],
            [
              256.7860095767018,
              156.50095041504483
            ],
            [
              256.32494693311224,
              156.68572132086518
            ],
            [
              256.29581018108973,
              156.69977128293456
            ],
            [
              256.29343177101066,
              156.7007244328619
            ],
            [
              256.01460270879227,
              156.8351779041243
            ],
            [
              255.88123171795237,
              156.88928905044435
            ],
            [
              255.67363309723717,
              156.99071468098444
            ],
            [
              255.49934837093141,
              157.06244644295134
            ],
            [
              255.29399784189627,
              157.16369556352961
            ],
            [
              255.18026770143194,
              157.2109229364618
            ],
            [
              254.95561178151425,
              157.32251997028084
            ],
            [
              254.8809346023693,
              157.35373964952808
            ],
            [
              254.75388806063336,
              157.41755715561712
            ],
            [
              254.3648182683319,
              157.58288624138504
            ],
            [
              253.66615736277873,
              157.9384663624935
            ],
            [
              252.83371322977735,
              158.3093647954503
            ],
            [
              252.32470587798034,
              158.5802670389385
            ],
            [
              251.53901427501862,
              158.94176115044345
            ],
            [
              251.19155050312025,
              159.13326085358196
            ],
            [
              251.06555904763528,
              159.19197273642715
            ],
            [
              250.6875932617209,
              159.40390193136503
            ],
            [
              250.01758296088272,
              159.72698593851
            ],
            [
              249.69913746730703,
              159.90965019383592
            ],
            [
              249.5694633518549,
              159.97300455948383
            ],
            [
              249.42076790739094,
              160.0595213917962
            ],
            [
              249.35029607425827,
              160.09426788679758
            ],
            [
              249.20616254236808,
              160.17853854940876
            ],
            [
              249.07383431539193,
              160.2442721282385
            ],
            [
              248.76652057815005,
              160.4251074244576
            ],
            [
              248.62451798261446,
              160.49643759512568
            ],
            [
              248.53490075462062,
              160.54999483314168
            ],
            [
              248.20811689247674,
              160.71630991439648
            ],
            [
              247.4442186759415,
              161.1777441238689
            ],
            [
              246.65423328633756,
              161.59818758821308
            ],
            [
              246.21750293034023,
              161.87463624468995
            ],
            [
              245.3887462610934,
              162.33139366509016
            ],
            [
              244.93141219894892,
              162.63145020163338
            ],
            [
              244.7794584929988,
              162.71665216374012
            ],
            [
              244.62516555117546,
              162.82014294789224
            ],
            [
              244.12939799656232,
              163.10452132034914
            ],
            [
              243.78367554834483,
              163.3394024676496
            ],
            [
              243.65921312815178,
              163.411819577509
            ],
            [
              243.47626112078007,
              163.53810082538993
            ],
            [
              243.35322092722603,
              163.61050243700896
            ],
            [
              242.98091142498095,
              163.8691817251202
            ],
            [
              242.78210662606398,
              163.98799187102932
            ],
            [
              242.7257875981198,
              164.0279216307848
            ],
            [
              242.46112303080517,
              164.1877927795192
            ],
            [
              241.67532710186518,
              164.74981629115663
            ],
            [
              240.9257699430065,
              165.22428312560484
            ],
            [
              240.55919173151725,
              165.50006078426054
            ],
            [
              239.70917564523864,
              166.05775570350116
            ],
            [
              239.22169946380166,
              166.43877360258864
            ],
            [
              238.70276799955897,
              166.7913316106716
            ],
            [
              238.34421510369577,
              167.0804212045291
            ],
            [
              238.2446077409278,
              167.14910098957537
            ],
            [
              238.24376656512254,
              167.14979086105416
            ],
            [
              238.2260282045114,
              167.16203463113177
            ],
            [
              238.14026284478308,
              167.23244675375386
            ],
            [
              238.08754361878263,
              167.26907588024454
            ],
            [
              237.67098770777085,
              167.61173606456254
            ],
            [
              237.42823323191445,
              167.78384712994395
            ],
            [
              237.40023190529027,
              167.80748549821973
            ],
            [
              237.19539086492824,
              167.9539936138664
            ],
            [
              236.4120370658081,
              168.61997508342262
            ],
            [
              235.71713876436073,
              169.14274872508864
            ],
            [
              235.41830913015693,
              169.4115543240324
            ],
            [
              234.5743904211422,
              170.07117246693932
            ],
            [
              234.20558799989294,
              170.41726227418522
            ],
            [
              233.80439609177444,
              170.7407303234317
            ],
            [
              233.4602113780957,
              171.07291640965866
            ],
            [
              233.35142216477647,
              171.16213744411746
            ],
            [
              233.33995950624745,
              171.1734265196503
            ],
            [
              233.33784751510478,
              171.1751604338973
            ],
            [
              233.0065074601549,
              171.501828986176
            ],
            [
              232.90691088326489,
              171.59991733768157
            ],
            [
              232.77757855487056,
              171.70987140214538
            ],
            [
              232.62958177509572,
              171.83480842498184
            ],
            [
              232.62425075478237,
              171.84022562234458
            ],
            [
              232.47490251988938,
              171.96719654795058
            ],
            [
              231.72106562402647,
              172.73732808055635
            ],
            [
              231.09343939402137,
              173.3018953970425
            ],
            [
              230.85801056293107,
              173.5586799090666
            ],
            [
              230.84735573288597,
              173.56867856380717
            ],
            [
              230.3879342578173,
              173.9943313603178
            ],
            [
              230.358623295123,
              174.02731252452188
            ],
            [
              230.04925734176192,
              174.31762624536307
            ],
            [
              229.78660880431536,
              174.61845347985815
            ],
            [
              229.49247526474,
              174.90233322656445
            ],
            [
              229.21403022458682,
              175.2295452962543
            ],
            [
              229.16187349736836,
              175.28080842397682
            ],
            [
              229.1264818691623,
              175.32309800878446
            ],
            [
              229.06231225981807,
              175.38629587555843
            ],
            [
              228.69502259438113,
              175.8287808456856
            ],
            [
              228.35483059376932,
              176.1763263004753
            ],
            [
              227.65915416933663,
              177.04770363761665
            ],
            [
              227.10991579186933,
              177.6467632688845
            ],
            [
              226.9537741266386,
              177.8585032876824
            ],
            [
              226.53472885767033,
              178.33001972919695
            ],
            [
              226.48437252603705,
              178.40070415177885
            ],
            [
              226.1881551478261,
              178.73997980723306
            ],
            [
              226.01622707667138,
              178.98741358473453
            ],
            [
              225.81563274744843,
              179.22314012378368
            ],
            [
              225.61423680320303,
              179.51989236685654
            ],
            [
              225.60122946302172,
              179.5354348847777
            ],
            [
              225.53079243651334,
              179.640824631896
            ],
            [
              225.4263007450546,
              179.76670893337774
            ],
            [
              225.13709337290578,
              180.20673928081138
            ],
            [
              224.8805775377805,
              180.5280410778762
            ],
            [
              224.27242133238371,
              181.49462238644512
            ],
            [
              223.81100382135352,
              182.12033975864088
            ],
            [
              223.71872279117437,
              182.28280493718364
            ],
            [
              223.3616161160325,
              182.78407018656384
            ],
            [
              223.30137749256144,
              182.89454453442195
            ],
            [
              223.03405801255525,
              183.27926279649458
            ],
            [
              222.9350953627379,
              183.46754501171344
            ],
            [
              222.81217696832329,
              183.6486624090568
            ],
            [
              222.58610075239554,
              184.08808629061087
            ],
            [
              222.4815949769371,
              184.24709230882848
            ],
            [
              222.26961823114627,
              184.67780464325494
            ],
            [
              222.08712247507023,
              184.96785674689434
            ],
            [
              221.63277285394508,
              185.94106778984744
            ],
            [
              221.55550267873753,
              186.09125767241153
            ],
            [
              221.22973018181764,
              186.66479577415856
            ],
            [
              221.18436939176735,
              186.77702185329613
            ],
            [
              220.89925134021217,
              187.2999127992256
            ],
            [
              220.84139153093824,
              187.45093870811826
            ],
            [
              220.61799472172967,
              187.87596417164355
            ],
            [
              220.57256672375306,
              188.00178829097
            ],
            [
              220.50966547292612,
              188.12404932439568
            ],
            [
              220.34523289725095,
              188.5879340133627
            ],
            [
              220.25517246541582,
              188.77092643873777
            ],
            [
              220.117887476574,
              189.18593277823808
            ],
            [
              219.9986882112987,
              189.4412560708861
            ],
            [
              219.96249647504416,
              189.55890823343856
            ],
            [
              219.93904516836687,
              189.60958662459703
            ],
            [
              219.6938930996312,
              190.4254443618568
            ],
            [
              219.59575442001247,
              190.7023057482443
            ],
            [
              219.55849824395833,
              190.79955197012006
            ],
            [
              219.3874703678148,
              191.2226880738183
            ],
            [
              219.37214762369894,
              191.28596511509295
            ],
            [
              219.16697341746035,
              191.82151166055777
            ],
            [
              219.1245378078873,
              192.01246389221382
            ],
            [
              218.9588865302581,
              192.47127623375368
            ],
            [
              218.9465584845101,
              192.53376799582156
            ],
            [
              218.92479399620245,
              192.5951683165797
            ],
            [
              218.83092407356327,
              193.0763651952619
            ],
            [
              218.7627064717971,
              193.2825839336408
            ],
            [
              218.69596972917742,
              193.67613570051915
            ],
            [
              218.62872341265307,
              193.89474014955127
            ],
            [
              218.6066884932712,
              194.04362427213678
            ],
            [
              218.57582237936708,
              194.14634564820773
            ],
            [
              218.46461022964735,
              194.95416666080138
            ],
            [
              218.42015488685277,
              195.18205405637693
            ],
            [
              218.32486745512753,
              195.61082950983294
            ],
            [
              218.29405309470542,
              195.7380809695878
            ],
            [
              218.29267505187244,
              195.75568924686945
            ],
            [
              218.17294943402086,
              196.2944319241855
            ],
            [
              218.15982560447793,
              196.5165564675979
            ],
            [
              218.06850372126323,
              196.98469156264923
            ],
            [
              218.06358986879025,
              197.00960023884437
            ],
            [
              218.06357875968342,
              197.00993794693164
            ],
            [
              218.0635121653098,
              197.01027932363743
            ],
            [
              218.0473704505619,
              197.50097614193666
            ],
            [
              218.00881146037713,
              197.7283615089889
            ],
            [
              218.0070102852832,
              198.09549132375454
            ],
            [
              217.98017870371203,
              198.27678522412864
            ],
            [
              217.98290459030125,
              198.45317228508037
            ],
            [
              217.96185776774206,
              198.60605185402756
            ],
            [
              217.98504741870903,
              199.39555264253707
            ],
            [
              217.9791713475686,
              199.57418108801627
            ],
            [
              217.9146166193942,
              200.66678820169147
            ],
            [
              217.93430775666238,
              200.84572048223023
            ],
            [
              217.92858964854437,
              200.96920813591967
            ],
            [
              217.93227209834683,
              200.99988540337125
            ],
            [
              217.92180139853747,
              201.3181873411212
            ],
            [
              217.93235008988643,
              201.3958838814676
            ],
            [
              217.93129579422288,
              201.4300501627558
            ],
            [
              217.98865806008132,
              201.83312331163768
            ],
            [
              217.9874480782328,
              202.0651524284889
            ],
            [
              218.0439615055133,
              202.40405192803684
            ],
            [
              218.0460419863607,
              202.53867598168227
            ],
            [
              218.08322464488862,
              202.73803492447172
            ],
            [
              218.0890789530779,
              202.9373471494741
            ],
            [
              218.24518768715396,
              203.70009377700114
            ],
            [
              218.26228072722236,
              203.82599281350377
            ],
            [
              218.28284413061084,
              204.012851328236
            ],
            [
              218.33027010887875,
              204.50719963573127
            ],
            [
              218.34204652251148,
              204.5508202048417
            ],
            [
              218.37937786903842,
              204.8900480959389
            ],
            [
              218.41332042792916,
              205.00733942274707
            ],
            [
              218.4244004974428,
              205.09964380543929
            ],
            [
              218.4373368661648,
              205.14328182399754
            ],
            [
              218.44285495896182,
              205.1868809037407
            ],
            [
              218.45053827138864,
              205.2126065069226
            ],
            [
              218.4859027308281,
              205.47308394987033
            ],
            [
              218.5237722924967,
              205.59326380538883
            ],
            [
              218.53649958088425,
              205.68269591082756
            ],
            [
              218.64713775428385,
              206.0211768961062
            ],
            [
              218.68211567103887,
              206.23093233039904
            ],
            [
              218.79448792553302,
              206.55155179735632
            ],
            [
              218.81008841846878,
              206.63519556845216
            ],
            [
              218.89035146562392,
              206.85236132416154
            ],
            [
              218.93953999089607,
              207.09269625472626
            ],
            [
              219.22305763968154,
              207.814140221291
            ],
            [
              219.39872403184665,
              208.46481947219274
            ],
            [
              219.43984627481183,
              208.5545846074293
            ],
            [
              219.54549856407237,
              208.91967485380175
            ],
            [
              219.57475069499412,
              208.98009931334195
            ],
            [
              219.5931087714186,
              209.0420262803779
            ],
            [
              219.64223159210792,
              209.14271806669797
            ],
            [
              219.73350896288966,
              209.43238873490426
            ],
            [
              219.81317962611564,
              209.58850803978885
            ],
            [
              219.8586590760553,
              209.7276456317359
            ],
            [
              220.00413466022067,
              210.00290456256943
            ],
            [
              220.06954365986337,
              210.1895289094257
            ],
            [
              220.23382316144358,
              210.48735970054724
            ],
            [
              220.24779458963764,
              210.52516185071298
            ],
            [
              220.37857878011422,
              210.7544995201652
            ],
            [
              220.48643887760642,
              211.02896221023155
            ],
            [
              220.8532768407571,
              211.6399412601224
            ],
            [
              221.1115296925001,
              212.20367758605673
            ],
            [
              221.18339298070612,
              212.31150917961762
            ],
            [
              221.34650622294853,
              212.64779328991904
            ],
            [
              221.35921884755007,
              212.6661734656626
            ],
            [
              221.38314828639545,
              212.71560314355818
            ],
            [
              221.3901439647778,
              212.72558274447434
            ],
            [
              221.4063349555986,
              212.75877098092155
            ],
            [
              221.49344884407915,
              212.88309629707905
            ],
            [
              221.54270213978475,
              212.98144104289466
            ],
            [
              221.54954751971513,
              212.9910220593602
            ],
            [
              221.63469136340441,
              213.1578663801398
            ],
            [
              221.76906345008263,
              213.34238186723505
            ],
            [
              221.86505376225722,
              213.52400815766435
            ],
            [
              222.02754805489613,
              213.73929618022692
            ],
            [
              222.11750369068602,
              213.90238139727555
            ],
            [
              222.53082280996577,
              214.43394173273433
            ],
            [
              222.69525490084362,
              214.70780805178393
            ],
            [
              223.11659462290797,
              215.21229787108433
            ],
            [
              223.435163881702,
              215.690314278267
            ],
            [
              223.4370068631491,
              215.692674291409
            ],
            [
              223.50269916782744,
              215.76526167197702
            ],
            [
              223.683404707674,
              216.02652948117728
            ],
            [
              223.73519255725506,
              216.08241962822743
            ],
            [
              223.82929498027886,
              216.2167186900338
            ],
            [
              223.93186039196502,
              216.32538466251472
            ],
            [
              223.99237259082523,
              216.41007950477413
            ],
            [
              224.03694182084945,
              216.45656050802026
            ],
            [
              224.15298137802765,
              216.61590234711443
            ],
            [
              224.3531816138078,
              216.8205185541433
            ],
            [
              224.51583095932693,
              217.0360120056281
            ],
            [
              224.67863995316128,
              217.1962005973118
            ],
            [
              224.7871734993504,
              217.3357831269537
            ],
            [
              225.3117623373214,
              217.84067517706922
            ],
            [
              225.52494800571213,
              218.0959323809225
            ],
            [
              225.98651949289163,
              218.5120820780042
            ],
            [
              226.07576839277203,
              218.6084006967212
            ],
            [
              226.37491952526997,
              218.93895078486062
            ],
            [
              226.40746375615916,
              218.96637081489075
            ],
            [
              226.5627593748149,
              219.13396794496276
            ],
            [
              226.65603615287495,
              219.21159360379502
            ],
            [
              226.82185644362136,
              219.38727683711267
            ],
            [
              226.90719642618905,
              219.4566400405449
            ],
            [
              226.92005099146056,
              219.47017878467094
            ],
            [
              226.94871352073628,
              219.4932310935575
            ],
            [
              227.0049768725133,
              219.55190783164025
            ],
            [
              227.10078877603704,
              219.6287318099422
            ],
            [
              227.2464795806926,
              219.77763622921432
            ],
            [
              227.5217365594156,
              219.99353771386797
            ],
            [
              227.7652615395419,
              220.23314317230376
            ],
            [
              227.9131997695323,
              220.34443618633327
            ],
            [
              228.0343048178073,
              220.4609940916472
            ],
            [
              228.66839895221761,
              220.93004626252443
            ],
            [
              228.92916768220397,
              221.16515356660628
            ],
            [
              229.37744961850342,
              221.476375016998
            ],
            [
              229.94374650456538,
              221.9476516819017
            ],
            [
              230.08613716212363,
              222.04044081396063
            ],
            [
              230.3395845142446,
              222.24643945276318
            ],
            [
              230.4625145189365,
              222.32423347548058
            ],
            [
              230.53635577336277,
              222.3834409300784
            ],
            [
              230.695512467391,
              222.48293120235775
            ],
            [
              230.8689491689378,
              222.6189685937852
            ],
            [
              230.86930140409808,
              222.61918339944205
            ],
            [
              230.87457946938554,
              222.62332332119504
            ],
            [
              231.2329929176958,
              222.84189600746123
            ],
            [
              231.56297326838364,
              223.09013818123995
            ],
            [
              231.68268238546224,
              223.15977227839184
            ],
            [
              231.81036653791725,
              223.2542228112788
            ],
            [
              232.54999508016084,
              223.67892684892627
            ],
            [
              232.85742650908597,
              223.89236229536564
            ],
            [
              233.26259569221003,
              224.1103858165548
            ],
            [
              233.78250381523927,
              224.4491848944836
            ],
            [
              233.98025687807478,
              224.5503728927245
            ],
            [
              234.3347436254132,
              224.77470339808073
            ],
            [
              234.462756173404,
              224.83786892165057
            ],
            [
              234.53915035390682,
              224.88562360683642
            ],
            [
              234.7645562762462,
              224.99556321395133
            ],
            [
              234.97638259340957,
              225.12474209209404
            ],
            [
              234.98644258172388,
              225.12950984618814
            ],
            [
              234.99539216488276,
              225.13496763252905
            ],
            [
              235.4427703650774,
              225.34699358668777
            ],
            [
              235.8551208120674,
              225.58685544338607
            ],
            [
              235.9352842481329,
              225.6228025867044
            ],
            [
              236.06362694462035,
              225.69649858177218
            ],
            [
              236.90278333582214,
              226.06918861029027
            ],
            [
              237.2562024323403,
              226.25936515649929
            ],
            [
              237.59150453819416,
              226.39820734158394
            ],
            [
              238.0329530280612,
              226.6240915244885
            ],
            [
              238.18726031086464,
              226.68553648014884
            ],
            [
              238.2440610038934,
              226.7144301246474
            ],
            [
              238.3499204862918,
              226.75592127576186
            ],
            [
              238.7572285020002,
              226.95690019908469
            ],
            [
              238.88713687098647,
              227.00631291465203
            ],
            [
              238.96371171610886,
              227.04366157124426
            ],
            [
              239.14425930743826,
              227.11155233754823
            ],
            [
              239.17734504307327,
              227.12754574018928
            ],
            [
              239.2795931426887,
              227.16537903776148
            ],
            [
              239.52442739972912,
              227.28141333924705
            ],
            [
              240.1012813649073,
              227.49093228236083
            ],
            [
              240.58546132297752,
              227.70804980125237
            ],
            [
              240.6169308753768,
              227.71873304199434
            ],
            [
              240.740147645015,
              227.7734566452163
            ],
            [
              241.67100536199274,
              228.08745055997298
            ],
            [
              242.06994322207143,
              228.2526430930295
            ],
            [
              242.31211220970343,
              228.32804704364173
            ],
            [
              242.64754726655684,
              228.46161683905586
            ],
            [
              242.88600624268057,
              228.5338198194328
            ],
            [
              243.04880614810182,
              228.59762851492428
            ],
            [
              243.14585026561505,
              228.62618232952124
            ],
            [
              243.55540556323885,
              228.7819632048326
            ],
            [
              243.684244795465,
              228.81870938967933
            ],
            [
              243.75892233397255,
              228.84679015928438
            ],
            [
              244.0309644722441,
              228.9234561664459
            ],
            [
              244.1076162662419,
              228.95181845525792
            ],
            [
              244.17246991639377,
              228.96962736640046
            ],
            [
              244.4277083503337,
              229.0623324358782
            ],
            [
              245.09282786627847,
              229.24168866116415
            ],
            [
              245.78467049423264,
              229.47505877905155
            ],
            [
              246.79783097400804,
              229.72476145972988
            ],
            [
              247.241955610752,
              229.8630481681203
            ],
            [
              247.3714870021908,
              229.89197829396693
            ],
            [
              247.57793275907562,
              229.95448799343572
            ],
            [
              247.90491413206996,
              230.0264673831665
            ],
            [
              248.1887916403424,
              230.10999419496156
            ],
            [
              248.27558139715717,
              230.1282026282509
            ],
            [
              248.67685282161366,
              230.2426490874742
            ],
            [
              248.80191866270223,
              230.2679905479846
            ],
            [
              248.87291769496233,
              230.28799925821593
            ],
            [
              249.2427836239106,
              230.36194323553505
            ],
            [
              249.3681327575023,
              230.39636429860116
            ],
            [
              249.39118662781513,
              230.40078470918263
            ],
            [
              249.6512122382998,
              230.4709032530784
            ],
            [
              250.38722233532962,
              230.60939983914946
            ],
            [
              251.1413868116493,
              230.79527058240078
            ],
            [
              251.14705590721113,
              230.79643493953498
            ],
            [
              252.2533828946842,
              230.9837088459903
            ],
            [
              252.68491706975675,
              231.07870375743147
            ],
            [
              252.71516983451974,
              231.08546054651765
            ],
            [
              252.7164748550586,
              231.085650667302
            ],
            [
              252.77551951340385,
              231.09864834492387
            ],
            [
              253.19298091948957,
              231.15986977934546
            ],
            [
              253.60989500213665,
              231.24733807675383
            ],
            [
              253.68556910303815,
              231.25754000209773
            ],
            [
              254.0689927019817,
              231.33523119184875
            ],
            [
              254.18787208793552,
              231.3505704126024
            ],
            [
              254.2537030807745,
              231.36373141246872
            ],
            [
              254.6901979503469,
              231.41909991668246
            ],
            [
              255.14085704300516,
              231.50390139708173
            ],
            [
              255.72287196565267,
              231.57100788062374
            ],
            [
              256.38728017371244,
              231.683475823658
            ],
            [
              257.19312151535416,
              231.76561034445467
            ],
            [
              257.548444172702,
              231.82304060955582
            ],
            [
              257.92051073153243,
              231.85317017106232
            ],
            [
              258.19196007501625,
              231.89297868494768
            ],
            [
              258.33828684133573,
              231.90465946803508
            ],
            [
              258.43277733997456,
              231.91842523433172
            ],
            [
              258.7845173182651,
              231.94494941177695
            ],
            [
              259.2583296964822,
              232.00882593561172
            ],
            [
              259.3224877005322,
              232.0130990901855
            ],
            [
              259.6796175280323,
              232.059180193464
            ],
            [
              259.79021122541934,
              232.0660264356251
            ],
            [
              259.84966543993954,
              232.07356808423603
            ],
            [
              260.33431290620825,
              232.1027083122411
            ],
            [
              260.84303308557253,
              232.1613638913611
            ],
            [
              261.28823915682034,
              232.1830008501444
            ],
            [
              261.80659043163314,
              232.23583325195946
            ],
            [
              262.2785149132424,
              232.25457917370795
            ],
            [
              262.3048608313454,
              232.25715128057013
            ],
            [
              262.5330476423449,
              232.26468979692842
            ],
            [
              262.65755061139953,
              232.26963534013802
            ],
            [
              262.68386750546557,
              232.27212581519743
            ],
            [
              262.81548427499064,
              232.2759088271346
            ],
            [
              263.160819270302,
              232.28962632442872
            ],
            [
              263.77953908776857,
              232.33901668657342
            ],
            [
              263.93790132359254,
              232.3404521792041
            ],
            [
              264.21748094162547,
              232.36309224479697
            ],
            [
              264.398509881481,
              232.36440416942108
            ],
            [
              264.6336043001518,
              232.36683862002292
            ],
            [
              265.08109776888887,
              232.3966432997493
            ],
            [
              265.13369110811635,
              232.39681162614954
            ],
            [
              265.45731168274415,
              232.41684518027154
            ],
            [
              265.55784983839027,
              232.41678208294863
            ],
            [
              265.6099843985865,
              232.4199167593418
            ],
            [
              266.1403873698838,
              232.41881463992382
            ],
            [
              266.705026351382,
              232.44625602304617
            ],
            [
              267.00134915253227,
              232.44218097131002
            ],
            [
              267.36074351585074,
              232.4564569389153
            ],
            [
              267.9834341070554,
              232.4447520334044
            ],
            [
              268.12031197927126,
              232.44927401289218
            ],
            [
              268.39471186889426,
              232.44167573674036
            ],
            [
              268.41573459687834,
              232.44232665688816
            ],
            [
              268.5078298968197,
              232.43952180380703
            ],
            [
              268.6470822725878,
              232.44352428313977
            ],
            [
              269.17639863458083,
              232.42641319594884
            ],
            [
              269.24621648017546,
              232.4280328449688
            ],
            [
              269.4451565837948,
              232.41992001095787
            ],
            [
              269.8857753118084,
              232.42690706784336
            ],
            [
              269.9857726595561,
              232.4222614137708
            ],
            [
              270.3782145059494,
              232.4263252290406
            ],
            [
              270.6124939475574,
              232.41434668234714
            ],
            [
              271.02633991859636,
              232.41567120753584
            ],
            [
              271.0675748478225,
              232.41332420278462
            ],
            [
              271.35177766051703,
              232.4131458382967
            ],
            [
              271.44082909821867,
              232.40780090117968
            ],
            [
              271.4849495368426,
              232.40770922372982
            ],
            [
              272.0579646065065,
              232.37264204449326
            ],
            [
              272.6753417922542,
              232.36415183056846
            ],
            [
              272.81498243836313,
              232.35393194154295
            ],
            [
              273.0065033917065,
              232.35033186360167
            ],
            [
              273.7781128994885,
              232.29260655265858
            ],
            [
              274.0295242534896,
              232.28564484105547
            ],
            [
              274.2874689266114,
              232.26349720378875
            ],
            [
              274.40651747673024,
              232.2598714629225
            ],
            [
              274.45093931920474,
              232.2559043433457
            ],
            [
              274.53995845673404,
              232.25302664234644
            ],
            [
              275.36838777415545,
              232.17836895825727
            ],
            [
              275.5459030163762,
              232.17112983618821
            ],
            [
              275.5566301870817,
              232.17003395546507
            ],
            [
              275.78940610831825,
              232.15978980006153
            ],
            [
              275.91716436232025,
              232.14670216498726
            ],
            [
              276.05929078532887,
              232.14009928790222
            ],
            [
              276.1360669714691,
              232.13193019320846
            ],
            [
              276.4977952710067,
              232.11343527407874
            ],
            [
              276.60152605711244,
              232.10198517362676
            ],
            [
              276.8814197820153,
              232.08643032143752
            ],
            [
              276.95360805576007,
              232.0783036712139
            ],
            [
              277.0435929554433,
              232.07318192149503
            ],
            [
              277.0738482413683,
              232.06970267527905
            ],
            [
              277.3140754753752,
              232.0552840483297
            ],
            [
              277.39055159898834,
              232.04630021901937
            ],
            [
              277.4261932105965,
              232.04411903592415
            ],
            [
              277.9865293321374,
              231.9777683544364
            ],
            [
              278.70180804365833,
              231.92425723823223
            ],
            [
              279.61778278388294,
              231.8058259659887
            ],
            [
              279.9847573846383,
              231.7743168045645
            ],
            [
              279.9933721355092,
              231.77308848733986
            ],
            [
              280.0483246020137,
              231.76837018689758
            ],
            [
              280.2723749152365,
              231.73642380367434
            ],
            [
              280.4692796625932,
              231.71867883483438
            ],
            [
              281.3380851761439,
              231.59137966210696
            ],
            [
              281.82826171967565,
              231.5411656718332
            ],
            [
              282.0751238104255,
              231.5017451112634
            ],
            [
              282.8045200240649,
              231.41963277368308
            ],
            [
              282.97118685117726,
              231.3915305008671
            ],
            [
              283.0839661874285,
              231.37856129343982
            ],
            [
              283.10372723522136,
              231.37516009960206
            ],
            [
              283.2967863012034,
              231.3524809990723
            ],
            [
              283.3599404383124,
              231.34149045781217
            ],
            [
              283.386849546708,
              231.33830408875252
            ],
            [
              283.8224375867852,
              231.26218366256705
            ],
            [
              284.4095984877202,
              231.18626648990494
            ],
            [
              284.59224688348877,
              231.1528075607213
            ],
            [
              284.68372689797286,
              231.14086873510044
            ],
            [
              284.6954228979074,
              231.138683952449
            ],
            [
              284.7423787335653,
              231.13253769069112
            ],
            [
              284.79292381297955,
              231.12303893362235
            ],
            [
              284.807410103796,
              231.12114235252798
            ],
            [
              284.8490284331799,
              231.11331735634252
            ],
            [
              284.88241732774287,
              231.10893386100219
            ],
            [
              285.5233917829332,
              230.98770359545335
            ],
            [
              286.0026908801004,
              230.9193623714825
            ],
            [
              286.2215013050305,
              230.87585147587538
            ],
            [
              286.3952293830867,
              230.85039648016902
            ],
            [
              286.4496022856163,
              230.83938393333122
            ],
            [
              286.47428688602054,
              230.83576199906636
            ],
            [
              287.30266338293234,
              230.6669772466337
            ],
            [
              287.85321672240764,
              230.57906127217225
            ],
            [
              288.07559143829485,
              230.53085910776701
            ],
            [
              288.70678651255525,
              230.42443111315754
            ],
            [
              288.96664191825755,
              230.36605827967082
            ],
            [
              289.10024911266885,
              230.34306233476576
            ],
            [
              289.10280184119614,
              230.34247704213354
            ],
            [
              289.2105206026818,
              230.32387137110712
            ],
            [
              289.2202097580699,
              230.32164386178388
            ],
            [
              289.2541119446965,
              230.31574395723274
            ],
            [
              289.30353490404013,
              230.30434408626184
            ],
            [
              289.32165092809163,
              230.30117825216053
            ],
            [
              289.6287436204402,
              230.23018359272183
            ],
            [
              290.0829832984542,
              230.14697249658872
            ],
            [
              290.3736307628735,
              230.07800935393547
            ],
            [
              290.60703942386453,
              230.03440921747057
            ],
            [
              290.6692477879804,
              230.01926951134823
            ],
            [
              290.7811462637976,
              229.99827878546677
            ],
            [
              290.7865291881669,
              229.99696017818792
            ],
            [
              290.8146950565146,
              229.9916644871879
            ],
            [
              290.89867075912105,
              229.97105387968764
            ],
            [
              290.96687902570096,
              229.95815335580127
            ],
            [
              291.50182387861435,
              229.82584865108
            ],
            [
              291.9123703043909,
              229.74421066386105
            ],
            [
              292.1241678914198,
              229.69007211407245
            ],
            [
              292.27395752348997,
              229.65973410998595
            ],
            [
              292.37650458965317,
              229.63316347336863
            ],
            [
              292.4570576020732,
              229.61675050135818
            ],
            [
              293.2555278276321,
              229.4080509483391
            ],
            [
              293.81841573235346,
              229.28603880672975
            ],
            [
              294.0155799964105,
              229.2318859082204
            ],
            [
              294.5452322926272,
              229.1129070276037
            ],
            [
              294.84455141487484,
              229.028623677966
            ],
            [
              295.1558115605057,
              228.95706585390732
            ],
            [
              295.4261016631776,
              228.87918839691469
            ],
            [
              295.6876799690214,
              228.8171226154119
            ],
            [
              295.9934378039352,
              228.72771296177734
            ],
            [
              296.048345601305,
              228.71460991880036
            ],
            [
              296.1318319810452,
              228.68983543061282
            ],
            [
              296.45176540133656,
              228.61197294328616
            ],
            [
              296.501110650715,
              228.59710979984112
            ],
            [
              296.7031941362561,
              228.5476071992496
            ],
            [
              296.7236086910902,
              228.54140809283737
            ],
            [
              296.73987675843284,
              228.5374153337387
            ],
            [
              296.86408110240166,
              228.49963370618002
            ],
            [
              296.96589691636774,
              228.47445221106094
            ],
            [
              297.1579263999561,
              228.41551438923244
            ],
            [
              297.163997450649,
              228.41400315669156
            ],
            [
              297.315810430496,
              228.36705651345272
            ],
            [
              297.3946293075003,
              228.34286536924697
            ],
            [
              297.7344497471932,
              228.25600231262803
            ],
            [
              297.93753403864525,
              228.19226322894292
            ],
            [
              298.06323491229375,
              228.15969328461404
            ],
            [
              298.2110656274385,
              228.1128009932643
            ],
            [
              298.3458252854158,
              228.07757828929405
            ],
            [
              299.10806298017457,
              227.83319068575014
            ],
            [
              299.6797440778046,
              227.6761734463056
            ],
            [
              299.85120698501663,
              227.61883168482706
            ],
            [
              300.2784797912864,
              227.49851867892406
            ],
            [
              300.611446711973,
              227.3851585303361
            ],
            [
              300.98737869244826,
              227.27684295994487
            ],
            [
              301.1560831295895,
              227.21805310129042
            ],
            [
              301.18703355605265,
              227.2090025828946
            ],
            [
              301.5525249528536,
              227.0812509594532
            ],
            [
              301.82371003652486,
              227.00077709445682
            ],
            [
              301.8333151053646,
              226.9976400409217
            ],
            [
              301.9503195346449,
              226.95576895512147
            ],
            [
              302.17628239472646,
              226.88770731910358
            ],
            [
              302.21205832008593,
              226.87477937810712
            ],
            [
              302.500284841261,
              226.7872561923228
            ],
            [
              302.53227780606557,
              226.775585529872
            ],
            [
              302.5363425433605,
              226.77434998667263
            ],
            [
              302.5389256060443,
              226.7734069524346
            ],
            [
              302.53956399675485,
              226.77321276083643
            ],
            [
              302.6689379810896,
              226.72594154567358
            ],
            [
              302.70109996983985,
              226.71419972588185
            ],
            [
              302.83441743623456,
              226.67328183695176
            ],
            [
              303.0483144808722,
              226.59433706096019
            ],
            [
              303.0907312572392,
              226.58122009777608
            ],
            [
              303.1989306389954,
              226.54094595658287
            ],
            [
              303.42765812893543,
              226.4691586188297
            ],
            [
              303.62042043812346,
              226.396939431357
            ],
            [
              303.72244370482144,
              226.36457738304208
            ],
            [
              303.9117447952956,
              226.29304081510207
            ],
            [
              304.0978091700445,
              226.23338511063812
            ],
            [
              304.81835323130264,
              225.95768572670988
            ],
            [
              305.39480996554033,
              225.7649032462616
            ],
            [
              305.54032095023234,
              225.70710019691452
            ],
            [
              305.8667411109137,
              225.59596892345297
            ],
            [
              306.2281312299008,
              225.4505537043419
            ],
            [
              306.6632189957318,
              225.2989349995255
            ],
            [
              307.2103642415883,
              225.0734147177433
            ],
            [
              307.5805290608779,
              224.94094791281273
            ],
            [
              307.67912739487474,
              224.8992065392176
            ],
            [
              307.74058644444756,
              224.8769977784755
            ],
            [
              307.7628731243586,
              224.86752503111344
            ],
            [
              308.1308066391072,
              224.73330715285442
            ],
            [
              308.1525795978018,
              224.72395304432874
            ],
            [
              308.1636453686268,
              224.7199131111054
            ],
            [
              308.38613243614145,
              224.62426382556805
            ],
            [
              308.5291884484447,
              224.57146494344812
            ],
            [
              308.7542793511212,
              224.4735181938172
            ],
            [
              308.95233412554325,
              224.39931616260282
            ],
            [
              309.1332810357849,
              224.3198309351109
            ],
            [
              309.2125446543868,
              224.28987734518105
            ],
            [
              309.43864370929373,
              224.18983930781457
            ],
            [
              309.67192140921185,
              224.1005810353374
            ],
            [
              310.34618147238007,
              223.7980113848127
            ],
            [
              310.92290376954065,
              223.56891316606087
            ],
            [
              311.04248071805483,
              223.51336823932257
            ],
            [
              311.2717792330554,
              223.42110369735357
            ],
            [
              311.64383421190297,
              223.24672025584303
            ],
            [
              312.0103390113898,
              223.0961505136023
            ],
            [
              312.0281729709308,
              223.08762832839514
            ],
            [
              312.14300028797715,
              223.0402992341681
            ],
            [
              312.46698656974183,
              222.8845600591552
            ],
            [
              312.5813718431137,
              222.83714692514565
            ],
            [
              312.78111492593655,
              222.73929207641294
            ],
            [
              313.11828496568154,
              222.59655193037588
            ],
            [
              313.2107987642991,
              222.55083860020875
            ],
            [
              313.55480759743784,
              222.40304536713765
            ],
            [
              313.56689142796796,
              222.3970067465476
            ],
            [
              313.5844269623899,
              222.38946805516443
            ],
            [
              313.858131411491,
              222.25261226664804
            ],
            [
              314.0087071416662,
              222.18709027900275
            ],
            [
              314.1406360649387,
              222.12023132276497
            ],
            [
              314.27037941273386,
              222.0632384760725
            ],
            [
              314.43815985023434,
              221.9777921025199
            ],
            [
              314.4960308567677,
              221.95218694500852
            ],
            [
              314.75345423155704,
              221.8202774934671
            ],
            [
              315.02871603895437,
              221.69675561605345
            ],
            [
              315.65295995641696,
              221.37174533704533
            ],
            [
              316.22494512177076,
              221.10605136759943
            ],
            [
              316.3189197062897,
              221.05549168963995
            ],
            [
              316.4568593679243,
              220.99083889829703
            ],
            [
              316.71139704885746,
              220.85273862818408
            ],
            [
              316.75286928292667,
              220.83315184367189
            ],
            [
              316.80144845202506,
              220.80665771124367
            ],
            [
              317.1636419280335,
              220.63357893551105
            ],
            [
              317.2584004909244,
              220.58134262920086
            ],
            [
              317.3880069296846,
              220.51904122637825
            ],
            [
              317.44225533466454,
              220.48888301514373
            ],
            [
              317.46118624038627,
              220.47977656730177
            ],
            [
              317.9003271086914,
              220.23512184730782
            ],
            [
              318.1623624431845,
              220.10615393166745
            ],
            [
              318.189727219182,
              220.09062829933367
            ],
            [
              318.4060854006092,
              219.98372043121657
            ],
            [
              318.47488221762484,
              219.94434952281446
            ],
            [
              318.7339402676101,
              219.81489113038992
            ],
            [
              318.7371398770399,
              219.81304450323717
            ],
            [
              318.76039388719613,
              219.80141719536232
            ],
            [
              319.077285573978,
              219.6184354671188
            ],
            [
              319.2331607083876,
              219.53944104700756
            ],
            [
              319.2802786641981,
              219.51182229620963
            ],
            [
              319.3452067163044,
              219.4787560658604
            ],
            [
              319.4986418750128,
              219.38873801099223
            ],
            [
              319.536876910788,
              219.36914552991692
            ],
            [
              319.5866737291141,
              219.3397736955052
            ],
            [
              319.6247959893215,
              219.32025000887793
            ],
            [
              319.851522012863,
              219.1857795835418
            ],
            [
              320.13033347048946,
              219.04061743282074
            ],
            [
              320.7016585859994,
              218.69751514235887
            ],
            [
              321.2634277177949,
              218.39527527041682
            ],
            [
              321.4214619986417,
              218.29727713649902
            ],
            [
              321.57212307273284,
              218.21553546685317
            ],
            [
              321.7330224022343,
              218.1146766767987
            ],
            [
              322.05719319875413,
              217.93597530663172
            ],
            [
              322.2207480249981,
              217.83238478264118
            ],
            [
              322.3610854223244,
              217.75436728379432
            ],
            [
              322.414264436341,
              217.72031133279683
            ],
            [
              322.4808950649691,
              217.68318999209302
            ],
            [
              322.8418642123616,
              217.4511998412656
            ],
            [
              323.01235333817283,
              217.35447142352393
            ],
            [
              323.0979752968563,
              217.29865482274855
            ],
            [
              323.40509739786455,
              217.122895585159
            ],
            [
              323.44660422284034,
              217.09547411796552
            ],
            [
              323.6548013997408,
              216.9752555043699
            ],
            [
              323.97276048059325,
              216.76384123040427
            ],
            [
              324.1416912544498,
              216.66473213573326
            ],
            [
              324.27980658086875,
              216.57160645843246
            ],
            [
              324.30049178010677,
              216.55940563381725
            ],
            [
              324.4462564356752,
              216.46065838885877
            ],
            [
              324.58394715221084,
              216.3789944981065
            ],
            [
              324.7365781958513,
              216.27439366145404
            ],
            [
              324.94044984218567,
              216.15196104486125
            ],
            [
              325.45673994090066,
              215.79497380041917
            ],
            [
              326.002371000656,
              215.45662426399747
            ],
            [
              326.21061049664473,
              215.30792714617357
            ],
            [
              326.3705826358615,
              215.20764955985013
            ],
            [
              326.4108758658468,
              215.17848854128715
            ],
            [
              326.657302948493,
              215.02240931572638
            ],
            [
              326.879530450004,
              214.8607457060293
            ],
            [
              327.0265988793976,
              214.76656277847337
            ],
            [
              327.07752164003637,
              214.72899819994007
            ],
            [
              327.18599204596075,
              214.65928568846223
            ],
            [
              327.47182467556576,
              214.4473605006972
            ],
            [
              327.560318345503,
              214.38967184322715
            ],
            [
              327.6933789247407,
              214.28996363279305
            ],
            [
              327.72142819343736,
              214.27131338458926
            ],
            [
              328.07810568708703,
              214.03567454215295
            ],
            [
              328.093552065883,
              214.02388438174964
            ],
            [
              328.23241172588234,
              213.9315551608851
            ],
            [
              328.5041246146753,
              213.72331663978545
            ],
            [
              328.626133507257,
              213.64105089091123
            ],
            [
              328.72075501965867,
              213.5676313881237
            ],
            [
              328.7657477182021,
              213.53720441141692
            ],
            [
              329.01946709778525,
              213.33925182046798
            ],
            [
              329.20282689976864,
              213.21359200554153
            ],
            [
              329.28954220268554,
              213.1447941410997
            ],
            [
              329.4242398437503,
              213.05165786008925
            ],
            [
              329.8841096275638,
              212.6847997202303
            ],
            [
              330.40728717914385,
              212.31121547935277
            ],
            [
              330.58014336192116,
              212.16866467482453
            ],
            [
              330.93165849393523,
              211.91294832685787
            ],
            [
              331.20052064381144,
              211.68755429679788
            ],
            [
              331.35039867178193,
              211.57699263671338
            ],
            [
              331.3981462955998,
              211.53626372457651
            ],
            [
              331.54130406893086,
              211.43012210584317
            ],
            [
              331.7566586509543,
              211.24516740302803
            ],
            [
              331.77395025525544,
              211.23221003480828
            ],
            [
              331.9247402195891,
              211.10178500029798
            ],
            [
              332.4594716102188,
              210.6919712646827
            ],
            [
              332.68587567435236,
              210.4909823304947
            ],
            [
              332.7662406398016,
              210.4286248849712
            ],
            [
              332.87374884371445,
              210.33213009759413
            ],
            [
              332.9281968868821,
              210.28964957744404
            ],
            [
              333.2148560981309,
              210.03054320505873
            ],
            [
              333.4454060392678,
              209.84763035041414
            ],
            [
              333.4756907412096,
              209.81963916200405
            ],
            [
              333.54836095539326,
              209.76166696957762
            ],
            [
              333.9510898669205,
              209.38871704097127
            ],
            [
              334.4451713769796,
              208.98125856520122
            ],
            [
              334.5590786669949,
              208.87198904008716
            ],
            [
              334.8493190886804,
              208.62867305693194
            ],
            [
              335.15096915927376,
              208.3350909655937
            ],
            [
              335.299820898722,
              208.20811984258575
            ],
            [
              335.3436995084073,
              208.16448033544887
            ],
            [
              335.5132050904667,
              208.01890249697934
            ],
            [
              335.84032175801065,
              207.690640566603
            ],
            [
              336.3037166243435,
              207.279264381074
            ],
            [
              336.48657401917046,
              207.08941201236647
            ],
            [
              336.5311333343631,
              207.04941746786844
            ],
            [
              336.6446068814832,
              206.93044996267298
            ],
            [
              336.7039083873047,
              206.87684834288288
            ],
            [
              336.9878475289962,
              206.57650634327348
            ],
            [
              337.28096641415453,
              206.30506154712168
            ],
            [
              337.62989031537154,
              205.92620628565442
            ],
            [
              338.08452208523266,
              205.49008496640025
            ],
            [
              338.1489162120513,
              205.41732746648395
            ],
            [
              338.3807384737283,
              205.19170555872677
            ],
            [
              338.6390553205444,
              204.8961481450989
            ],
            [
              338.64140562327935,
              204.8938327979393
            ],
            [
              338.66239237739165,
              204.86944667266962
            ],
            [
              338.6996548693201,
              204.8268121876385
            ],
            [
              338.8437147162908,
              204.68353734905784
            ],
            [
              338.88319389333316,
              204.63711508127125
            ],
            [
              339.0696472991789,
              204.45000888644842
            ],
            [
              339.34997930575923,
              204.11647084831435
            ],
            [
              339.7344091016824,
              203.71733518619374
            ],
            [
              339.7724709120952,
              203.6703813223234
            ],
            [
              339.7928875907068,
              203.6491601962723
            ],
            [
              340.0120225602001,
              203.37762798281236
            ],
            [
              340.06717606517657,
              203.31928831934843
            ],
            [
              340.1184246943097,
              203.25479665642663
            ],
            [
              340.12452670771347,
              203.2483330225313
            ],
            [
              340.296923598044,
              203.03038978206706
            ],
            [
              340.55337103168756,
              202.75194379660536
            ],
            [
              340.86043438582897,
              202.35452122721236
            ],
            [
              340.9218959680566,
              202.28419896017928
            ],
            [
              341.2953984733665,
              201.86218673884196
            ],
            [
              341.3204055624281,
              201.82823773865024
            ],
            [
              341.4978208787373,
              201.62524512445597
            ],
            [
              341.7383193468575,
              201.29529032705668
            ],
            [
              341.75680185695774,
              201.27381407569757
            ],
            [
              341.8268241874136,
              201.17579688746224
            ],
            [
              341.95250893444586,
              201.02800832092075
            ],
            [
              341.9871435774405,
              200.97878204800594
            ],
            [
              342.18023322283,
              200.74904466520118
            ],
            [
              342.41296967079495,
              200.41300554545748
            ],
            [
              342.72241593879323,
              200.03126600693614
            ],
            [
              342.7683504232065,
              199.9622360561472
            ],
            [
              342.82184027263156,
              199.8959562777698
            ],
            [
              342.9891821143724,
              199.6422137832922
            ],
            [
              342.989532643879,
              199.64177267430463
            ],
            [
              342.99402495326126,
              199.63487052707555
            ],
            [
              343.05011809996154,
              199.54981579826787
            ],
            [
              343.082838602009,
              199.50845071197307
            ],
            [
              343.20128858115305,
              199.32482629185355
            ],
            [
              343.3850121356425,
              199.08703859723292
            ],
            [
              343.6236169249814,
              198.70873339268138
            ],
            [
              344.17401555652793,
              197.95360729820376
            ],
            [
              344.3872858937906,
              197.59166514804843
            ],
            [
              344.4181027503732,
              197.54852774298115
            ],
            [
              344.4952551472836,
              197.41399910343458
            ],
            [
              344.59832262733823,
              197.26750913087426
            ],
            [
              344.6276606862143,
              197.21529918776537
            ],
            [
              344.81633491677815,
              196.94287979273594
            ],
            [
              345.0008936127235,
              196.60718922200425
            ],
            [
              345.24033181533963,
              196.24736353646472
            ],
            [
              345.2880742475123,
              196.1563753442377
            ],
            [
              345.36325038477236,
              196.04238484195173
            ],
            [
              345.5422590775973,
              195.69578935129746
            ],
            [
              345.5573178949758,
              195.6724447578346
            ],
            [
              345.6309911513398,
              195.52606417877797
            ],
            [
              345.7524587806061,
              195.33347862145172
            ],
            [
              345.9284863115551,
              194.97608625324588
            ],
            [
              346.3844542907659,
              194.20226072778732
            ],
            [
              346.5612872898491,
              193.81151227822124
            ],
            [
              346.599721054025,
              193.74449631742016
            ],
            [
              346.67130496196813,
              193.5800729474946
            ],
            [
              346.6771743006927,
              193.56974364065343
            ],
            [
              346.680282230715,
              193.56245853777918
            ],
            [
              346.75512473286415,
              193.42926899052895
            ],
            [
              346.77344970468647,
              193.38593232113672
            ],
            [
              346.7963680482539,
              193.34486829865486
            ],
            [
              346.8025662555196,
              193.33015849402554
            ],
            [
              346.9512655267291,
              193.05969200116402
            ],
            [
              347.0873589943903,
              192.7272734116923
            ],
            [
              347.26265257818375,
              192.3931964580634
            ],
            [
              347.30604040645034,
              192.2807671787727
            ],
            [
              347.39034327466527,
              192.11754050239756
            ],
            [
              347.51889343365224,
              191.77501199347412
            ],
            [
              347.5219399136539,
              191.76895897602046
            ],
            [
              347.54501993622233,
              191.70539658390362
            ],
            [
              347.562982286333,
              191.65753497837923
            ],
            [
              347.63168042674596,
              191.51805571078972
            ],
            [
              347.75095124019765,
              191.18270800240887
            ],
            [
              348.1061355413391,
              190.39785610430005
            ],
            [
              348.237680466499,
              189.98221490333432
            ],
            [
              348.2780517867943,
              189.88948472525206
            ],
            [
              348.3398367315232,
              189.68185384749677
            ],
            [
              348.37166269570554,
              189.60632334403064
            ],
            [
              348.3989466808793,
              189.54179953157822
            ],
            [
              348.39914468202863,
              189.5411021224147
            ],
            [
              348.40758839770547,
              189.52106319782905
            ],
            [
              348.4249308323444,
              189.46015301762378
            ],
            [
              348.56050748833354,
              189.1289967797476
            ],
            [
              348.64821685422214,
              188.8028348478202
            ],
            [
              348.7660025417272,
              188.4976211396143
            ],
            [
              348.7660770636543,
              188.49731895248127
            ],
            [
              348.7661947494204,
              188.49701399764982
            ],
            [
              348.79892239485235,
              188.36430900479715
            ],
            [
              348.8786394788902,
              188.1518987351745
            ],
            [
              348.9735838664596,
              187.7450937399698
            ],
            [
              349.0007236374218,
              187.66878621983824
            ],
            [
              349.06883337198985,
              187.35602927584878
            ],
            [
              349.3181579249906,
              186.56824094792526
            ],
            [
              349.3960802819226,
              186.132303443884
            ],
            [
              349.4317262123302,
              186.0125138114427
            ],
            [
              349.4629981454841,
              185.81424813622178
            ],
            [
              349.5016390632048,
              185.67853332394472
            ],
            [
              349.507843572988,
              185.63598960858255
            ],
            [
              349.5081509127068,
              185.63490708184995
            ],
            [
              349.51481138844446,
              185.58821198106807
            ],
            [
              349.5173458396559,
              185.57083349754743
            ],
            [
              349.62200032690015,
              185.18165830058496
            ],
            [
              349.661726751466,
              184.8657852197871
            ],
            [
              349.7300012706807,
              184.58894374633635
            ],
            [
              349.7459931707101,
              184.43557780798298
            ],
            [
              349.8062677764358,
              184.17732125043256
            ],
            [
              349.8369851871795,
              183.828709491725
            ],
            [
              349.8399899394855,
              183.8149117995866
            ],
            [
              349.85169284912206,
              183.66179230135788
            ],
            [
              349.86532022130785,
              183.50713531465243
            ],
            [
              350.0020045082011,
              182.74245353119895
            ],
            [
              350.01864189382,
              182.29143800477766
            ],
            [
              350.04192048414467,
              182.1438505369237
            ],
            [
              350.0444012208776,
              181.95686641559658
            ],
            [
              350.06044639218146,
              181.8468462488847
            ],
            [
              350.0606250034218,
              181.7655610345808
            ],
            [
              350.0607684731513,
              181.76456582186628
            ],
            [
              350.06076061972567,
              181.76068442973204
            ],
            [
              350.0637566626191,
              181.73967984533178
            ],
            [
              350.06350865525803,
              181.67113357035325
            ],
            [
              350.11648936940855,
              181.24987287080268
            ],
            [
              350.10961316119716,
              180.94837985523424
            ],
            [
              350.135277573903,
              180.70225233254214
            ],
            [
              350.1277039410959,
              180.52934363884248
            ],
            [
              350.15434181643684,
              180.22703050940675
            ],
            [
              350.1166854858795,
              179.6336176418318
            ],
            [
              350.141877855865,
              178.95068882894444
            ],
            [
              350.09039166816683,
              178.49036258697595
            ],
            [
              350.09271865753936,
              178.31496708531455
            ],
            [
              350.0685892781804,
              178.1410535717521
            ],
            [
              350.0687745727056,
              178.05672682505548
            ],
            [
              350.0530528498908,
              177.9512790584502
            ],
            [
              350.0529742702434,
              177.9124426978987
            ],
            [
              350.0498366594929,
              177.89235710671852
            ],
            [
              350.0498224933361,
              177.8884417498198
            ],
            [
              350.0381368643969,
              177.8144427224747
            ],
            [
              350.02793459986054,
              177.36711602656976
            ],
            [
              349.97673825171313,
              177.08274399387514
            ],
            [
              349.9673482024515,
              176.8683658753679
            ],
            [
              349.92913674805493,
              176.6781030529199
            ],
            [
              349.90739890034104,
              176.33554395711423
            ],
            [
              349.79192356542046,
              175.8218274667667
            ],
            [
              349.72508387949,
              175.22422910466767
            ],
            [
              349.65981795990206,
              174.98319752775183
            ],
            [
              349.65654977615105,
              174.95634557354188
            ],
            [
              349.5983900561479,
              174.7520729613514
            ],
            [
              349.57152761886306,
              174.5584608181359
            ],
            [
              349.5234604754343,
              174.39922984916026
            ],
            [
              349.51462621087086,
              174.33997721642305
            ],
            [
              349.47508904542656,
              174.21307802116755
            ],
            [
              349.46326882841805,
              174.1374102390669
            ],
            [
              349.42521350261984,
              174.01927912467283
            ],
            [
              349.3439763110894,
              173.56804410259738
            ],
            [
              349.25137837319596,
              173.30340236754768
            ],
            [
              349.2147537810687,
              173.1210408641959
            ],
            [
              349.1387699090152,
              172.91613505840596
            ],
            [
              349.0538966326347,
              172.5385583083836
            ],
            [
              348.88065727004397,
              172.10570294964765
            ],
            [
              348.74246022493463,
              171.5953316575814
            ],
            [
              348.623082615057,
              171.32653035791492
            ],
            [
              348.60576227176404,
              171.26569664399187
            ],
            [
              348.52470575371035,
              171.09067704633128
            ],
            [
              348.4695388814883,
              170.9079269619071
            ],
            [
              348.40071781556117,
              170.76475685434443
            ],
            [
              348.38968681406465,
              170.7293515541109
            ],
            [
              348.3186601236528,
              170.58432275365908
            ],
            [
              348.28310137714936,
              170.47394150575292
            ],
            [
              348.2121799298391,
              170.33340880878546
            ],
            [
              348.05645109024175,
              169.8883411188998
            ],
            [
              347.92604883868034,
              169.6457885835899
            ],
            [
              347.8701316472622,
              169.49499662135995
            ],
            [
              347.7492268322024,
              169.27871420565202
            ],
            [
              347.58675970862885,
              168.87277433143663
            ],
            [
              347.376716169798,
              168.52010023508208
            ],
            [
              347.188842217123,
              168.097066445871
            ],
            [
              347.0039605636393,
              167.80703968194257
            ],
            [
              346.9609402332829,
              167.71414893001898
            ],
            [
              346.8641176353586,
              167.56813079046145
            ],
            [
              346.78222913102104,
              167.39777617858354
            ],
            [
              346.6963542165349,
              167.27174999668713
            ],
            [
              346.6898053304352,
              167.25837788135647
            ],
            [
              346.5799659633323,
              167.0991342777889
            ],
            [
              346.5084000289508,
              166.95732451288745
            ],
            [
              346.3943362842809,
              166.79675216754592
            ],
            [
              346.1619480164219,
              166.3645022418779
            ],
            [
              345.9980363960713,
              166.14607058259008
            ],
            [
              345.9307483635992,
              166.0257013631844
            ],
            [
              345.75782597209195,
              165.80189885284085
            ],
            [
              345.5039650924768,
              165.37565314770012
            ],
            [
              345.27867873884213,
              165.1005628894688
            ],
            [
              345.0635562577483,
              164.7630968626167
            ],
            [
              344.80272808589143,
              164.4593496445214
            ],
            [
              344.72189638347106,
              164.33744737110266
            ],
            [
              344.6165329161819,
              164.21949732094632
            ],
            [
              344.5098879001256,
              164.06298986737056
            ],
            [
              344.25061823151935,
              163.77894982834275
            ],
            [
              344.14012221998905,
              163.6233999314478
            ],
            [
              343.9721660087794,
              163.4463582056352
            ],
            [
              343.6623907977038,
              163.03354602541535
            ],
            [
              343.4699590545634,
              162.84085745725943
            ],
            [
              343.39905472255674,
              162.749090466537
            ],
            [
              343.1671574192183,
              162.52224895386297
            ],
            [
              342.8091493231937,
              162.08509624578295
            ],
            [
              342.5904320014085,
              161.88302218538573
            ],
            [
              342.37092711741496,
              161.62739796581755
            ],
            [
              342.0249276094005,
              161.3183022124485
            ],
            [
              341.8939109013431,
              161.17163441872475
            ],
            [
              341.78717054454256,
              161.08014676002122
            ],
            [
              341.65815689920237,
              160.93880727725113
            ],
            [
              341.33618645930517,
              160.66778654523733
            ],
            [
              341.18481506624954,
              160.50822678574247
            ],
            [
              341.002080620481,
              160.3601322784449
            ],
            [
              340.93862812598906,
              160.294612020173
            ],
            [
              340.907407695415,
              160.26969470367024
            ],
            [
              340.7786390003042,
              160.13862994345007
            ],
            [
              340.7446481282399,
              160.11190925147983
            ],
            [
              340.56562704918036,
              159.93264924566716
            ],
            [
              340.3503284006676,
              159.76683202440628
            ],
            [
              340.2832452369679,
              159.7012113979076
            ],
            [
              340.02290494770847,
              159.5045903354544
            ],
            [
              339.9042505440492,
              159.39193192005905
            ],
            [
              339.8545452171515,
              159.3553222904863
            ],
            [
              339.51221682322875,
              159.0390433237088
            ],
            [
              339.3217298385595,
              158.90342319634053
            ],
            [
              339.12078189776696,
              158.72390804181396
            ],
            [
              338.68187288451264,
              158.41858162189823
            ],
            [
              338.488284990851,
              158.25265653344204
            ],
            [
              338.387105884526,
              158.18537860613813
            ],
            [
              338.238561473957,
              158.0603403731175
            ],
            [
              337.85280935899664,
              157.80785061165574
            ],
            [
              337.6551644949508,
              157.64767216999445
            ],
            [
              337.49884956998596,
              157.5492927079998
            ],
            [
              337.43070209412946,
              157.49490357262422
            ],
            [
              337.358227685453,
              157.4497975714569
            ],
            [
              337.2159007393636,
              157.33791240186005
            ],
            [
              337.1218263108323,
              157.2803266558393
            ],
            [
              336.88600121849913,
              157.098700520311
            ],
            [
              336.65409143388456,
              156.96030610581892
            ],
            [
              336.5977997784296,
              156.91779203650407
            ],
            [
              336.5762069933037,
              156.90512315015502
            ],
            [
              336.575099205146,
              156.90428650689887
            ],
            [
              336.5720143449831,
              156.90247656117162
            ],
            [
              336.571856086832,
              156.90235703886677
            ],
            [
              336.3371969062376,
              156.76467805212062
            ],
            [
              336.21258242741305,
              156.67289533597946
            ],
            [
              336.08988134644966,
              156.6024591441506
            ],
            [
              335.6299231185413,
              156.27498483633062
            ],
            [
              335.48872674247235,
              156.1972741290772
            ],
            [
              335.3289297503019,
              156.086111582722
            ],
            [
              334.7911223531497,
              155.79426914298875
            ],
            [
              334.5228637151561,
              155.6158935296746
            ],
            [
              334.43378826481774,
              155.56996833696104
            ],
            [
              334.2690106312652,
              155.46211496746372
            ],
            [
              333.819575425819,
              155.23367882200668
            ],
            [
              333.5705077558414,
              155.0769238392164
            ],
            [
              333.45590555975997,
              155.02110378047732
            ],
            [
              333.386200225733,
              154.97772117225247
            ],
            [
              333.2625056050709,
              154.91792206358386
            ],
            [
              333.11132599847,
              154.82538054549806
            ],
            [
              332.9507187976014,
              154.74919442946697
            ],
            [
              332.9287993658209,
              154.73591871038678
            ],
            [
              332.91871060680006,
              154.7311813479792
            ],
            [
              332.6448830985616,
              154.56777212513123
            ],
            [
              332.41094825153726,
              154.4602930588393
            ],
            [
              332.37598408936617,
              154.4397310173994
            ],
            [
              332.36976061489054,
              154.43690801902383
            ],
            [
              332.33756855507386,
              154.41802032766782
            ],
            [
              332.0870940332202,
              154.30467095163908
            ],
            [
              331.9891624284818,
              154.24845360421475
            ],
            [
              331.77571058423905,
              154.15372938852008
            ],
            [
              331.18640216108935,
              153.829389801139
            ],
            [
              331.11445969218676,
              153.79911956578732
            ],
            [
              331.0175929844825,
              153.7465546206895
            ],
            [
              330.3768948931905,
              153.4783301897181
            ],
            [
              330.02249963848055,
              153.29561238916426
            ],
            [
              329.95150391308243,
              153.2676393662408
            ],
            [
              329.7742383776425,
              153.17753993667284
            ],
            [
              329.26246362335627,
              152.9785759476398
            ],
            [
              328.9572800686606,
              152.82992815090054
            ],
            [
              328.8983628270113,
              152.80811448389588
            ],
            [
              328.83063961254055,
              152.77537427385482
            ],
            [
              328.6466573525685,
              152.7075068658078
            ],
            [
              328.4913789772269,
              152.63384854752033
            ],
            [
              328.32971043168254,
              152.57555318844493
            ],
            [
              328.27742293636544,
              152.5510005566925
            ],
            [
              328.1780608525026,
              152.51553454523903
            ],
            [
              327.87111982397056,
              152.37451350637483
            ],
            [
              327.6687324435249,
              152.3044987124418
            ],
            [
              327.6242250964423,
              152.28430996273465
            ],
            [
              327.6175211662732,
              152.28201694337432
            ],
            [
              327.5833430113253,
              152.26655001081858
            ],
            [
              327.32290458628825,
              152.1776932605391
            ],
            [
              327.26195630799793,
              152.15064604584015
            ],
            [
              326.9790692893482,
              152.05585078558906
            ],
            [
              326.21576230404116,
              151.7362968731127
            ],
            [
              325.4730788138442,
              151.5030952720475
            ],
            [
              325.0194255780756,
              151.32435137877144
            ],
            [
              324.97175349478556,
              151.31046552244115
            ],
            [
              324.78615613163834,
              151.23831035766173
            ],
            [
              324.2315980408424,
              151.0788790192568
            ],
            [
              323.7965373775453,
              150.91839376613711
            ],
            [
              323.54451550554927,
              150.8500805214145
            ],
            [
              323.38971842453293,
              150.79426291390678
            ],
            [
              323.2601446543709,
              150.76014792866945
            ],
            [
              323.17787831392724,
              150.73078402184575
            ],
            [
              322.9424366246275,
              150.6694628367233
            ],
            [
              322.60137620914077,
              150.5514748739574
            ],
            [
              322.4425802284567,
              150.51197467774915
            ],
            [
              322.38778125219847,
              150.49323117801504
            ],
            [
              322.3805168491447,
              150.49144242075704
            ],
            [
              322.3451717660061,
              150.47938333529098
            ],
            [
              322.08113854996736,
              150.41455730614413
            ],
            [
              322.0660802442278,
              150.40951127745515
            ],
            [
              321.74028026142906,
              150.33086901237638
            ],
            [
              321.7383436086513,
              150.33039352103017
            ],
            [
              320.92327962755854,
              150.07446454473134
            ],
            [
              320.72085200195886,
              150.02935748108868
            ],
            [
              320.5704217158171,
              149.9825886980551
            ],
            [
              320.5276024961341,
              149.97339563193896
            ],
            [
              320.5160530407038,
              149.96980498070167
            ],
            [
              319.9570392670942,
              149.8497867249343
            ],
            [
              319.5535027285208,
              149.7322451783671
            ],
            [
              319.53351128279695,
              149.72821391815407
            ],
            [
              319.3440841408136,
              149.67375501965782
            ],
            [
              318.8206597198943,
              149.56962849649594
            ],
            [
              318.32360688552166,
              149.434896968453
            ],
            [
              317.997519140518,
              149.37457126837575
            ],
            [
              317.84738958390574,
              149.33504422828713
            ],
            [
              317.7580715284216,
              149.31918620245386
            ],
            [
              317.6423515129658,
              149.28904672923318
            ],
            [
              317.2490741386701,
              149.22009997993524
            ],
            [
              316.88032679033506,
              149.12837478293574
            ],
            [
              316.7756225477833,
              149.11131589276872
            ],
            [
              316.71032890328394,
              149.0952382495456
            ],
            [
              316.70240777336136,
              149.09395922636
            ],
            [
              316.66674218133556,
              149.08520252997556
            ],
            [
              316.0087415661935,
              148.97935521642083
            ],
            [
              315.2163618941677,
              148.80278880070333
            ],
            [
              315.21085490590696,
              148.8020097755853
            ],
            [
              315.19716609629955,
              148.79895949897255
            ],
            [
              314.8668177823313,
              148.7522275647045
            ],
            [
              314.85141741899565,
              148.74885546376214
            ],
            [
              314.7907216360132,
              148.74059682641393
            ],
            [
              314.40645111029016,
              148.65809532033828
            ],
            [
              313.92727054244455,
              148.5961706654105
            ],
            [
              313.49482961885855,
              148.51014378541433
            ],
            [
              313.01603816010527,
              148.45300542556782
            ],
            [
              312.4588023690437,
              148.34991771461432
            ],
            [
              312.05473141822523,
              148.30658338305534
            ],
            [
              311.91285646214266,
              148.28139411190153
            ],
            [
              311.8704468976333,
              148.27715515730083
            ],
            [
              311.71900732154114,
              148.25060578739377
            ],
            [
              311.1496166210645,
              148.19470148585097
            ],
            [
              310.7606635307449,
              148.13133148396145
            ],
            [
              310.7185849378051,
              148.12775260910763
            ],
            [
              310.64325151555823,
              148.1155885372306
            ],
            [
              310.63457431834564,
              148.11485577268564
            ],
            [
              310.5994353231752,
              148.10920324265174
            ],
            [
              309.9156321734615,
              148.0518199324031
            ],
            [
              309.1249667721114,
              147.93997034213297
            ],
            [
              308.6950026771882,
              147.91117623441167
            ],
            [
              308.6031707247576,
              147.89868102049638
            ],
            [
              308.47004129022474,
              147.89093121918808
            ],
            [
              307.89204179003883,
              147.81623616266816
            ],
            [
              307.52156534526273,
              147.79730207265757
            ]
          ]
        ]
      }
    }
  ]
}