{
  "type": "FeatureCollection",
  "features": [
    {
      "type": "Feature",
      "properties": {
        "method": "Homography",
        "mode": "tmpl2img",
        "inside_ratio": 1.0
      },
      "geometry": {
        "type": "Polygon",
        "coordinates": [
          [
            [
              334.21326608084945,
              208.83122451968586
            ],
            [
              334.22952114966995,
              208.83359136985598
            ],
            [
              334.2613953310627,
              208.83625574048665
            ],
            [
              334.66998284121377,
              208.8933294322279
            ],
            [
              335.1360437347653,
              208.92631871251706
            ],
            [
              335.7276385152792,
              208.9965993722072
            ],
            [
              335.7730998512988,
              208.99941998351954
            ],
            [
              335.8237414715453,
              209.00535401996976
            ],
            [
              336.1569839738245,
              209.02559262100422
            ],
            [
              336.43644132813495,
              209.05582663903334
            ],
            [
              336.46644985697947,
              209.05735828442775
            ],
            [
              336.51438835162685,
              209.06247257043333
            ],
            [
              336.8959400446354,
              209.08162491048702
            ],
            [
              336.9327610820712,
              209.0852564174391
            ],
            [
              337.14979899169685,
              209.0951660686505
            ],
            [
              337.44236431962,
              209.12223891266748
            ],
            [
              337.53173756633726,
              209.12560242441154
            ],
            [
              337.7022496225737,
              209.14072835876541
            ],
            [
              338.0659738162593,
              209.15428138798245
            ],
            [
              338.14763406877927,
              209.16110738849298
            ],
            [
              338.2833111378333,
              209.16461487903047
            ],
            [
              338.54886502369493,
              209.1850518384395
            ],
            [
              338.87374961835565,
              209.19179725562606
            ],
            [
              338.9780827694853,
              209.19827052042862
            ],
            [
              339.35863148060207,
              209.22520697501753
            ],
            [
              339.41528319353966,
              209.22539626221274
            ],
            [
              339.46337771305366,
              209.22838024723595
            ],
            [
              339.50142885201694,
              209.2287086254371
            ],
            [
              339.5479536288906,
              209.231534184575
            ],
            [
              339.93666090363547,
              209.23447902224905
            ],
            [
              340.265718766646,
              209.2512742461409
            ],
            [
              340.2751447453951,
              209.2512472152066
            ],
            [
              340.30612686492077,
              209.2528023913457
            ],
            [
              340.67864241961416,
              209.25163420236834
            ],
            [
              340.91289574949496,
              209.26036291021654
            ],
            [
              341.080190373512,
              209.2591464448657
            ],
            [
              341.203929263435,
              209.26380328821318
            ],
            [
              341.3444965084766,
              209.2617733278173
            ],
            [
              341.51777875624407,
              209.26753251698707
            ],
            [
              341.9500150032775,
              209.25940561413262
            ],
            [
              342.16709015725866,
              209.2650173881335
            ],
            [
              342.2645054901002,
              209.2621978326523
            ],
            [
              342.49187697301693,
              209.26691863361856
            ],
            [
              342.79196692815606,
              209.25710569850986
            ],
            [
              342.90281609655614,
              209.25806231772037
            ],
            [
              342.9640604414043,
              209.25887691293775
            ],
            [
              342.9702292380723,
              209.25864408758886
            ],
            [
              343.28118194471114,
              209.26132758388331
            ],
            [
              343.31135479932965,
              209.26004562819327
            ],
            [
              343.3531312734287,
              209.2603621258323
            ],
            [
              343.7790555083363,
              209.24191147173278
            ],
            [
              344.0777623960529,
              209.24097474281143
            ],
            [
              344.17617563384107,
              209.2413035654507
            ],
            [
              344.6849240324217,
              209.21353352930637
            ],
            [
              345.036899968471,
              209.208450572675
            ],
            [
              345.19144766802145,
              209.19846022013772
            ],
            [
              345.3672647756804,
              209.19515450812597
            ],
            [
              345.9350893254629,
              209.15595773194113
            ],
            [
              346.26088676646145,
              209.14652796422754
            ],
            [
              346.3189372092202,
              209.14177384582203
            ],
            [
              346.50407496769617,
              209.13571984508326
            ],
            [
              346.72777305981634,
              209.11682526973595
            ],
            [
              346.8179742335488,
              209.113420858654
            ],
            [
              346.8706550117964,
              209.10882144951182
            ],
            [
              347.1584352525562,
              209.09659451501585
            ],
            [
              347.18042608804495,
              209.09456716284788
            ],
            [
              347.2169115391605,
              209.0929866459784
            ],
            [
              347.66064682107714,
              209.0517969516664
            ],
            [
              347.9103530801884,
              209.03857705341957
            ],
            [
              347.9276332323467,
              209.03684602104423
            ],
            [
              348.10314110300584,
              209.02731001803994
            ],
            [
              348.105097951622,
              209.02710591156023
            ],
            [
              348.11172525701323,
              209.0267457732803
            ],
            [
              348.1170395889176,
              209.02619146922237
            ],
            [
              348.1446534582984,
              209.02468416590156
            ],
            [
              348.19376518690945,
              209.01952409773153
            ],
            [
              348.2271637796702,
              209.01768820140236
            ],
            [
              348.59946574620074,
              208.97815734826028
            ],
            [
              348.9189906941818,
              208.95750245087956
            ],
            [
              349.0870322295809,
              208.9383799597137
            ],
            [
              349.2642085689054,
              208.92614952459073
            ],
            [
              349.96116562838785,
              208.8437179806365
            ],
            [
              350.0504417876776,
              208.83617730336724
            ],
            [
              350.402256355513,
              208.80736498027997
            ],
            [
              350.42050828493285,
              208.80491977564407
            ],
            [
              350.56034695722263,
              208.79310835470164
            ],
            [
              350.69382715557924,
              208.77503114697546
            ],
            [
              350.7107008183489,
              208.7735579553978
            ],
            [
              350.81185102958864,
              208.75978328290057
            ],
            [
              351.0726650794367,
              208.7357386334974
            ],
            [
              351.08632955572085,
              208.73380820836903
            ],
            [
              351.11707020092064,
              208.7309547102802
            ],
            [
              351.444615839048,
              208.68453368604105
            ],
            [
              351.6470542845261,
              208.66425449521273
            ],
            [
              351.771424923549,
              208.64597770973077
            ],
            [
              352.0275617742933,
              208.61942567977104
            ],
            [
              352.0383134487969,
              208.61778328996397
            ],
            [
              352.09410589446236,
              208.61196394018586
            ],
            [
              352.14006324563326,
              208.6048946888635
            ],
            [
              352.1433006121181,
              208.60455454543532
            ],
            [
              352.1980876522416,
              208.59605731423062
            ],
            [
              352.28539366077206,
              208.58678720203125
            ],
            [
              352.5720334778141,
              208.5417999985532
            ],
            [
              352.8279914465852,
              208.51267294978481
            ],
            [
              353.0087663766655,
              208.48326760336013
            ],
            [
              353.1862003078269,
              208.46228187304024
            ],
            [
              353.8210800548793,
              208.3560683546982
            ],
            [
              354.05477355967093,
              208.32739059847387
            ],
            [
              354.2388200203282,
              208.29493317593506
            ],
            [
              354.63560274142577,
              208.24119693820165
            ],
            [
              354.8305705978587,
              208.20484706528342
            ],
            [
              355.00139079118236,
              208.18071473947867
            ],
            [
              355.00673985597336,
              208.17969580672099
            ],
            [
              355.03137283068327,
              208.17620472705718
            ],
            [
              355.04433467235316,
              208.17373211503661
            ],
            [
              355.05949463237977,
              208.1715835837944
            ],
            [
              355.2604130867871,
              208.1332563093254
            ],
            [
              355.39412140959826,
              208.11360731216394
            ],
            [
              355.4020092173387,
              208.11207761164226
            ],
            [
              355.4044322574128,
              208.11172153540954
            ],
            [
              355.6020079584869,
              208.0734052454982
            ],
            [
              355.9603124799373,
              208.018671846162
            ],
            [
              355.9895974110932,
              208.01275167374743
            ],
            [
              356.0608807947899,
              208.00178672164301
            ],
            [
              356.2224729821934,
              207.968875181389
            ],
            [
              356.3518895638185,
              207.9485636623851
            ],
            [
              356.55205796687517,
              207.90690606559096
            ],
            [
              356.7416163615351,
              207.87607197670417
            ],
            [
              356.9340765284906,
              207.83527318115335
            ],
            [
              357.11073934746986,
              207.8057180100341
            ],
            [
              357.53696180334913,
              207.71329101306725
            ],
            [
              357.69363027089986,
              207.68566182296118
            ],
            [
              358.0530672209751,
              207.60571049666447
            ],
            [
              358.52385604266465,
              207.5185645420585
            ],
            [
              358.5712770903307,
              207.50742848503856
            ],
            [
              358.70458626813604,
              207.48257427696217
            ],
            [
              358.83760443740897,
              207.45087003910285
            ],
            [
              358.96567426841244,
              207.42643939345453
            ],
            [
              359.0802536122048,
              207.39886142189877
            ],
            [
              359.14225211636983,
              207.3868379157355
            ],
            [
              359.4305135645837,
              207.31714420311036
            ],
            [
              359.8795791847386,
              207.22636215953483
            ],
            [
              359.927181998421,
              207.21433573318643
            ],
            [
              360.01332660754423,
              207.19679062895534
            ],
            [
              360.23293102558347,
              207.1408694514723
            ],
            [
              360.4014391161774,
              207.10580076936606
            ],
            [
              360.5159238370758,
              207.07597291476395
            ],
            [
              360.6373490203619,
              207.05023251712151
            ],
            [
              360.8401464206614,
              206.9969903339371
            ],
            [
              361.0150771869975,
              206.95905632744143
            ],
            [
              361.2844676696988,
              206.88693422277578
            ],
            [
              361.309679330044,
              206.88132626932978
            ],
            [
              361.79617382988147,
              206.7501142597871
            ],
            [
              362.3993977654205,
              206.60845699002329
            ],
            [
              362.53581250335327,
              206.56942001754996
            ],
            [
              362.7416865958423,
              206.52035092245765
            ],
            [
              362.7953308575981,
              206.50468371754758
            ],
            [
              362.84091651018394,
              206.4937117588265
            ],
            [
              363.2218432467709,
              206.38196895098804
            ],
            [
              363.762228765773,
              206.2454453688376
            ],
            [
              363.8275766165108,
              206.2255107538974
            ],
            [
              363.9276888492097,
              206.20001766963716
            ],
            [
              364.1084752774921,
              206.1444043449748
            ],
            [
              364.13608382065,
              206.13730763979098
            ],
            [
              364.22642770253816,
              206.1092380619956
            ],
            [
              364.4084003788548,
              206.06182689229354
            ],
            [
              364.4395844194781,
              206.05199825311482
            ],
            [
              364.4922895097093,
              206.0381611227341
            ],
            [
              364.7037663529693,
              205.97150835083
            ],
            [
              364.8760626726483,
              205.92538061433072
            ],
            [
              365.61706343576776,
              205.68767725535363
            ],
            [
              366.2236752322716,
              205.51408686211337
            ],
            [
              366.4392453206663,
              205.44079164705988
            ],
            [
              366.6977779828308,
              205.36517733854558
            ],
            [
              366.70200007073447,
              205.36371197009157
            ],
            [
              366.7207540190891,
              205.35823474024212
            ],
            [
              366.7687370279703,
              205.34150675144144
            ],
            [
              366.810747916627,
              205.32918308337779
            ],
            [
              367.1164497791932,
              205.22222725880331
            ],
            [
              367.5846168231125,
              205.07941108898513
            ],
            [
              367.666758691153,
              205.04980906696952
            ],
            [
              367.7796785723488,
              205.01507277579205
            ],
            [
              367.9652656567583,
              204.94759213064728
            ],
            [
              368.0235012600258,
              204.92949850037408
            ],
            [
              368.1056347517698,
              204.8993155048529
            ],
            [
              368.28300827724524,
              204.84341133608947
            ],
            [
              368.3330787676969,
              204.82484005526126
            ],
            [
              368.34652419868564,
              204.82060230136048
            ],
            [
              368.5088386652655,
              204.760033560946
            ],
            [
              368.66999463608954,
              204.7083368320212
            ],
            [
              369.37185169463726,
              204.44368663843989
            ],
            [
              369.9730561607926,
              204.23927325731694
            ],
            [
              370.188491497989,
              204.15364844992345
            ],
            [
              370.4617127509444,
              204.05882100576198
            ],
            [
              370.5456312354702,
              204.02479390914004
            ],
            [
              370.6149283293913,
              204.00063533638433
            ],
            [
              370.65563621993306,
              203.98397309536938
            ],
            [
              370.6941027224732,
              203.97051483095746
            ],
            [
              370.9272379435426,
              203.87480804845552
            ],
            [
              371.0646638959019,
              203.8252829260768
            ],
            [
              371.11079294661835,
              203.8087951431536
            ],
            [
              371.1132336654783,
              203.8077795088468
            ],
            [
              371.3224478034328,
              203.73238359120714
            ],
            [
              371.42003162303246,
              203.6914172358795
            ],
            [
              371.5443269392033,
              203.64622266778548
            ],
            [
              371.73207319116113,
              203.56664629954633
            ],
            [
              371.8201857703026,
              203.5342660667682
            ],
            [
              371.86867583377347,
              203.51347750585884
            ],
            [
              371.9854122974204,
              203.4701796346052
            ],
            [
              372.1143829724178,
              203.4146003300298
            ],
            [
              372.18879163350203,
              203.38683423516
            ],
            [
              372.2795494678412,
              203.3472770929658
            ],
            [
              372.37248765669455,
              203.31223276396423
            ],
            [
              373.0312512999193,
              203.02379313613707
            ],
            [
              373.6231930395149,
              202.7885258020918
            ],
            [
              373.83676639032956,
              202.69031111261666
            ],
            [
              374.12176081121254,
              202.57475215381444
            ],
            [
              374.2566019248493,
              202.51149312504316
            ],
            [
              374.30509055938893,
              202.49169898911578
            ],
            [
              374.3283894090657,
              202.48066997609706
            ],
            [
              374.39648697313385,
              202.4527968043357
            ],
            [
              374.43000788024943,
              202.43684925808768
            ],
            [
              374.4647816381207,
              202.42257391836725
            ],
            [
              374.62008860547314,
              202.34850361859515
            ],
            [
              374.71734128803064,
              202.30803473769052
            ],
            [
              374.7314123331888,
              202.301276950811
            ],
            [
              374.9506528702466,
              202.20923827288033
            ],
            [
              375.0619013541351,
              202.15529651596998
            ],
            [
              375.19585879477137,
              202.0985185696019
            ],
            [
              375.197391464824,
              202.09776763674384
            ],
            [
              375.1990118233454,
              202.09708084640778
            ],
            [
              375.3848310113081,
              202.00603864435706
            ],
            [
              375.49949927633673,
              201.9568783001297
            ],
            [
              375.51604989148854,
              201.94866800270339
            ],
            [
              375.57462973522485,
              201.9234232951199
            ],
            [
              375.77645640341626,
              201.82313710105637
            ],
            [
              375.90727450143515,
              201.76611954281756
            ],
            [
              375.9309680788868,
              201.75415229130226
            ],
            [
              375.95835734669396,
              201.74215990177888
            ],
            [
              376.5705230258071,
              201.43315492703422
            ],
            [
              377.148919044845,
              201.16717143618027
            ],
            [
              377.3587812071532,
              201.05614435805504
            ],
            [
              377.6521129604861,
              200.91853141996145
            ],
            [
              377.82056325057056,
              200.82757416686044
            ],
            [
              377.8895682461985,
              200.79490916383736
            ],
            [
              377.9456186450183,
              200.76430009135305
            ],
            [
              378.0367219451061,
              200.72095776512688
            ],
            [
              378.0632780402239,
              200.70634887209243
            ],
            [
              378.09424991541823,
              200.6915775059443
            ],
            [
              378.1694977886451,
              200.6500954981142
            ],
            [
              378.19212792116673,
              200.63922710767508
            ],
            [
              378.21757576693943,
              200.62518467875518
            ],
            [
              378.4432926235764,
              200.5157399170285
            ],
            [
              378.56438307891074,
              200.44821555330188
            ],
            [
              378.71079971904044,
              200.37647864883994
            ],
            [
              378.88046163142747,
              200.28077962443078
            ],
            [
              379.0249201578101,
              200.20899924010067
            ],
            [
              379.24816918262536,
              200.08155026951349
            ],
            [
              379.4015324582233,
              200.00413656155723
            ],
            [
              379.4403558138448,
              199.98161600893724
            ],
            [
              379.47302826934816,
              199.96511366801965
            ],
            [
              379.9798044017621,
              199.66949826713508
            ],
            [
              380.5241728196108,
              199.3815014496391
            ],
            [
              380.7283267833591,
              199.2574837652612
            ],
            [
              381.0260327780608,
              199.09673296159082
            ],
            [
              381.22257246092335,
              198.97475855385863
            ],
            [
              381.3098896255809,
              198.92707472861593
            ],
            [
              381.3949587568855,
              198.8735429946488
            ],
            [
              381.5058555745391,
              198.8125370470595
            ],
            [
              381.5258131134969,
              198.79985451964055
            ],
            [
              381.5529115766493,
              198.78491590925313
            ],
            [
              381.5935634574736,
              198.75903635988246
            ],
            [
              381.77349279568097,
              198.6587013331096
            ],
            [
              381.9003791953039,
              198.57737335844084
            ],
            [
              382.0551406027649,
              198.49007907122038
            ],
            [
              382.19534171994417,
              198.39906092229666
            ],
            [
              382.3096183543561,
              198.33382238685275
            ],
            [
              382.35018633261046,
              198.30721300205659
            ],
            [
              382.39464553160843,
              198.28179000036542
            ],
            [
              382.5701752884538,
              198.16607835019826
            ],
            [
              382.67500215907916,
              198.10527064777037
            ],
            [
              382.7700956030326,
              198.04185047693795
            ],
            [
              382.8560278681194,
              197.99172400221195
            ],
            [
              383.2574540522599,
              197.72111140377376
            ],
            [
              383.7219605942016,
              197.43893698671522
            ],
            [
              383.9182328238207,
              197.30180593980856
            ],
            [
              384.21582365209855,
              197.11711822434629
            ],
            [
              384.4338494118095,
              196.9612502088231
            ],
            [
              384.5367552956496,
              196.8964942825219
            ],
            [
              384.596984681438,
              196.8527020274049
            ],
            [
              384.64079547258865,
              196.82494796218845
            ],
            [
              384.68661546103505,
              196.79153221932566
            ],
            [
              384.7396165331864,
              196.75756112497675
            ],
            [
              384.7730068420329,
              196.7363424011472
            ],
            [
              384.7749230853143,
              196.73493135231533
            ],
            [
              384.91342217854054,
              196.64616020915918
            ],
            [
              385.04334124734436,
              196.55014808668165
            ],
            [
              385.2033921680784,
              196.44624350423484
            ],
            [
              385.31528694840136,
              196.36234153844987
            ],
            [
              385.40112092248205,
              196.30604124094745
            ],
            [
              385.46449883246515,
              196.25810012808773
            ],
            [
              385.55224179696864,
              196.20025874896518
            ],
            [
              385.69677306210565,
              196.08997685969317
            ],
            [
              385.750807952638,
              196.0539396541201
            ],
            [
              385.8933661916009,
              195.94416943669287
            ],
            [
              386.0251585128096,
              195.85532455335942
            ],
            [
              386.33764110778816,
              195.6114191157637
            ],
            [
              386.7143652308933,
              195.3482103393798
            ],
            [
              386.90037519982224,
              195.19791508581744
            ],
            [
              387.19284623688645,
              194.98882566351202
            ],
            [
              387.4246631183291,
              194.79672197912024
            ],
            [
              387.5398587217551,
              194.7129642720183
            ],
            [
              387.5591682303659,
              194.69662805295732
            ],
            [
              387.55957374748317,
              194.69633231618113
            ],
            [
              387.6134102682858,
              194.65082888824435
            ],
            [
              387.8343231835523,
              194.48757096103435
            ],
            [
              387.9641177510716,
              194.37617104207348
            ],
            [
              388.1259590361395,
              194.25481773208867
            ],
            [
              388.2112586592608,
              194.18036164026051
            ],
            [
              388.27092587445907,
              194.13522741764982
            ],
            [
              388.35187618340586,
              194.06404988706572
            ],
            [
              388.47602389138325,
              193.9693212913431
            ],
            [
              388.59029150574816,
              193.86752988032595
            ],
            [
              388.60009083097407,
              193.8599843742326
            ],
            [
              388.7249889582504,
              193.74799653953184
            ],
            [
              388.84567889352286,
              193.65379311205078
            ],
            [
              389.1184007408892,
              193.4057600039043
            ],
            [
              389.4726128171218,
              193.119558172259
            ],
            [
              389.6457423132447,
              192.9561420609953
            ],
            [
              389.9275976375354,
              192.72257215907948
            ],
            [
              390.1474398538588,
              192.50902940132616
            ],
            [
              390.23649541884055,
              192.43375831353782
            ],
            [
              390.251668661768,
              192.41872042945923
            ],
            [
              390.28798030707344,
              192.38800007275958
            ],
            [
              390.33387801655795,
              192.3422561674327
            ],
            [
              390.5066064703019,
              192.19400700634213
            ],
            [
              390.6327131137962,
              192.06672937989825
            ],
            [
              390.79239832597216,
              191.9273438071778
            ],
            [
              390.8534078104923,
              191.86451728230003
            ],
            [
              390.88973648238385,
              191.83257441279855
            ],
            [
              390.98237950206914,
              191.73661979020554
            ],
            [
              391.13450811541856,
              191.6011011982167
            ],
            [
              391.33308009923576,
              191.39156931804635
            ],
            [
              391.40676828178135,
              191.32455191872307
            ],
            [
              391.6398232563218,
              191.0739385049538
            ],
            [
              391.96720828160363,
              190.7649213304419
            ],
            [
              392.12457246748806,
              190.58855044227482
            ],
            [
              392.38986446648323,
              190.3308602405328
            ],
            [
              392.5758845692038,
              190.11523859878494
            ],
            [
              392.64208196835745,
              190.04963173941482
            ],
            [
              392.6839775172755,
              190.00003189789516
            ],
            [
              392.7491651743875,
              189.93506268594663
            ],
            [
              392.7727193303922,
              189.90685180100095
            ],
            [
              392.9000218404813,
              189.77836720354986
            ],
            [
              393.0174077702784,
              189.63625841732141
            ],
            [
              393.0383997735526,
              189.61489633742738
            ],
            [
              393.0385511034193,
              189.61471006500918
            ],
            [
              393.05049800811537,
              189.60254048605816
            ],
            [
              393.05321713641536,
              189.59919121985672
            ],
            [
              393.1716067993262,
              189.47727556755345
            ],
            [
              393.21125829983566,
              189.4280678391446
            ],
            [
              393.22764125004556,
              189.41109926655423
            ],
            [
              393.32544463899717,
              189.28923907000947
            ],
            [
              393.4955535785181,
              189.10974121111903
            ],
            [
              393.6493413727214,
              188.91302262589485
            ],
            [
              393.68048469180656,
              188.8795329587993
            ],
            [
              393.8734369618668,
              188.62845525019955
            ],
            [
              394.1681519717897,
              188.29814408210072
            ],
            [
              394.3065747093283,
              188.10914224731175
            ],
            [
              394.5489623206502,
              187.82818328681242
            ],
            [
              394.6999724187957,
              187.61330991424109
            ],
            [
              394.7464355751001,
              187.55830251491471
            ],
            [
              394.8059192981968,
              187.47168195858873
            ],
            [
              394.89099887407997,
              187.36978188939918
            ],
            [
              394.89723001366633,
              187.36052351625628
            ],
            [
              394.9839178587024,
              187.2555781922294
            ],
            [
              395.09031833646384,
              187.0961440843888
            ],
            [
              395.23210280374576,
              186.92018878713216
            ],
            [
              395.25398138836204,
              186.88633800655143
            ],
            [
              395.2543820564006,
              186.88583878575596
            ],
            [
              395.30243510567897,
              186.81136989586858
            ],
            [
              395.3506047427464,
              186.7368413171946
            ],
            [
              395.52667276487057,
              186.51162284393564
            ],
            [
              395.8067696276845,
              186.06078229468312
            ],
            [
              396.04524897997925,
              185.73516357087925
            ],
            [
              396.1612454920993,
              185.53405377598156
            ],
            [
              396.3740739333238,
              185.23121863113525
            ],
            [
              396.48951084758386,
              185.02002579041223
            ],
            [
              396.51957432854294,
              184.97624716812467
            ],
            [
              396.5766903419729,
              184.86891353429826
            ],
            [
              396.7276021704193,
              184.642782099206
            ],
            [
              396.8171912938471,
              184.46772288878822
            ],
            [
              396.9424156059455,
              184.27397449116026
            ],
            [
              396.94353737379333,
              184.27168328639542
            ],
            [
              396.94502263176634,
              184.26938527250422
            ],
            [
              397.04002837966914,
              184.07574380647125
            ],
            [
              397.19545795016114,
              183.82556623494307
            ],
            [
              397.3941701684766,
              183.39646166854578
            ],
            [
              397.5685219648916,
              183.09417797589816
            ],
            [
              397.6582924639121,
              182.88172963695288
            ],
            [
              397.8346969612915,
              182.5589960715594
            ],
            [
              397.9147205999001,
              182.35445846071738
            ],
            [
              397.9318723609904,
              182.32222650449992
            ],
            [
              397.979096944389,
              182.19733248897634
            ],
            [
              398.1008129338498,
              181.95949664245376
            ],
            [
              398.1605218361594,
              181.7919451901804
            ],
            [
              398.2595749940201,
              181.59005426118497
            ],
            [
              398.266381795281,
              181.56978070683576
            ],
            [
              398.2720799427888,
              181.55814227136008
            ],
            [
              398.3399107605846,
              181.35420372317017
            ],
            [
              398.470134643863,
              181.07299472936364
            ],
            [
              398.5923153862706,
              180.6712972503484
            ],
            [
              398.70873598442864,
              180.39577953608818
            ],
            [
              398.76817438485205,
              180.17306054916722
            ],
            [
              398.9012097506778,
              179.83302682468482
            ],
            [
              398.946792806464,
              179.63808445927694
            ],
            [
              398.9546123764534,
              179.61740418164985
            ],
            [
              398.98621847323705,
              179.47492602994214
            ],
            [
              399.07430884449997,
              179.22773224364119
            ],
            [
              399.10543146094824,
              179.0707333063319
            ],
            [
              399.1740959851934,
              178.8662210970403
            ],
            [
              399.18175749734024,
              178.82312704049968
            ],
            [
              399.1903324524877,
              178.79734578117763
            ],
            [
              399.2128550596583,
              178.66669951795433
            ],
            [
              399.21627425398447,
              178.6562291566549
            ],
            [
              399.2288783206869,
              178.57844922083976
            ],
            [
              399.32024931852436,
              178.27804591043645
            ],
            [
              399.3724282496825,
              177.9088877641786
            ],
            [
              399.43804013173803,
              177.66303639876418
            ],
            [
              399.46276229732786,
              177.431468178502
            ],
            [
              399.5455591649382,
              177.07737569957922
            ],
            [
              399.55856135187366,
              176.89484295144172
            ],
            [
              399.56065391332703,
              176.88540982560988
            ],
            [
              399.5684149175999,
              176.75651249673774
            ],
            [
              399.5707845409555,
              176.723246257357
            ],
            [
              399.6205805988239,
              176.47204860559415
            ],
            [
              399.6230619829584,
              176.39946529376593
            ],
            [
              399.6261773444611,
              176.38347918187674
            ],
            [
              399.62812988225664,
              176.31239594316108
            ],
            [
              399.66197590592947,
              176.12202067123675
            ],
            [
              399.6628640239302,
              176.05634499048233
            ],
            [
              399.66975842826497,
              176.01635281033307
            ],
            [
              399.6706769272772,
              175.85210160022947
            ],
            [
              399.6783462752797,
              175.80477390753697
            ],
            [
              399.6779266265421,
              175.76121957188548
            ],
            [
              399.6821504312629,
              175.7339359695904
            ],
            [
              399.6819820745319,
              175.71884067790998
            ],
            [
              399.71749267912753,
              175.46760845307352
            ],
            [
              399.7078889360284,
              175.13540963700908
            ],
            [
              399.7307252898441,
              174.92150548724004
            ],
            [
              399.7161213346394,
              174.68291838869553
            ],
            [
              399.7420683920992,
              174.3186575356647
            ],
            [
              399.70637919628643,
              173.96234191716835
            ],
            [
              399.7146800783883,
              173.7195316621357
            ],
            [
              399.7018726840409,
              173.62774769102472
            ],
            [
              399.7032069052349,
              173.57917461668976
            ],
            [
              399.6969277146781,
              173.53735981378384
            ],
            [
              399.6989951368245,
              173.38447544841162
            ],
            [
              399.68496382860957,
              173.29723675311476
            ],
            [
              399.6852650656679,
              173.24336783151236
            ],
            [
              399.65222845378287,
              173.05105556070558
            ],
            [
              399.6515673986425,
              172.99178367969444
            ],
            [
              399.6512254027462,
              172.9899636090454
            ],
            [
              399.65097616066635,
              172.96409537154418
            ],
            [
              399.6440838794012,
              172.92835723532895
            ],
            [
              399.63665137247995,
              172.67126268650188
            ],
            [
              399.5751316481927,
              172.37954784708216
            ],
            [
              399.56408993259004,
              172.19915761362756
            ],
            [
              399.505404778518,
              171.95584324612997
            ],
            [
              399.4683544365257,
              171.58593814678846
            ],
            [
              399.3676014979278,
              171.23219899011477
            ],
            [
              399.3351549385968,
              170.9996712812492
            ],
            [
              399.2995188714701,
              170.8909084432495
            ],
            [
              399.28742243239134,
              170.8103550325058
            ],
            [
              399.28282141355504,
              170.79694390260684
            ],
            [
              399.26448606473485,
              170.68294513040664
            ],
            [
              399.2270495693636,
              170.57601008527382
            ],
            [
              399.2155469761002,
              170.50905134753634
            ],
            [
              399.15266723418904,
              170.33668297036832
            ],
            [
              399.14396719163864,
              170.29038214550218
            ],
            [
              399.12646538647374,
              170.24438084353625
            ],
            [
              399.1116292911576,
              170.16745212071478
            ],
            [
              399.1051455947887,
              170.15096331278443
            ],
            [
              399.0566702931379,
              169.92110264612379
            ],
            [
              398.95463933564224,
              169.67231604924356
            ],
            [
              398.9193966198436,
              169.52619631525383
            ],
            [
              398.8118421846381,
              169.28095237113172
            ],
            [
              398.70633481272284,
              168.91052060722572
            ],
            [
              398.53729424065006,
              168.5645654788467
            ],
            [
              398.46506578369605,
              168.34412106406464
            ],
            [
              398.40930019466896,
              168.2401593218498
            ],
            [
              398.34233478450443,
              168.04887674886345
            ],
            [
              398.27289230165246,
              167.9250099452706
            ],
            [
              398.2441594909187,
              167.84624645472715
            ],
            [
              398.15675091084694,
              167.69560784616354
            ],
            [
              398.14386574026344,
              167.66174078975428
            ],
            [
              398.09958065062875,
              167.58738863514805
            ],
            [
              397.96179477470423,
              167.25141923908325
            ],
            [
              397.83200724317146,
              167.04674803380323
            ],
            [
              397.78289094295036,
              166.93475381279842
            ],
            [
              397.6217918816445,
              166.69091625806954
            ],
            [
              397.4432911630106,
              166.32560017877412
            ],
            [
              397.20389985823635,
              165.99297568713618
            ],
            [
              397.09305114429395,
              165.78632449551964
            ],
            [
              397.02371562641247,
              165.69681309045703
            ],
            [
              396.9220244343714,
              165.51542322082685
            ],
            [
              396.81213017066455,
              165.37830905033874
            ],
            [
              396.760634548152,
              165.28956228295516
            ],
            [
              396.6548747212344,
              165.1618092920476
            ],
            [
              396.6416019345994,
              165.13952503583653
            ],
            [
              396.5784413159303,
              165.0646020203003
            ],
            [
              396.5370192476888,
              164.99662754038943
            ],
            [
              396.5176884783263,
              164.97410513394982
            ],
            [
              396.3427476512511,
              164.69822847994615
            ],
            [
              396.1990334800189,
              164.5374466672716
            ],
            [
              396.1468427891613,
              164.45845148048883
            ],
            [
              395.9278155762135,
              164.2199084238958
            ],
            [
              395.67294486413635,
              163.86577592472327
            ],
            [
              395.36252114286947,
              163.55222894593842
            ],
            [
              395.21439287457423,
              163.36099695071613
            ],
            [
              395.13498896251696,
              163.28575373586008
            ],
            [
              394.99967287033155,
              163.11692095871356
            ],
            [
              394.9394595980786,
              163.06148289604636
            ],
            [
              394.9373132983057,
              163.05881549324067
            ],
            [
              394.8641693977003,
              162.99216358004722
            ],
            [
              394.8413456973969,
              162.9711499117915
            ],
            [
              394.7615864719074,
              162.87480444767934
            ],
            [
              394.6443789603428,
              162.77035938987333
            ],
            [
              394.6343848815066,
              162.758504114546
            ],
            [
              394.55966376541846,
              162.69279767126199
            ],
            [
              394.50723848745645,
              162.63171663533032
            ],
            [
              394.4557466176533,
              162.5871252804447
            ],
            [
              394.1978816164995,
              162.29863596894845
            ],
            [
              394.05478197535996,
              162.1799830911588
            ],
            [
              394.0105579151343,
              162.13181856237867
            ],
            [
              393.7297202448123,
              161.90299999378993
            ],
            [
              393.3964873377632,
              161.56641433979587
            ],
            [
              393.01592050939564,
              161.2777226605658
            ],
            [
              392.8320226008129,
              161.1034608453919
            ],
            [
              392.7460059928464,
              161.0419809843779
            ],
            [
              392.5790059946304,
              160.88822491000968
            ],
            [
              392.47847424942427,
              160.8182140830396
            ],
            [
              392.44086984407124,
              160.7839473083601
            ],
            [
              392.32998727252755,
              160.7079764385018
            ],
            [
              392.2517424191385,
              160.63825148550208
            ],
            [
              392.24845865369326,
              160.63604281448445
            ],
            [
              392.2397698348084,
              160.6283001312131
            ],
            [
              392.03387631872806,
              160.4898140272049
            ],
            [
              391.981041141996,
              160.44405938428523
            ],
            [
              391.88557211275304,
              160.38135529111494
            ],
            [
              391.5342341892536,
              160.09003900710428
            ],
            [
              391.4065517528853,
              160.01014819687387
            ],
            [
              391.3812973349049,
              159.9895716133739
            ],
            [
              391.0355014552193,
              159.7754096376874
            ],
            [
              390.6234973033483,
              159.46287012665152
            ],
            [
              390.1753890182327,
              159.2046477290941
            ],
            [
              389.95740010799733,
              159.0488414467834
            ],
            [
              389.86807839883045,
              159.00032092059004
            ],
            [
              389.6721990056437,
              158.86390949875036
            ],
            [
              389.5234906224408,
              158.7851134602116
            ],
            [
              389.4357559331711,
              158.72500229424887
            ],
            [
              389.3240760334481,
              158.66717438662076
            ],
            [
              389.23254804217095,
              158.6056117149981
            ],
            [
              389.2287440040491,
              158.6036729790209
            ],
            [
              389.2229090705521,
              158.59974835601614
            ],
            [
              389.0002119367689,
              158.48624967689435
            ],
            [
              388.97250543147806,
              158.4680520341304
            ],
            [
              388.8212826400481,
              158.3925471393581
            ],
            [
              388.3684030165909,
              158.1091806788996
            ],
            [
              387.84936544378644,
              157.86427665335663
            ],
            [
              387.3726704600303,
              157.58958117081673
            ],
            [
              386.861411127454,
              157.36706648044438
            ],
            [
              386.6111889126817,
              157.23114304548778
            ],
            [
              386.5216223127408,
              157.1945149618025
            ],
            [
              386.300512926073,
              157.07735583883948
            ],
            [
              386.09709769786696,
              156.99624339931864
            ],
            [
              385.94538641063946,
              156.91768721932752
            ],
            [
              385.85094819682257,
              156.88121206990616
            ],
            [
              385.74174328398965,
              156.82555525407776
            ],
            [
              385.74069211860035,
              156.82515492182486
            ],
            [
              385.7404194440861,
              156.8250159520363
            ],
            [
              385.2550134741446,
              156.64015093618565
            ],
            [
              384.7271555000233,
              156.39108506975694
            ],
            [
              384.17342470348393,
              156.1971778764739
            ],
            [
              383.672285963705,
              155.9790679576726
            ],
            [
              383.6642033056701,
              155.97647685934334
            ],
            [
              383.6626849413042,
              155.97581602727436
            ],
            [
              383.10207984462954,
              155.79609984091326
            ],
            [
              382.82365459867725,
              155.68223838792625
            ],
            [
              382.7365656297872,
              155.6562210394778
            ],
            [
              382.494654752716,
              155.55975834315345
            ],
            [
              382.48341657418916,
              155.55649203660167
            ],
            [
              382.4820787389239,
              155.5559585745315
            ],
            [
              382.4712622352877,
              155.55281482232044
            ],
            [
              382.46412486150405,
              155.54996881264867
            ],
            [
              382.22203773282774,
              155.47960729498942
            ],
            [
              382.00356553018537,
              155.39522613280653
            ],
            [
              381.9393133133376,
              155.37737915186543
            ],
            [
              381.8188455417555,
              155.33149945964385
            ],
            [
              381.31278321465845,
              155.1927200972404
            ],
            [
              380.91263409562976,
              155.05166588120565
            ],
            [
              380.8742337075796,
              155.04185678883164
            ],
            [
              380.7457746822653,
              154.99687260300166
            ],
            [
              380.1294658285092,
              154.8431530024619
            ],
            [
              379.5505799636301,
              154.65757645206895
            ],
            [
              378.92806434724497,
              154.51845231628099
            ],
            [
              378.6347192980665,
              154.4308171030313
            ],
            [
              378.5631508383846,
              154.41616853950643
            ],
            [
              378.26378209429004,
              154.32915838209217
            ],
            [
              377.92150515553914,
              154.2613749244898
            ],
            [
              377.65447478529995,
              154.18720338360902
            ],
            [
              377.62893656149356,
              154.1824850681844
            ],
            [
              377.500194321716,
              154.14717960284005
            ],
            [
              377.0501411178397,
              154.06502089303348
            ],
            [
              376.76636591278657,
              153.9925326359827
            ],
            [
              376.6164511632718,
              153.96693776112392
            ],
            [
              376.39173865739144,
              153.91089002397166
            ],
            [
              376.157550412999,
              153.87298773145605
            ],
            [
              376.1441075537892,
              153.8696684358067
            ],
            [
              375.92373690561163,
              153.83514608840525
            ],
            [
              375.8483399333877,
              153.82294343449462
            ],
            [
              375.75798677748264,
              153.8012094834277
            ],
            [
              375.6404875284093,
              153.78372169793266
            ],
            [
              375.0743783938327,
              153.65720367647864
            ],
            [
              374.3983470284452,
              153.56365967552975
            ],
            [
              374.38918974634623,
              153.56184619593805
            ],
            [
              374.0936217562551,
              153.5013496238782
            ],
            [
              374.0679219162976,
              153.4982233167104
            ],
            [
              373.71873284935083,
              153.42907100279476
            ],
            [
              373.3008752835417,
              153.3805799402399
            ],
            [
              372.8372655514265,
              153.2959464410959
            ],
            [
              372.46731614225314,
              153.25855788537407
            ],
            [
              372.3214878442942,
              153.23366068847375
            ],
            [
              372.0465831186204,
              153.20764654271562
            ],
            [
              371.71667364763334,
              153.154252209002
            ],
            [
              371.4190157967129,
              153.12945525183915
            ],
            [
              371.27986178254224,
              153.1076559638702
            ],
            [
              370.870077624729,
              153.0737264785892
            ],
            [
              370.73750616883154,
              153.0539954488007
            ],
            [
              370.69414989311633,
              153.05110147471277
            ],
            [
              370.2903313533685,
              152.99522418291983
            ],
            [
              369.6312260532446,
              152.95472863361047
            ],
            [
              368.88658099121324,
              152.86831490501078
            ],
            [
              368.4120563946479,
              152.84871723884183
            ],
            [
              367.89144811150453,
              152.79610249931073
            ],
            [
              367.59588205142643,
              152.78828153889646
            ],
            [
              367.5909096828998,
              152.78781101287316
            ],
            [
              367.4212766330577,
              152.78366131266048
            ],
            [
              367.341225916355,
              152.78154309419506
            ],
            [
              367.0662973375863,
              152.75877943925784
            ],
            [
              366.93737872251177,
              152.7561038948867
            ],
            [
              366.7814015480039,
              152.7431099177313
            ],
            [
              366.7751440897036,
              152.74304194669077
            ],
            [
              366.7576447410007,
              152.7415841362459
            ],
            [
              366.03417378299577,
              152.7337250890337
            ],
            [
              365.2623811411925,
              152.68630600899039
            ],
            [
              365.07870176262264,
              152.6881525159928
            ],
            [
              365.0072909524511,
              152.68389327556582
            ],
            [
              364.57105668603634,
              152.69008556707877
            ],
            [
              363.83207204272514,
              152.65956581225817
            ],
            [
              363.30412024455586,
              152.67471741996533
            ],
            [
              362.7313829604308,
              152.65956224407688
            ],
            [
              362.4452122827768,
              152.67207342534917
            ],
            [
              362.0125558512206,
              152.6900383524096
            ],
            [
              361.6293674508251,
              152.68587578624644
            ],
            [
              360.8542324947256,
              152.73062060436487
            ],
            [
              360.0606703286511,
              152.73859819067425
            ],
            [
              359.81844880986876,
              152.7575482486862
            ],
            [
              359.61344265933445,
              152.76045828566464
            ],
            [
              359.25253586768616,
              152.79099321877388
            ],
            [
              358.6255461909064,
              152.80898709937298
            ],
            [
              358.2268889186223,
              152.84722827346374
            ],
            [
              357.7709580752721,
              152.8661596096189
            ],
            [
              357.6035167267238,
              152.8837489585046
            ],
            [
              357.4312421947121,
              152.89128068018908
            ],
            [
              357.36070480735384,
              152.89914237176276
            ],
            [
              357.3589373170739,
              152.89922026961924
            ],
            [
              357.2436849021611,
              152.91218473747688
            ],
            [
              357.0415796800099,
              152.9347102233384
            ],
            [
              356.95753445985997,
              152.93865046631112
            ],
            [
              356.68925805422936,
              152.97104457484977
            ],
            [
              356.3804431911079,
              152.9888709736896
            ],
            [
              355.5630061339205,
              153.09047030277407
            ],
            [
              354.75972213122304,
              153.15331475411804
            ],
            [
              354.4959474170336,
              153.1915323536073
            ],
            [
              354.3306511086807,
              153.2049424379422
            ],
            [
              354.29372847177706,
              153.21053880683402
            ],
            [
              354.1196095133679,
              153.22527034104476
            ],
            [
              353.8428468779947,
              153.2677672339941
            ],
            [
              353.3410962523828,
              153.31589763160127
            ],
            [
              353.06737706716393,
              153.36026054752855
            ],
            [
              352.7516165450459,
              153.39343050247575
            ],
            [
              352.4070166474727,
              153.45125196807672
            ],
            [
              352.06870784014046,
              153.4889579223114
            ],
            [
              351.98766178569355,
              153.5034221775345
            ],
            [
              351.9411131023869,
              153.5086583273281
            ],
            [
              351.3691158248024,
              153.611729325609
            ],
            [
              351.0859519466202,
              153.64692379078704
            ],
            [
              350.2373904641303,
              153.80854306491165
            ],
            [
              349.4363863919414,
              153.92459836200086
            ],
            [
              349.1182642502734,
              153.99322673068747
            ],
            [
              348.6111857104913,
              154.071088622676
            ],
            [
              348.42342753231503,
              154.11292661519818
            ],
            [
              348.05452803328166,
              154.1727158384049
            ],
            [
              347.9092561156752,
              154.2059448965992
            ],
            [
              347.73802045824505,
              154.2346770487148
            ],
            [
              347.22187571278477,
              154.35397001198507
            ],
            [
              346.72276229807125,
              154.4430465730256
            ],
            [
              346.7066144538236,
              154.4470256720878
            ],
            [
              346.7053709340263,
              154.44724760193034
            ],
            [
              346.63190856064716,
              154.4653499649352
            ],
            [
              346.54190156617625,
              154.48156876725486
            ],
            [
              346.014361852801,
              154.61287231253038
            ],
            [
              345.82178143603835,
              154.64955169028923
            ],
            [
              345.81173116992505,
              154.65214297966864
            ],
            [
              345.78733482616957,
              154.656789563759
            ],
            [
              345.4781866658387,
              154.73649855365943
            ],
            [
              345.27470583274857,
              154.7759775682028
            ],
            [
              344.4540341339938,
              154.993682082485
            ],
            [
              344.08002867930406,
              155.08012337509075
            ],
            [
              343.5279673734372,
              155.19921935073606
            ],
            [
              343.46300536347167,
              155.21825319866903
            ],
            [
              343.1734585014023,
              155.28277267562325
            ],
            [
              343.0754381516968,
              155.31161776907834
            ],
            [
              342.84123886087013,
              155.36518780513506
            ],
            [
              342.8224429034291,
              155.3707804729115
            ],
            [
              342.7944990474888,
              155.37723894296198
            ],
            [
              342.1205357039762,
              155.5770280300755
            ],
            [
              341.45416731180586,
              155.74123239721936
            ],
            [
              341.35638134873716,
              155.77223404114213
            ],
            [
              341.2416822865835,
              155.8007824008548
            ],
            [
              340.79360601907126,
              155.94434397980672
            ],
            [
              340.62831440245645,
              155.9869618229323
            ],
            [
              340.28465895498357,
              156.09971729679987
            ],
            [
              340.10707503287944,
              156.14682605120865
            ],
            [
              339.4275276432204,
              156.37534091641592
            ],
            [
              337.98326209661843,
              156.80347769548666
            ],
            [
              337.88967315700427,
              156.83766696557856
            ],
            [
              337.88904954153344,
              156.83785048100754
            ],
            [
              337.8794943296213,
              156.8413854250476
            ],
            [
              337.87726380053743,
              156.84220026664607
            ],
            [
              337.77413723615723,
              156.872885195327
            ],
            [
              337.13408792248134,
              157.11085190845213
            ],
            [
              336.37244680329064,
              157.35231935462446
            ],
            [
              336.25367788318334,
              157.39891611132882
            ],
            [
              336.11747611000015,
              157.44255453414144
            ],
            [
              335.7615306897012,
              157.58378360410947
            ],
            [
              335.64547868782864,
              157.62186098236918
            ],
            [
              335.2679696527864,
              157.7740966882298
            ],
            [
              335.1297219634113,
              157.82058594355382
            ],
            [
              334.59197348037725,
              158.04236001358154
            ],
            [
              333.3629260227343,
              158.49134720862045
            ],
            [
              333.0624826757794,
              158.623435555014
            ],
            [
              332.8355430985123,
              158.7073916946761
            ],
            [
              332.81525437886035,
              158.7165697819768
            ],
            [
              332.7363052094272,
              158.74592263643953
            ],
            [
              332.20369984034124,
              158.98784898488694
            ],
            [
              331.52991250597535,
              159.25219679962686
            ],
            [
              331.5223651397929,
              159.25578039745866
            ],
            [
              331.51409718694913,
              159.2590241659196
            ],
            [
              331.38569702445886,
              159.3199905719049
            ],
            [
              331.2408617424971,
              159.37745711313084
            ],
            [
              330.9743344575481,
              159.50556408100366
            ],
            [
              330.904904604674,
              159.5335626232351
            ],
            [
              330.50450996154564,
              159.72808010255136
            ],
            [
              330.40358020874066,
              159.76970477053828
            ],
            [
              330.0031146109445,
              159.96847072650436
            ],
            [
              328.987231427527,
              160.41509845578253
            ],
            [
              328.55404381383727,
              160.6434370429098
            ],
            [
              328.1151791991877,
              160.84195025629558
            ],
            [
              328.106252006739,
              160.84679956533762
            ],
            [
              328.0834381568675,
              160.85711995565327
            ],
            [
              328.0582577496382,
              160.87084101974517
            ],
            [
              328.0017526621417,
              160.89650743296562
            ],
            [
              327.58179173679844,
              161.12614431498156
            ],
            [
              326.97387563806376,
              161.41479238957263
            ],
            [
              326.81792586165585,
              161.50335167173796
            ],
            [
              326.6762229398295,
              161.57146151519098
            ],
            [
              326.4929409534603,
              161.67695805321102
            ],
            [
              326.4659873385518,
              161.69005250719525
            ],
            [
              326.0551177066096,
              161.92800828270026
            ],
            [
              325.9878412390033,
              161.9614000933111
            ],
            [
              325.59517668823685,
              162.19370835593335
            ],
            [
              325.4016215925023,
              162.30511806356864
            ],
            [
              324.4291816246805,
              162.8177032836966
            ],
            [
              324.13679016155766,
              163.00303707592747
            ],
            [
              323.7934139132337,
              163.18956128897275
            ],
            [
              323.7428032439461,
              163.22237677231752
            ],
            [
              323.69452748168385,
              163.24868273401842
            ],
            [
              323.6657405436495,
              163.26746206988128
            ],
            [
              323.6299123150024,
              163.2870531370929
            ],
            [
              323.32135815936044,
              163.48894942562927
            ],
            [
              322.79045971141744,
              163.7904310085805
            ],
            [
              322.6151551014103,
              163.90899945935496
            ],
            [
              322.47940530417435,
              163.9871366179995
            ],
            [
              321.9546850056918,
              164.34749661160572
            ],
            [
              321.9336231962243,
              164.3599572025999
            ],
            [
              321.81356197735414,
              164.44441509129308
            ],
            [
              321.223668113599,
              164.8495340653165
            ],
            [
              320.2991883394083,
              165.4355201969309
            ],
            [
              320.126557720785,
              165.5671164569103
            ],
            [
              319.8718411798631,
              165.73227227335025
            ],
            [
              319.78881574704815,
              165.79659777673908
            ],
            [
              319.7207648515037,
              165.8409911964818
            ],
            [
              319.68995418260135,
              165.86508655319332
            ],
            [
              319.6721984156948,
              165.87670468690925
            ],
            [
              319.46083755919625,
              166.04244332156574
            ],
            [
              319.0095780844464,
              166.34765569913503
            ],
            [
              318.8240764987829,
              166.4974916943151
            ],
            [
              318.6968239156742,
              166.58488442558334
            ],
            [
              317.62939468539116,
              167.46247718374693
            ],
            [
              317.44834835582213,
              167.60871451572044
            ],
            [
              316.639754382896,
              168.2251054174523
            ],
            [
              316.56431135885555,
              168.29484272322068
            ],
            [
              316.39023606031543,
              168.4297108091451
            ],
            [
              316.2852295101547,
              168.52773745990336
            ],
            [
              316.20363789039004,
              168.59154585008432
            ],
            [
              316.17256146616904,
              168.62094531603498
            ],
            [
              316.1696453255616,
              168.6232320079553
            ],
            [
              316.0392462989641,
              168.7468945924177
            ],
            [
              315.6675034601425,
              169.04716403758806
            ],
            [
              315.48301048702757,
              169.2269130115795
            ],
            [
              315.43123789306566,
              169.2693867625138
            ],
            [
              315.42932879942924,
              169.27127334018272
            ],
            [
              315.3650252781304,
              169.32414083061158
            ],
            [
              314.5131255677699,
              170.17185858961315
            ],
            [
              314.26313057036015,
              170.41542528772243
            ],
            [
              313.54673272759044,
              171.08420338806937
            ],
            [
              313.4853466851708,
              171.14094683472902
            ],
            [
              313.48264155682455,
              171.14403434913103
            ],
            [
              313.37845300503085,
              171.24129737476466
            ],
            [
              313.2626134671814,
              171.37386555247036
            ],
            [
              313.17402374459766,
              171.4576747614764
            ],
            [
              313.0756518553227,
              171.57236951739904
            ],
            [
              312.7910068639508,
              171.84969522951593
            ],
            [
              312.6538189712032,
              172.01404863482082
            ],
            [
              312.6268052237419,
              172.04074378048128
            ],
            [
              312.5894277921621,
              172.0861129877493
            ],
            [
              312.51067372007424,
              172.1644804583418
            ],
            [
              311.8486121522365,
              172.97869996097617
            ],
            [
              311.59926974688307,
              173.27741636069578
            ],
            [
              310.85666835839646,
              174.1272584324174
            ],
            [
              310.74142333504176,
              174.2939170282103
            ],
            [
              310.6524724714098,
              174.39762752587427
            ],
            [
              310.6034483557016,
              174.47042715368653
            ],
            [
              310.39766442501195,
              174.71695976737848
            ],
            [
              310.3020953320407,
              174.86250655153938
            ],
            [
              310.2936801868675,
              174.87272096300248
            ],
            [
              310.23507183407645,
              174.9630712931216
            ],
            [
              310.1509065773155,
              175.0665797836073
            ],
            [
              309.65704851218607,
              175.84487948554025
            ],
            [
              309.4334470496919,
              176.18541294450884
            ],
            [
              308.83594402808825,
              177.0494764126262
            ],
            [
              308.73260244831954,
              177.24858814215602
            ],
            [
              308.6498408478934,
              177.37148711995965
            ],
            [
              308.6346540681581,
              177.40193332842242
            ],
            [
              308.49645031483766,
              177.61241049451647
            ],
            [
              308.3672885941253,
              177.87748729470113
            ],
            [
              308.293985756475,
              177.99300950791203
            ],
            [
              307.94997196767383,
              178.73394039392636
            ],
            [
              307.77021825689127,
              179.10284643058569
            ],
            [
              307.3190338689923,
              179.97215870557935
            ],
            [
              307.2471158974323,
              180.17640211605115
            ],
            [
              307.08854172858224,
              180.50184167384145
            ],
            [
              306.9960450177895,
              180.78849158687458
            ],
            [
              306.94016571744663,
              180.9088434473561
            ],
            [
              306.9400016318483,
              180.90939327312125
            ],
            [
              306.9383593069757,
              180.91293048016436
            ],
            [
              306.93523382704683,
              180.9234035928751
            ],
            [
              306.9344169535638,
              180.92516292520088
            ],
            [
              306.71876720263714,
              181.64778334891488
            ],
            [
              306.60643682204244,
              181.9958983635331
            ],
            [
              306.30135238736347,
              182.86232276442058
            ],
            [
              306.26611735377116,
              183.05055798492887
            ],
            [
              306.23808146576187,
              183.13744199183807
            ],
            [
              306.2257231770412,
              183.17456425098607
            ],
            [
              306.22529404622594,
              183.1770705652922
            ],
            [
              306.1682615155351,
              183.35381598491236
            ],
            [
              306.12082042152485,
              183.65144231198755
            ],
            [
              306.0771068547112,
              183.79792203680955
            ],
            [
              305.9726489911913,
              184.5810102215575
            ],
            [
              305.932559456579,
              184.8325158242161
            ],
            [
              305.7720303091376,
              185.69010659069897
            ],
            [
              305.76884781434273,
              185.84291900960753
            ],
            [
              305.75234571316787,
              185.93929859973414
            ],
            [
              305.7521492317556,
              185.96433695313047
            ],
            [
              305.7240240368665,
              186.14078310446996
            ],
            [
              305.72571064749656,
              186.4322303479638
            ],
            [
              305.7034254285871,
              186.59929571796107
            ],
            [
              305.73141865966295,
              187.41857798713895
            ],
            [
              305.73242202345006,
              187.59195980127757
            ],
            [
              305.7149913064968,
              188.42892268473082
            ],
            [
              305.7319254753153,
              188.54152508182975
            ],
            [
              305.7313375131395,
              188.61645127799446
            ],
            [
              305.7384733195168,
              188.6609237222316
            ],
            [
              305.7391390474893,
              188.80329159552616
            ],
            [
              305.73944217180144,
              188.80504529380792
            ],
            [
              305.7396199427963,
              188.835764219708
            ],
            [
              305.74678331875947,
              188.87639482080485
            ],
            [
              305.7470064684432,
              188.9047836518305
            ],
            [
              305.79028496756973,
              189.14142742146092
            ],
            [
              305.79583202088253,
              189.30377389772565
            ],
            [
              305.96957214700757,
              190.1400509598957
            ],
            [
              305.98830843902806,
              190.2463230320582
            ],
            [
              306.10999664411065,
              191.0554789899653
            ],
            [
              306.1346889116329,
              191.13025583377845
            ],
            [
              306.1433628728526,
              191.1843145114406
            ],
            [
              306.15840490480235,
              191.22891628782128
            ],
            [
              306.17991029742524,
              191.35333379154187
            ],
            [
              306.1871088568319,
              191.37391713264424
            ],
            [
              306.19480116395357,
              191.41754782630815
            ],
            [
              306.21897779999733,
              191.48548948284665
            ],
            [
              306.2301817115246,
              191.54675167796663
            ],
            [
              306.30295681001377,
              191.74475767197367
            ],
            [
              306.33294954043737,
              191.8891240486165
            ],
            [
              306.6562223612291,
              192.71528597184025
            ],
            [
              306.6896224736605,
              192.81078923410544
            ],
            [
              306.77618281575434,
              193.07292430032933
            ],
            [
              306.7893704711554,
              193.11694424847155
            ],
            [
              306.79360087394497,
              193.1256722877527
            ],
            [
              306.93361785719435,
              193.5496928067098
            ],
            [
              306.95465526897544,
              193.5899125154462
            ],
            [
              306.9661975512228,
              193.62413703334667
            ],
            [
              306.98963088943407,
              193.66862414321736
            ],
            [
              307.0268574310499,
              193.7750685803238
            ],
            [
              307.0469883846573,
              193.81238105896924
            ],
            [
              307.06646136372365,
              193.86710440646067
            ],
            [
              307.1165448905029,
              193.95836259913622
            ],
            [
              307.1497961856962,
              194.04883249739865
            ],
            [
              307.241042305906,
              194.20986250025678
            ],
            [
              307.2905072338995,
              194.3362759733798
            ],
            [
              307.75200552054395,
              195.11912177973264
            ],
            [
              307.822383825192,
              195.2495671148392
            ],
            [
              307.83052456579077,
              195.26502193472285
            ],
            [
              307.9098012423629,
              195.42858317975325
            ],
            [
              307.9375248907982,
              195.4689806405488
            ],
            [
              308.16011039672105,
              195.8945236830822
            ],
            [
              308.1621279365333,
              195.89727058658505
            ],
            [
              308.1636359596405,
              195.9001536721298
            ],
            [
              308.16872982467794,
              195.90708899212078
            ],
            [
              308.1755143370543,
              195.91996907539053
            ],
            [
              308.2078252955448,
              195.96397821088124
            ],
            [
              308.2558020708629,
              196.05290258274042
            ],
            [
              308.29436134437276,
              196.10448544213986
            ],
            [
              308.3293820230408,
              196.16829731895862
            ],
            [
              308.4132035006813,
              196.2784778026116
            ],
            [
              308.47856434931356,
              196.39382580445
            ],
            [
              308.57804337294004,
              196.52034099841669
            ],
            [
              308.64217817412265,
              196.62913373199768
            ],
            [
              309.23000193853517,
              197.3562337327631
            ],
            [
              309.2712504128899,
              197.41241621020694
            ],
            [
              309.3915614658108,
              197.5877272286986
            ],
            [
              309.4349024716917,
              197.63531846893102
            ],
            [
              309.7455662320772,
              198.05845799066606
            ],
            [
              309.75933088208666,
              198.0726994334969
            ],
            [
              309.7655964195937,
              198.08122999078878
            ],
            [
              309.79342554970395,
              198.1098660184131
            ],
            [
              309.8412079781231,
              198.17378719903675
            ],
            [
              309.9031005906776,
              198.23689689265763
            ],
            [
              309.95693795380294,
              198.30766427680132
            ],
            [
              310.08125638910684,
              198.43209364115086
            ],
            [
              310.18769938514254,
              198.56746545923937
            ],
            [
              310.2861055110919,
              198.66256558748438
            ],
            [
              310.36029902857615,
              198.7543381728883
            ],
            [
              311.04013179046564,
              199.39796454919855
            ],
            [
              311.20875612611746,
              199.58312502489977
            ],
            [
              311.26956546949754,
              199.63524693910264
            ],
            [
              311.64976202113036,
              200.02861309450003
            ],
            [
              311.6891120873151,
              200.06051743443123
            ],
            [
              311.7148981101491,
              200.0870511154822
            ],
            [
              311.72749178008576,
              200.0971636394977
            ],
            [
              311.7567393051801,
              200.12698629961184
            ],
            [
              311.8462490263848,
              200.19866117721196
            ],
            [
              311.92168865035325,
              200.27416811577885
            ],
            [
              312.0922095449012,
              200.4079927505326
            ],
            [
              312.2475715530968,
              200.5581353027562
            ],
            [
              312.3366243981664,
              200.62540883518838
            ],
            [
              312.4164683491857,
              200.70100047440616
            ],
            [
              313.1459485757329,
              201.2435635865542
            ],
            [
              313.3350316475558,
              201.4056336090137
            ],
            [
              313.41745766078594,
              201.46182955522073
            ],
            [
              313.861135114245,
              201.8215554125935
            ],
            [
              313.9222280567374,
              201.86100065160124
            ],
            [
              313.97571464920435,
              201.90383002160314
            ],
            [
              313.98349185412025,
              201.90879608475728
            ],
            [
              313.98408095789097,
              201.90926781335588
            ],
            [
              314.09714227676216,
              201.9814620386445
            ],
            [
              314.1958570277228,
              202.05893328067384
            ],
            [
              314.2038421776933,
              202.0639197662082
            ],
            [
              314.20657141666317,
              202.06606168865588
            ],
            [
              314.42060892744917,
              202.1997212640513
            ],
            [
              314.6282363615399,
              202.35657005321832
            ],
            [
              314.70073063888594,
              202.39995873504014
            ],
            [
              314.7820261633123,
              202.46042364023177
            ],
            [
              315.5384191770068,
              202.90784683308436
            ],
            [
              315.74395232213413,
              203.04797407101432
            ],
            [
              315.8524272962345,
              203.1072521371008
            ],
            [
              316.35271094227977,
              203.4302650283585
            ],
            [
              316.4228754715278,
              203.46653675651294
            ],
            [
              316.4796462896256,
              203.50278722017626
            ],
            [
              316.51537981266983,
              203.5210714731992
            ],
            [
              316.54104102346577,
              203.53741418576595
            ],
            [
              316.65704219024303,
              203.596302261504
            ],
            [
              316.7621765345215,
              203.66195529476911
            ],
            [
              317.0452662601083,
              203.80319101507325
            ],
            [
              317.299840271366,
              203.95555656969245
            ],
            [
              317.34966050559996,
              203.9792361288537
            ],
            [
              317.4284221980312,
              204.02582541149243
            ],
            [
              318.19101068360936,
              204.3852123462008
            ],
            [
              318.4092853147695,
              204.50449237477966
            ],
            [
              318.5483741167196,
              204.5653185750986
            ],
            [
              319.09778107158263,
              204.84933586881547
            ],
            [
              319.1671146073337,
              204.87792033131697
            ],
            [
              319.22558747351593,
              204.90783993031744
            ],
            [
              319.3021868198233,
              204.93911183500566
            ],
            [
              319.3609427002589,
              204.9689392999633
            ],
            [
              319.46941624994844,
              205.0126187653398
            ],
            [
              319.5720283679277,
              205.06381276881183
            ],
            [
              319.8680214968205,
              205.18113991853403
            ],
            [
              319.86925709491146,
              205.18174278548102
            ],
            [
              319.88348562923835,
              205.1872696641341
            ],
            [
              319.930451929288,
              205.20588638722563
            ],
            [
              320.2329150055122,
              205.34964709845363
            ],
            [
              320.2550233318122,
              205.35792461876375
            ],
            [
              320.3274829146215,
              205.3920728230009
            ],
            [
              321.0776904373401,
              205.67143710534125
            ],
            [
              321.30520330526645,
              205.77093284536798
            ],
            [
              321.47945146830153,
              205.83123831199995
            ],
            [
              322.0700938388522,
              206.0747452168561
            ],
            [
              322.13702534430286,
              206.09644286219498
            ],
            [
              322.1959655410254,
              206.12050536798952
            ],
            [
              322.3181679893059,
              206.15973668783127
            ],
            [
              322.4148105496265,
              206.1986521227869
            ],
            [
              322.51238032454216,
              206.229323318119
            ],
            [
              322.6091956839328,
              206.26769944600076
            ],
            [
              323.0239149543054,
              206.3961773925138
            ],
            [
              323.4515890018211,
              206.55543579734353
            ],
            [
              324.1730395555613,
              206.76346097470372
            ],
            [
              324.4064146517124,
              206.8442296544318
            ],
            [
              324.62019855955697,
              206.90143016047193
            ],
            [
              325.24397197542726,
              207.10364306841174
            ],
            [
              325.3071253981482,
              207.11929802028837
            ],
            [
              325.3654111920661,
              207.13800982725755
            ],
            [
              325.53699450505684,
              207.18011501989335
            ],
            [
              325.67545995518753,
              207.22364182797878
            ],
            [
              325.75925368292314,
              207.24357158896368
            ],
            [
              325.84735750296085,
              207.27086570979932
            ],
            [
              326.305302806837,
              207.3782840401559
            ],
            [
              326.77377541292674,
              207.5133648110621
            ],
            [
              327.40994109513923,
              207.64785998469821
            ],
            [
              327.6882310684835,
              207.72231987955803
            ],
            [
              327.9456120290146,
              207.77334620092506
            ],
            [
              328.5943676563747,
              207.93416469164208
            ],
            [
              328.6525591732429,
              207.94465003345113
            ],
            [
              328.709176447286,
              207.9585434662596
            ],
            [
              328.9329895199296,
              207.9984227976396
            ],
            [
              329.1163902615825,
              208.04204340080864
            ],
            [
              329.18402279565026,
              208.05353344689843
            ],
            [
              329.26085085595236,
              208.0715546863177
            ],
            [
              329.8236117562181,
              208.1658713623998
            ],
            [
              330.04142336306927,
              208.21317705800794
            ],
            [
              330.0662847186489,
              208.21703961526566
            ],
            [
              330.27531171839973,
              208.26194477569345
            ],
            [
              330.4081596429088,
              208.28172932951588
            ],
            [
              330.63520300110974,
              208.32972977458604
            ],
            [
              331.03075939399804,
              208.38498321007532
            ],
            [
              331.1265824287137,
              208.4039803299623
            ],
            [
              331.43116577546107,
              208.4453181986043
            ],
            [
              332.09686490639086,
              208.56526837872693
            ],
            [
              332.14909837148167,
              208.57147364372432
            ],
            [
              332.2031351880829,
              208.58110200050626
            ],
            [
              332.48112671190495,
              208.61367623148845
            ],
            [
              332.71178115458844,
              208.65286196087038
            ],
            [
              332.76133558986044,
              208.65822317132503
            ],
            [
              332.8246645195686,
              208.66883686916142
            ],
            [
              333.30216660698926,
              208.71977885766654
            ],
            [
              333.43271415976443,
              208.74006123509724
            ],
            [
              333.58969289245056,
              208.75554339961008
            ],
            [
              333.92787791391305,
              208.80590805366066
            ],
            [
              334.21326608084945,
              208.83122451968586
            ]
          ]
        ]
      }
    }
  ]
}