{
  "type": "FeatureCollection",
  "features": [
    {
      "type": "Feature",
      "properties": {
        "method": "Homography",
        "mode": "tmpl2img",
        "inside_ratio": 1.0
      },
      "geometry": {
        "type": "Polygon",
        "coordinates": [
          [
            [
              107.78457491132039,
              93.68188168449917
            ],
            [
              107.06263875218772,
              93.95018324761902
            ],
            [
              106.86614120929464,
              94.0120303131023
            ],
            [
              106.19180129457173,
              94.26508402846387
            ],
            [
              105.23493153242795,
              94.57449281135169
            ],
            [
              104.88949225173653,
              94.70689512713032
            ],
            [
              104.67128152114961,
              94.7779809391472
            ],
            [
              103.80818390167612,
              95.11073755543647
            ],
            [
              102.19677417448173,
              95.65605661472917
            ],
            [
              100.45216431731288,
              96.35341298668773
            ],
            [
              98.68791638600253,
              96.97792382376849
            ],
            [
              98.39362862018145,
              97.10108533346227
            ],
            [
              98.18345747781088,
              97.17605975165077
            ],
            [
              97.23338302975642,
              97.57716014900174
            ],
            [
              97.11477158559427,
              97.61994586641791
            ],
            [
              96.62660239842768,
              97.82864927409871
            ],
            [
              95.34042090995636,
              98.30664791628759
            ],
            [
              94.85232476855022,
              98.52035144255915
            ],
            [
              94.59376245501187,
              98.61737988869386
            ],
            [
              93.97492789239705,
              98.89030355134099
            ],
            [
              93.26778250488574,
              99.16134304259884
            ],
            [
              93.05944212456292,
              99.25478205564228
            ],
            [
              92.78910949131613,
              99.35900546013521
            ],
            [
              91.65892996622098,
              99.86824925776043
            ],
            [
              89.97675667238732,
              100.54064845370198
            ],
            [
              88.33159934014111,
              101.3121156943557
            ],
            [
              86.64970958937666,
              102.01599844077047
            ],
            [
              86.21545795534834,
              102.22868417890297
            ],
            [
              86.05979960494417,
              102.29439968817442
            ],
            [
              85.2879388844913,
              102.67618528437028
            ],
            [
              84.86952447393176,
              102.85506694179982
            ],
            [
              84.30510087227495,
              103.13825096643396
            ],
            [
              83.46714701193419,
              103.50513297925545
            ],
            [
              83.19179972729718,
              103.6459701081082
            ],
            [
              82.89441225502235,
              103.77712645111657
            ],
            [
              82.33714762694626,
              104.06364634713168
            ],
            [
              81.8632906088906,
              104.27616747252135
            ],
            [
              81.78001265589671,
              104.3195574400705
            ],
            [
              81.46657954926542,
              104.4607862112323
            ],
            [
              80.16048390134492,
              105.14381480122788
            ],
            [
              78.38988370720918,
              105.97410623858931
            ],
            [
              76.93742096386102,
              106.76822159151988
            ],
            [
              75.24123559236524,
              107.59808633208382
            ],
            [
              74.6052712569169,
              107.96045537234059
            ],
            [
              74.59954233111553,
              107.96351650583476
            ],
            [
              74.56828625822176,
              107.98152922465283
            ],
            [
              73.95275078987844,
              108.33225800686887
            ],
            [
              73.3295090787106,
              108.64495240089019
            ],
            [
              72.7222586725317,
              109.00102601335605
            ],
            [
              72.28850196440668,
              109.22288783224083
            ],
            [
              72.26295003190128,
              109.23699188745555
            ],
            [
              72.18477942830643,
              109.28352813044341
            ],
            [
              71.8702195045411,
              109.44526040646943
            ],
            [
              71.41463768192887,
              109.71749439434835
            ],
            [
              70.79767135910704,
              110.04013970613744
            ],
            [
              69.35173177347079,
              110.91559974373709
            ],
            [
              67.53556951484083,
              111.90856313615342
            ],
            [
              66.33631045212468,
              112.67206453611554
            ],
            [
              64.62439235266356,
              113.64750621439568
            ],
            [
              63.30524137493302,
              114.52288542045507
            ],
            [
              62.60301390581469,
              114.93465076331708
            ],
            [
              62.05705011826272,
              115.30914281603889
            ],
            [
              61.61763422576748,
              115.57171681441429
            ],
            [
              61.32234345553831,
              115.7770812804102
            ],
            [
              60.871158196590706,
              116.05025636164447
            ],
            [
              59.327827390113974,
              117.13397505719887
            ],
            [
              57.511319346484875,
              118.29044447858146
            ],
            [
              56.54920898859818,
              119.0061404582168
            ],
            [
              54.85941944818786,
              120.12747277822083
            ],
            [
              54.22854705931056,
              120.61734397017658
            ],
            [
              54.013001443294435,
              120.76139831911733
            ],
            [
              53.40872168329344,
              121.2412766718993
            ],
            [
              52.79115182892039,
              121.66488535755879
            ],
            [
              52.385748465888355,
              121.99217244788719
            ],
            [
              52.2267845805591,
              122.10272630433897
            ],
            [
              52.070271666781274,
              122.23019214065698
            ],
            [
              51.77004313655782,
              122.44101102004169
            ],
            [
              50.17754476022883,
              123.74590283000593
            ],
            [
              48.407723630375436,
              125.06243981240925
            ],
            [
              47.874188142972386,
              125.53020790806055
            ],
            [
              47.84186504212261,
              125.55447015925985
            ],
            [
              47.642006006088295,
              125.7317803815334
            ],
            [
              46.03440114014106,
              126.98008245618112
            ],
            [
              45.0862309030522,
              127.85043923369669
            ],
            [
              44.522359690327676,
              128.29822783535542
            ],
            [
              44.23922353529391,
              128.56896160149202
            ],
            [
              43.98712078141471,
              128.772487236221
            ],
            [
              43.66557231691082,
              129.08180749045886
            ],
            [
              43.57101785401067,
              129.15928533663217
            ],
            [
              41.98308801707165,
              130.6951289906352
            ],
            [
              40.30781333435423,
              132.16389736037019
            ],
            [
              39.84755918749282,
              132.64682973505393
            ],
            [
              39.71328455668337,
              132.76595502009164
            ],
            [
              39.60177103366869,
              132.884806092749
            ],
            [
              38.229755139855996,
              134.14422479767512
            ],
            [
              37.07486562941765,
              135.41949468715086
            ],
            [
              36.26598994273242,
              136.19293868961805
            ],
            [
              34.43277123524041,
              138.3284220075149
            ],
            [
              33.28644138171431,
              139.5312352838495
            ],
            [
              32.905775078938376,
              140.02139616941142
            ],
            [
              32.69594806782672,
              140.24502972227364
            ],
            [
              32.649373197505554,
              140.30628012723957
            ],
            [
              31.517626952914537,
              141.55599440311693
            ],
            [
              30.68355776173979,
              142.69581297683666
            ],
            [
              29.991654649007366,
              143.5017983995284
            ],
            [
              28.305440671593203,
              145.94496747205642
            ],
            [
              27.40968969086409,
              147.09837162356982
            ],
            [
              27.15466739870722,
              147.51830830812594
            ],
            [
              26.882037386527962,
              147.89087782025194
            ],
            [
              26.857689708354116,
              147.92289734360895
            ],
            [
              26.853890085408683,
              147.92934323409844
            ],
            [
              25.961309649413312,
              149.14912184509956
            ],
            [
              25.36792718591738,
              150.20115452451918
            ],
            [
              24.83968381415292,
              150.9665306191031
            ],
            [
              24.781124523975375,
              151.07765755454682
            ],
            [
              24.772172575783966,
              151.09066691322138
            ],
            [
              24.44534076867061,
              151.71486848359433
            ],
            [
              23.467484428160105,
              153.57052926934588
            ],
            [
              23.314327167192555,
              153.84206820677633
            ],
            [
              22.73430278666156,
              154.7971749673098
            ],
            [
              22.721296956684526,
              154.82662657998983
            ],
            [
              22.70200804152145,
              154.8582962183565
            ],
            [
              22.561340325344574,
              155.17707018868953
            ],
            [
              21.614690382856395,
              156.85542561160017
            ],
            [
              21.23453651121848,
              157.80795527400053
            ],
            [
              20.857142460206745,
              158.52412932966672
            ],
            [
              20.80415836069735,
              158.66900124423563
            ],
            [
              20.78152333447858,
              158.71223087673664
            ],
            [
              20.504242875198194,
              159.48022932831952
            ],
            [
              20.47678707484615,
              159.53425167843804
            ],
            [
              20.351070380621596,
              159.90447934205605
            ],
            [
              20.255891318859664,
              160.16810185713254
            ],
            [
              19.853510777848282,
              161.2683119183035
            ],
            [
              19.66518496302686,
              161.74018906646938
            ],
            [
              19.23402100962522,
              162.71727072404752
            ],
            [
              19.143804501117778,
              163.04658206261868
            ],
            [
              18.52172651678163,
              164.60528704135814
            ],
            [
              18.324378260499653,
              165.44934655839876
            ],
            [
              18.083087825800494,
              166.1090955692662
            ],
            [
              18.04708581901543,
              166.28594805557955
            ],
            [
              18.02036905446612,
              166.35994690085775
            ],
            [
              17.82773669722216,
              167.33553644935898
            ],
            [
              17.782637526472993,
              167.46835063701607
            ],
            [
              17.668847394755357,
              168.14023377579005
            ],
            [
              17.644323132740013,
              168.2644372795436
            ],
            [
              17.497132737365444,
              168.98747995712313
            ],
            [
              17.385706403714728,
              169.46405096483824
            ],
            [
              17.08365541376846,
              170.5666076638791
            ],
            [
              17.048298104058823,
              170.90714801479305
            ],
            [
              16.71577653049065,
              172.3293445118842
            ],
            [
              16.669335848687084,
              173.0538626675494
            ],
            [
              16.546927021290198,
              173.6551709668925
            ],
            [
              16.53919824317446,
              173.8613593515959
            ],
            [
              16.5185608391087,
              173.96587780321667
            ],
            [
              16.483686280746973,
              175.1381144988767
            ],
            [
              16.448415670266087,
              175.3463727029733
            ],
            [
              16.453166933259443,
              176.15650310605207
            ],
            [
              16.428810559757885,
              176.80628257098715
            ],
            [
              16.41752039926855,
              176.98241965462555
            ],
            [
              16.27737389904097,
              178.3322264911382
            ],
            [
              16.305856268385444,
              178.72448473679796
            ],
            [
              16.22173727502495,
              180.03681986110374
            ],
            [
              16.286393401937968,
              180.60568828297525
            ],
            [
              16.268021483656504,
              181.09581441894042
            ],
            [
              16.299538801899068,
              181.32785401822966
            ],
            [
              16.29555352244067,
              181.4618110069695
            ],
            [
              16.492210481702827,
              182.81375733381577
            ],
            [
              16.4938429462303,
              183.09210630015093
            ],
            [
              16.559990853325658,
              183.44022977133375
            ],
            [
              16.560303698252063,
              183.4647715676205
            ],
            [
              16.653509780699377,
              183.9338905931783
            ],
            [
              16.719274896766187,
              184.41807237106298
            ],
            [
              16.829788033118803,
              185.94005561848263
            ],
            [
              16.94173345759913,
              186.37161149939203
            ],
            [
              16.95778001804564,
              186.5127950492374
            ],
            [
              16.942462411218983,
              186.37442165641642
            ],
            [
              16.98320189181455,
              186.53147463573302
            ],
            [
              17.00530687818702,
              186.76753220266602
            ],
            [
              17.01613423820467,
              186.80593785257935
            ],
            [
              17.07829535340617,
              187.37735931521902
            ],
            [
              17.157782379594778,
              187.64649110334204
            ],
            [
              17.18299644821246,
              187.83212435847523
            ],
            [
              17.061175918764768,
              187.42251027155334
            ],
            [
              17.07805309086767,
              187.57100184873738
            ],
            [
              17.204078040455272,
              187.98733312907981
            ],
            [
              17.255335059875325,
              188.36470210939316
            ],
            [
              17.336554525913925,
              188.61832094258338
            ],
            [
              17.360040783963978,
              188.77978057473075
            ],
            [
              17.861263486512645,
              190.28857261259694
            ],
            [
              17.92609032404103,
              190.629743553547
            ],
            [
              18.04456263533495,
              190.93525083215118
            ],
            [
              18.06660671789476,
              191.04620172997843
            ],
            [
              18.326057227728388,
              191.70825716274726
            ],
            [
              18.743273201442264,
              193.31664810773904
            ],
            [
              18.990926407911367,
              193.85325658291927
            ],
            [
              19.210791740391333,
              194.597689390545
            ],
            [
              19.324632720549577,
              194.82636559737222
            ],
            [
              19.361622094249537,
              194.94186994941944
            ],
            [
              19.228910090572363,
              194.6764920825627
            ],
            [
              19.284299651832768,
              194.85947495248382
            ],
            [
              19.422001530688707,
              195.13041295474056
            ],
            [
              19.50713394126999,
              195.39625048964405
            ],
            [
              19.647802727138792,
              195.66645387753158
            ],
            [
              19.709645142435445,
              195.85261332987358
            ],
            [
              20.586279741586278,
              197.4896352922819
            ],
            [
              20.739420630669056,
              197.884543231156
            ],
            [
              21.190871756220286,
              198.6304552857908
            ],
            [
              21.233221144651687,
              198.71180203346174
            ],
            [
              22.00765499491142,
              200.38982499729332
            ],
            [
              22.324054073430336,
              200.85140417906914
            ],
            [
              22.652444059085976,
              201.51105219134823
            ],
            [
              22.788558322640494,
              201.69936869378867
            ],
            [
              22.815336886419413,
              201.75080625053025
            ],
            [
              22.71985625984565,
              201.61917098384833
            ],
            [
              22.827627562713054,
              201.83121850086445
            ],
            [
              22.928293634053926,
              201.96777901892528
            ],
            [
              23.010747785046643,
              202.1261609286482
            ],
            [
              23.21972113313917,
              202.40730726059635
            ],
            [
              23.330672769059582,
              202.61449765092016
            ],
            [
              24.431138092624956,
              204.05858283680845
            ],
            [
              24.627833462534248,
              204.3883423938499
            ],
            [
              24.807393728892364,
              204.6058691957148
            ],
            [
              24.914914821476422,
              204.78352138117995
            ],
            [
              25.45326194489366,
              205.4164529006799
            ],
            [
              25.820770548406937,
              205.95259327535518
            ],
            [
              26.070095011410483,
              206.32937594250663
            ],
            [
              26.106537087622986,
              206.36948413978877
            ],
            [
              26.599979882750755,
              207.08934376357197
            ],
            [
              26.965012129343364,
              207.477566752832
            ],
            [
              27.37918468206053,
              208.0505818395486
            ],
            [
              27.512891695128086,
              208.1871047361148
            ],
            [
              27.68255734586999,
              208.41726797636272
            ],
            [
              27.69939075688897,
              208.43411735174658
            ],
            [
              27.742402257043832,
              208.4919837046129
            ],
            [
              28.027471942040858,
              208.77787050925568
            ],
            [
              28.197944006088463,
              209.0015724079226
            ],
            [
              29.439622320479245,
              210.21754426990356
            ],
            [
              29.695552707408083,
              210.52758902366156
            ],
            [
              30.176240189204847,
              210.9692304055722
            ],
            [
              30.420296533866402,
              211.25616600223938
            ],
            [
              30.987763852763862,
              211.75588658261395
            ],
            [
              31.368599003592127,
              212.16091644517954
            ],
            [
              31.78107668181427,
              212.6148899234554
            ],
            [
              31.847509993694192,
              212.67025297065183
            ],
            [
              32.48438392169832,
              213.34758792508268
            ],
            [
              32.878320548267936,
              213.66553007490162
            ],
            [
              33.35475419641659,
              214.1519974648725
            ],
            [
              33.496875983171314,
              214.2629519715105
            ],
            [
              33.6671338464968,
              214.43369785952538
            ],
            [
              33.781563459947414,
              214.52205822629847
            ],
            [
              33.81087337113568,
              214.5513959342285
            ],
            [
              34.057970363356375,
              214.74027870430683
            ],
            [
              34.27471111579242,
              214.952532275338
            ],
            [
              34.60132804979133,
              215.19876928075857
            ],
            [
              34.61423857934553,
              215.2112636237282
            ],
            [
              34.9863219088258,
              215.48901673912408
            ],
            [
              35.86812166285418,
              216.1538069205592
            ],
            [
              35.635779265945665,
              215.98529276160727
            ],
            [
              35.90870263600914,
              216.23604664823
            ],
            [
              36.79220493043155,
              216.86736801509284
            ],
            [
              37.209869994862096,
              217.23517039145887
            ],
            [
              37.77419913442507,
              217.61694270820342
            ],
            [
              38.063764718549024,
              217.85064807632864
            ],
            [
              38.730922982719115,
              218.40663291919236
            ],
            [
              38.8386150746414,
              218.47602173134695
            ],
            [
              39.61207376183972,
              219.1002721848983
            ],
            [
              40.01586178160804,
              219.35232545587365
            ],
            [
              40.53070109971646,
              219.75426061193718
            ],
            [
              40.65554137619616,
              219.83001297266298
            ],
            [
              40.73879807495755,
              219.89430220878552
            ],
            [
              41.031979092141285,
              220.0712626041071
            ],
            [
              41.16639885748064,
              220.1740140678211
            ],
            [
              41.32833988220146,
              220.27027377611947
            ],
            [
              41.51267504752073,
              220.40924433880906
            ],
            [
              41.81931204145144,
              220.58971367036673
            ],
            [
              41.866802439193826,
              220.62516434734883
            ],
            [
              43.35427052893971,
              221.49310412123654
            ],
            [
              44.00259604139925,
              221.87467214524943
            ],
            [
              43.033818574853875,
              221.3274176180348
            ],
            [
              43.21963151951685,
              221.46019337079434
            ],
            [
              44.606924964903016,
              222.2393259719621
            ],
            [
              45.22458653503992,
              222.65717802329664
            ],
            [
              45.759387393407486,
              222.937559158968
            ],
            [
              45.8739929311115,
              223.00909843015768
            ],
            [
              46.860344158963365,
              223.64463014700735
            ],
            [
              47.02140948200284,
              223.72534081641788
            ],
            [
              47.921434180608316,
              224.2871558236348
            ],
            [
              48.31697881899736,
              224.47892908534632
            ],
            [
              48.84649935434348,
              224.8002390963119
            ],
            [
              49.349064944186125,
              225.03788998784773
            ],
            [
              49.50196346319781,
              225.12877472112996
            ],
            [
              49.597995030021046,
              225.17333910751273
            ],
            [
              49.64381491627545,
              225.20058807951398
            ],
            [
              49.68969527817029,
              225.22177969606113
            ],
            [
              49.85211283268593,
              225.31736955663263
            ],
            [
              50.11727784773271,
              225.4393286375998
            ],
            [
              50.2093735028681,
              225.49306658508644
            ],
            [
              51.228895895710814,
              225.95836137383333
            ],
            [
              51.57029645620826,
              226.15009896736893
            ],
            [
              53.50252511832031,
              227.0019590234073
            ],
            [
              53.59765333421317,
              227.04694281412762
            ],
            [
              54.39225450100468,
              227.46352998683233
            ],
            [
              54.851953757988205,
              227.64935047921765
            ],
            [
              55.71706481198408,
              228.08675069931235
            ],
            [
              55.75332395128081,
              228.10094848132238
            ],
            [
              56.097656745558886,
              228.27349543184656
            ],
            [
              56.324560465507915,
              228.36127231977363
            ],
            [
              57.33827573145608,
              228.8527553639851
            ],
            [
              57.70871141151696,
              228.9909609422631
            ],
            [
              58.22979594638251,
              229.23736898686587
            ],
            [
              58.81719125736931,
              229.4515971470212
            ],
            [
              58.88086271321054,
              229.48114450788802
            ],
            [
              58.99024909887179,
              229.52033238174894
            ],
            [
              59.22212654241286,
              229.62698129207516
            ],
            [
              59.23044656721604,
              229.62993730534896
            ],
            [
              59.28163422971489,
              229.65348037117218
            ],
            [
              59.4791667334327,
              229.72366172771348
            ],
            [
              59.57154438563572,
              229.76582150808693
            ],
            [
              60.572480287438935,
              230.1188843255984
            ],
            [
              60.892509856837854,
              230.25997549781084
            ],
            [
              61.09242050401038,
              230.32824590779353
            ],
            [
              60.793276094503994,
              230.1967662255252
            ],
            [
              62.83685261910332,
              230.91760247914993
            ],
            [
              63.86388318144636,
              231.29216942525474
            ],
            [
              64.62790618176744,
              231.60100422966258
            ],
            [
              64.91878190693974,
              231.68981398083918
            ],
            [
              65.83082204583508,
              232.04693627680473
            ],
            [
              65.9218523924865,
              232.07395018192364
            ],
            [
              66.35915561332862,
              232.24311936000123
            ],
            [
              66.66415499354916,
              232.33214087069697
            ],
            [
              67.77623476977074,
              232.74704590506093
            ],
            [
              68.10618243212109,
              232.8393727248156
            ],
            [
              68.59679933278933,
              233.01830496006613
            ],
            [
              69.27564362813631,
              233.20425365492488
            ],
            [
              69.60081286080909,
              233.3197830864094
            ],
            [
              69.76844788013332,
              233.3645348363325
            ],
            [
              69.82580098362253,
              233.3848649205227
            ],
            [
              69.84874417672833,
              233.39092588073004
            ],
            [
              69.87230440561049,
              233.39923634374293
            ],
            [
              70.82277400057352,
              233.6512065997746
            ],
            [
              71.10830204196725,
              233.74871574559887
            ],
            [
              71.53523192703403,
              233.85839853659766
            ],
            [
              71.28061503966539,
              233.77258062841713
            ],
            [
              73.44943704200173,
              234.34753709006267
            ],
            [
              75.142354078654,
              234.8112600904963
            ],
            [
              75.8343334183445,
              235.02253421088716
            ],
            [
              75.9263513895435,
              235.04285666888555
            ],
            [
              76.85987704274474,
              235.319887069744
            ],
            [
              77.0148444969151,
              235.35324214528825
            ],
            [
              77.54964326162015,
              235.50933621314357
            ],
            [
              77.94418600969553,
              235.59226867378882
            ],
            [
              79.13733607663215,
              235.9261390530678
            ],
            [
              79.41314427564447,
              235.98111283666924
            ],
            [
              79.85281776568196,
              236.10154798239483
            ],
            [
              80.47864146124762,
              236.2237220555448
            ],
            [
              80.77691726909298,
              236.3033495964588
            ],
            [
              80.95403973009984,
              236.33701331399567
            ],
            [
              81.0205527440356,
              236.3546459676207
            ],
            [
              81.18535761928534,
              236.38574716108334
            ],
            [
              81.3149144183689,
              236.41997250190857
            ],
            [
              82.00457987265924,
              236.54808446114976
            ],
            [
              82.13040638641012,
              236.58041061982945
            ],
            [
              82.80999503082181,
              236.70462382418557
            ],
            [
              82.70250160504126,
              236.67773010306786
            ],
            [
              84.6224433826376,
              237.03437766489924
            ],
            [
              84.73498460979681,
              237.05561591087232
            ],
            [
              84.92197731666072,
              237.09115555744913
            ],
            [
              86.71977104776806,
              237.44212306533774
            ],
            [
              88.70197457185218,
              237.86877102597776
            ],
            [
              88.92887387898791,
              237.90123823130017
            ],
            [
              89.56312397306219,
              238.03455691786633
            ],
            [
              90.05722629006796,
              238.10267943038596
            ],
            [
              91.3127255306964,
              238.35292414324618
            ],
            [
              91.52269242270987,
              238.37975529553879
            ],
            [
              91.89295394860912,
              238.4520382069563
            ],
            [
              92.44669005073101,
              238.52129492301125
            ],
            [
              92.7083658955446,
              238.5710287719826
            ],
            [
              92.86725364550567,
              238.59029910617193
            ],
            [
              92.91575300501243,
              238.59945167499123
            ],
            [
              93.29042274973776,
              238.64453779754322
            ],
            [
              93.59312712685364,
              238.70076803291718
            ],
            [
              93.59835171100511,
              238.7015511307395
            ],
            [
              98.01610670610421,
              239.21787133624025
            ],
            [
              98.92256735090263,
              239.33124391074298
            ],
            [
              101.24526464036052,
              239.6636005439422
            ],
            [
              101.55063994820541,
              239.6872909346966
            ],
            [
              102.28366717826724,
              239.78835432772112
            ],
            [
              102.88529684904006,
              239.8317545458123
            ],
            [
              104.18357680510654,
              239.9976585456471
            ],
            [
              104.3181498428969,
              240.00607858951554
            ],
            [
              104.60295933320707,
              240.04170019685515
            ],
            [
              105.0682121297059,
              240.07006420741516
            ],
            [
              105.28477789951626,
              240.09632988717254
            ],
            [
              105.42082631890163,
              240.10425764318592
            ],
            [
              105.44873173014756,
              240.10761565863325
            ],
            [
              105.80437447227231,
              240.12811647613532
            ],
            [
              106.09088668551958,
              240.1616022726493
            ],
            [
              109.67918299926927,
              240.35814774743443
            ],
            [
              109.97054236831606,
              240.38713175703202
            ],
            [
              110.6970911165695,
              240.4139026842375
            ],
            [
              110.80618973798235,
              240.41987845615373
            ],
            [
              111.6826561112392,
              240.4733119908999
            ],
            [
              114.3692738646113,
              240.68173429206396
            ],
            [
              114.75794079012282,
              240.6882205105218
            ],
            [
              115.5864404877918,
              240.74798662465264
            ],
            [
              116.30093198514815,
              240.75582425144603
            ],
            [
              117.62217195546397,
              240.83849236010113
            ],
            [
              117.67412185177943,
              240.8385800748761
            ],
            [
              117.8602476642065,
              240.84992718455422
            ],
            [
              122.3231044539504,
              240.94285144304837
            ],
            [
              126.59054712405536,
              240.8856874534846
            ],
            [
              127.94603318267711,
              240.90830830984126
            ],
            [
              128.42081175631694,
              240.8887734814359
            ],
            [
              129.3389084312747,
              240.89884455873087
            ],
            [
              130.16843749523377,
              240.85967609604342
            ],
            [
              131.49315112388604,
              240.86191280812633
            ],
            [
              131.7061209133903,
              240.8498998867448
            ],
            [
              131.8928671065796,
              240.8497600681174
            ],
            [
              132.2807340918236,
              240.8275777818962
            ],
            [
              132.4813525945968,
              240.82687541349154
            ],
            [
              132.9190854720521,
              240.8009143169561
            ],
            [
              133.9091573195839,
              240.7876519345103
            ],
            [
              137.33174058100485,
              240.57789897303377
            ],
            [
              137.3725364822643,
              240.57699348675843
            ],
            [
              137.46232458349326,
              240.569896134488
            ],
            [
              140.10072150314454,
              240.40820202066416
            ],
            [
              141.84135409430235,
              240.33658345809457
            ],
            [
              142.40282284368345,
              240.28199643796475
            ],
            [
              143.4021881384077,
              240.2348086974032
            ],
            [
              144.08372700544237,
              240.16410359094678
            ],
            [
              145.66523857761052,
              240.06718067905896
            ],
            [
              146.05876126662307,
              240.02162537318586
            ],
            [
              146.13070140148795,
              240.01735874190854
            ],
            [
              147.23283769083707,
              239.89193246796867
            ],
            [
              148.00477675564733,
              239.84135939550458
            ],
            [
              148.02283466032566,
              239.83916020501493
            ],
            [
              148.0288573859411,
              239.83876409372047
            ],
            [
              148.84658821257884,
              239.73898799346273
            ],
            [
              148.84357173565576,
              239.73920635072759
            ],
            [
              150.45675912950975,
              239.5427435582586
            ],
            [
              151.48608342099692,
              239.4613800257393
            ],
            [
              151.54200245117698,
              239.4553955350403
            ],
            [
              153.03181582171786,
              239.25669906282852
            ],
            [
              154.11657838039446,
              239.1591209193039
            ],
            [
              154.45719046376493,
              239.11004874072518
            ],
            [
              155.91624099517486,
              238.9681971758545
            ],
            [
              156.50404218723503,
              238.87844167727388
            ],
            [
              156.90999858514044,
              238.83719056498293
            ],
            [
              156.98116553247036,
              238.82608046684118
            ],
            [
              157.6325481780519,
              238.75850386699202
            ],
            [
              158.29787684997433,
              238.65219195347422
            ],
            [
              159.2732968365658,
              238.5433006436577
            ],
            [
              159.6439291232327,
              238.48208497871008
            ],
            [
              159.82094420021505,
              238.4621498951233
            ],
            [
              159.87212404775664,
              238.45354539341034
            ],
            [
              159.90965866694376,
              238.44927384598756
            ],
            [
              159.99786292792584,
              238.43445196967323
            ],
            [
              160.18105020105645,
              238.4136758310509
            ],
            [
              160.4228366688327,
              238.37244364730407
            ],
            [
              160.7116273204171,
              238.3393799748486
            ],
            [
              160.95318991646363,
              238.29740394476607
            ],
            [
              161.37431918225002,
              238.24865282303873
            ],
            [
              162.0100817921734,
              238.13571667394058
            ],
            [
              162.26432102736106,
              238.1047540280042
            ],
            [
              164.0455042283956,
              237.7878029744437
            ],
            [
              164.9540660589656,
              237.66662804469235
            ],
            [
              166.58687105160288,
              237.3625186883009
            ],
            [
              167.88414194776826,
              237.17562012483367
            ],
            [
              167.89855352677284,
              237.17315321884615
            ],
            [
              167.8940934649622,
              237.14470585199476
            ],
            [
              168.00486317844536,
              237.12230042394168
            ],
            [
              170.02842253176712,
              236.81330891267066
            ],
            [
              170.48645315020278,
              236.71772713022307
            ],
            [
              170.7721173520672,
              236.67313118453393
            ],
            [
              171.04810821346078,
              236.61485078473018
            ],
            [
              171.8830317486374,
              236.4814395514376
            ],
            [
              172.2888592649997,
              236.39357883749344
            ],
            [
              172.87550715148572,
              236.29668484916007
            ],
            [
              173.32795343082023,
              236.19741738723997
            ],
            [
              173.45845320951443,
              236.17571811914547
            ],
            [
              173.51832724257733,
              236.16246819547314
            ],
            [
              173.68485526671188,
              236.13448476531914
            ],
            [
              173.7426520675746,
              236.12159272409212
            ],
            [
              173.91801417801145,
              236.09211034671296
            ],
            [
              174.09987704367026,
              236.0512918105548
            ],
            [
              174.10892730001007,
              236.04977024685928
            ],
            [
              174.20638624956473,
              236.02789590270572
            ],
            [
              174.25176338869716,
              236.02024584988735
            ],
            [
              174.36268481635148,
              235.9952618907844
            ],
            [
              174.68017040719323,
              235.94112062995512
            ],
            [
              175.21007783535296,
              235.8200023687647
            ],
            [
              175.75003218071396,
              235.7261751777418
            ],
            [
              176.1261144755794,
              235.63812957572213
            ],
            [
              176.49620445081177,
              235.57227424568336
            ],
            [
              176.6675969828316,
              235.53197229647049
            ],
            [
              177.05561297057605,
              235.46304557639957
            ],
            [
              178.05965819157967,
              235.22571611305136
            ],
            [
              178.31843402145975,
              235.17751920562637
            ],
            [
              181.30572306046236,
              234.4599629957802
            ],
            [
              184.03398044553845,
              233.89063052467338
            ],
            [
              184.359943020875,
              233.80381910503976
            ],
            [
              184.52399146439961,
              233.76917734615338
            ],
            [
              185.0003821573923,
              233.6415636793635
            ],
            [
              186.00518061300872,
              233.4240271493867
            ],
            [
              186.14910813428835,
              233.38443484224658
            ],
            [
              186.35080537245585,
              233.34018213463335
            ],
            [
              186.67425511858647,
              233.25110526742492
            ],
            [
              187.11309631187478,
              233.15399117608516
            ],
            [
              187.5406136510106,
              233.03507194409227
            ],
            [
              188.0598399178765,
              232.91853329774796
            ],
            [
              188.20620925884506,
              232.87714435633947
            ],
            [
              188.2769813287127,
              232.86120364464202
            ],
            [
              188.73532514484182,
              232.7310647500722
            ],
            [
              189.14137138597675,
              232.6384653114311
            ],
            [
              189.19201921765756,
              232.62387584910866
            ],
            [
              189.2615964790271,
              232.60798567419124
            ],
            [
              189.6431034004834,
              232.49790490387628
            ],
            [
              189.77807079571073,
              232.46667706118143
            ],
            [
              189.90963480247672,
              232.42855256382813
            ],
            [
              190.07017404158685,
              232.39138298422858
            ],
            [
              190.1517231426654,
              232.36747504423457
            ],
            [
              190.44105411057777,
              232.2990849339998
            ],
            [
              190.5423301961316,
              232.26941011410523
            ],
            [
              190.55166207457032,
              232.26721577759105
            ],
            [
              190.8849538604505,
              232.16901824493695
            ],
            [
              190.89516309757417,
              232.16602684503013
            ],
            [
              191.18627900999314,
              232.0969603379012
            ],
            [
              191.3723680115047,
              232.04192326055016
            ],
            [
              191.5115052247586,
              232.00850206491634
            ],
            [
              195.1608340036568,
              230.9272904773153
            ],
            [
              195.79860575207232,
              230.75743701844794
            ],
            [
              196.18300143967716,
              230.6579551376555
            ],
            [
              196.23853790292313,
              230.64027284854822
            ],
            [
              197.78905031740078,
              230.2273353089506
            ],
            [
              197.98465909964682,
              230.1633865957474
            ],
            [
              198.0292386130267,
              230.15144481088527
            ],
            [
              198.55655795242313,
              229.97876288868798
            ],
            [
              199.5702347743754,
              229.6996000303425
            ],
            [
              199.64341582830465,
              229.67513251846233
            ],
            [
              200.13472277531494,
              229.54016483450553
            ],
            [
              200.2746168819598,
              229.4929515532239
            ],
            [
              200.49927266253687,
              229.43046077111177
            ],
            [
              201.03097406101858,
              229.25067835265818
            ],
            [
              201.72056921584291,
              229.05568114032576
            ],
            [
              201.91150231171048,
              228.98991439348532
            ],
            [
              202.0063857948402,
              228.96297384978453
            ],
            [
              202.53002477771918,
              228.78177001497428
            ],
            [
              203.11300568014838,
              228.6138382866284
            ],
            [
              203.15361442300815,
              228.5995550259282
            ],
            [
              203.26158876422113,
              228.56839989351178
            ],
            [
              203.6912462433979,
              228.41698944847775
            ],
            [
              203.8667775835618,
              228.36566079903366
            ],
            [
              204.17437222541923,
              228.25678788324103
            ],
            [
              204.29211941256196,
              228.221902119074
            ],
            [
              204.33824857123435,
              228.20837832613537
            ],
            [
              204.34053902475267,
              228.20755650952756
            ],
            [
              204.41053918665907,
              228.1868170829736
            ],
            [
              204.42757470557888,
              228.1807578246059
            ],
            [
              204.6630047414435,
              228.11112780354796
            ],
            [
              208.54148568654014,
              226.7231296439721
            ],
            [
              209.48923016161072,
              226.4213766904906
            ],
            [
              209.5222478806562,
              226.40983201400365
            ],
            [
              209.85043062042888,
              226.28421097185264
            ],
            [
              211.15156517761042,
              225.85884213268258
            ],
            [
              211.31670263312793,
              225.79396286582303
            ],
            [
              211.33152205754385,
              225.78908397017057
            ],
            [
              211.343808242025,
              225.8037598596775
            ],
            [
              212.0743964983369,
              225.51893154970128
            ],
            [
              212.4066548940399,
              225.40784355891782
            ],
            [
              212.4668717869201,
              225.38389644044477
            ],
            [
              213.48464067007737,
              225.03976164643728
            ],
            [
              213.5628493134235,
              225.00826616799077
            ],
            [
              213.8226746111961,
              224.92057694960775
            ],
            [
              214.36942138347948,
              224.69879448030935
            ],
            [
              214.94985335114583,
              224.49886516945494
            ],
            [
              215.17939941298098,
              224.40448859248644
            ],
            [
              215.2964141027644,
              224.36399597980855
            ],
            [
              215.8190320404723,
              224.14800735610456
            ],
            [
              216.45794043143349,
              223.9233122413829
            ],
            [
              216.506717625336,
              223.90288527506854
            ],
            [
              216.61640783693863,
              223.8643040785479
            ],
            [
              216.64729610745158,
              223.85130312647476
            ],
            [
              216.78987907995383,
              223.8010571692456
            ],
            [
              217.25590152717825,
              223.60448775303567
            ],
            [
              217.68570379100086,
              223.45067373161373
            ],
            [
              221.05209040254772,
              222.01887339775672
            ],
            [
              223.38213340583033,
              221.11047909348983
            ],
            [
              224.11701995174337,
              220.7750189754378
            ],
            [
              224.27528099163757,
              220.71293662278129
            ],
            [
              224.5777681175146,
              220.5724375570564
            ],
            [
              225.9404100385633,
              220.02368671037794
            ],
            [
              226.2122587507643,
              219.89486357859886
            ],
            [
              226.91506552967678,
              219.60977689721832
            ],
            [
              227.34820798779728,
              219.40135113985696
            ],
            [
              227.6104673883368,
              219.29352465700254
            ],
            [
              227.87120417991602,
              219.16706069276208
            ],
            [
              228.00767035616596,
              219.1106616688009
            ],
            [
              228.3573772657199,
              218.94005314110785
            ],
            [
              228.99718649240677,
              218.6721131372455
            ],
            [
              229.15380320514856,
              218.59485745286193
            ],
            [
              229.26377552161753,
              218.5485983742997
            ],
            [
              229.3668448562318,
              218.49761252044001
            ],
            [
              229.50433302922235,
              218.4397433967215
            ],
            [
              229.52630290052713,
              218.42880222755065
            ],
            [
              229.6982844020284,
              218.3562600065672
            ],
            [
              229.8987030786938,
              218.2562090205354
            ],
            [
              230.1212785216676,
              218.16154265261085
            ],
            [
              231.05354815386204,
              217.69506845860263
            ],
            [
              231.2006824778827,
              217.631736897897
            ],
            [
              231.24481666757453,
              217.60919413579657
            ],
            [
              231.24824539319613,
              217.60771829656332
            ],
            [
              232.21517581363787,
              217.1138317566711
            ],
            [
              233.0229446234369,
              216.70965329640433
            ],
            [
              234.8405948626744,
              215.87993452249637
            ],
            [
              235.9600517501222,
              215.28560026921693
            ],
            [
              236.52187783592476,
              215.02464357585458
            ],
            [
              236.73349759265832,
              214.90907965909483
            ],
            [
              237.74288502086233,
              214.4307531346479
            ],
            [
              238.1705239104788,
              214.19371252050664
            ],
            [
              239.273315946064,
              213.66305508686028
            ],
            [
              239.88287260588965,
              213.3172080178735
            ],
            [
              240.00669298380535,
              213.2568008260271
            ],
            [
              240.10216236497814,
              213.20210952732577
            ],
            [
              240.15739155126371,
              213.17499634480248
            ],
            [
              240.2595349053027,
              213.11663684634502
            ],
            [
              240.82850288274523,
              212.83597707690197
            ],
            [
              240.92618366771958,
              212.7794931440375
            ],
            [
              240.9776764345818,
              212.7540209442208
            ],
            [
              241.29064536752733,
              212.57279319960384
            ],
            [
              241.84255139762533,
              212.29663927195446
            ],
            [
              243.0831930585137,
              211.56945599451245
            ],
            [
              243.09707785346288,
              211.56237523969668
            ],
            [
              243.1758176568276,
              211.5153798303258
            ],
            [
              243.5355486955659,
              211.3316372214864
            ],
            [
              243.9890732362982,
              211.05784771305576
            ],
            [
              244.16171082080783,
              210.97143902698954
            ],
            [
              244.17221728831836,
              210.96555280479427
            ],
            [
              244.70371381726295,
              210.6434761071615
            ],
            [
              245.61945805626644,
              210.15729555426427
            ],
            [
              246.44284679940634,
              209.6499028239112
            ],
            [
              246.49555007745616,
              209.62174431523601
            ],
            [
              246.88323713796555,
              209.3785232864064
            ],
            [
              247.05631042796531,
              209.27187119783392
            ],
            [
              247.96470625069776,
              208.77580324622014
            ],
            [
              248.0915492477409,
              208.69447941522878
            ],
            [
              248.77495371410626,
              208.3156677160378
            ],
            [
              249.31699840931333,
              207.96452307061023
            ],
            [
              250.76141576363744,
              207.14499710804273
            ],
            [
              251.3431035356219,
              206.75590720921474
            ],
            [
              251.8302093307067,
              206.47423818869134
            ],
            [
              252.17469458824888,
              206.24061037560443
            ],
            [
              252.72984198566445,
              205.91521915536566
            ],
            [
              252.96922445736465,
              205.75070394420013
            ],
            [
              253.09797049842726,
              205.67499226810895
            ],
            [
              254.39067844105142,
              204.77847334600406
            ],
            [
              254.8700559259713,
              204.48907660082043
            ],
            [
              255.19627116567577,
              204.25582387137914
            ],
            [
              255.62085263284374,
              203.99418615568675
            ],
            [
              256.7081194136418,
              203.2147427050304
            ],
            [
              257.1631609505136,
              202.92926588098348
            ],
            [
              257.6832701112666,
              202.54486528913793
            ],
            [
              258.4836680964208,
              202.03169994310434
            ],
            [
              258.5344603967557,
              201.99331359299967
            ],
            [
              258.9274950666599,
              201.73869986644857
            ],
            [
              259.42384855765437,
              201.36135711541573
            ],
            [
              259.5188062816437,
              201.2994775135707
            ],
            [
              259.610466054764,
              201.22902731432487
            ],
            [
              260.54601167596655,
              200.60628308934332
            ],
            [
              260.60166835231024,
              200.5628699453744
            ],
            [
              261.25339420604996,
              200.1269317003101
            ],
            [
              261.6313052161609,
              199.82719438212214
            ],
            [
              261.8895995428151,
              199.65202073579493
            ],
            [
              262.17167923483925,
              199.4263319873649
            ],
            [
              262.67244399962215,
              199.08218222385585
            ],
            [
              263.072321517577,
              198.75792632779704
            ],
            [
              263.1127713756509,
              198.7299630077578
            ],
            [
              263.1162050036518,
              198.7271454236169
            ],
            [
              263.3336679775539,
              198.57633048349518
            ],
            [
              264.3320752827412,
              197.75394059101424
            ],
            [
              264.4875498956139,
              197.6434819281901
            ],
            [
              264.5340378409033,
              197.6044720969218
            ],
            [
              264.7544036184267,
              197.44649554041345
            ],
            [
              264.9547348845427,
              197.27825807885938
            ],
            [
              265.12303541415616,
              197.15791864305152
            ],
            [
              265.10998696757775,
              197.153364977878
            ],
            [
              265.70011191648854,
              196.65229318488582
            ],
            [
              266.0226841718585,
              196.38139818949844
            ],
            [
              266.807796184544,
              195.8011401492365
            ],
            [
              267.2572228835772,
              195.40619195260913
            ],
            [
              268.10067688531365,
              194.76497302465296
            ],
            [
              268.1174635973762,
              194.75110305213943
            ],
            [
              268.52781270883037,
              194.3803439907801
            ],
            [
              269.41054227227386,
              193.69180007946534
            ],
            [
              269.5377239608404,
              193.5743357216102
            ],
            [
              270.13469873413356,
              193.10470574086463
            ],
            [
              270.2850183298032,
              192.96356593085704
            ],
            [
              270.6349781516699,
              192.68599789056935
            ],
            [
              270.83875690388675,
              192.49190187068012
            ],
            [
              270.90432560018064,
              192.43944110366897
            ],
            [
              271.12832032048067,
              192.2254132627046
            ],
            [
              271.5699736398734,
              191.86728186897523
            ],
            [
              272.0875616416676,
              191.36573253232785
            ],
            [
              272.19958342832103,
              191.27345998524387
            ],
            [
              272.2254026132371,
              191.2522731455382
            ],
            [
              272.225892682727,
              191.25178900508232
            ],
            [
              272.4416729162192,
              191.07405043876727
            ],
            [
              273.4597054997805,
              190.06366568008343
            ],
            [
              273.5868491541078,
              189.9557087144317
            ],
            [
              274.32564937042525,
              189.20422708950284
            ],
            [
              274.41045381978535,
              189.12005972150197
            ],
            [
              275.32926771039047,
              188.31262240211117
            ],
            [
              275.7780353151525,
              187.83568652469984
            ],
            [
              276.3226433208354,
              187.3455860867413
            ],
            [
              276.3654651272792,
              187.29886002304153
            ],
            [
              276.46900106151577,
              187.20531312669542
            ],
            [
              276.657671455727,
              186.9983885874272
            ],
            [
              277.2291434599339,
              186.47057996369546
            ],
            [
              277.3844804258274,
              186.29765702575088
            ],
            [
              278.16611357801685,
              185.56375700357555
            ],
            [
              278.4333572313279,
              185.25816586951385
            ],
            [
              278.44658123109673,
              185.2455702200925
            ],
            [
              278.675159527235,
              185.0280458611447
            ],
            [
              278.67608871463733,
              185.02696799289842
            ],
            [
              278.80506329698596,
              184.90412175486455
            ],
            [
              279.04306369924717,
              184.62576284424998
            ],
            [
              279.3335636510095,
              184.34426470750932
            ],
            [
              279.9118873660267,
              183.65995491169434
            ],
            [
              280.3245929849034,
              183.25034968503527
            ],
            [
              281.8372934383432,
              181.3961005145431
            ],
            [
              282.640202576971,
              180.54279432565946
            ],
            [
              283.03294167805535,
              180.02347955990783
            ],
            [
              283.45940287119123,
              179.5581359761371
            ],
            [
              283.5326668052722,
              179.4582270737792
            ],
            [
              283.59489202323755,
              179.38998147217282
            ],
            [
              283.6173304035357,
              179.35917510234384
            ],
            [
              283.9292552496256,
              179.0119366939458
            ],
            [
              284.0797730117234,
              178.8040555990875
            ],
            [
              284.12653040864734,
              178.7519867768525
            ],
            [
              284.1420090408911,
              178.73036489516056
            ],
            [
              284.9780523381773,
              177.77435558987352
            ],
            [
              285.1842346176373,
              177.47744266233954
            ],
            [
              285.3707373919685,
              177.26109726381569
            ],
            [
              285.4932945465824,
              177.08174520879126
            ],
            [
              285.67696926697255,
              176.86692416399717
            ],
            [
              285.7698492632532,
              176.72843782926662
            ],
            [
              285.88688155822024,
              176.58995769470658
            ],
            [
              286.2717280039672,
              176.01367004901
            ],
            [
              286.3155436906678,
              175.96068134140546
            ],
            [
              286.49710835197214,
              175.68415806182225
            ],
            [
              286.89955204784684,
              175.19084764630728
            ],
            [
              287.9931047932383,
              173.46470825561173
            ],
            [
              288.6670532823916,
              172.5735532857955
            ],
            [
              288.97142902131776,
              172.04815654267907
            ],
            [
              289.4499273932241,
              171.38729921892156
            ],
            [
              289.5970680071383,
              171.1227390291069
            ],
            [
              290.503623833103,
              169.8172527139667
            ],
            [
              290.65157572245096,
              169.53303593772083
            ],
            [
              290.788071097881,
              169.33328647256988
            ],
            [
              290.9671600049891,
              168.9825035063624
            ],
            [
              291.1669552679003,
              168.68332043489283
            ],
            [
              291.170953863739,
              168.6752594316895
            ],
            [
              291.1794560263668,
              168.66258250031754
            ],
            [
              291.4789377276796,
              168.05437674896007
            ],
            [
              291.6891111769477,
              167.63067580127583
            ],
            [
              292.0991420296821,
              166.98345470537362
            ],
            [
              292.81819540917087,
              165.4080789241202
            ],
            [
              293.3508888191742,
              164.488572712224
            ],
            [
              293.52452718522756,
              164.0611309659189
            ],
            [
              293.74240256486877,
              163.6693890106506
            ],
            [
              293.7989789178337,
              163.52481514972314
            ],
            [
              293.81152000519876,
              163.502314102198
            ],
            [
              293.8698686469601,
              163.35066919634198
            ],
            [
              294.69032479161143,
              161.77456630563842
            ],
            [
              294.78393281723476,
              161.50655812230178
            ],
            [
              294.8762984743525,
              161.32564072377215
            ],
            [
              295.00633172901206,
              160.94329689368428
            ],
            [
              295.12479441892384,
              160.7044810292001
            ],
            [
              295.1773607121132,
              160.5433932057117
            ],
            [
              295.25748588691846,
              160.3806701013227
            ],
            [
              295.5804186007849,
              159.3595205360939
            ],
            [
              295.60266941719226,
              159.3117813379606
            ],
            [
              295.6062643534151,
              159.29969195793484
            ],
            [
              295.87212178174326,
              158.71722427778667
            ],
            [
              296.2673144310683,
              157.30927193418856
            ],
            [
              296.64795631776116,
              156.372254174448
            ],
            [
              296.7217806922536,
              156.0559573119754
            ],
            [
              296.7705260982095,
              155.93139446598437
            ],
            [
              296.83360888763883,
              155.64807156594003
            ],
            [
              296.92853868677804,
              155.40135424710797
            ],
            [
              296.9474212309219,
              155.31229651335124
            ],
            [
              297.50050271485054,
              153.7287745583274
            ],
            [
              297.5445673981059,
              153.4799849130003
            ],
            [
              297.59915388075467,
              153.319481317962
            ],
            [
              297.668087707766,
              152.91063528675804
            ],
            [
              297.7258013147005,
              152.73377367521636
            ],
            [
              297.77407055005693,
              152.4229463269077
            ],
            [
              297.8727227166983,
              152.11099707943308
            ],
            [
              298.0151806031381,
              151.0821513703466
            ],
            [
              298.1838562135517,
              150.4812109900205
            ],
            [
              298.3100103849486,
              149.25126614975056
            ],
            [
              298.5300094125949,
              148.30869125265568
            ],
            [
              298.5515931384159,
              147.9321115625966
            ],
            [
              298.5620704342154,
              147.8850550221851
            ],
            [
              298.57153825515815,
              147.68169711389405
            ],
            [
              298.6031591753314,
              147.50316508020896
            ],
            [
              298.63282174845085,
              147.36326435925136
            ],
            [
              298.6340496691513,
              147.32875704108355
            ],
            [
              298.9115961029115,
              145.76172708154664
            ],
            [
              298.9117287413501,
              145.53460927943917
            ],
            [
              298.93519026983455,
              145.39545912308103
            ],
            [
              298.9320176732575,
              144.9664032279085
            ],
            [
              298.9499707144773,
              144.85079550892502
            ],
            [
              298.9406950484893,
              144.39798954843542
            ],
            [
              299.00376729316514,
              143.94247522124607
            ],
            [
              298.95838900926344,
              142.92987435820964
            ],
            [
              299.016496110593,
              142.36335698767203
            ],
            [
              298.9307946354689,
              141.31603501341928
            ],
            [
              298.9844055672323,
              140.38066415871089
            ],
            [
              298.91506052081957,
              139.8295781892938
            ],
            [
              298.9152570339817,
              139.4930872139857
            ],
            [
              298.91857187343726,
              139.38880015867778
            ],
            [
              298.915330716988,
              139.36691925554962
            ],
            [
              298.91615605244994,
              137.9536911186447
            ],
            [
              298.8786576710405,
              137.7500985546505
            ],
            [
              298.87778902910753,
              137.63262508017917
            ],
            [
              298.7930545444291,
              137.1906903279189
            ],
            [
              298.79188298635506,
              137.13349891119768
            ],
            [
              298.7392485133838,
              136.87653902959326
            ],
            [
              298.7380263300409,
              136.8287589712237
            ],
            [
              298.67087315232965,
              136.5140564859024
            ],
            [
              298.64613477023346,
              135.9620279623947
            ],
            [
              298.4107142980708,
              134.96035017878543
            ],
            [
              298.3689058507454,
              134.449426585817
            ],
            [
              298.1291144210568,
              133.58365449776204
            ],
            [
              298.01398032042255,
              132.6686823297107
            ],
            [
              297.84645832929584,
              132.1459070496881
            ],
            [
              297.842597640459,
              132.12494594392427
            ],
            [
              297.80820405834214,
              131.89275640000918
            ],
            [
              297.78990467414206,
              131.8388563658007
            ],
            [
              297.52165844457073,
              130.3824484994062
            ],
            [
              297.4533834748352,
              130.2036034941305
            ],
            [
              297.43496677911537,
              130.1075507725973
            ],
            [
              297.2612226311917,
              129.66086203572965
            ],
            [
              297.2604999175426,
              129.65733376987023
            ],
            [
              297.2409270923377,
              129.60868307763377
            ],
            [
              297.1444135449179,
              129.36055089531754
            ],
            [
              297.11911424715834,
              129.241989836055
            ],
            [
              296.9983677181333,
              128.95103340662618
            ],
            [
              296.8841026832756,
              128.46485331444026
            ],
            [
              296.4121412356903,
              127.38448607137322
            ],
            [
              296.25635237534004,
              126.8220070574377
            ],
            [
              295.90975048813135,
              126.10214540883092
            ],
            [
              295.63671153026195,
              125.25009000585901
            ],
            [
              295.4052917298785,
              124.81508344240308
            ],
            [
              295.36069331349574,
              124.68372076144065
            ],
            [
              295.3126350120171,
              124.59595296549213
            ],
            [
              294.75012052535163,
              123.1224567966021
            ],
            [
              294.6583282415514,
              122.9689324310641
            ],
            [
              294.6289926875721,
              122.8935119826193
            ],
            [
              294.1686060662051,
              122.13230865300646
            ],
            [
              294.10655732663264,
              121.98279313598634
            ],
            [
              293.9339314081801,
              121.71161441463568
            ],
            [
              293.75519079790485,
              121.30245917253802
            ],
            [
              293.17450099260486,
              120.42127267310664
            ],
            [
              292.96571593547185,
              119.98764446454763
            ],
            [
              292.43068160276806,
              119.22362183504133
            ],
            [
              291.8851910201246,
              118.19824724150149
            ],
            [
              291.6211886465812,
              117.8543474281183
            ],
            [
              291.6075761528169,
              117.82948723668298
            ],
            [
              291.5124711504403,
              117.70742575545388
            ],
            [
              290.6375394855011,
              116.2440856664266
            ],
            [
              290.52973658289034,
              116.11580113929222
            ],
            [
              290.4958334853473,
              116.05974575119544
            ],
            [
              289.8527965215986,
              115.30054387475792
            ],
            [
              289.73942525563206,
              115.12244851562521
            ],
            [
              289.5181651476867,
              114.87284775755757
            ],
            [
              289.2982559583382,
              114.53913945582956
            ],
            [
              288.6555702348214,
              113.83280794193163
            ],
            [
              288.45099217920256,
              113.54067292472058
            ],
            [
              287.70617830378217,
              112.75450189187121
            ],
            [
              286.8059244434953,
              111.58179601657142
            ],
            [
              286.34698171657055,
              111.13835881480149
            ],
            [
              285.2331735716967,
              109.81293669975511
            ],
            [
              285.11695150199637,
              109.70916635201574
            ],
            [
              285.0844461522301,
              109.67078889640088
            ],
            [
              284.2502442106586,
              108.93017209164815
            ],
            [
              284.0703286456822,
              108.72721159496413
            ],
            [
              283.80427129793065,
              108.50108016723978
            ],
            [
              283.5658465166251,
              108.23904394865531
            ],
            [
              282.9155243007602,
              107.69783803280195
            ],
            [
              282.7594533406519,
              107.53310094618725
            ],
            [
              281.8992510453329,
              106.83620172351607
            ],
            [
              281.83525270116274,
              106.77905999091591
            ],
            [
              280.579285958924,
              105.56552648223509
            ],
            [
              279.96753861814625,
              105.11144780360159
            ],
            [
              278.59868826241416,
              103.88925241695715
            ],
            [
              278.4815590426001,
              103.80864819692991
            ],
            [
              278.4559401339309,
              103.78590335142714
            ],
            [
              277.4265203799893,
              103.08040701952264
            ],
            [
              277.16451048727964,
              102.85771566513657
            ],
            [
              276.85811848407525,
              102.65679255912536
            ],
            [
              276.6226502393112,
              102.46083307326587
            ],
            [
              276.0172641597207,
              102.070866742832
            ],
            [
              275.9504992032743,
              102.01677662181537
            ],
            [
              275.0327160481438,
              101.4352754381527
            ],
            [
              274.7882439092744,
              101.26703828858845
            ],
            [
              273.1973608633757,
              100.08618138379694
            ],
            [
              272.41183500145615,
              99.63167704582084
            ],
            [
              270.8071911176441,
              98.52741741802471
            ],
            [
              270.69642530336523,
              98.46804420857318
            ],
            [
              270.6826319598488,
              98.45859116163273
            ],
            [
              269.45843486404857,
              97.8042918381854
            ],
            [
              269.0988252992408,
              97.56847017848762
            ],
            [
              268.7572556251677,
              97.39424965066401
            ],
            [
              268.5445061206189,
              97.25720463692933
            ],
            [
              266.8540979423355,
              96.40846193887049
            ],
            [
              266.677582507349,
              96.31384531044134
            ],
            [
              264.7373194771038,
              95.19121140770974
            ],
            [
              263.75847726355784,
              94.74913287482254
            ],
            [
              261.9421791108159,
              93.77555225027326
            ],
            [
              260.41856697877114,
              93.14103032932077
            ],
            [
              259.96063104694394,
              92.90745619845232
            ],
            [
              259.5897642078932,
              92.76108830889075
            ],
            [
              259.4173351107819,
              92.67451280660384
            ],
            [
              257.6103672961492,
              91.97153041556115
            ],
            [
              257.5846025163358,
              91.96080044220727
            ],
            [
              255.2865585560211,
              90.92292540125214
            ],
            [
              254.09673862993634,
              90.50824828233483
            ],
            [
              252.0964216553005,
              89.67519835935023
            ],
            [
              250.4129404893277,
              89.13932389333979
            ],
            [
              249.84661813012846,
              88.91581669398718
            ],
            [
              249.4530433876174,
              88.79800678151608
            ],
            [
              249.33601262076655,
              88.752477155786
            ],
            [
              247.52158678151304,
              88.21667040136407
            ],
            [
              244.94062239585793,
              87.31715035466834
            ],
            [
              243.5248655518116,
              86.94675794512094
            ],
            [
              241.3708012579788,
              86.261090605002
            ],
            [
              239.5161752986648,
              85.82357414303827
            ],
            [
              238.86159825827903,
              85.6276376270341
            ],
            [
              238.45255303164765,
              85.53855072618046
            ],
            [
              238.40320423082022,
              85.52397784023705
            ],
            [
              238.01968203247785,
              85.44155614459862
            ],
            [
              237.96197135028905,
              85.42467378431745
            ],
            [
              236.56508250807818,
              85.12592916202499
            ],
            [
              233.80208326186107,
              84.4030691930349
            ],
            [
              232.35712346286758,
              84.13419422903907
            ],
            [
              230.32880054144513,
              83.65473734389099
            ],
            [
              230.3076343193372,
              83.6512286903613
            ],
            [
              230.19219807496967,
              83.62399664555707
            ],
            [
              228.02485704650385,
              83.26747883022031
            ],
            [
              227.11727398149435,
              83.0698142267328
            ],
            [
              226.59355480271228,
              82.99337559871395
            ],
            [
              226.49208564021018,
              82.97167496963729
            ],
            [
              224.81651467765485,
              82.73105421293475
            ],
            [
              221.9794124907548,
              82.2031324334639
            ],
            [
              221.18686796597066,
              82.10912262139138
            ],
            [
              221.1559213450574,
              82.10349106431666
            ],
            [
              220.6980199590404,
              82.0511365930698
            ],
            [
              220.54661446545026,
              82.03317722100353
            ],
            [
              218.68574615251254,
              81.72470733229103
            ],
            [
              218.58116016070306,
              81.71403332339429
            ],
            [
              218.3905699085132,
              81.68268208727555
            ],
            [
              216.3562124708787,
              81.47898857003838
            ],
            [
              216.24750481885363,
              81.46228310608153
            ],
            [
              215.8750638036088,
              81.42897471439824
            ],
            [
              214.73100717687632,
              81.26199568734084
            ],
            [
              214.39994428822615,
              81.23518020620288
            ],
            [
              214.17753441288139,
              81.20324098446991
            ],
            [
              212.28332286009905,
              81.0530045409569
            ],
            [
              209.5858573407266,
              80.73303737366976
            ],
            [
              208.75713458056228,
              80.68586721561076
            ],
            [
              208.61774861722552,
              80.66993042521632
            ],
            [
              208.06890230449827,
              80.64115604869063
            ],
            [
              206.5353481422468,
              80.48464205971752
            ],
            [
              206.3414859286207,
              80.47624694960905
            ],
            [
              206.0714022296523,
              80.44920435740009
            ],
            [
              205.58724675402956,
              80.4294591088287
            ],
            [
              205.3758712876783,
              80.40872557667292
            ],
            [
              204.9757959519234,
              80.39393578983601
            ],
            [
              204.97507774100106,
              80.39386635672956
            ],
            [
              204.9294942376045,
              80.39222413099637
            ],
            [
              204.3680427801437,
              80.37146867163085
            ],
            [
              204.33758372514325,
              80.36864555259415
            ],
            [
              204.29252925150323,
              80.36714206497166
            ],
            [
              204.20106552750798,
              80.35868871026788
            ],
            [
              203.7343138047266,
              80.34319511512963
            ],
            [
              203.68552545196297,
              80.33883184283417
            ],
            [
              203.12614692593482,
              80.32202348917427
            ],
            [
              201.8246020537151,
              80.21660076385994
            ],
            [
              201.70675293574578,
              80.21414034563914
            ],
            [
              201.35874767322883,
              80.18653884944622
            ],
            [
              199.25452554623257,
              80.14498721125997
            ],
            [
              196.73833622319052,
              80.00176796620018
            ],
            [
              195.88537233858324,
              80.00240988150905
            ],
            [
              195.62608026252437,
              79.9888159706948
            ],
            [
              195.14648768138406,
              79.99145292392461
            ],
            [
              193.98509607948262,
              79.94115941805168
            ],
            [
              193.69834878156223,
              79.94459575914789
            ],
            [
              193.3464123111736,
              79.93024278073969
            ],
            [
              192.69712877990273,
              79.94002410398677
            ],
            [
              192.20166145602872,
              79.9217079133846
            ],
            [
              191.9898879897659,
              79.9260521003015
            ],
            [
              191.87965944463164,
              79.92208092345726
            ],
            [
              191.37077266300972,
              79.93279341426526
            ],
            [
              191.3422058854271,
              79.93184515405557
            ],
            [
              190.3839206130093,
              79.95356747226197
            ],
            [
              189.98552140117653,
              79.96195410765709
            ],
            [
              188.15381227974808,
              79.92578372730637
            ],
            [
              185.85614044815307,
              80.00995758382886
            ],
            [
              183.5563624492436,
              80.01168832850837
            ],
            [
              182.69116408315753,
              80.05993627223839
            ],
            [
              182.30381025106348,
              80.06206606735616
            ],
            [
              181.91312868599388,
              80.08582825354964
            ],
            [
              181.14454853387542,
              80.09503881483994
            ],
            [
              180.76360681590253,
              80.11980016510172
            ],
            [
              180.32945754048203,
              80.12634053490127
            ],
            [
              179.62052595787588,
              80.17500569640863
            ],
            [
              179.38880690708828,
              80.1791706472379
            ],
            [
              179.28532096152537,
              80.18666555143167
            ],
            [
              178.7258242453323,
              80.1981427131303
            ],
            [
              178.7104985552238,
              80.19930273403008
            ],
            [
              178.48802902454577,
              80.20398590303664
            ],
            [
              176.55342181898618,
              80.35075721081695
            ],
            [
              174.68699731002994,
              80.41913257524749
            ],
            [
              172.21887199239876,
              80.6439255391256
            ],
            [
              170.1610041650936,
              80.75868291157215
            ],
            [
              169.29526479575446,
              80.85327688154403
            ],
            [
              168.77535912540017,
              80.88489878655521
            ],
            [
              168.49085049815238,
              80.91753379081418
            ],
            [
              168.12444692365267,
              80.94135015646198
            ],
            [
              167.65033903719416,
              80.99670851518336
            ],
            [
              167.13559316666917,
              81.03204364700528
            ],
            [
              166.42429856070686,
              81.11811696935432
            ],
            [
              165.94723374368732,
              81.15266808717618
            ],
            [
              165.89222745218913,
              81.15958157330755
            ],
            [
              164.92484130386498,
              81.23297348961583
            ],
            [
              162.98193665707825,
              81.48521105098729
            ],
            [
              161.0835167144094,
              81.65811614723826
            ],
            [
              158.4738790628868,
              82.03566256635786
            ],
            [
              156.67388581987453,
              82.23233666113914
            ],
            [
              155.81865060377524,
              82.37111817423774
            ],
            [
              155.1656340169152,
              82.44602345672175
            ],
            [
              154.43454170219073,
              82.56899006514934
            ],
            [
              153.88016836933312,
              82.63607444084946
            ],
            [
              153.17914330444768,
              82.75743026638727
            ],
            [
              152.45145954348206,
              82.84888946959552
            ],
            [
              152.39086816171218,
              82.85972093609075
            ],
            [
              151.96785294729912,
              82.91389041064917
            ],
            [
              151.94277173346953,
              82.91837044176073
            ],
            [
              151.16317196961737,
              83.01958196730212
            ],
            [
              149.28693652826726,
              83.36477323986321
            ],
            [
              147.46851013009652,
              83.6278520526094
            ],
            [
              145.094209134016,
              84.09901080829589
            ],
            [
              143.4884840377816,
              84.35759184459532
            ],
            [
              142.70063878392347,
              84.52570465725935
            ],
            [
              142.67031201039694,
              84.53068022451409
            ],
            [
              142.3159137786258,
              84.60729158266992
            ],
            [
              141.59903604447038,
              84.72786735928507
            ],
            [
              140.90340930398858,
              84.88250668425029
            ],
            [
              140.67796303464607,
              84.92153413062786
            ],
            [
              140.48824559152254,
              84.96438918159252
            ],
            [
              139.17510031015814,
              85.19894448492745
            ],
            [
              138.60443995440926,
              85.3301473635938
            ],
            [
              137.48514492269942,
              85.53607614409374
            ],
            [
              135.6912303075253,
              85.96494769285933
            ],
            [
              133.96607230482653,
              86.30728983872017
            ],
            [
              132.74876531547824,
              86.61576895014433
            ],
            [
              132.69713983236184,
              86.62626910685965
            ],
            [
              132.12001322625713,
              86.77510171294423
            ],
            [
              131.91193536300753,
              86.82783095456035
            ],
            [
              130.45146663858057,
              87.13947020588834
            ],
            [
              129.81188261397423,
              87.31032654182579
            ],
            [
              129.7161600384105,
              87.33101918603715
            ],
            [
              128.9056347936431,
              87.54963783862024
            ],
            [
              128.19851633831212,
              87.7068317965868
            ],
            [
              127.87082993931988,
              87.79795596157635
            ],
            [
              126.54856925642825,
              88.10196237483524
            ],
            [
              125.50424276822483,
              88.39733791047624
            ],
            [
              124.42323506208982,
              88.65414020062057
            ],
            [
              124.3386007033903,
              88.67902326798422
            ],
            [
              124.01399350460595,
              88.75662718006693
            ],
            [
              122.31750056034117,
              89.25916729652928
            ],
            [
              120.6983313960326,
              89.6694827464691
            ],
            [
              119.73082283059316,
              89.970094760107
            ],
            [
              119.60441292638073,
              90.00269404643306
            ],
            [
              118.8814273948868,
              90.23025176980958
            ],
            [
              117.6643208284104,
              90.55538554487708
            ],
            [
              117.17370501738345,
              90.7140287029771
            ],
            [
              117.01449815930356,
              90.75697071992255
            ],
            [
              116.04562702216329,
              91.072596772496
            ],
            [
              114.18956440676946,
              91.59756237989397
            ],
            [
              112.71796947350764,
              92.0955665504797
            ],
            [
              111.41013410616482,
              92.48007889327155
            ],
            [
              111.36918515155885,
              92.49456192095802
            ],
            [
              111.27596845511889,
              92.52198835381681
            ],
            [
              111.13860363651555,
              92.57061293561749
            ],
            [
              110.8734033298403,
              92.6491713484032
            ],
            [
              109.28748520118185,
              93.21491642476641
            ],
            [
              107.78457491132039,
              93.68188168449917
            ]
          ]
        ]
      }
    }
  ]
}