{
  "type": "FeatureCollection",
  "features": [
    {
      "type": "Feature",
      "properties": {
        "method": "Homography",
        "mode": "tmpl2img",
        "inside_ratio": 1.0
      },
      "geometry": {
        "type": "Polygon",
        "coordinates": [
          [
            [
              122.6831178885664,
              61.046316220209405
            ],
            [
              122.66939983748166,
              61.04800132629916
            ],
            [
              121.35240166575474,
              61.243311143003275
            ],
            [
              119.52053605095628,
              61.44792260111819
            ],
            [
              118.15870045769245,
              61.6734728937837
            ],
            [
              117.26378922523152,
              61.783514926588516
            ],
            [
              117.0763529408291,
              61.8160745746371
            ],
            [
              116.06603011992829,
              61.947973528713405
            ],
            [
              115.4558156620834,
              62.057305765997256
            ],
            [
              115.10419668470193,
              62.10435479386144
            ],
            [
              115.05730600562858,
              62.113012963229416
            ],
            [
              114.95930394552408,
              62.126183310343876
            ],
            [
              114.92706694568435,
              62.13217597631663
            ],
            [
              114.85367783861099,
              62.142070544988606
            ],
            [
              114.81890333327816,
              62.14855107607486
            ],
            [
              114.81873892445032,
              62.148573242280804
            ],
            [
              114.77210830339932,
              62.15726326341656
            ],
            [
              114.6870751205295,
              62.16872778633624
            ],
            [
              114.55567798599652,
              62.19321466058696
            ],
            [
              114.47467547706192,
              62.20422679412721
            ],
            [
              114.04663330125504,
              62.28480716294489
            ],
            [
              113.613379028532,
              62.34487171655844
            ],
            [
              112.57646150262245,
              62.54477632456544
            ],
            [
              111.81056655768882,
              62.658357956281165
            ],
            [
              111.74402323615286,
              62.67163757426129
            ],
            [
              111.71171835108053,
              62.676435856851874
            ],
            [
              109.84141830184502,
              63.05099998568024
            ],
            [
              108.03368315728375,
              63.350401171062536
            ],
            [
              107.25023590686322,
              63.52297413962831
            ],
            [
              106.46809771281026,
              63.65883974539811
            ],
            [
              106.27714773504525,
              63.70184939628511
            ],
            [
              105.73859536649265,
              63.798341923776825
            ],
            [
              105.59129009261036,
              63.832015484803485
            ],
            [
              105.56863230594418,
              63.836075118719144
            ],
            [
              105.48559526009484,
              63.85505712494512
            ],
            [
              105.17670267491384,
              63.910402193201755
            ],
            [
              104.60710436736203,
              64.04259934394575
            ],
            [
              104.32135956325175,
              64.09536093663674
            ],
            [
              104.21961407671044,
              64.1194202668228
            ],
            [
              103.76177372009786,
              64.20474236519465
            ],
            [
              103.47329111544583,
              64.2736695693718
            ],
            [
              103.45041602912504,
              64.27796327747801
            ],
            [
              103.4196805283775,
              64.285366505564
            ],
            [
              103.39316768448023,
              64.2903576369532
            ],
            [
              102.88492358712445,
              64.4131824799034
            ],
            [
              102.15778890030971,
              64.55336486751304
            ],
            [
              101.51373256183633,
              64.71323016173974
            ],
            [
              100.9995273602752,
              64.81584675019985
            ],
            [
              100.88539428176273,
              64.84461878831094
            ],
            [
              100.80373787660277,
              64.86097207893643
            ],
            [
              98.8648284924361,
              65.35211485038676
            ],
            [
              98.5583508342611,
              65.41702179111051
            ],
            [
              98.0918933806416,
              65.54031781658331
            ],
            [
              96.63707863277638,
              65.86077551123391
            ],
            [
              96.40700167942904,
              65.92445712898599
            ],
            [
              96.37755198748546,
              65.93094421926632
            ],
            [
              96.36408439258342,
              65.93467182748124
            ],
            [
              95.76321007919097,
              66.07001300295194
            ],
            [
              95.61192299467028,
              66.11214739722236
            ],
            [
              95.33047511746187,
              66.17648549238154
            ],
            [
              94.92882118217828,
              66.2888164485469
            ],
            [
              94.23614578834842,
              66.44957836135534
            ],
            [
              93.58817393190397,
              66.63552251790055
            ],
            [
              92.95260615313308,
              66.78737884943426
            ],
            [
              92.90337593666285,
              66.80183087368786
            ],
            [
              92.88741623600649,
              66.80564413904257
            ],
            [
              92.57203093662501,
              66.89822857649914
            ],
            [
              92.53552133995566,
              66.90702260506217
            ],
            [
              92.51931658130835,
              66.91182207283416
            ],
            [
              92.48485559514113,
              66.92012215869516
            ],
            [
              91.80972953027043,
              67.1200648290868
            ],
            [
              91.74494366003685,
              67.13593507300772
            ],
            [
              91.70453260842687,
              67.14803367658332
            ],
            [
              90.84504557655215,
              67.36137238474502
            ],
            [
              90.57967534125069,
              67.4426082754964
            ],
            [
              90.32499864112205,
              67.50681023883185
            ],
            [
              90.1660709960097,
              67.55558650298148
            ],
            [
              90.03641034821729,
              67.58843068354409
            ],
            [
              88.20793061441856,
              68.15288905009922
            ],
            [
              88.0119751957414,
              68.20468482290842
            ],
            [
              87.54410176073473,
              68.35410828502141
            ],
            [
              85.25940536709354,
              68.993071601204
            ],
            [
              84.58662542138488,
              69.21863678242435
            ],
            [
              83.4959538212418,
              69.5316195281105
            ],
            [
              82.89359234290454,
              69.73942883030706
            ],
            [
              82.2854625272407,
              69.9179512820331
            ],
            [
              81.87327146238749,
              70.06280702747743
            ],
            [
              81.78619381168998,
              70.0885956007791
            ],
            [
              81.26535318449932,
              70.27340380334664
            ],
            [
              81.26481586361356,
              70.27356467103266
            ],
            [
              81.25186923353456,
              70.27818827024784
            ],
            [
              80.97548990593884,
              70.37625505707875
            ],
            [
              79.87622885906508,
              70.71362774736609
            ],
            [
              79.78231469802536,
              70.747927007262
            ],
            [
              79.7809812584621,
              70.74833520357251
            ],
            [
              79.75188748055015,
              70.75903961295323
            ],
            [
              79.67649571085472,
              70.78657413888756
            ],
            [
              79.50144701691056,
              70.84061230952099
            ],
            [
              77.80370730251157,
              71.46487148163568
            ],
            [
              77.70744171144347,
              71.49561556074781
            ],
            [
              77.26192190225373,
              71.66408606238922
            ],
            [
              77.06233233491659,
              71.73747517911288
            ],
            [
              75.7271587317548,
              72.18144829843338
            ],
            [
              75.58463651501631,
              72.23676369296486
            ],
            [
              74.7561928515119,
              72.51451876916975
            ],
            [
              74.73930424921579,
              72.52122463691006
            ],
            [
              74.73353785747325,
              72.52315795636669
            ],
            [
              74.13022924067201,
              72.76271042559317
            ],
            [
              73.05069855056374,
              73.13513882196531
            ],
            [
              72.54948337728527,
              73.33945319624027
            ],
            [
              71.98283012657464,
              73.53859137763374
            ],
            [
              71.50117151191543,
              73.7379969442168
            ],
            [
              71.39785321506257,
              73.77465704279258
            ],
            [
              70.73140362291387,
              74.05349400426937
            ],
            [
              69.74257945602054,
              74.41463162950882
            ],
            [
              69.50720288797213,
              74.51549751892804
            ],
            [
              69.29066335452951,
              74.5951191409768
            ],
            [
              69.08895785527284,
              74.68222773356575
            ],
            [
              69.0715924566937,
              74.68861694626851
            ],
            [
              68.7603869567458,
              74.82412445249761
            ],
            [
              67.74090032577975,
              75.2644002303543
            ],
            [
              67.73195516709652,
              75.26778278560606
            ],
            [
              67.68551259353042,
              75.28831999169195
            ],
            [
              67.36012057887227,
              75.42884387695938
            ],
            [
              66.48555472600503,
              75.76827836164041
            ],
            [
              66.12189421728121,
              75.93266693224287
            ],
            [
              65.14606681816201,
              76.31736918526612
            ],
            [
              65.14556338774187,
              76.31760065182537
            ],
            [
              65.12696104149586,
              76.32493428966939
            ],
            [
              64.92517303136142,
              76.41771200009703
            ],
            [
              64.60781377656878,
              76.54372411230817
            ],
            [
              64.36140654609267,
              76.65830890868429
            ],
            [
              64.25923361481696,
              76.69902491316972
            ],
            [
              63.92866647131055,
              76.85362616185881
            ],
            [
              62.994742231348795,
              77.23432921492629
            ],
            [
              62.591804186089554,
              77.42645467227774
            ],
            [
              62.07098159435691,
              77.64207403594037
            ],
            [
              61.53271989843006,
              77.90214669988347
            ],
            [
              61.41410914996595,
              77.95177244966351
            ],
            [
              60.88597877871984,
              78.209949540555
            ],
            [
              60.013042203461225,
              78.58402893512145
            ],
            [
              59.74832458987379,
              78.71607619385294
            ],
            [
              59.49547174834852,
              78.82527329178633
            ],
            [
              59.00813554062544,
              79.0705252061679
            ],
            [
              58.82239934597961,
              79.15139989686976
            ],
            [
              57.45074421229924,
              79.85236104425496
            ],
            [
              56.662314930599244,
              80.20876147688993
            ],
            [
              56.543605167264296,
              80.2713734526906
            ],
            [
              55.7151600018305,
              80.65227440718922
            ],
            [
              55.32350629232194,
              80.86113184628961
            ],
            [
              54.949824420079736,
              81.03490215797059
            ],
            [
              54.7065030659843,
              81.16669237583534
            ],
            [
              54.477381347722606,
              81.27384913488235
            ],
            [
              54.163904211221116,
              81.44497353957145
            ],
            [
              53.42165549869725,
              81.79888619448708
            ],
            [
              53.11179979501262,
              81.97089456121256
            ],
            [
              52.64055863195488,
              82.19858481961977
            ],
            [
              52.06091651887955,
              82.5240905656806
            ],
            [
              51.92834262655174,
              82.58889945324476
            ],
            [
              51.52968103001437,
              82.81572539299425
            ],
            [
              50.77568412502807,
              83.19183646109943
            ],
            [
              50.48902174160287,
              83.35776866339619
            ],
            [
              50.206297433054786,
              83.50004965301558
            ],
            [
              49.4674112957795,
              83.93210825163554
            ],
            [
              49.13770311340913,
              84.10060003950738
            ],
            [
              48.22481356841913,
              84.64665652608404
            ],
            [
              46.82352149888035,
              85.39392449769012
            ],
            [
              46.266727477930104,
              85.73793055437915
            ],
            [
              45.85196736453156,
              85.96257719877751
            ],
            [
              45.61763662253889,
              86.11030565829847
            ],
            [
              45.276516872342626,
              86.29651992205896
            ],
            [
              44.98384009782798,
              86.48292082277388
            ],
            [
              44.42354866174271,
              86.79395209851134
            ],
            [
              44.199393733683856,
              86.93883335550842
            ],
            [
              43.78073840097485,
              87.17393483164653
            ],
            [
              43.17704574710604,
              87.56811279088782
            ],
            [
              43.032356859612634,
              87.65043622801176
            ],
            [
              42.75158863347534,
              87.83651924238393
            ],
            [
              42.11701298050833,
              88.20383822704474
            ],
            [
              41.816834025501386,
              88.40573081306403
            ],
            [
              41.51191028183131,
              88.58403287982597
            ],
            [
              40.56472125843473,
              89.22863812135112
            ],
            [
              40.119731021664734,
              89.49481468847661
            ],
            [
              40.10691874318169,
              89.50311050296601
            ],
            [
              39.60223061625194,
              89.85548066975791
            ],
            [
              38.53487593307439,
              90.51492826048671
            ],
            [
              37.844288195170876,
              91.01083547678847
            ],
            [
              37.40454868401316,
              91.28805919922277
            ],
            [
              37.18440633736363,
              91.4502486212246
            ],
            [
              36.75087746854913,
              91.72635584485501
            ],
            [
              36.48316137529678,
              91.92617605203604
            ],
            [
              36.090310174914094,
              92.18009318076119
            ],
            [
              35.94246773751767,
              92.29189264396446
            ],
            [
              35.57850212973276,
              92.52954208294756
            ],
            [
              34.969881138380124,
              92.99395321413802
            ],
            [
              34.81560026225668,
              93.09620499271465
            ],
            [
              34.63864782259992,
              93.23359283095893
            ],
            [
              34.121258684860514,
              93.58157535689689
            ],
            [
              33.8169437327758,
              93.82080785117564
            ],
            [
              33.49866767470572,
              94.03740919495951
            ],
            [
              32.694919301999654,
              94.67812322862085
            ],
            [
              32.37069141520226,
              94.90449715828692
            ],
            [
              31.995592924036654,
              95.21075104396576
            ],
            [
              30.929542969556195,
              95.97627559117655
            ],
            [
              30.1430086995735,
              96.63798387679046
            ],
            [
              29.694941256556188,
              96.96809664567859
            ],
            [
              29.49347794074782,
              97.14319522716636
            ],
            [
              28.991533587559292,
              97.51784070859905
            ],
            [
              28.753091112968733,
              97.72854846171656
            ],
            [
              28.508749321592397,
              97.91332139698022
            ],
            [
              28.42604454362419,
              97.98725873346648
            ],
            [
              28.117813534466197,
              98.22245586544834
            ],
            [
              27.5248015842702,
              98.75686201090869
            ],
            [
              27.364293525266106,
              98.88148224947994
            ],
            [
              27.274832911625243,
              98.96378711948707
            ],
            [
              26.869569016544425,
              99.28237906443735
            ],
            [
              26.57135199527877,
              99.55957075958415
            ],
            [
              26.249666901977236,
              99.81600444043481
            ],
            [
              25.58147027711814,
              100.44764223419766
            ],
            [
              25.380893297582276,
              100.61140583444262
            ],
            [
              25.118990782083014,
              100.86467101546943
            ],
            [
              24.084534796464116,
              101.73495489617459
            ],
            [
              23.246130818526197,
              102.57297590339884
            ],
            [
              23.195841888783953,
              102.61668371307073
            ],
            [
              23.16321928596276,
              102.64487039062014
            ],
            [
              23.162177841971374,
              102.64594227470566
            ],
            [
              22.806647819662015,
              102.9549454415268
            ],
            [
              22.627710853743963,
              103.1414477936513
            ],
            [
              22.08537385572794,
              103.62070221542425
            ],
            [
              21.880324936788426,
              103.83907388901588
            ],
            [
              21.76164411123946,
              103.94517349232225
            ],
            [
              21.731373905131004,
              103.9777405343917
            ],
            [
              21.478708292345303,
              104.20543587201789
            ],
            [
              20.922822373802383,
              104.8077153053665
            ],
            [
              20.760462496345692,
              104.95708839889579
            ],
            [
              20.740212603676675,
              104.97959475991141
            ],
            [
              20.439121557063494,
              105.25945785173406
            ],
            [
              20.157969544054215,
              105.57440868292605
            ],
            [
              19.84380945903937,
              105.87138022632969
            ],
            [
              19.30993952896258,
              106.48214442704264
            ],
            [
              19.21118691006242,
              106.57764026394159
            ],
            [
              19.04379599984999,
              106.7733911567916
            ],
            [
              18.072682856755204,
              107.74406070955811
            ],
            [
              17.31758496830017,
              108.66136524710674
            ],
            [
              17.30269775370902,
              108.67668759625323
            ],
            [
              17.24305862062211,
              108.75190100138413
            ],
            [
              17.232277933893176,
              108.76499754556139
            ],
            [
              16.818273644046094,
              109.19650577780988
            ],
            [
              16.66519308732656,
              109.39305132961776
            ],
            [
              16.11399201728929,
              109.98006588583252
            ],
            [
              15.955118868982135,
              110.19001687505005
            ],
            [
              15.73630015544594,
              110.42709791343279
            ],
            [
              15.280798663092087,
              111.03789089802821
            ],
            [
              14.902157979488653,
              111.46205004505681
            ],
            [
              14.649628475232598,
              111.81368867677557
            ],
            [
              14.354784121327576,
              112.15100000675481
            ],
            [
              13.950566785693894,
              112.7295339658124
            ],
            [
              13.930289651109153,
              112.75324652699402
            ],
            [
              13.837189129237775,
              112.88940368350396
            ],
            [
              12.96169551988875,
              113.95296679594843
            ],
            [
              12.228809063915106,
              115.0755808378601
            ],
            [
              12.180257061065921,
              115.13681179933671
            ],
            [
              12.136691810318432,
              115.20735460496397
            ],
            [
              11.802418914850074,
              115.63653942176803
            ],
            [
              11.678190774161958,
              115.84198068306047
            ],
            [
              11.152487501452839,
              116.5366979673347
            ],
            [
              11.055661940181299,
              116.70347907413971
            ],
            [
              10.959714230668615,
              116.83213768194231
            ],
            [
              10.617246690541634,
              117.42864134348905
            ],
            [
              10.324951502677528,
              117.83565231918635
            ],
            [
              10.113026371245573,
              118.22199372281209
            ],
            [
              9.84998078074831,
              118.59847635596317
            ],
            [
              9.516414729720143,
              119.23034716204583
            ],
            [
              8.81315863933167,
              120.30757427641036
            ],
            [
              8.203193046391544,
              121.56251467528014
            ],
            [
              8.199683343084278,
              121.56816358561755
            ],
            [
              8.18968424295413,
              121.5903076251848
            ],
            [
              8.170927109103765,
              121.62889846590701
            ],
            [
              8.105302556702803,
              121.7351606809778
            ],
            [
              8.079179296273725,
              121.7938161794688
            ],
            [
              7.824506675164677,
              122.21497892250167
            ],
            [
              7.732024600252282,
              122.4284127268304
            ],
            [
              7.268197826362392,
              123.2273499258208
            ],
            [
              7.219915830137882,
              123.3460497406793
            ],
            [
              7.210963351013116,
              123.36164300412203
            ],
            [
              6.978357580932926,
              123.93652286888602
            ],
            [
              6.766723431039308,
              124.3223338105578
            ],
            [
              6.607619407246308,
              124.74044880299026
            ],
            [
              6.389352540534105,
              125.15390952715666
            ],
            [
              6.197914577402455,
              125.68816535271517
            ],
            [
              5.681495726999374,
              126.7506431147606
            ],
            [
              5.273131587519357,
              128.0282099280848
            ],
            [
              5.247569153994644,
              128.08447011858632
            ],
            [
              5.231561500463183,
              128.14137584325252
            ],
            [
              5.2279452597831195,
              128.14938438159896
            ],
            [
              5.1924345666268135,
              128.2755281994862
            ],
            [
              5.1308368622652765,
              128.41383574593692
            ],
            [
              5.117807035568242,
              128.46160781553095
            ],
            [
              4.941568307060918,
              128.8683385504333
            ],
            [
              4.883891364115942,
              129.08909462850795
            ],
            [
              4.519387958832226,
              129.98521513099388
            ],
            [
              4.3699657771974945,
              130.62085652830132
            ],
            [
              4.2785300250459475,
              130.86114371848626
            ],
            [
              4.184486570310561,
              131.30714303388982
            ],
            [
              4.02424929938422,
              131.75432547393842
            ],
            [
              3.943068438161223,
              132.18931119768834
            ],
            [
              3.612909379781571,
              133.22221349082903
            ],
            [
              3.398260703500429,
              134.64893071386595
            ],
            [
              3.3708307350460123,
              134.74636955941196
            ],
            [
              3.369129753530501,
              134.76214808965193
            ],
            [
              3.358848073260888,
              134.79869851008144
            ],
            [
              3.3399117801501474,
              134.98001653034635
            ],
            [
              3.3056084463353015,
              135.1057849913587
            ],
            [
              3.3019373837236667,
              135.14395708467742
            ],
            [
              3.201014732899121,
              135.53023429437891
            ],
            [
              3.1925717704258108,
              135.62948619405887
            ],
            [
              2.9904536162919126,
              136.48929605971887
            ],
            [
              2.9481516919673476,
              137.17043794317206
            ],
            [
              2.902146248359674,
              137.38861789425198
            ],
            [
              2.885192576481569,
              137.85765334669856
            ],
            [
              2.7962517308886734,
              138.33421885129792
            ],
            [
              2.7931271753428386,
              138.67110518905903
            ],
            [
              2.64433037091238,
              139.66012113506144
            ],
            [
              2.68129089569713,
              141.14263258937044
            ],
            [
              2.6651066920339765,
              141.29275940971382
            ],
            [
              2.671507176517917,
              141.3800969884758
            ],
            [
              2.6631827629093134,
              141.45980457365124
            ],
            [
              2.673651713571725,
              141.59041257211408
            ],
            [
              2.641606653059683,
              142.10639933197515
            ],
            [
              2.63942746837642,
              142.1320169064298
            ],
            [
              2.639789217428889,
              142.1356635215399
            ],
            [
              2.590722228647167,
              142.9257358807252
            ],
            [
              2.6760862834562285,
              143.64272842967
            ],
            [
              2.668977904692242,
              143.83938680974939
            ],
            [
              2.679181753581697,
              143.908587442116
            ],
            [
              2.6781118903172794,
              143.9397278225753
            ],
            [
              2.7207400505637485,
              144.22540683878302
            ],
            [
              2.720048838932088,
              144.2517851499738
            ],
            [
              2.7402105755236623,
              144.37651809840838
            ],
            [
              2.7360398343703363,
              144.82620308356692
            ],
            [
              2.779175422589585,
              145.06884665546673
            ],
            [
              2.8024051749181007,
              146.00060761131246
            ],
            [
              3.1211078360227678,
              147.5151064718796
            ],
            [
              3.136170408608741,
              147.72064225955967
            ],
            [
              3.17745880434677,
              147.87578326823657
            ],
            [
              3.187108019583727,
              147.99616445341294
            ],
            [
              3.1998922345979928,
              148.0422964317896
            ],
            [
              3.341302848149271,
              149.23003706201206
            ],
            [
              3.5730875159701965,
              149.97089243423184
            ],
            [
              3.5990379500099747,
              150.14688352019135
            ],
            [
              3.6083630990519415,
              150.17394596903154
            ],
            [
              3.6184606626860116,
              150.2416163077889
            ],
            [
              3.749305589298679,
              150.61940277191255
            ],
            [
              3.756772809251959,
              150.66559960412317
            ],
            [
              3.7907038514509037,
              150.75883214379976
            ],
            [
              3.8623346993751224,
              151.16176544114643
            ],
            [
              3.921054175866497,
              151.31651125471444
            ],
            [
              4.102556290654729,
              152.17902286690287
            ],
            [
              4.727367798838192,
              153.69956112397628
            ],
            [
              4.79703974587168,
              153.9613532315859
            ],
            [
              4.867816483392909,
              154.10996187441665
            ],
            [
              4.910771363298732,
              154.2618230880245
            ],
            [
              4.9243740748624205,
              154.2900215465914
            ],
            [
              5.251671667768858,
              155.33616572125723
            ],
            [
              5.515499546827582,
              155.83874420866843
            ],
            [
              5.533058190968639,
              155.89199611069876
            ],
            [
              5.647893388395146,
              156.10116496187425
            ],
            [
              5.728170698553926,
              156.33294835568043
            ],
            [
              5.986038166541614,
              156.7909661539617
            ],
            [
              6.009440008544169,
              156.85526754352966
            ],
            [
              6.047141987108516,
              156.91947653564182
            ],
            [
              6.180955355284052,
              157.2721203220593
            ],
            [
              6.226380193836321,
              157.3475504208035
            ],
            [
              6.54815220571624,
              158.13061322887825
            ],
            [
              7.496690267176365,
              159.62976087768962
            ],
            [
              7.6474775701434154,
              159.94636626579342
            ],
            [
              7.74037486566023,
              160.07701681425237
            ],
            [
              8.318561219517353,
              161.17843196490426
            ],
            [
              8.735069902549844,
              161.7243639398751
            ],
            [
              8.798484112898752,
              161.83987101280997
            ],
            [
              8.901262189026221,
              161.9689147284129
            ],
            [
              9.00174725208859,
              162.1473938041445
            ],
            [
              9.341102535334912,
              162.56773253644937
            ],
            [
              9.353966162273588,
              162.58982225621162
            ],
            [
              9.420271998066463,
              162.66994782044404
            ],
            [
              9.467628542219385,
              162.74479400186635
            ],
            [
              9.471010215608263,
              162.75055321790973
            ],
            [
              9.472072102847926,
              162.75181697093123
            ],
            [
              9.654938369761712,
              163.04083387518043
            ],
            [
              9.684034137138486,
              163.08914877681678
            ],
            [
              9.689705574372864,
              163.09578282784958
            ],
            [
              10.12982485811946,
              163.79138358046433
            ],
            [
              11.412137048127523,
              165.24097492833317
            ],
            [
              11.673293728347407,
              165.60826509879277
            ],
            [
              11.785484208082753,
              165.72264482596069
            ],
            [
              12.525351011990207,
              166.69241319315557
            ],
            [
              12.928307701190858,
              167.08075610073064
            ],
            [
              12.93532426422357,
              167.0897312430977
            ],
            [
              13.028727768218937,
              167.1775342951446
            ],
            [
              13.11902888534935,
              167.26456051737597
            ],
            [
              13.2554454673304,
              167.43583928881426
            ],
            [
              13.317556986784327,
              167.4931246129838
            ],
            [
              13.420046220565625,
              167.62007178819454
            ],
            [
              13.819899621315313,
              167.9865634928855
            ],
            [
              13.826018619667657,
              167.99395783743566
            ],
            [
              13.926601156460736,
              168.08436240477133
            ],
            [
              13.93084883840648,
              168.08825568213928
            ],
            [
              14.824971686475696,
              169.09901792444248
            ],
            [
              15.344672157463945,
              169.53970016657175
            ],
            [
              15.371634459075352,
              169.5693630355706
            ],
            [
              15.688104792700548,
              169.83091534178337
            ],
            [
              16.4429192591352,
              170.47096350418272
            ],
            [
              16.84586641273821,
              170.8817736335397
            ],
            [
              16.976645209575075,
              170.98227505054163
            ],
            [
              17.841669016971412,
              171.81592757324623
            ],
            [
              18.39096541039043,
              172.2182534401899
            ],
            [
              18.4185807775868,
              172.2442129965161
            ],
            [
              18.628387132638792,
              172.39385571971567
            ],
            [
              18.94990747130701,
              172.68855006717476
            ],
            [
              19.563548369306115,
              173.11711433505099
            ],
            [
              20.59747658924769,
              173.99383820119738
            ],
            [
              21.198165358031908,
              174.38479889758037
            ],
            [
              21.273458170786164,
              174.44702592717744
            ],
            [
              22.073916930781852,
              174.95478532406668
            ],
            [
              22.544361070762264,
              175.2609757809809
            ],
            [
              23.12192078111357,
              175.70482119553515
            ],
            [
              23.27167914377126,
              175.793076445772
            ],
            [
              24.22323743157237,
              176.49003444089718
            ],
            [
              24.933222580740143,
              176.89072973273912
            ],
            [
              24.990732220552747,
              176.93174802844615
            ],
            [
              25.152351423365694,
              177.02031129764146
            ],
            [
              25.5440435621028,
              177.29386746904325
            ],
            [
              26.25801592341592,
              177.67802294881534
            ],
            [
              27.39767922008885,
              178.41977738017485
            ],
            [
              28.06713609796499,
              178.7564969197172
            ],
            [
              28.207864915879473,
              178.84576620288027
            ],
            [
              29.581702496645544,
              179.51828474685226
            ],
            [
              29.648253319857876,
              179.5517580941116
            ],
            [
              29.682477801818685,
              179.5710734119067
            ],
            [
              30.443596192349915,
              180.01961393293638
            ],
            [
              30.613405768215006,
              180.09646250437487
            ],
            [
              31.61198981506811,
              180.66003475170547
            ],
            [
              32.49273048263208,
              181.04265490098066
            ],
            [
              32.589929601607636,
              181.09591758010674
            ],
            [
              32.682873576639274,
              181.13494146269628
            ],
            [
              33.14121036194434,
              181.3815512716926
            ],
            [
              33.95176193902761,
              181.71631191157297
            ],
            [
              35.162615061341135,
              182.32533979561768
            ],
            [
              35.88705950986647,
              182.60487196586715
            ],
            [
              36.1096032373273,
              182.71381117793808
            ],
            [
              37.772914015742536,
              183.33655057487573
            ],
            [
              38.73882447491083,
              183.7736804513596
            ],
            [
              38.93000520519738,
              183.83920002029677
            ],
            [
              39.93647824988366,
              184.27644208346084
            ],
            [
              40.989772395291254,
              184.6230348770771
            ],
            [
              41.036539260756996,
              184.64234975629086
            ],
            [
              41.14027819104834,
              184.68590605818602
            ],
            [
              41.147593677542424,
              184.68821561933552
            ],
            [
              41.6666770043638,
              184.90259885113642
            ],
            [
              42.02307928834752,
              185.01339681078946
            ],
            [
              42.0803658755941,
              185.03681967954978
            ],
            [
              42.606426545033315,
              185.19758870744073
            ],
            [
              43.816539841724875,
              185.66451974232967
            ],
            [
              44.581167909648556,
              185.8855438112069
            ],
            [
              44.90045132865115,
              186.00508272503052
            ],
            [
              46.77842977660012,
              186.52893446159388
            ],
            [
              47.92203058223129,
              186.92085801848
            ],
            [
              48.13572936520103,
              186.97445513328174
            ],
            [
              49.11257891837674,
              187.29589337259407
            ],
            [
              50.063619336024,
              187.52437442306544
            ],
            [
              50.121635149219564,
              187.54300356644032
            ],
            [
              50.27197387405666,
              187.57780430902784
            ],
            [
              51.03300173290652,
              187.81439183324844
            ],
            [
              51.544099053225764,
              187.92902446035276
            ],
            [
              51.67634788157054,
              187.9694409309377
            ],
            [
              52.14124521568086,
              188.07086647632923
            ],
            [
              53.271741469445594,
              188.39764872817662
            ],
            [
              54.03304663527992,
              188.55256984656475
            ],
            [
              54.49008041033772,
              188.68005689892996
            ],
            [
              56.569115622389184,
              189.08960602521958
            ],
            [
              57.89515433027845,
              189.42218559292823
            ],
            [
              57.91143210925601,
              189.42497319117916
            ],
            [
              57.916365085461095,
              189.42621041440898
            ],
            [
              58.13764970407588,
              189.46410580129685
            ],
            [
              59.044492913004895,
              189.68196877026278
            ],
            [
              60.11622244500994,
              189.85657287555222
            ],
            [
              60.36621253156967,
              189.91444113711592
            ],
            [
              60.4612097904999,
              189.92901896109896
            ],
            [
              61.14110807471024,
              190.08151149702687
            ],
            [
              61.81807841088678,
              190.18203815336202
            ],
            [
              62.03630521246587,
              190.22964817550158
            ],
            [
              62.8200361758179,
              190.34067047687458
            ],
            [
              64.1699144423535,
              190.61536275551225
            ],
            [
              64.57005212528928,
              190.66571042945512
            ],
            [
              64.77720440627948,
              190.70651735527903
            ],
            [
              67.0305793869407,
              190.98703592194653
            ],
            [
              68.57022931470728,
              191.2507037270291
            ],
            [
              68.83896170653068,
              191.27766470790942
            ],
            [
              69.6260268591277,
              191.4058918423385
            ],
            [
              70.8008120748721,
              191.51592847575864
            ],
            [
              70.84994460312305,
              191.5232244066412
            ],
            [
              71.27769802605093,
              191.5888653964729
            ],
            [
              71.31034873752807,
              191.59159208203488
            ],
            [
              71.8816431036016,
              191.67642639357706
            ],
            [
              72.73054694317631,
              191.74458044679696
            ],
            [
              73.04354757505713,
              191.78891970619682
            ],
            [
              74.04481541033196,
              191.86178371557776
            ],
            [
              75.20948147347214,
              192.01129853755893
            ],
            [
              75.30335393361023,
              192.01689862925141
            ],
            [
              75.65099398038004,
              192.06017570850793
            ],
            [
              75.6539119680307,
              192.0603467888542
            ],
            [
              75.73642673200304,
              192.07072928120186
            ],
            [
              76.03321435083834,
              192.08727970796747
            ],
            [
              76.16997715173973,
              192.10411574566518
            ],
            [
              78.05197718675613,
              192.20803430485762
            ],
            [
              78.16073514378806,
              192.22002863967143
            ],
            [
              78.29110271164026,
              192.2259649525327
            ],
            [
              79.78601435375282,
              192.37594420857175
            ],
            [
              80.10211830305356,
              192.3871383020865
            ],
            [
              80.74212578660818,
              192.4470848079795
            ],
            [
              81.91446305117941,
              192.48231785806678
            ],
            [
              83.17009197198402,
              192.5839028000988
            ],
            [
              84.22411068978963,
              192.60254881417916
            ],
            [
              84.57217820828207,
              192.6278782955021
            ],
            [
              85.4680639378945,
              192.6360570566758
            ],
            [
              86.29675386279557,
              192.6888582119479
            ],
            [
              86.37565613605048,
              192.6889579811121
            ],
            [
              86.99272135237878,
              192.72513624607197
            ],
            [
              87.39745355640828,
              192.72406428425933
            ],
            [
              87.91837719272479,
              192.752828169875
            ],
            [
              89.57506667190545,
              192.7397824724787
            ],
            [
              89.58402270023946,
              192.74019028699126
            ],
            [
              89.60989789804479,
              192.74057429471677
            ],
            [
              89.73693601758016,
              192.73850782292854
            ],
            [
              89.97198525249203,
              192.73665691409497
            ],
            [
              91.43724227974816,
              192.78854561786466
            ],
            [
              91.79822275055342,
              192.7793612184382
            ],
            [
              92.27061944450566,
              192.79355847795046
            ],
            [
              93.29643522757945,
              192.7630418758457
            ],
            [
              94.85679471249806,
              192.7906452612847
            ],
            [
              96.20441926434088,
              192.73407188510384
            ],
            [
              96.48911799633879,
              192.73667096984764
            ],
            [
              96.51147086297368,
              192.7361945575246
            ],
            [
              97.17613103414894,
              192.70261480406012
            ],
            [
              98.13264867894765,
              192.70382428718156
            ],
            [
              98.28059213757147,
              192.6952395234423
            ],
            [
              98.67759199058328,
              192.69418804130333
            ],
            [
              99.15423561191496,
              192.66513570830372
            ],
            [
              99.15969118111796,
              192.66511349258562
            ],
            [
              99.17389037562027,
              192.6641959784656
            ],
            [
              100.02383435385113,
              192.65750304531113
            ],
            [
              101.69511733504345,
              192.54398948109585
            ],
            [
              101.85938251911605,
              192.5413174534356
            ],
            [
              102.21059863392331,
              192.51443990879076
            ],
            [
              103.39175375200368,
              192.48438786646443
            ],
            [
              103.79269132958608,
              192.45079276024043
            ],
            [
              104.0841336917698,
              192.4421227526746
            ],
            [
              104.94292212451951,
              192.36722890282604
            ],
            [
              106.80570988601819,
              192.2890289378316
            ],
            [
              108.27621701957976,
              192.14181972862156
            ],
            [
              108.4456966528072,
              192.13325733155128
            ],
            [
              109.006846075845,
              192.07282365759545
            ],
            [
              110.19680840788826,
              192.00377332189848
            ],
            [
              110.41110636773332,
              191.97900807944578
            ],
            [
              110.5767110017507,
              191.96891416282136
            ],
            [
              110.79589439668258,
              191.94313513782737
            ],
            [
              110.81493523124844,
              191.94195738763912
            ],
            [
              111.15919673324748,
              191.9011890717033
            ],
            [
              112.34362313120788,
              191.82074281365072
            ],
            [
              113.98379524183144,
              191.613471519019
            ],
            [
              114.30609222296872,
              191.58880707130928
            ],
            [
              114.67345038584457,
              191.53907912519236
            ],
            [
              115.51385972310959,
              191.4686600810943
            ],
            [
              115.94756630902347,
              191.40752784287864
            ],
            [
              116.05211138896672,
              191.3984105990734
            ],
            [
              116.83236030051528,
              191.28637857336463
            ],
            [
              118.35879882584109,
              191.13662739777226
            ],
            [
              118.43879278941836,
              191.12446679744355
            ],
            [
              119.12562560437298,
              191.0557094869589
            ],
            [
              121.10148183796943,
              190.743579890526
            ],
            [
              122.3525409687012,
              190.5990018333368
            ],
            [
              123.28502575611566,
              190.43805945228388
            ],
            [
              124.73291556166693,
              190.2550871943508
            ],
            [
              126.3136661369962,
              189.96338521079852
            ],
            [
              126.80125590561148,
              189.89738194697787
            ],
            [
              127.17210852379482,
              189.8253951043107
            ],
            [
              127.66655212008968,
              189.75570180314148
            ],
            [
              127.85018819297058,
              189.71931571920254
            ],
            [
              127.94770185928931,
              189.70551672123153
            ],
            [
              128.28077936843655,
              189.6393392082898
            ],
            [
              128.51614614952285,
              189.60549519583515
            ],
            [
              128.77620357758897,
              189.5529842080671
            ],
            [
              129.82820338995168,
              189.3930602751741
            ],
            [
              130.38166459622104,
              189.27896540980785
            ],
            [
              131.10753487798004,
              189.165176280291
            ],
            [
              131.14793837850095,
              189.15652291124354
            ],
            [
              131.43220713754158,
              189.11161645928064
            ],
            [
              133.25947510504497,
              188.7165175573793
            ],
            [
              134.46306279220929,
              188.50878412216198
            ],
            [
              135.5384454275206,
              188.26110120793214
            ],
            [
              137.04721091132728,
              187.9826829101848
            ],
            [
              138.5931961212903,
              187.60842805152464
            ],
            [
              139.19681680064537,
              187.4912581982087
            ],
            [
              139.55777105811114,
              187.39954767926267
            ],
            [
              139.71370640113585,
              187.36865028317524
            ],
            [
              139.7286052028081,
              187.3648276562397
            ],
            [
              139.98817075573277,
              187.31325586809788
            ],
            [
              140.27564402885446,
              187.23934232779476
            ],
            [
              141.18336549343977,
              187.0522174541463
            ],
            [
              142.13384258799962,
              186.80363065570793
            ],
            [
              143.10144897077663,
              186.59639477225096
            ],
            [
              143.1192553212852,
              186.59153049306553
            ],
            [
              143.16302753933755,
              186.58215564302597
            ],
            [
              143.28632555940368,
              186.5484734201774
            ],
            [
              143.58795983954317,
              186.4832528969834
            ],
            [
              145.2486030733767,
              186.02465060477624
            ],
            [
              146.39366844679995,
              185.76091831139485
            ],
            [
              147.24604253300973,
              185.51373154993829
            ],
            [
              148.52217501747597,
              185.2048031206593
            ],
            [
              150.32015278357596,
              184.66506375864023
            ],
            [
              151.34788746572664,
              184.40393903414258
            ],
            [
              151.53176135302138,
              184.3457086803861
            ],
            [
              151.639586804259,
              184.31750812314252
            ],
            [
              151.78888152021614,
              184.27912229031256
            ],
            [
              151.80055743193375,
              184.2754080312985
            ],
            [
              152.31258802263287,
              184.14149207901548
            ],
            [
              153.5867808081848,
              183.7346226467626
            ],
            [
              154.88179209144172,
              183.38085493330087
            ],
            [
              155.16155982536108,
              183.28709409872872
            ],
            [
              155.4554763241141,
              183.20592628538063
            ],
            [
              156.93705870614247,
              182.70335645549045
            ],
            [
              158.01379292341488,
              182.39110570969422
            ],
            [
              158.68756655866656,
              182.15322926442911
            ],
            [
              159.6783571649955,
              181.85580139861324
            ],
            [
              161.24394671408348,
              181.28957133260633
            ],
            [
              163.108331727474,
              180.6942444083776
            ],
            [
              163.97661273466392,
              180.3612560149513
            ],
            [
              164.28423692628095,
              180.26168823397154
            ],
            [
              164.86322644958392,
              180.03569570957723
            ],
            [
              166.1993575409752,
              179.5879072370893
            ],
            [
              166.62238957365946,
              179.41798053203112
            ],
            [
              166.90328281113034,
              179.32269830656185
            ],
            [
              168.06921132760968,
              178.84804503107583
            ],
            [
              168.38191049582585,
              178.73915997039865
            ],
            [
              168.52030159797823,
              178.68177247833458
            ],
            [
              169.19891092809314,
              178.4421887862356
            ],
            [
              169.69781394912062,
              178.23204338394282
            ],
            [
              170.41247230921036,
              177.9735713913063
            ],
            [
              172.21503337208466,
              177.20179677338788
            ],
            [
              173.1374006031136,
              176.8480661494699
            ],
            [
              173.89421784590184,
              176.55889889464686
            ],
            [
              173.90992261093032,
              176.5518016220379
            ],
            [
              174.33402405226823,
              176.38915743607626
            ],
            [
              175.09000565914525,
              176.04395569186002
            ],
            [
              175.34553855976264,
              175.94421550148874
            ],
            [
              175.8346278568602,
              175.717539012872
            ],
            [
              176.99663193656204,
              175.250776429256
            ],
            [
              177.0609162875851,
              175.220247134571
            ],
            [
              177.08328795987418,
              175.21126075029687
            ],
            [
              177.56812275902192,
              174.98100742048092
            ],
            [
              177.80770675005795,
              174.8834720017224
            ],
            [
              178.5938129212657,
              174.50452739427746
            ],
            [
              178.88119860517412,
              174.38535539984562
            ],
            [
              179.2028884354699,
              174.22836407633812
            ],
            [
              179.83222699173544,
              173.96327727887797
            ],
            [
              180.16487003616012,
              173.7980384873073
            ],
            [
              180.62046033382722,
              173.60297545441017
            ],
            [
              182.30241532721666,
              172.7590795683788
            ],
            [
              184.0900731817153,
              171.95120405411433
            ],
            [
              184.25445693093812,
              171.8640804702704
            ],
            [
              184.50915356475625,
              171.7483504047266
            ],
            [
              184.579215237356,
              171.7109247452851
            ],
            [
              184.9213600833088,
              171.55469211141676
            ],
            [
              185.56474800516526,
              171.20795460340713
            ],
            [
              185.7735486164695,
              171.11118252175964
            ],
            [
              186.1541085334664,
              170.90342920671117
            ],
            [
              187.24925550400474,
              170.3833319755649
            ],
            [
              187.92642741565086,
              170.00571531834566
            ],
            [
              188.0544862149264,
              169.94398422756313
            ],
            [
              188.50195987857478,
              169.6902239308311
            ],
            [
              188.75414625924216,
              169.56715173537276
            ],
            [
              189.23562003083035,
              169.29218816853995
            ],
            [
              189.80612141827592,
              169.00879441830094
            ],
            [
              189.9861857271931,
              168.90386212485905
            ],
            [
              190.20636019446005,
              168.79339286268103
            ],
            [
              190.22218342905958,
              168.78481527694242
            ],
            [
              192.20871429364038,
              167.64831454736154
            ],
            [
              193.6081972897087,
              166.90658688436937
            ],
            [
              193.827605973921,
              166.7706041787272
            ],
            [
              194.14771529058655,
              166.59960765774505
            ],
            [
              194.34490505610225,
              166.47611293780992
            ],
            [
              194.76353372137913,
              166.2505036976459
            ],
            [
              195.2955665789397,
              165.91297138778913
            ],
            [
              195.46160401851412,
              165.82232908166515
            ],
            [
              195.6818431981186,
              165.68100229830517
            ],
            [
              196.68440792143758,
              165.1219343084005
            ],
            [
              197.51293079279688,
              164.58014296115005
            ],
            [
              197.54009296481618,
              164.56473941588823
            ],
            [
              197.6984508744898,
              164.45917276551475
            ],
            [
              197.90743252536114,
              164.3398259941753
            ],
            [
              198.51836689330264,
              163.931742201632
            ],
            [
              199.02332922014347,
              163.63747591768103
            ],
            [
              200.38329529671725,
              162.7075910183983
            ],
            [
              202.36033304896202,
              161.48228426416875
            ],
            [
              202.62048675267482,
              161.29333562058014
            ],
            [
              202.9897739258635,
              161.0620608588819
            ],
            [
              203.20223928933305,
              160.90565906709375
            ],
            [
              203.3005063982965,
              160.84383541755764
            ],
            [
              203.3883860654452,
              160.7787244785392
            ],
            [
              203.76180928915994,
              160.5418172998461
            ],
            [
              203.7847284646693,
              160.5246462519219
            ],
            [
              203.83360265723968,
              160.49363955523665
            ],
            [
              204.23911602062574,
              160.189827455958
            ],
            [
              204.31465366919403,
              160.1413551863402
            ],
            [
              204.40227188466628,
              160.07503450747018
            ],
            [
              205.2995511075275,
              159.4882817021837
            ],
            [
              206.14434776596397,
              158.83784118761784
            ],
            [
              206.2581335194895,
              158.7618360972643
            ],
            [
              206.9622052056998,
              158.20922221091058
            ],
            [
              207.39784140616004,
              157.91135336596886
            ],
            [
              208.4466113540857,
              157.06524242320558
            ],
            [
              208.52449417318337,
              157.00527753055826
            ],
            [
              210.26901174223832,
              155.7382410683099
            ],
            [
              210.55423845142195,
              155.49364355822308
            ],
            [
              210.9547282273255,
              155.1988316532478
            ],
            [
              211.15305963854246,
              155.02579887055748
            ],
            [
              211.3134397425975,
              154.9069716205785
            ],
            [
              211.44518138738604,
              154.79101685121998
            ],
            [
              211.90136831710234,
              154.44923993016926
            ],
            [
              212.25808192434934,
              154.1306488091938
            ],
            [
              213.01722508776822,
              153.54615612103285
            ],
            [
              213.70093450062203,
              152.92010825036326
            ],
            [
              213.73432542014342,
              152.89390028579643
            ],
            [
              214.002978954562,
              152.64353711694937
            ],
            [
              214.5629300131922,
              152.1308102751972
            ],
            [
              214.85552954180255,
              151.89475120095037
            ],
            [
              215.5239227635814,
              151.2508641258679
            ],
            [
              215.8508396041695,
              150.95151825159883
            ],
            [
              217.2680310200715,
              149.73619906692193
            ],
            [
              217.56160114279618,
              149.43471391497474
            ],
            [
              217.97403440266763,
              149.07488954730093
            ],
            [
              218.15271197436292,
              148.8872636114332
            ],
            [
              218.35772051738797,
              148.7068216686981
            ],
            [
              218.49888663405562,
              148.55680770015712
            ],
            [
              218.96683038771536,
              148.13887375538795
            ],
            [
              219.20855847715262,
              147.87697706317996
            ],
            [
              219.77213493395874,
              147.36093057602122
            ],
            [
              221.16660504119974,
              145.81506665066786
            ],
            [
              221.33450478029545,
              145.65332283222256
            ],
            [
              221.37367577735353,
              145.6073287298125
            ],
            [
              221.40121155467904,
              145.5808280957286
            ],
            [
              221.40536211278922,
              145.57642753507577
            ],
            [
              221.81229660627704,
              145.09927411257485
            ],
            [
              222.17819985156402,
              144.69364574942784
            ],
            [
              223.30269865663416,
              143.53882900592762
            ],
            [
              223.58715786079236,
              143.18065485401917
            ],
            [
              223.99145061522037,
              142.75611468539964
            ],
            [
              224.14569270192797,
              142.55607744130626
            ],
            [
              224.3759327749334,
              142.31140663868163
            ],
            [
              224.51616660467985,
              142.12652822062006
            ],
            [
              224.9710844859724,
              141.63365422896808
            ],
            [
              225.11851467058284,
              141.43410896603757
            ],
            [
              225.51132970627205,
              140.99864707276603
            ],
            [
              226.63935499370123,
              139.43927854318991
            ],
            [
              226.790255578357,
              139.26233917929233
            ],
            [
              227.1385483137333,
              138.74919972837665
            ],
            [
              227.46508716474574,
              138.29779636567955
            ],
            [
              228.3298620593214,
              137.20892312856168
            ],
            [
              228.58735528706404,
              136.79566559990658
            ],
            [
              228.96304743745628,
              136.30842878927587
            ],
            [
              229.08876617510344,
              136.09820412420555
            ],
            [
              229.32349788101197,
              135.78874365710874
            ],
            [
              229.4518955063469,
              135.5689218570652
            ],
            [
              229.86882694961102,
              135.00460936779623
            ],
            [
              229.94399532225964,
              134.870983676616
            ],
            [
              230.19415412999248,
              134.5251671629895
            ],
            [
              230.6844312862258,
              133.63672260458333
            ],
            [
              230.69749851550446,
              133.6180844453421
            ],
            [
              230.76038237210994,
              133.4990895778316
            ],
            [
              231.01400825158404,
              133.03948722917872
            ],
            [
              231.13801422452036,
              132.85678931331998
            ],
            [
              231.42552718687574,
              132.29376258324197
            ],
            [
              231.68205222048013,
              131.8289065986325
            ],
            [
              232.31774858288986,
              130.8086610954213
            ],
            [
              232.53032957480536,
              130.34328225219392
            ],
            [
              232.85701279427465,
              129.79700831020844
            ],
            [
              232.95072752025033,
              129.57878341500475
            ],
            [
              233.16845696372647,
              129.20602201801438
            ],
            [
              233.27364363000186,
              128.95191770737966
            ],
            [
              233.6281004016414,
              128.32180520879737
            ],
            [
              233.65391809916434,
              128.25563485311486
            ],
            [
              233.79200278413984,
              128.0054078429314
            ],
            [
              234.13284331049672,
              127.11739538398714
            ],
            [
              234.1788076125106,
              127.03041732118423
            ],
            [
              234.33383395114976,
              126.59852563067832
            ],
            [
              234.4240728979444,
              126.42181380968188
            ],
            [
              234.6408295102934,
              125.79390818247647
            ],
            [
              234.78545681501947,
              125.41710190924682
            ],
            [
              235.19556566664062,
              124.52778808765612
            ],
            [
              235.21185114425867,
              124.47293893091823
            ],
            [
              235.24564500663962,
              124.39895795810101
            ],
            [
              235.3955671829497,
              123.8857093155604
            ],
            [
              235.65328349403822,
              123.28558895673443
            ],
            [
              235.71200234683928,
              123.06146140966196
            ],
            [
              235.89107094206315,
              122.62887709498524
            ],
            [
              235.95334541226774,
              122.37433103897635
            ],
            [
              236.2879096036347,
              121.50267069558312
            ],
            [
              236.47679053693514,
              120.62841016084306
            ],
            [
              236.5339266109079,
              120.4692333667934
            ],
            [
              236.60061681661728,
              120.11675045061338
            ],
            [
              236.63478499056083,
              120.01777128473037
            ],
            [
              236.76187290787436,
              119.30886847021816
            ],
            [
              236.80658880611205,
              119.10189498472647
            ],
            [
              237.07922930097908,
              118.18364735413273
            ],
            [
              237.09398114400227,
              118.07130159120182
            ],
            [
              237.1034461516956,
              118.03889876417202
            ],
            [
              237.1734321614388,
              117.48324140093077
            ],
            [
              237.34303706701812,
              116.83586616029454
            ],
            [
              237.36411783073564,
              116.60781783024164
            ],
            [
              237.48327448153992,
              116.1207666292344
            ],
            [
              237.49987590038754,
              115.89292341112281
            ],
            [
              237.67613639173288,
              115.07707827143558
            ],
            [
              237.71454967582818,
              114.22919472202422
            ],
            [
              237.75845066658977,
              113.99716141093832
            ],
            [
              237.7627538757028,
              113.72590393594541
            ],
            [
              237.76689079692957,
              113.70282798063099
            ],
            [
              237.7728659883692,
              113.08847589650608
            ],
            [
              237.77624677736893,
              112.87536417787648
            ],
            [
              237.89858964847036,
              111.9436363139693
            ],
            [
              237.86805086835037,
              111.15635083305895
            ],
            [
              237.9280775379104,
              110.50699192300065
            ],
            [
              237.9090789328834,
              110.27688922730152
            ],
            [
              237.94801999575645,
              109.74244954125868
            ],
            [
              237.92692932087806,
              109.54140997488372
            ],
            [
              237.9610142943362,
              108.78906377601288
            ],
            [
              237.9437542696507,
              108.6581945340409
            ],
            [
              237.94537124402876,
              108.62071755906936
            ],
            [
              237.85416943902428,
              107.96342429989525
            ],
            [
              237.85876110356404,
              107.67398372267644
            ],
            [
              237.69421123703157,
              106.67478944707624
            ],
            [
              237.66266256043056,
              105.86146897598046
            ],
            [
              237.47185710838818,
              104.98145199348585
            ],
            [
              237.42014724259602,
              104.3551649845514
            ],
            [
              237.3586814663863,
              104.12478376701335
            ],
            [
              237.29854604567075,
              103.55156366016105
            ],
            [
              237.24703944638594,
              103.37555198553335
            ],
            [
              237.18492252219298,
              102.90456802517636
            ],
            [
              237.17658543957825,
              102.8395779589987
            ],
            [
              237.1761805694449,
              102.8382846478051
            ],
            [
              237.15702165027028,
              102.69301757691169
            ],
            [
              237.09666763258534,
              102.50409341107925
            ],
            [
              237.07941145028872,
              102.37972775514483
            ],
            [
              236.8956756737773,
              101.82585106456511
            ],
            [
              236.85127619751495,
              101.55624463186564
            ],
            [
              236.5398910304608,
              100.68311582469329
            ],
            [
              236.38915190102048,
              99.98788939161109
            ],
            [
              235.99928417590465,
              99.02959710853145
            ],
            [
              235.84019417859943,
              98.4333084168777
            ],
            [
              235.7337906824115,
              98.20438066396699
            ],
            [
              235.55760154083137,
              97.60229576042639
            ],
            [
              235.50173501639406,
              97.48946043183902
            ],
            [
              235.36608343679808,
              97.05613702365702
            ],
            [
              235.33998385664984,
              97.0052048579219
            ],
            [
              235.28751899293064,
              96.8409758472696
            ],
            [
              235.16289865937898,
              96.60234578726272
            ],
            [
              235.0950580390519,
              96.39783832012863
            ],
            [
              234.85027689008587,
              95.94541173648626
            ],
            [
              234.76166719298124,
              95.6969487802509
            ],
            [
              234.33966840762278,
              94.95027255519051
            ],
            [
              234.10376923746855,
              94.37043395923544
            ],
            [
              233.47812831885804,
              93.35130971512704
            ],
            [
              233.2176209741427,
              92.79082661845493
            ],
            [
              233.0680190106948,
              92.57156686673241
            ],
            [
              233.03223895546495,
              92.50174368593711
            ],
            [
              232.75665337169602,
              91.9451350511559
            ],
            [
              232.72303958396955,
              91.89835491310744
            ],
            [
              232.5474432128589,
              91.5556864323725
            ],
            [
              232.4774829177116,
              91.46015990702061
            ],
            [
              232.38412730396405,
              91.28139730003429
            ],
            [
              232.17598915995976,
              91.00255209827384
            ],
            [
              232.02691242363173,
              90.7270150366988
            ],
            [
              231.75184334009288,
              90.3714265500759
            ],
            [
              231.62406583148882,
              90.14533957758599
            ],
            [
              231.12767858336179,
              89.5225954499233
            ],
            [
              230.83955224593984,
              89.05325828367491
            ],
            [
              229.94434860267177,
              87.99345049480632
            ],
            [
              229.58953767068786,
              87.47343220718948
            ],
            [
              229.43816495402714,
              87.31015619604221
            ],
            [
              228.75795486677907,
              86.38137071850356
            ],
            [
              228.62678286870408,
              86.2476372839888
            ],
            [
              228.4859838639203,
              86.05900714566593
            ],
            [
              228.17717904330922,
              85.75037117320707
            ],
            [
              227.9178184878635,
              85.41508948246404
            ],
            [
              227.64178744641103,
              85.14936015144588
            ],
            [
              227.4802852948375,
              84.94674713735374
            ],
            [
              226.9450881468579,
              84.44270579462155
            ],
            [
              226.6361986003519,
              84.07701967420786
            ],
            [
              225.4413491576603,
              82.99904812520494
            ],
            [
              225.00003639690598,
              82.52303244133321
            ],
            [
              224.86007277267777,
              82.40737346759325
            ],
            [
              224.04138974666662,
              81.57270376333555
            ],
            [
              223.832806078046,
              81.40837362214607
            ],
            [
              223.63902427638757,
              81.21469777641352
            ],
            [
              223.21463902079344,
              80.88743662555488
            ],
            [
              222.81805296895118,
              80.50565149844117
            ],
            [
              222.56834289123086,
              80.32074706634515
            ],
            [
              222.37907195723818,
              80.14249429337971
            ],
            [
              221.83940589931393,
              79.74944008684153
            ],
            [
              221.5394285548041,
              79.4788059540686
            ],
            [
              220.0584920123219,
              78.43482556156377
            ],
            [
              219.93488147250721,
              78.33744048058409
            ],
            [
              219.49950188248775,
              77.97766445417332
            ],
            [
              219.3812181345279,
              77.90124346141366
            ],
            [
              218.44736269743458,
              77.16551665768762
            ],
            [
              218.14663204893915,
              76.97928531178215
            ],
            [
              217.89530353349772,
              76.78547542295262
            ],
            [
              217.88055723460056,
              76.77655806419652
            ],
            [
              217.86782983126727,
              76.76673570840555
            ],
            [
              217.39505044589006,
              76.48057452110638
            ],
            [
              217.09691838216781,
              76.2577110204122
            ],
            [
              217.02063625142566,
              76.21280094320464
            ],
            [
              216.78456236088664,
              76.03799378659772
            ],
            [
              216.58589513098136,
              75.92315811813236
            ],
            [
              216.37540090434646,
              75.76984915971909
            ],
            [
              215.86383713467754,
              75.47782009917681
            ],
            [
              215.60038596602408,
              75.29210123373593
            ],
            [
              213.83028777104803,
              74.30633325884631
            ],
            [
              213.51132082398806,
              74.10880884904721
            ],
            [
              213.14396777890397,
              73.87146868286773
            ],
            [
              213.05487594609698,
              73.82614945145546
            ],
            [
              212.0307381926629,
              73.19193889402356
            ],
            [
              211.67133060513672,
              73.01615429455661
            ],
            [
              211.29132457950988,
              72.78614643288356
            ],
            [
              210.81365447477526,
              72.55852400973112
            ],
            [
              210.51196996605862,
              72.3809113179174
            ],
            [
              210.2352358050812,
              72.25228492357711
            ],
            [
              209.88025647394218,
              72.04709613223923
            ],
            [
              209.7543700872968,
              71.9901964087053
            ],
            [
              209.52982397122207,
              71.86201299304041
            ],
            [
              209.07668861434357,
              71.65905310938636
            ],
            [
              208.87508423423913,
              71.54677959706542
            ],
            [
              206.80757927147283,
              70.63731586776679
            ],
            [
              206.24801339095183,
              70.3636347669907
            ],
            [
              205.99452503736467,
              70.23469031724917
            ],
            [
              205.93959514174145,
              70.21278881858404
            ],
            [
              204.85108540665306,
              69.68040370920629
            ],
            [
              204.47536084162937,
              69.53616188075345
            ],
            [
              204.46710794300105,
              69.53215939680182
            ],
            [
              204.44607024850475,
              69.52420191831305
            ],
            [
              203.93855422168843,
              69.28235712487289
            ],
            [
              203.47124413213953,
              69.10837288485521
            ],
            [
              203.1773025177428,
              68.97174844401223
            ],
            [
              202.65958203312272,
              68.78340424026517
            ],
            [
              202.1733643949272,
              68.56363743364334
            ],
            [
              202.13868399143706,
              68.55151230577097
            ],
            [
              201.90787517913964,
              68.44813275487144
            ],
            [
              201.54082805873566,
              68.32055277143462
            ],
            [
              201.42390064095954,
              68.26911819335783
            ],
            [
              199.05425516003325,
              67.4549825580865
            ],
            [
              198.21031879605525,
              67.13099276458307
            ],
            [
              198.11678521351604,
              67.09369930880491
            ],
            [
              198.09871215419545,
              67.08814662784229
            ],
            [
              196.97218429824986,
              66.65566908213718
            ],
            [
              196.54077118084896,
              66.52808819521012
            ],
            [
              195.87624483244733,
              66.28067836118173
            ],
            [
              195.43343219057152,
              66.15456594107869
            ],
            [
              195.15753672235803,
              66.05419650656265
            ],
            [
              194.55836145844378,
              65.88730377340846
            ],
            [
              194.3158984786985,
              65.80028640866625
            ],
            [
              194.2057330228643,
              65.77098556008632
            ],
            [
              193.579534972242,
              65.5533286640445
            ],
            [
              193.32319892005253,
              65.48597194014893
            ],
            [
              193.3111198677245,
              65.48182195778925
            ],
            [
              192.46467165183432,
              65.26037907612454
            ],
            [
              190.60887670918507,
              64.77273691070134
            ],
            [
              190.55621644288752,
              64.75613244542504
            ],
            [
              190.51867963239636,
              64.74718782410461
            ],
            [
              188.46158212791664,
              64.13884673867678
            ],
            [
              187.99972594217283,
              64.03745681484764
            ],
            [
              187.17503732284715,
              63.80258665130787
            ],
            [
              186.76956214071737,
              63.717831693359585
            ],
            [
              186.52097205715827,
              63.64859005242577
            ],
            [
              185.66439080033703,
              63.47348786110018
            ],
            [
              184.61875159346928,
              63.19872810431169
            ],
            [
              181.47957885285703,
              62.606108189141416
            ],
            [
              179.39019751831415,
              62.14743247817769
            ],
            [
              178.90130195995317,
              62.07315875124
            ],
            [
              177.9090711721258,
              61.86575646768816
            ],
            [
              177.55231248478268,
              61.81521822474401
            ],
            [
              177.33920045907445,
              61.7716539015669
            ],
            [
              176.29238357999856,
              61.62685808836189
            ],
            [
              175.06549730169007,
              61.39524380579225
            ],
            [
              174.75934959702255,
              61.35774574372793
            ],
            [
              174.70614376398245,
              61.34776846818396
            ],
            [
              174.0415677850891,
              61.26859840027022
            ],
            [
              173.75400785507168,
              61.215680253133705
            ],
            [
              172.27853437605725,
              61.05388665316169
            ],
            [
              171.83245702246802,
              60.9992495089494
            ],
            [
              169.83196718335554,
              60.69533217219616
            ],
            [
              169.3190211927244,
              60.64889462756412
            ],
            [
              168.155613405933,
              60.484086908905255
            ],
            [
              168.09073350670454,
              60.47887418320731
            ],
            [
              168.0827502834024,
              60.4777463770954
            ],
            [
              167.85049915769196,
              60.45917580854298
            ],
            [
              167.68676138726295,
              60.436527584107836
            ],
            [
              166.64536322414804,
              60.35528142333396
            ],
            [
              166.46732935917717,
              60.332322421159375
            ],
            [
              166.27410882409984,
              60.31844321013669
            ],
            [
              165.0415384810634,
              60.16747360130136
            ],
            [
              164.5360323159869,
              60.1362163814271
            ],
            [
              164.3025613833037,
              60.108403294310655
            ],
            [
              162.96513965900766,
              60.032622848253226
            ],
            [
              162.26167946547895,
              59.95548465582431
            ],
            [
              161.13660631312254,
              59.90813192911404
            ],
            [
              159.86352876997586,
              59.79287886872946
            ],
            [
              159.32901232220314,
              59.77492042042493
            ],
            [
              157.99472542824805,
              59.66771816417104
            ],
            [
              157.93468390788104,
              59.66631710320288
            ],
            [
              157.91453597128645,
              59.66470609426956
            ],
            [
              157.74334732220177,
              59.66077797519292
            ],
            [
              157.6408314026995,
              59.65278004974095
            ],
            [
              156.21317897287904,
              59.62158515651692
            ],
            [
              154.62479769165125,
              59.52336996868738
            ],
            [
              153.8411119855855,
              59.51564090129764
            ],
            [
              153.4843406431921,
              59.495425668527616
            ],
            [
              152.0413334050786,
              59.49789066057733
            ],
            [
              151.19003058872218,
              59.48949472227454
            ],
            [
              150.29231848172967,
              59.451711298167
            ],
            [
              150.27908583410013,
              59.45157747828279
            ],
            [
              149.94451544848746,
              59.45962422575158
            ],
            [
              149.56393185599447,
              59.44683754575414
            ],
            [
              149.00977412737424,
              59.4580555087388
            ],
            [
              147.5089588035674,
              59.423034180791674
            ],
            [
              147.45485621693535,
              59.424696795854246
            ],
            [
              147.42169122974832,
              59.42393578734448
            ],
            [
              147.31691177851985,
              59.42719743342108
            ],
            [
              147.28094004222686,
              59.42641143365785
            ],
            [
              146.68758145130266,
              59.445089506604155
            ],
            [
              145.73398311997036,
              59.43568468307808
            ],
            [
              143.56345902739903,
              59.5123728422077
            ],
            [
              142.34811907867726,
              59.51444892556172
            ],
            [
              140.49835634511211,
              59.62066792312905
            ],
            [
              139.85637226030673,
              59.64335026875375
            ],
            [
              139.0143680011357,
              59.66039518597648
            ],
            [
              138.97579965944684,
              59.66317626272863
            ],
            [
              138.96055960384496,
              59.663484773446726
            ],
            [
              138.64742040166584,
              59.68606451128633
            ],
            [
              138.27487353748828,
              59.69922720010619
            ],
            [
              138.26183393666938,
              59.699515675598846
            ],
            [
              138.25750861319383,
              59.69984073122405
            ],
            [
              136.6930861020305,
              59.75511433214611
            ],
            [
              134.18789088316214,
              59.96038585874869
            ],
            [
              133.59126183571465,
              59.98737202129524
            ],
            [
              132.83824871567035,
              60.06053458218124
            ],
            [
              130.99306774884835,
              60.16649048077857
            ],
            [
              129.18667307781834,
              60.36825694474929
            ],
            [
              128.2439743541173,
              60.436232751981066
            ],
            [
              128.11997782141947,
              60.45147994204431
            ],
            [
              128.06320103248893,
              60.45557402555102
            ],
            [
              127.90089542959853,
              60.47553180217683
            ],
            [
              127.51387773581173,
              60.50724338785453
            ],
            [
              127.28253494362183,
              60.524629203427274
            ],
            [
              127.247832508538,
              60.52904269097305
            ],
            [
              126.40715216785838,
              60.5979266388659
            ],
            [
              126.07758350640054,
              60.64095225488124
            ],
            [
              125.90374199785758,
              60.655377003092035
            ],
            [
              125.8638150672575,
              60.66074272228899
            ],
            [
              125.80361600263063,
              60.665762691614404
            ],
            [
              125.61314202547617,
              60.691443040135745
            ],
            [
              125.58499191956788,
              60.69380088309397
            ],
            [
              125.24979991461872,
              60.73936958422598
            ],
            [
              125.1066998978543,
              60.75148595901329
            ],
            [
              123.65420135912692,
              60.95285425898311
            ],
            [
              122.8118439054238,
              61.03469749232631
            ],
            [
              122.6831178885664,
              61.046316220209405
            ]
          ]
        ]
      }
    }
  ]
}