{
  "type": "FeatureCollection",
  "features": [
    {
      "type": "Feature",
      "properties": {
        "method": "Homography",
        "mode": "tmpl2img",
        "inside_ratio": 1.0
      },
      "geometry": {
        "type": "Polygon",
        "coordinates": [
          [
            [
              143.1377052043042,
              96.4920089790631
            ],
            [
              141.39295386292272,
              96.37954730405448
            ],
            [
              140.81427390684127,
              96.37440000150232
            ],
            [
              140.17714456869498,
              96.33658049884068
            ],
            [
              139.26708654504077,
              96.33527877723834
            ],
            [
              138.8149417484334,
              96.31144559046285
            ],
            [
              135.54443361309075,
              96.32690145711541
            ],
            [
              132.24395983667367,
              96.25513620548242
            ],
            [
              131.33407029854368,
              96.29007450223254
            ],
            [
              130.18380992028113,
              96.27984304680272
            ],
            [
              129.38006629174754,
              96.31746425047555
            ],
            [
              128.6416360774292,
              96.31575811894142
            ],
            [
              128.5644968554844,
              96.31997009159275
            ],
            [
              128.36858542050535,
              96.31968986534213
            ],
            [
              127.90920237532112,
              96.34600397526766
            ],
            [
              127.64118904061853,
              96.34608988970123
            ],
            [
              127.32735697454135,
              96.36573396740175
            ],
            [
              127.18138148997144,
              96.3664238227793
            ],
            [
              125.29181098687833,
              96.48468666924325
            ],
            [
              124.80347715160214,
              96.48844029894641
            ],
            [
              124.77635919029241,
              96.48968706900521
            ],
            [
              123.32631791640529,
              96.59755933121762
            ],
            [
              120.0247872937988,
              96.72433280402889
            ],
            [
              119.43880974919396,
              96.7827892917773
            ],
            [
              118.88165985717812,
              96.80886806717308
            ],
            [
              118.07113907260828,
              96.89293070603773
            ],
            [
              117.10804613728452,
              96.94551771692755
            ],
            [
              116.76312312404265,
              96.98446714390751
            ],
            [
              116.47780738235268,
              97.00081043273559
            ],
            [
              115.83157817054264,
              97.07677574940122
            ],
            [
              115.47817789045043,
              97.09889406835113
            ],
            [
              115.33476779522074,
              97.11640089767718
            ],
            [
              115.0411702296535,
              97.13477841232273
            ],
            [
              113.52980964391584,
              97.32634652382006
            ],
            [
              113.41961970984474,
              97.33454383356248
            ],
            [
              112.4276040924344,
              97.46605337999304
            ],
            [
              111.89834610056943,
              97.5331379360906
            ],
            [
              111.42308186046486,
              97.58242965931368
            ],
            [
              107.80987755790208,
              97.94287902294035
            ],
            [
              106.82414977248347,
              98.10434698086563
            ],
            [
              105.96911588806518,
              98.19922749746735
            ],
            [
              105.89818751658623,
              98.2113583626629
            ],
            [
              105.60826297296296,
              98.24409724759808
            ],
            [
              104.99726306235308,
              98.35036747661768
            ],
            [
              104.63092913297834,
              98.39343063817394
            ],
            [
              104.1260720339765,
              98.48470571160085
            ],
            [
              103.82785406878736,
              98.52111075693807
            ],
            [
              103.2226604211861,
              98.63279921959162
            ],
            [
              102.50816648962028,
              98.72336281800636
            ],
            [
              99.44392024056636,
              99.3132716040371
            ],
            [
              95.74401865177516,
              99.91933705425781
            ],
            [
              95.27575306594571,
              100.02811120341808
            ],
            [
              94.76388968772574,
              100.1156550946766
            ],
            [
              94.52550641778741,
              100.17170322074449
            ],
            [
              94.26496906567259,
              100.21701806219849
            ],
            [
              94.25679032105334,
              100.21897399131015
            ],
            [
              94.16194163807126,
              100.23547091092509
            ],
            [
              93.2932267499755,
              100.44321783449963
            ],
            [
              92.96286534272446,
              100.502945154891
            ],
            [
              92.94962578863145,
              100.50577798901296
            ],
            [
              92.58550459530821,
              100.59588588763236
            ],
            [
              92.35941750558905,
              100.63761025069735
            ],
            [
              91.691226341813,
              100.80576988080183
            ],
            [
              90.880575473182,
              100.96183112097052
            ],
            [
              88.27070948268943,
              101.64431675104709
            ],
            [
              86.66413375519429,
              102.02851779266527
            ],
            [
              84.9777635498439,
              102.4202473790506
            ],
            [
              85.0452228741534,
              102.4006856797129
            ],
            [
              83.82867680761669,
              102.68671719241513
            ],
            [
              83.5271804623999,
              102.7786976329172
            ],
            [
              83.10089314271717,
              102.88064118244776
            ],
            [
              82.11175997277553,
              103.18778972606793
            ],
            [
              81.99202817363356,
              103.21741936866209
            ],
            [
              81.56348630206318,
              103.35428551414277
            ],
            [
              81.55449661149639,
              103.35681936233794
            ],
            [
              81.20683512209875,
              103.44431322731059
            ],
            [
              80.96659640765124,
              103.52252583017865
            ],
            [
              80.16530504775326,
              103.7483790618832
            ],
            [
              79.93484310977651,
              103.82416392882335
            ],
            [
              79.60321673647084,
              103.91088494636108
            ],
            [
              77.55883513535974,
              104.60157734893312
            ],
            [
              75.249462671935,
              105.31869048432678
            ],
            [
              74.18072886709238,
              105.64307864388046
            ],
            [
              74.38877751365236,
              105.56663964959745
            ],
            [
              73.28909286892562,
              105.90213120576209
            ],
            [
              72.94197716822754,
              106.03521767543592
            ],
            [
              72.45484166727327,
              106.18648442516232
            ],
            [
              70.88092441975701,
              106.80144525013962
            ],
            [
              70.64398752085943,
              106.87935933657673
            ],
            [
              70.5948527092114,
              106.89917173334874
            ],
            [
              70.50712519688426,
              106.92773248009436
            ],
            [
              69.71863569295205,
              107.25038136212717
            ],
            [
              68.81453663836906,
              107.55583037802228
            ],
            [
              67.26132927283355,
              108.21569318543706
            ],
            [
              64.97474110038662,
              109.10910873897144
            ],
            [
              64.01168671243181,
              109.47634397290884
            ],
            [
              64.24770941394821,
              109.36865779206178
            ],
            [
              63.271994270583626,
              109.74275347133211
            ],
            [
              62.8902774912534,
              109.92355019879284
            ],
            [
              62.35580751137858,
              110.13237826790942
            ],
            [
              60.595461696258276,
              110.98357232527671
            ],
            [
              60.398081447367304,
              111.06434006704276
            ],
            [
              59.769615034622134,
              111.38290055080876
            ],
            [
              59.50447007029269,
              111.51110821094119
            ],
            [
              58.659017220494036,
              111.87028941454948
            ],
            [
              57.44592982293064,
              112.50649060135305
            ],
            [
              55.40244668360532,
              113.49459230817777
            ],
            [
              54.50107778504053,
              113.91898362923575
            ],
            [
              54.750708338089275,
              113.77878409344326
            ],
            [
              53.90328198498496,
              114.18015998180394
            ],
            [
              53.50014126152106,
              114.4144292269624
            ],
            [
              52.93460448695582,
              114.6878877358518
            ],
            [
              51.11859622025349,
              115.76797616138022
            ],
            [
              51.015669125994265,
              115.82014840841585
            ],
            [
              50.7195523486902,
              116.00531135134169
            ],
            [
              50.30974772006563,
              116.24904660531816
            ],
            [
              49.71875232802267,
              116.55899292127896
            ],
            [
              48.84721661685015,
              117.11890107983832
            ],
            [
              46.63328911972079,
              118.43565580416922
            ],
            [
              45.77443773029272,
              118.93142547886049
            ],
            [
              46.023257767215036,
              118.75932357875236
            ],
            [
              45.30546545042601,
              119.17644012007011
            ],
            [
              44.89608069053609,
              119.46887726659124
            ],
            [
              44.318217678311306,
              119.81256686453496
            ],
            [
              43.09663511133087,
              120.70890974056158
            ],
            [
              43.0543005425706,
              120.73489392250004
            ],
            [
              42.868587901243416,
              120.87624062566593
            ],
            [
              42.51535641238137,
              121.13542615858502
            ],
            [
              42.49115941516844,
              121.15055663263264
            ],
            [
              42.428356287915406,
              121.1992629747685
            ],
            [
              41.953509005493075,
              121.54768476000395
            ],
            [
              41.604122236169914,
              121.77214429749645
            ],
            [
              40.98053992884651,
              122.26587822906346
            ],
            [
              40.76058044944051,
              122.4230025991179
            ],
            [
              38.76929927268565,
              123.88411603115144
            ],
            [
              37.961622270561676,
              124.45664891349129
            ],
            [
              37.824027151952166,
              124.57771460911808
            ],
            [
              37.789661979125285,
              124.60293024224733
            ],
            [
              38.18495142082,
              124.26286005699451
            ],
            [
              37.595056586792964,
              124.68424155164622
            ],
            [
              37.19637480392547,
              125.03825794526433
            ],
            [
              36.62700560434237,
              125.4560357031272
            ],
            [
              35.53154224892883,
              126.46049814587899
            ],
            [
              35.39749271191551,
              126.56252383450298
            ],
            [
              34.892876521157454,
              127.04610946172566
            ],
            [
              34.574883756470975,
              127.337686343428
            ],
            [
              34.41630997179446,
              127.46324035166903
            ],
            [
              34.15102149818099,
              127.72633806532106
            ],
            [
              34.028468864846026,
              127.83871016506984
            ],
            [
              34.09822560230413,
              127.77869797114843
            ],
            [
              33.995934605954815,
              127.88014424546475
            ],
            [
              33.59532434213305,
              128.23587306714356
            ],
            [
              31.90762188875078,
              129.78337688878185
            ],
            [
              31.23101054277264,
              130.3787063168799
            ],
            [
              31.10562432119112,
              130.51875195341663
            ],
            [
              30.97820992319125,
              130.6355819476154
            ],
            [
              31.34671605397225,
              130.23256373885
            ],
            [
              30.87988374602231,
              130.6470955714676
            ],
            [
              30.510302983607296,
              131.0646195280952
            ],
            [
              29.971827322873878,
              131.55836363635376
            ],
            [
              29.03614935191752,
              132.65874958990503
            ],
            [
              28.83306156988365,
              132.85337341342498
            ],
            [
              28.477730428714818,
              133.29530482278412
            ],
            [
              28.435072369744447,
              133.336205914986
            ],
            [
              28.434067334431116,
              133.33732057351003
            ],
            [
              28.10937416959643,
              133.74866559133213
            ],
            [
              27.812808324305653,
              134.0974361091741
            ],
            [
              27.968338331983986,
              133.92734009212305
            ],
            [
              27.90337097005387,
              134.0096454916366
            ],
            [
              27.902620244545997,
              134.01057918177338
            ],
            [
              27.49740154947586,
              134.46836413724824
            ],
            [
              26.136316670897447,
              136.06904164432837
            ],
            [
              25.579709157649823,
              136.6907244138558
            ],
            [
              25.47032748720649,
              136.85226532352345
            ],
            [
              25.410253883617347,
              136.92291372139042
            ],
            [
              25.324409953279513,
              137.01989987593143
            ],
            [
              25.317242556330164,
              137.03064653328386
            ],
            [
              25.294549033895912,
              137.0565681865448
            ],
            [
              25.60805041804346,
              136.60280791809566
            ],
            [
              25.256431600234134,
              137.00003984942776
            ],
            [
              24.935408280724342,
              137.48134669485748
            ],
            [
              24.45121243800705,
              138.0507758367577
            ],
            [
              23.704815504955864,
              139.23146063531183
            ],
            [
              23.46212720026488,
              139.53329622499862
            ],
            [
              22.806584462994476,
              140.6523235701365
            ],
            [
              22.767078892521447,
              140.7148152879458
            ],
            [
              22.78612622545235,
              140.68724627759875
            ],
            [
              22.706716732801414,
              140.82280020671627
            ],
            [
              22.555289361247482,
              141.04983365283763
            ],
            [
              21.531181364328194,
              142.66981451087926
            ],
            [
              21.090033916855614,
              143.32132549688737
            ],
            [
              21.011812658191424,
              143.4861254475696
            ],
            [
              20.875764858511854,
              143.69011290595367
            ],
            [
              20.866551459135263,
              143.70995559586797
            ],
            [
              20.826378193727365,
              143.7710732254044
            ],
            [
              21.05440205309208,
              143.30009801598257
            ],
            [
              20.80732350290839,
              143.67054025595326
            ],
            [
              20.55491206696858,
              144.21412192647895
            ],
            [
              20.14870276793399,
              144.85668237008034
            ],
            [
              19.615745136774734,
              146.09916365694195
            ],
            [
              19.369202859516843,
              146.52001730126207
            ],
            [
              18.836743800064,
              147.9152453240865
            ],
            [
              18.15325519284031,
              149.5086586736933
            ],
            [
              17.828530405788687,
              150.19280298181917
            ],
            [
              17.785276920532716,
              150.34602690065358
            ],
            [
              17.667840033341466,
              150.5989480692995
            ],
            [
              17.659528659827334,
              150.6295462011949
            ],
            [
              17.616576285668376,
              150.72404378854725
            ],
            [
              17.754807596216274,
              150.24429825423317
            ],
            [
              17.599065963111244,
              150.57969627920176
            ],
            [
              17.435404646403683,
              151.18217982916775
            ],
            [
              17.130496649694912,
              151.89301021788268
            ],
            [
              16.828859823097822,
              153.17660005458902
            ],
            [
              16.619707871974843,
              153.72465094799136
            ],
            [
              16.316162506882787,
              155.3583398368958
            ],
            [
              16.046898278974542,
              156.50417083582425
            ],
            [
              15.844110800921683,
              157.2225381973683
            ],
            [
              15.83081640243599,
              157.3619086377243
            ],
            [
              15.749139843164986,
              157.66259902646593
            ],
            [
              15.745539969238393,
              157.70535972583278
            ],
            [
              15.712930805329888,
              157.83005691105268
            ],
            [
              15.759917215001922,
              157.35012247980308
            ],
            [
              15.680169368911153,
              157.6436968343372
            ],
            [
              15.624930411493414,
              158.29981917301208
            ],
            [
              15.443519266574777,
              159.07179885635642
            ],
            [
              15.405335377564297,
              159.90994963685006
            ],
            [
              15.399109645638639,
              159.93893553149954
            ],
            [
              15.394104035801238,
              160.15648182907864
            ],
            [
              15.384181492425876,
              160.37428540252105
            ],
            [
              15.257981072247567,
              161.05349927936328
            ],
            [
              15.269898995177439,
              162.88282936574598
            ],
            [
              15.238556970690704,
              163.57079863671663
            ],
            [
              15.166651141943573,
              164.32461589489628
            ],
            [
              15.17784453019499,
              164.44866643440017
            ],
            [
              15.148771615774786,
              164.79400579310035
            ],
            [
              15.154491030543978,
              164.84995982101196
            ],
            [
              15.143415095752212,
              165.0005872652518
            ],
            [
              15.100509155695034,
              164.52883791060236
            ],
            [
              15.079744637253754,
              164.77547660613234
            ],
            [
              15.151635606495686,
              165.47875539886368
            ],
            [
              15.114079557789966,
              166.30312484762146
            ],
            [
              15.180742253945656,
              166.7403701300124
            ],
            [
              15.208621505311747,
              166.93127241394026
            ],
            [
              15.20757451071406,
              166.96490520150977
            ],
            [
              15.233722721471624,
              167.12673365896865
            ],
            [
              15.230476612764978,
              167.26781116058794
            ],
            [
              15.301191352144484,
              167.68601952080436
            ],
            [
              15.30590842655984,
              168.4100623090755
            ],
            [
              15.724107381469903,
              170.50261541671156
            ],
            [
              15.806125240805226,
              171.41157698145142
            ],
            [
              15.83624431011013,
              171.51967054491797
            ],
            [
              15.875595250146764,
              171.90464762479706
            ],
            [
              15.895922194676999,
              171.97433317201308
            ],
            [
              15.915409959605178,
              172.1458342132146
            ],
            [
              15.786576837283045,
              171.69011555946534
            ],
            [
              15.806652689674525,
              171.88650908958303
            ],
            [
              15.936536673899278,
              172.33175874137854
            ],
            [
              15.938242588759836,
              172.34677155461216
            ],
            [
              16.003610432188236,
              172.5616913824396
            ],
            [
              16.036368314891018,
              172.67398725905156
            ],
            [
              16.149057589801526,
              173.4651122109949
            ],
            [
              16.173409190028842,
              173.53762529349947
            ],
            [
              16.195538616000746,
              173.6891558315826
            ],
            [
              16.275592466917658,
              173.92156918351907
            ],
            [
              16.310701310564955,
              174.1518505423555
            ],
            [
              16.626762574154313,
              175.01925494055087
            ],
            [
              16.7622455210427,
              175.69717452455956
            ],
            [
              17.55207028235394,
              177.67755483250224
            ],
            [
              17.75232312811264,
              178.39623718863444
            ],
            [
              17.796082337312217,
              178.48852910200637
            ],
            [
              17.917972982566837,
              178.90639890539725
            ],
            [
              17.95870727969238,
              178.98976145192344
            ],
            [
              18.015534312450317,
              179.17660035397918
            ],
            [
              17.807040101942356,
              178.74395039839214
            ],
            [
              17.849254180769684,
              178.8886626507184
            ],
            [
              18.057692460157845,
              179.31521012556624
            ],
            [
              18.072663810255502,
              179.36443371650188
            ],
            [
              18.246094077334625,
              179.70957164788368
            ],
            [
              18.520345330214795,
              180.5262244978943
            ],
            [
              18.604275107208956,
              180.68223006154747
            ],
            [
              18.68519806899252,
              180.91716662713603
            ],
            [
              18.939101177813676,
              181.37688508870815
            ],
            [
              18.958128175337176,
              181.42988677367183
            ],
            [
              18.97079608320694,
              181.45226401033028
            ],
            [
              19.10952074005947,
              181.8329825334654
            ],
            [
              19.420156278796895,
              182.3615314588723
            ],
            [
              19.60267510550025,
              182.81917308767098
            ],
            [
              20.71946608847347,
              184.65419536578898
            ],
            [
              20.975169429226643,
              185.19349557260543
            ],
            [
              21.027897353045347,
              185.27084442966864
            ],
            [
              21.24413303192192,
              185.71336972439337
            ],
            [
              21.3113739096779,
              185.80968530315164
            ],
            [
              21.410092893665222,
              186.0061427410353
            ],
            [
              21.130096746424574,
              185.60256911679326
            ],
            [
              21.17577320384377,
              185.69604128337207
            ],
            [
              21.45585335160716,
              186.0972091394154
            ],
            [
              21.497579701727915,
              186.1802473910883
            ],
            [
              21.759729135439798,
              186.54747124151544
            ],
            [
              22.20058726751013,
              187.3669220234301
            ],
            [
              22.328397508220643,
              187.5363219202489
            ],
            [
              22.34491443063799,
              187.56671825980945
            ],
            [
              22.391904619512655,
              187.62855129985573
            ],
            [
              22.546583959729524,
              187.90861462263584
            ],
            [
              22.839733549583578,
              188.28655189780318
            ],
            [
              22.87560826955843,
              188.3499228275033
            ],
            [
              22.949770599746078,
              188.443927489358
            ],
            [
              23.01315165896686,
              188.55457790999552
            ],
            [
              23.192195232138747,
              188.77968677840022
            ],
            [
              23.45981715087252,
              189.235047675404
            ],
            [
              23.647752959680457,
              189.46572386781708
            ],
            [
              23.78059555694393,
              189.68400027689881
            ],
            [
              25.17006655406798,
              191.34717041100532
            ],
            [
              25.425623192963037,
              191.72205742533245
            ],
            [
              25.48354737942063,
              191.78589078760814
            ],
            [
              25.803125930004075,
              192.2436538937115
            ],
            [
              25.903019982707306,
              192.3514708795604
            ],
            [
              26.046114235246048,
              192.55191999611114
            ],
            [
              25.704193516404256,
              192.18224418838568
            ],
            [
              25.735253775367013,
              192.2267328020741
            ],
            [
              26.07819266792697,
              192.59685606710704
            ],
            [
              26.160198274202767,
              192.71173106060743
            ],
            [
              26.522558496633263,
              193.09526958138466
            ],
            [
              27.132073709178524,
              193.90312201588952
            ],
            [
              27.252523851479324,
              194.0245005567755
            ],
            [
              27.297074720047586,
              194.0831237652807
            ],
            [
              27.47126284443075,
              194.25765887571143
            ],
            [
              27.716189654525934,
              194.5734258916859
            ],
            [
              28.019683531199053,
              194.87030931390865
            ],
            [
              28.077079085447885,
              194.9430612036586
            ],
            [
              28.151524932464348,
              195.01497954592267
            ],
            [
              28.22970941171691,
              195.1132797492754
            ],
            [
              28.31792915612106,
              195.1979920806418
            ],
            [
              28.507108688565292,
              195.4301948444638
            ],
            [
              28.869961980399893,
              195.77587427392842
            ],
            [
              29.2285922381051,
              196.20514781402417
            ],
            [
              30.531708177337425,
              197.40339664032172
            ],
            [
              31.460160636522186,
              198.40544646050157
            ],
            [
              30.542650977301466,
              197.4134588280518
            ],
            [
              30.829551929516647,
              197.67727167762666
            ],
            [
              31.03710851587203,
              197.90600229223762
            ],
            [
              31.09816972423679,
              197.95866541237555
            ],
            [
              31.5274249684791,
              198.42196633312943
            ],
            [
              31.66296984064991,
              198.53611446730287
            ],
            [
              31.989906757367336,
              198.88215935209845
            ],
            [
              32.462850920825986,
              199.27498748118396
            ],
            [
              33.23888764215551,
              200.0570056930852
            ],
            [
              33.335670844072915,
              200.13374888730527
            ],
            [
              33.41853063407217,
              200.21677373557765
            ],
            [
              33.76348801210368,
              200.48900696135814
            ],
            [
              34.1106098881212,
              200.8285681136658
            ],
            [
              34.39690274887386,
              201.0483210603126
            ],
            [
              34.47998321871089,
              201.12858087204035
            ],
            [
              34.52263499154846,
              201.16100602110635
            ],
            [
              34.62163845872094,
              201.25532364979534
            ],
            [
              35.1931894961836,
              201.6897493361671
            ],
            [
              35.86050446711393,
              202.303362719761
            ],
            [
              37.60763089447629,
              203.57284411650824
            ],
            [
              37.7273976425813,
              203.6761386763902
            ],
            [
              37.85002682424871,
              203.76075732728216
            ],
            [
              38.4348324062243,
              204.25469635784256
            ],
            [
              38.52832164964104,
              204.3177208599921
            ],
            [
              38.61582689448181,
              204.39141276931113
            ],
            [
              38.65134275519855,
              204.4151580488422
            ],
            [
              38.900288547962376,
              204.62193279641514
            ],
            [
              39.4926569703663,
              205.01586451002532
            ],
            [
              40.42910178065128,
              205.75840830407378
            ],
            [
              40.487746124416965,
              205.79565234273758
            ],
            [
              40.61749934262867,
              205.89805089803667
            ],
            [
              41.163425799256665,
              206.24332208859977
            ],
            [
              41.169787686875466,
              206.2482665788666
            ],
            [
              41.178102994977536,
              206.25344120189445
            ],
            [
              41.62906557504477,
              206.59959148848318
            ],
            [
              41.87305610546078,
              206.74901525190546
            ],
            [
              41.98505121350272,
              206.83415727136781
            ],
            [
              42.03952189009064,
              206.86726543129532
            ],
            [
              42.13509835598581,
              206.9395886552027
            ],
            [
              42.77172537078889,
              207.32513231158742
            ],
            [
              43.5739697374213,
              207.90805194644253
            ],
            [
              45.40052865114395,
              208.97088161794986
            ],
            [
              45.400847324897825,
              208.9711015145777
            ],
            [
              45.40226425474448,
              208.9718915229664
            ],
            [
              45.62116201641051,
              209.09926274235525
            ],
            [
              46.342755867238864,
              209.58571542440623
            ],
            [
              46.461205841797415,
              209.6500284770412
            ],
            [
              46.791492650100366,
              209.86967294736974
            ],
            [
              47.49092054225489,
              210.2451461743897
            ],
            [
              48.210677035788024,
              210.70035617277242
            ],
            [
              48.59732676977883,
              210.94591093079526
            ],
            [
              48.60576600122194,
              210.95023019117966
            ],
            [
              48.78888589338959,
              211.06604436801297
            ],
            [
              49.43390397745352,
              211.39492546849777
            ],
            [
              49.70283600080167,
              211.5603323274324
            ],
            [
              49.847037993739825,
              211.63241126392634
            ],
            [
              50.15631979672941,
              211.8218204630529
            ],
            [
              50.336260291157856,
              211.91015748016957
            ],
            [
              50.47912380585937,
              211.9969922395105
            ],
            [
              50.5151138556709,
              212.01455679382886
            ],
            [
              50.61322310514696,
              212.0739721153423
            ],
            [
              51.34780893371816,
              212.43145762325037
            ],
            [
              52.253306381226096,
              212.95834429931472
            ],
            [
              54.405234922343965,
              213.96328191833973
            ],
            [
              55.14443459015906,
              214.36463436540214
            ],
            [
              55.25304800671583,
              214.41208186612477
            ],
            [
              55.55283632915769,
              214.57301695337642
            ],
            [
              55.81291315375393,
              214.68555080808284
            ],
            [
              55.836829486632304,
              214.69836138883312
            ],
            [
              56.31196790027434,
              214.90190502150443
            ],
            [
              57.81703282079115,
              215.66930584263858
            ],
            [
              58.40470332865232,
              215.909934782404
            ],
            [
              58.46943199802114,
              215.9422892149183
            ],
            [
              58.92448760471391,
              216.12632008217378
            ],
            [
              59.56583091763456,
              216.44117058534022
            ],
            [
              59.66402130037659,
              216.47958206104758
            ],
            [
              59.83819395203488,
              216.56458513876137
            ],
            [
              59.8514626359052,
              216.56975276123413
            ],
            [
              59.948116093154404,
              216.61678907600054
            ],
            [
              60.77770634786918,
              216.93918754870776
            ],
            [
              61.7725871452331,
              217.4037908664346
            ],
            [
              63.977304362052095,
              218.2232515434004
            ],
            [
              64.71798047482972,
              218.5468140599876
            ],
            [
              64.81293837182047,
              218.57981371220384
            ],
            [
              65.06551878725024,
              218.68910391065123
            ],
            [
              65.51125139554324,
              218.84276841378397
            ],
            [
              65.7151635264444,
              218.9301219399945
            ],
            [
              66.09163548872229,
              219.05744399205048
            ],
            [
              67.57855768391335,
              219.6662826296143
            ],
            [
              68.52568169764409,
              219.97318555097235
            ],
            [
              68.52797364013018,
              219.97410524811502
            ],
            [
              68.55101407127577,
              219.98139416923055
            ],
            [
              68.88102831412466,
              220.08833088897424
            ],
            [
              70.00940667694674,
              220.52684551561296
            ],
            [
              70.92935561708585,
              220.80722584371546
            ],
            [
              71.99875884946916,
              221.2047071579034
            ],
            [
              74.40389394982307,
              221.91285086361523
            ],
            [
              74.93574929961277,
              222.09768058424345
            ],
            [
              75.01383681663275,
              222.1187460740469
            ],
            [
              75.2053293199791,
              222.18476233543865
            ],
            [
              75.84773307434057,
              222.3569363557005
            ],
            [
              76.25685471155889,
              222.4953004614254
            ],
            [
              76.5200071084991,
              222.56364021929966
            ],
            [
              77.94515759086542,
              223.02544125070713
            ],
            [
              77.94813872253518,
              223.02629196783153
            ],
            [
              79.00162286137952,
              223.28748087372998
            ],
            [
              79.02480420225945,
              223.29481437213397
            ],
            [
              79.27707903382235,
              223.35577435215131
            ],
            [
              79.35350683252781,
              223.37472299351018
            ],
            [
              80.66214837053221,
              223.77356832914228
            ],
            [
              80.94644556147564,
              223.83917373105416
            ],
            [
              81.45214341171389,
              223.98806630244508
            ],
            [
              84.76263967170324,
              224.7486581902395
            ],
            [
              85.66707395091842,
              224.9926453448228
            ],
            [
              85.72563276604701,
              225.00436437912202
            ],
            [
              85.84524618830581,
              225.03642260363924
            ],
            [
              86.68866995361009,
              225.20440642489598
            ],
            [
              87.32092507938022,
              225.36860087158698
            ],
            [
              87.4437485145476,
              225.3918527767752
            ],
            [
              87.70301627292486,
              225.45729284124715
            ],
            [
              87.7671762879007,
              225.46952158862044
            ],
            [
              88.7250611313702,
              225.70855824799386
            ],
            [
              88.88154510107705,
              225.73699670884807
            ],
            [
              89.13108187817029,
              225.7988640264352
            ],
            [
              90.03587515105353,
              225.96019259869107
            ],
            [
              91.24251835350232,
              226.23742083251625
            ],
            [
              91.61167583928152,
              226.30031911389872
            ],
            [
              91.7696419128613,
              226.33677191074497
            ],
            [
              91.77351234119115,
              226.3375320582974
            ],
            [
              93.2926612334895,
              226.58673100150156
            ],
            [
              93.8013808335668,
              226.67340834053252
            ],
            [
              93.9817425516472,
              226.71282287588258
            ],
            [
              94.44903731957764,
              226.78375820872006
            ],
            [
              95.57979651424837,
              226.9764207246994
            ],
            [
              96.78079420653485,
              227.2167693915782
            ],
            [
              96.81768476692875,
              227.2217916159259
            ],
            [
              96.85784037991513,
              227.2297893669871
            ],
            [
              97.36205898175315,
              227.29828357661353
            ],
            [
              97.79205011085344,
              227.38023887061496
            ],
            [
              98.28400961457362,
              227.44574438126384
            ],
            [
              98.50889096533713,
              227.4866129731237
            ],
            [
              98.7661814530508,
              227.53532105573234
            ],
            [
              98.80026051983313,
              227.53956473352218
            ],
            [
              99.917305548698,
              227.7425698169563
            ],
            [
              100.26263922413075,
              227.78366907242102
            ],
            [
              100.67556585999145,
              227.85729568593334
            ],
            [
              100.8996734026136,
              227.88283905924433
            ],
            [
              101.28501938175812,
              227.9484955900194
            ],
            [
              101.29927319771461,
              227.9505216664056
            ],
            [
              102.27748737235237,
              228.0605886266726
            ],
            [
              103.04368479137665,
              228.18627452097425
            ],
            [
              105.02341922102259,
              228.38894908868446
            ],
            [
              105.54455443337503,
              228.46805739949548
            ],
            [
              106.79269956352324,
              228.5797748408819
            ],
            [
              108.14751290099318,
              228.7642170520216
            ],
            [
              109.12688504773986,
              228.8386310687129
            ],
            [
              111.32679090314113,
              229.10044883855224
            ],
            [
              111.73652036430403,
              229.12490259336477
            ],
            [
              112.37557109033284,
              229.19680747134962
            ],
            [
              113.54628110507693,
              229.26147386884426
            ],
            [
              114.49657270732071,
              229.35875961424435
            ],
            [
              116.44901830509801,
              229.44408075928962
            ],
            [
              117.2714698931161,
              229.51769574592686
            ],
            [
              117.27884592257233,
              229.51813410011118
            ],
            [
              118.37656597371199,
              229.55330827657707
            ],
            [
              118.6519514422713,
              229.5702539258175
            ],
            [
              118.9194609846295,
              229.59175665560727
            ],
            [
              118.93508626276008,
              229.59255727399892
            ],
            [
              119.04606405072681,
              229.594505365297
            ],
            [
              119.19846163711209,
              229.6038830425507
            ],
            [
              119.64153188754047,
              229.63754811779214
            ],
            [
              119.78925537220991,
              229.64023711548325
            ],
            [
              120.17508286037125,
              229.66397873597018
            ],
            [
              120.89683433367567,
              229.67579907132128
            ],
            [
              121.41353612376616,
              229.71067100033582
            ],
            [
              121.4565309881395,
              229.71233189499927
            ],
            [
              121.59858926056175,
              229.7134973554867
            ],
            [
              122.82932693317778,
              229.78695108566015
            ],
            [
              123.06975155096869,
              229.7875208981051
            ],
            [
              123.5288293039124,
              229.81287893218652
            ],
            [
              124.00803615405171,
              229.81276440541797
            ],
            [
              124.29353664852347,
              229.8279300816402
            ],
            [
              125.12366302669011,
              229.82315950101432
            ],
            [
              126.0092345180181,
              229.86185864517742
            ],
            [
              127.42028799880529,
              229.84309570834301
            ],
            [
              128.22562823909013,
              229.86890117641144
            ],
            [
              129.37829383351698,
              229.84352831123957
            ],
            [
              131.04447047943674,
              229.84511481320263
            ],
            [
              131.14244387617865,
              229.84689821438786
            ],
            [
              131.18536576211395,
              229.84524897103302
            ],
            [
              131.24705775947302,
              229.84530771298796
            ],
            [
              131.2766242423649,
              229.8457919319416
            ],
            [
              131.28825671439992,
              229.84534694185692
            ],
            [
              131.4774566633913,
              229.84552709447638
            ],
            [
              131.49181739525574,
              229.84537118918772
            ],
            [
              132.06393296888916,
              229.82301953593466
            ],
            [
              132.46410095048913,
              229.83004403856316
            ],
            [
              132.75285853621781,
              229.8158772393097
            ],
            [
              132.9410639423778,
              229.81747999699795
            ],
            [
              133.07523725267123,
              229.81123415311723
            ],
            [
              133.68908122063704,
              229.81268897889714
            ],
            [
              133.72003815405606,
              229.8129429527219
            ],
            [
              133.7233497241583,
              229.81277019612003
            ],
            [
              134.3063850888953,
              229.81415200472983
            ],
            [
              134.3778305234397,
              229.81028610396504
            ],
            [
              134.65149636783278,
              229.81022069992193
            ],
            [
              135.0913210886273,
              229.78603861196467
            ],
            [
              135.10384510836172,
              229.7860097463142
            ],
            [
              135.50857178808738,
              229.7634793777981
            ],
            [
              136.10295839459906,
              229.76006354943362
            ],
            [
              136.74368089761523,
              229.71912150436992
            ],
            [
              137.46475228069065,
              229.70953333709033
            ],
            [
              138.3862174683226,
              229.64524284757047
            ],
            [
              139.10245116934513,
              229.62947686894205
            ],
            [
              141.08239437338284,
              229.47949994894626
            ],
            [
              142.48233219587073,
              229.4262368064006
            ],
            [
              142.67358462024745,
              229.40851717703958
            ],
            [
              142.89401191502944,
              229.3999054302413
            ],
            [
              143.8237038793332,
              229.31088692034336
            ],
            [
              144.0132292062496,
              229.3020644086165
            ],
            [
              144.1536041076333,
              229.28778347825792
            ],
            [
              145.64208860154994,
              229.2059448246892
            ],
            [
              145.75132427579354,
              229.19393172856903
            ],
            [
              145.822853007421,
              229.19003047904548
            ],
            [
              145.82634630969713,
              229.18974244272488
            ],
            [
              146.4233918234959,
              229.1232481005798
            ],
            [
              146.6945826078142,
              229.09367284054298
            ],
            [
              147.03848475939074,
              229.07319136076987
            ],
            [
              147.26132263825355,
              229.04704621424196
            ],
            [
              147.74877213056268,
              229.01589828516597
            ],
            [
              148.20129900513263,
              228.9604460639739
            ],
            [
              148.75328753109375,
              228.9219339063589
            ],
            [
              149.2132642431724,
              228.86360206993072
            ],
            [
              149.81578539116268,
              228.81796224257408
            ],
            [
              151.7159858709309,
              228.57073433996212
            ],
            [
              153.27749083705984,
              228.42606015172814
            ],
            [
              153.66601531691254,
              228.368480261199
            ],
            [
              154.08115940365724,
              228.3287299896958
            ],
            [
              154.99474441161723,
              228.18848189053253
            ],
            [
              156.21933692909292,
              228.05493147423044
            ],
            [
              156.57690937287217,
              227.99650137689449
            ],
            [
              156.7002511498871,
              227.98289061511062
            ],
            [
              156.705477306328,
              227.98201562622808
            ],
            [
              156.80463519062062,
              227.9710727032891
            ],
            [
              156.81004052334364,
              227.97016750537642
            ],
            [
              156.9721117572915,
              227.9521972436021
            ],
            [
              157.0377341815976,
              227.9411042001739
            ],
            [
              157.1157275508486,
              227.93241789794044
            ],
            [
              157.89643827880212,
              227.7992482268457
            ],
            [
              158.27839207401124,
              227.7544343110373
            ],
            [
              158.484255664981,
              227.71806761943546
            ],
            [
              158.5673428260239,
              227.70809267029549
            ],
            [
              158.8942327823362,
              227.65014393094899
            ],
            [
              159.118702546383,
              227.6226376153992
            ],
            [
              159.38962862663874,
              227.57308886119782
            ],
            [
              159.7728154771907,
              227.52449511264152
            ],
            [
              159.80896338572467,
              227.51778762293475
            ],
            [
              160.27856095239216,
              227.45669005837985
            ],
            [
              162.079986644819,
              227.12151752629146
            ],
            [
              163.78768292225226,
              226.86843446509383
            ],
            [
              164.35811354431672,
              226.75107353642255
            ],
            [
              164.9546398224622,
              226.65949839466563
            ],
            [
              165.59272117216653,
              226.52324813785535
            ],
            [
              166.33200593080946,
              226.40244330191834
            ],
            [
              166.84423979029492,
              226.28980170950248
            ],
            [
              167.38509994024756,
              226.1992271781269
            ],
            [
              167.51064058798136,
              226.17072758246192
            ],
            [
              167.73427782960476,
              226.1329231633195
            ],
            [
              167.9329472557761,
              226.08727149647902
            ],
            [
              168.05426665175426,
              226.0665774500397
            ],
            [
              168.65564797342637,
              225.9267676815474
            ],
            [
              168.74935049258448,
              225.9105171752102
            ],
            [
              168.84501191025723,
              225.8877953243101
            ],
            [
              169.1588493380492,
              225.83235458855128
            ],
            [
              169.68824814857751,
              225.70592748350785
            ],
            [
              170.41049035762092,
              225.5715473916714
            ],
            [
              171.24926014079983,
              225.36631465927465
            ],
            [
              171.47074070190206,
              225.32443591316098
            ],
            [
              171.49898916183147,
              225.31820012571234
            ],
            [
              172.29008609535683,
              225.11914209941912
            ],
            [
              173.93148151404802,
              224.7814398737639
            ],
            [
              174.6643053340767,
              224.58618216293473
            ],
            [
              175.42424536208915,
              224.42391128003436
            ],
            [
              175.78895760717504,
              224.32283439574707
            ],
            [
              176.08120853269372,
              224.2585676374583
            ],
            [
              176.7171641340966,
              224.08070970156137
            ],
            [
              177.55832989699098,
              223.8897525529199
            ],
            [
              177.79400247483966,
              223.82132843597688
            ],
            [
              178.07136383751296,
              223.75759437901922
            ],
            [
              178.08841770876575,
              223.75257189839425
            ],
            [
              178.0967716676147,
              223.7506522746642
            ],
            [
              178.39933837628809,
              223.66154418624444
            ],
            [
              178.54993352175129,
              223.6265336668532
            ],
            [
              179.03174280677607,
              223.48267912915597
            ],
            [
              179.11122504595252,
              223.46383127063507
            ],
            [
              179.24361031617846,
              223.42398662445316
            ],
            [
              179.58916655827502,
              223.34146344070425
            ],
            [
              179.8495051805864,
              223.26198064033846
            ],
            [
              180.1382074533788,
              223.19134009333553
            ],
            [
              180.42300686512877,
              223.1038384928549
            ],
            [
              180.46185317421921,
              223.09436879714795
            ],
            [
              180.78260623087132,
              222.99451467200288
            ],
            [
              180.8149152837959,
              222.98648723342654
            ],
            [
              180.824701095509,
              222.98374998818036
            ],
            [
              181.07665693780396,
              222.9082405326581
            ],
            [
              181.50578359244741,
              222.80026248182287
            ],
            [
              182.23711321436937,
              222.5684405300174
            ],
            [
              183.63479614381222,
              222.19603400908852
            ],
            [
              184.47192409697954,
              221.91833431953444
            ],
            [
              184.53498428357,
              221.90114951475746
            ],
            [
              184.54793416446003,
              221.8971997033766
            ],
            [
              184.5771107003895,
              221.88727281188594
            ],
            [
              185.4082715919796,
              221.65692366843146
            ],
            [
              186.24015276334552,
              221.36911112530262
            ],
            [
              187.24893632515347,
              221.07622544028757
            ],
            [
              187.57359126166108,
              220.95966022522123
            ],
            [
              187.92915641461076,
              220.8549437108776
            ],
            [
              188.36281644711627,
              220.69668615126264
            ],
            [
              188.5197453959361,
              220.6498316341628
            ],
            [
              189.04975511360433,
              220.4533615342026
            ],
            [
              189.18799258520593,
              220.4108895363238
            ],
            [
              189.4876364337575,
              220.31940663615435
            ],
            [
              189.74181234812494,
              220.2233241667318
            ],
            [
              189.75710710404334,
              220.21864067751721
            ],
            [
              190.01315181815113,
              220.1209393930974
            ],
            [
              190.39968929977536,
              220.00060581789785
            ],
            [
              190.69223902833957,
              219.88827592271267
            ],
            [
              191.00037120185127,
              219.7906020425147
            ],
            [
              191.66840995482363,
              219.53105065395317
            ],
            [
              192.8308068717755,
              219.14544978881196
            ],
            [
              193.66877492068366,
              218.80742691807473
            ],
            [
              194.23116749712085,
              218.6139267607659
            ],
            [
              194.369620957846,
              218.55649437679173
            ],
            [
              194.83341677738824,
              218.3960312494717
            ],
            [
              195.51423049921453,
              218.10862604582437
            ],
            [
              196.38927435788966,
              217.7944473160104
            ],
            [
              196.7718033763968,
              217.62795569301957
            ],
            [
              197.1864247819312,
              217.47664598752087
            ],
            [
              197.72989831214662,
              217.23570618746575
            ],
            [
              197.88960395685254,
              217.1765046616578
            ],
            [
              198.35955159414578,
              216.9656840018142
            ],
            [
              198.7813559542622,
              216.8062353591911
            ],
            [
              199.09837660866947,
              216.66058346185716
            ],
            [
              199.40426116827257,
              216.54313341093035
            ],
            [
              199.63873382894806,
              216.43436109872317
            ],
            [
              199.91780099194523,
              216.32593584743876
            ],
            [
              200.51969037028874,
              216.04387750773236
            ],
            [
              201.45977386010705,
              215.66466290596506
            ],
            [
              202.17385587333106,
              215.31919128627416
            ],
            [
              202.51876792559713,
              215.17611706249005
            ],
            [
              202.85811736780855,
              215.0084075376306
            ],
            [
              203.6345318153046,
              214.68064453103528
            ],
            [
              204.1751132671972,
              214.40574503815452
            ],
            [
              204.91919306788776,
              214.08189234291194
            ],
            [
              205.3453987382761,
              213.8595028436457
            ],
            [
              205.80572780237188,
              213.65542373675956
            ],
            [
              206.44014285734394,
              213.3173925492129
            ],
            [
              206.52432496711305,
              213.27946650977233
            ],
            [
              206.89264221365914,
              213.079587845608
            ],
            [
              207.40590369464778,
              212.8437751075554
            ],
            [
              207.54742645972286,
              212.76550358027544
            ],
            [
              207.76395180797107,
              212.66505706035846
            ],
            [
              207.94793884722736,
              212.56284011495993
            ],
            [
              208.20053917563246,
              212.44446615488863
            ],
            [
              208.73418802841766,
              212.14531414980536
            ],
            [
              209.46875389289272,
              211.78993247897188
            ],
            [
              210.06026410039922,
              211.4490423045028
            ],
            [
              210.21615086795302,
              211.37200167185014
            ],
            [
              210.22841351081425,
              211.3654022295052
            ],
            [
              210.63560892363412,
              211.12544517122114
            ],
            [
              210.88949253054994,
              210.99817140975648
            ],
            [
              210.96882004667125,
              210.9509714015044
            ],
            [
              211.75426101625186,
              210.55155458194918
            ],
            [
              212.1675051203457,
              210.29980167668703
            ],
            [
              212.78569474855553,
              209.97723702909843
            ],
            [
              213.24030069666426,
              209.6941093186075
            ],
            [
              213.73186474162625,
              209.4321924921217
            ],
            [
              214.40505305514466,
              209.00274741051058
            ],
            [
              214.50075839335076,
              208.950809969803
            ],
            [
              214.79765250142523,
              208.75737202646914
            ],
            [
              215.43434891901165,
              208.40364513779792
            ],
            [
              215.57285612580557,
              208.31170472150083
            ],
            [
              215.79809799568696,
              208.18543900078902
            ],
            [
              216.26229313473576,
              207.87478317465462
            ],
            [
              216.81125281473274,
              207.55841507362226
            ],
            [
              217.55981262923862,
              207.04506631664498
            ],
            [
              217.81748879016789,
              206.8932197790372
            ],
            [
              217.97102637446696,
              206.78464661767364
            ],
            [
              217.98170638832374,
              206.778291991098
            ],
            [
              218.19378663407988,
              206.6285239403999
            ],
            [
              219.14261047628673,
              206.05048990073462
            ],
            [
              219.44306532311035,
              205.83103943423163
            ],
            [
              219.94253490717338,
              205.51997073752048
            ],
            [
              220.40940887096804,
              205.1724060014618
            ],
            [
              220.9168410627977,
              204.84870124506992
            ],
            [
              221.60285422615053,
              204.32352106814994
            ],
            [
              221.7076016784741,
              204.25527406965466
            ],
            [
              221.83813335999602,
              204.1528438906561
            ],
            [
              222.37062189788082,
              203.79938056568238
            ],
            [
              222.46929345747265,
              203.7208387429466
            ],
            [
              222.6666163913994,
              203.58878324753584
            ],
            [
              223.06113533835855,
              203.2723588860268
            ],
            [
              223.44683980854163,
              203.0078497492929
            ],
            [
              224.2301483052908,
              202.3657312527787
            ],
            [
              224.38464219322051,
              202.25662986826654
            ],
            [
              224.39130852080726,
              202.25149217743714
            ],
            [
              224.44000296204848,
              202.21014948648983
            ],
            [
              224.62667163115876,
              202.07814788163466
            ],
            [
              224.8957260405111,
              201.84844787095713
            ],
            [
              225.75647657507415,
              201.21976070432083
            ],
            [
              225.95997305050787,
              201.04028357945282
            ],
            [
              226.34979079125364,
              200.75008341692384
            ],
            [
              226.81214732924676,
              200.33552547323043
            ],
            [
              227.3193944143916,
              199.94720039705047
            ],
            [
              227.98388107910037,
              199.3312682807102
            ],
            [
              228.08011817737705,
              199.25466427095432
            ],
            [
              228.10241518748504,
              199.23716747086547
            ],
            [
              228.10399871627473,
              199.23565554077257
            ],
            [
              228.5342682561816,
              198.89316420818724
            ],
            [
              228.59921790056853,
              198.83053358907992
            ],
            [
              228.76841909780592,
              198.69482558008474
            ],
            [
              229.0941395102591,
              198.378466040458
            ],
            [
              229.3407461054981,
              198.17630985700984
            ],
            [
              229.82005382257051,
              197.7015332471026
            ],
            [
              229.86105557950532,
              197.66756773720695
            ],
            [
              230.13853362410882,
              197.38606417553635
            ],
            [
              230.23766044800885,
              197.28787444120607
            ],
            [
              230.25218049131865,
              197.27547823438871
            ],
            [
              230.51556824901894,
              197.0518560223111
            ],
            [
              230.52213506124625,
              197.0450097289874
            ],
            [
              230.61723037626683,
              196.96382393861742
            ],
            [
              230.80810964676178,
              196.7643883070466
            ],
            [
              231.5591626308522,
              196.1019845483547
            ],
            [
              231.68248224396524,
              195.96868762960932
            ],
            [
              231.97342239102935,
              195.7078249853208
            ],
            [
              232.39679403244438,
              195.24372385505058
            ],
            [
              232.901943383645,
              194.7761284038823
            ],
            [
              233.44012540214757,
              194.16247055757034
            ],
            [
              233.89266259520323,
              193.72609119262637
            ],
            [
              233.93031502011084,
              193.681277287902
            ],
            [
              234.07157682736315,
              193.54407520108035
            ],
            [
              234.33057782367294,
              193.23364921796713
            ],
            [
              234.46346735863133,
              193.10201594637354
            ],
            [
              234.96778152666468,
              192.4867558835866
            ],
            [
              235.09138769866928,
              192.36135649311132
            ],
            [
              235.42007400338113,
              191.94568786949603
            ],
            [
              235.75664840884102,
              191.5940261675725
            ],
            [
              235.88393920689956,
              191.42730728253684
            ],
            [
              236.51990726601196,
              190.73988554514986
            ],
            [
              236.5804879734442,
              190.65754732176507
            ],
            [
              236.78484603857711,
              190.43352946197155
            ],
            [
              237.1464945002991,
              189.93631212005312
            ],
            [
              237.6502395209104,
              189.36192079181885
            ],
            [
              238.07262549773148,
              188.75110061177418
            ],
            [
              238.4186253288609,
              188.33929171753476
            ],
            [
              238.43556963564527,
              188.31360590906948
            ],
            [
              238.54948638654528,
              188.1770708381839
            ],
            [
              238.74513758921677,
              187.87840562193043
            ],
            [
              238.79038568994847,
              187.8232032281388
            ],
            [
              239.0356459777415,
              187.4417152114646
            ],
            [
              239.0690396698469,
              187.4004076613997
            ],
            [
              239.28574336337607,
              187.05702217463693
            ],
            [
              239.45419071893087,
              186.84399753858955
            ],
            [
              239.73873228038002,
              186.37849925354888
            ],
            [
              240.01815850978974,
              186.01252127142044
            ],
            [
              240.06066175444695,
              185.9398376021544
            ],
            [
              240.08994130763472,
              185.90141365447127
            ],
            [
              240.12418879161868,
              185.84238833140608
            ],
            [
              240.20432762530567,
              185.73220835806742
            ],
            [
              240.6134438112011,
              185.17615839873145
            ],
            [
              240.62912190476675,
              185.1481741235841
            ],
            [
              240.7605371318802,
              184.96749609829325
            ],
            [
              241.05294705868786,
              184.44120243249694
            ],
            [
              241.5263359109092,
              183.75662605019977
            ],
            [
              241.83490920042226,
              183.16181153082653
            ],
            [
              241.95269496639224,
              182.98200935846617
            ],
            [
              242.09002716387616,
              182.773828016734
            ],
            [
              242.0928833439774,
              182.76800918092653
            ],
            [
              242.18048606697755,
              182.63428198757575
            ],
            [
              242.34998172344726,
              182.286460026825
            ],
            [
              242.37212166708994,
              182.252022640871
            ],
            [
              242.53700078205563,
              181.90512746940271
            ],
            [
              242.57903535374643,
              181.83852010510037
            ],
            [
              242.78564737593976,
              181.39387154424526
            ],
            [
              242.9320774178676,
              181.15431802155916
            ],
            [
              243.139579367129,
              180.68557970524472
            ],
            [
              243.26118614113375,
              180.46670589485566
            ],
            [
              243.38032366324953,
              180.2629719840822
            ],
            [
              243.39811094346442,
              180.22026194904421
            ],
            [
              243.8816752545631,
              179.34991928756878
            ],
            [
              244.0983542121104,
              178.79873150249878
            ],
            [
              244.51127825542088,
              178.0027675461074
            ],
            [
              244.70909493656177,
              177.44532485850627
            ],
            [
              244.94751850332074,
              176.95605596391684
            ],
            [
              245.07643466416923,
              176.5623200910628
            ],
            [
              245.08299336556416,
              176.54852100046273
            ],
            [
              245.13658614921735,
              176.37860536271728
            ],
            [
              245.18555576091583,
              176.22904232361992
            ],
            [
              245.22371950213017,
              176.14691035265466
            ],
            [
              245.38228953772244,
              175.628177817405
            ],
            [
              245.3933397244087,
              175.5944283257023
            ],
            [
              245.5081752962182,
              175.33501952123558
            ],
            [
              245.58508723927923,
              175.06169837885153
            ],
            [
              245.61511216660395,
              175.06522483277104
            ],
            [
              245.72528574552248,
              174.66014417262548
            ],
            [
              246.1338420858556,
              173.62085883152483
            ],
            [
              246.26919300924172,
              173.04900571322108
            ],
            [
              246.59080112363037,
              172.1427217203595
            ],
            [
              246.69187700822934,
              171.62843439976677
            ],
            [
              246.8378504355554,
              171.18260220585032
            ],
            [
              246.96284704231815,
              170.4576763515597
            ],
            [
              246.99095761380872,
              170.36571781751476
            ],
            [
              247.07834651755914,
              169.78782972191658
            ],
            [
              247.09291132256175,
              169.70336019925378
            ],
            [
              247.1702124950921,
              169.4286558562848
            ],
            [
              247.18880597511316,
              169.27914678144964
            ],
            [
              247.26239305642667,
              169.0085855110515
            ],
            [
              247.29511425807468,
              168.71452279564815
            ],
            [
              247.5067800022257,
              167.82024211543308
            ],
            [
              247.55340015245812,
              167.24489196295556
            ],
            [
              247.5557460081991,
              167.23295594214358
            ],
            [
              247.5595311368186,
              167.21592620094972
            ],
            [
              247.5597587179998,
              167.21253874985985
            ],
            [
              247.75507834621715,
              166.21872693554636
            ],
            [
              247.7741770870643,
              165.7523156140152
            ],
            [
              247.84285643732167,
              165.35400530826854
            ],
            [
              247.85692458444373,
              164.63922415482824
            ],
            [
              247.8726913957322,
              164.53496088845233
            ],
            [
              247.87181051777569,
              163.88289252809838
            ],
            [
              247.87404924709065,
              163.7691460973318
            ],
            [
              247.91030018407554,
              163.4776544537819
            ],
            [
              247.90319786301487,
              163.24972605672144
            ],
            [
              247.94098110939825,
              162.91017116665918
            ],
            [
              247.92745146467925,
              162.6286374370183
            ],
            [
              247.99577938752884,
              161.78538659737418
            ],
            [
              247.9572318628031,
              161.28192562625864
            ],
            [
              247.9985490483465,
              160.27291653688744
            ],
            [
              247.9510268945449,
              159.85802893594138
            ],
            [
              247.95787162989424,
              159.51025834564967
            ],
            [
              247.864962071662,
              158.81334232349755
            ],
            [
              247.8648016255208,
              158.69457234926296
            ],
            [
              247.75057055351894,
              157.95528979038195
            ],
            [
              247.73445473721625,
              157.83440480496384
            ],
            [
              247.7247935746837,
              157.5243578117927
            ],
            [
              247.6674932650143,
              157.21925655367778
            ],
            [
              247.64800005639,
              156.81362907119131
            ],
            [
              247.5960863024986,
              156.565080749689
            ],
            [
              247.53477178039964,
              155.76426489809566
            ],
            [
              247.4324854459805,
              155.3309526067707
            ],
            [
              247.38425292701154,
              154.90986323095066
            ],
            [
              247.38252198408574,
              154.892680447435
            ],
            [
              247.38209460276133,
              154.89102018829968
            ],
            [
              247.31982331697972,
              154.3473667067417
            ],
            [
              247.2214791678417,
              153.98656718665558
            ],
            [
              247.18211662630384,
              153.69130815849576
            ],
            [
              246.9879121195687,
              153.0195042048922
            ],
            [
              246.96704338624835,
              152.8844455881709
            ],
            [
              246.70701189008622,
              152.04779717343894
            ],
            [
              246.6763044819563,
              151.94157225346186
            ],
            [
              246.61423471910746,
              151.61107556251895
            ],
            [
              246.48213317659713,
              151.2317893015054
            ],
            [
              246.38452155707867,
              150.76445256756963
            ],
            [
              246.30324909295533,
              150.54720515549403
            ],
            [
              246.12618215707147,
              149.7971022200281
            ],
            [
              245.98007704820364,
              149.43218044450393
            ],
            [
              245.92272761885175,
              149.22178006207932
            ],
            [
              245.88083599704876,
              149.05904261091396
            ],
            [
              245.8737824905452,
              149.04221290980118
            ],
            [
              245.72166964384377,
              148.48414979603837
            ],
            [
              245.58859669679794,
              148.17890781936194
            ],
            [
              245.5186963611489,
              147.93710435847998
            ],
            [
              245.23047576810194,
              147.29705880522258
            ],
            [
              245.18305511442023,
              147.14448338526236
            ],
            [
              244.73827179129958,
              146.20403153982812
            ],
            [
              244.70624739214136,
              146.13291561414061
            ],
            [
              244.58337844569405,
              145.78013772520237
            ],
            [
              244.43148314642065,
              145.48553478583105
            ],
            [
              244.39212134169185,
              145.377036039254
            ],
            [
              244.312059643683,
              145.22460592740805
            ],
            [
              244.1562683280437,
              144.8081640179398
            ],
            [
              244.05359589339844,
              144.6204737973493
            ],
            [
              244.03283682674038,
              144.56862458056472
            ],
            [
              243.8655174898742,
              144.14545911366844
            ],
            [
              243.8582922410665,
              144.13267048829962
            ],
            [
              243.77629749495492,
              143.92787499164297
            ],
            [
              243.6048611459189,
              143.6285554540157
            ],
            [
              243.4774088431817,
              143.32445363461358
            ],
            [
              243.45756240257933,
              143.2907533539206
            ],
            [
              243.21108455984185,
              142.72538386602457
            ],
            [
              243.05951970838487,
              142.47606125729695
            ],
            [
              242.97467296831127,
              142.28764384368108
            ],
            [
              242.60114769242767,
              141.685286797757
            ],
            [
              242.52044141983959,
              141.51464109444774
            ],
            [
              241.84655981056355,
              140.46841780185412
            ],
            [
              241.83547328583336,
              140.45053936974583
            ],
            [
              241.64130105289868,
              140.07393975909477
            ],
            [
              241.49870649183234,
              139.8682401962175
            ],
            [
              241.49673393957565,
              139.8644846380828
            ],
            [
              241.39503321569183,
              139.71868647253652
            ],
            [
              241.29963875549834,
              139.58107534196128
            ],
            [
              241.2721589861297,
              139.5358714063464
            ],
            [
              240.9737490608565,
              138.990363501572
            ],
            [
              240.88270978276347,
              138.86591631346275
            ],
            [
              240.67165675436607,
              138.49235435240274
            ],
            [
              240.6347341050132,
              138.4428579191281
            ],
            [
              240.49600274267172,
              138.2006396995707
            ],
            [
              240.3336561003758,
              137.98619918483348
            ],
            [
              240.18295541064552,
              137.730301633927
            ],
            [
              240.14308860091788,
              137.6785623325387
            ],
            [
              239.7994431684043,
              137.11326916008943
            ],
            [
              239.6456102842708,
              136.91910657587533
            ],
            [
              239.56121137695794,
              136.78300259638561
            ],
            [
              239.11233586000805,
              136.22344547309316
            ],
            [
              238.99092814200276,
              136.0349560103622
            ],
            [
              238.07315348830534,
              134.92671402464555
            ],
            [
              237.80158961766548,
              134.53496998429713
            ],
            [
              237.3750061687339,
              134.05322802666956
            ],
            [
              237.20522371547668,
              133.8389344439639
            ],
            [
              236.85248597538254,
              133.35675553378022
            ],
            [
              236.80704164896773,
              133.30802444741548
            ],
            [
              236.72000540711088,
              133.19045213517217
            ],
            [
              236.70340771723727,
              133.17274221388863
            ],
            [
              236.58794988752558,
              133.0179659217094
            ],
            [
              236.50884211493494,
              132.93407695914982
            ],
            [
              236.3010087797792,
              132.65955395861343
            ],
            [
              236.17220921823338,
              132.52513955923757
            ],
            [
              236.01265424058516,
              132.31806848601744
            ],
            [
              235.944578867494,
              132.24779180343063
            ],
            [
              235.502727481233,
              131.6901021554817
            ],
            [
              235.3626708171199,
              131.54920572181533
            ],
            [
              235.2937947108459,
              131.46334647034266
            ],
            [
              234.78055289439575,
              130.95079443951778
            ],
            [
              234.61058650793666,
              130.7455546403217
            ],
            [
              233.43747033003297,
              129.606557092955
            ],
            [
              233.08260785856498,
              129.20580984848888
            ],
            [
              232.56170622120266,
              128.73144674626812
            ],
            [
              232.25067260435267,
              128.41854819451484
            ],
            [
              231.95049579477867,
              128.1002290165837
            ],
            [
              231.81332981295,
              127.95314250800614
            ],
            [
              231.80500280066718,
              127.94594258004518
            ],
            [
              231.7826910332875,
              127.9222823130784
            ],
            [
              231.68629508875944,
              127.81942675893073
            ],
            [
              231.683107848189,
              127.81668042577478
            ],
            [
              231.63407099994348,
              127.76467984237166
            ],
            [
              231.5003831219987,
              127.6496516990524
            ],
            [
              231.21216101801025,
              127.34886495312368
            ],
            [
              231.14001798626958,
              127.28786893141792
            ],
            [
              230.98643184523897,
              127.12931637426317
            ],
            [
              230.88114455333223,
              127.04080855308747
            ],
            [
              230.3418274511293,
              126.4982577448385
            ],
            [
              230.23123164196184,
              126.40758737402516
            ],
            [
              230.19250480613488,
              126.36891258620989
            ],
            [
              229.62667477917643,
              125.90659380909827
            ],
            [
              229.40012146069455,
              125.6866295131845
            ],
            [
              228.74229342186476,
              125.16295589524468
            ],
            [
              228.7378204817396,
              125.15870660857847
            ],
            [
              228.70059084693247,
              125.12975795139828
            ],
            [
              227.99571563288282,
              124.56863174249632
            ],
            [
              227.844521179754,
              124.42976375128954
            ],
            [
              227.80566929037968,
              124.4003249548187
            ],
            [
              227.5078323210609,
              124.12909741666527
            ],
            [
              226.88014038630786,
              123.66024378965524
            ],
            [
              226.68016439192556,
              123.49629636976165
            ],
            [
              226.67089219873517,
              123.4880936251583
            ],
            [
              226.66424083203904,
              123.48324167003389
            ],
            [
              226.53411969929735,
              123.37656374575363
            ],
            [
              225.834878101708,
              122.77492009684205
            ],
            [
              225.81828909867335,
              122.76317228056398
            ],
            [
              225.77186240646046,
              122.72316803196561
            ],
            [
              225.6622749635899,
              122.64576259013506
            ],
            [
              225.58263101829579,
              122.57777072523893
            ],
            [
              225.5173868181215,
              122.53186448338737
            ],
            [
              225.12931077011206,
              122.20563550705285
            ],
            [
              224.97718678331302,
              122.1001348658171
            ],
            [
              224.34290728382132,
              121.5801300134616
            ],
            [
              223.66980621190012,
              121.12492836766572
            ],
            [
              223.3852171555919,
              120.8983770929452
            ],
            [
              222.55198789646622,
              120.3487870965551
            ],
            [
              222.52366486472278,
              120.32676394912433
            ],
            [
              222.32502765178063,
              120.19908630449788
            ],
            [
              222.00499513638638,
              119.98799593884631
            ],
            [
              221.95201655653474,
              119.94739448973384
            ],
            [
              221.81281918954588,
              119.85943139112324
            ],
            [
              221.7094727912279,
              119.7811239101986
            ],
            [
              221.56458055294016,
              119.68979368590126
            ],
            [
              221.106250127454,
              119.34744440521024
            ],
            [
              220.37704791532832,
              118.89693944311308
            ],
            [
              220.29243427583307,
              118.83521655208959
            ],
            [
              220.21184630428027,
              118.78639540923723
            ],
            [
              220.00903558751412,
              118.6492395259547
            ],
            [
              219.2208226970596,
              118.09105165871668
            ],
            [
              219.1800251448846,
              118.06712293837947
            ],
            [
              219.00828448594606,
              117.94581650730537
            ],
            [
              218.9307564266661,
              117.90063729459759
            ],
            [
              218.9306034071495,
              117.90052936940381
            ],
            [
              218.9146044253142,
              117.89122477077703
            ],
            [
              218.87485241201685,
              117.86805942030766
            ],
            [
              218.47181204192373,
              117.58854388575274
            ],
            [
              218.26284867322894,
              117.46833640396223
            ],
            [
              217.53782691018347,
              116.97802207593011
            ],
            [
              216.89790771845838,
              116.61941025267936
            ],
            [
              216.5969302061026,
              116.42088838355895
            ],
            [
              215.57539145055617,
              115.86063612444266
            ],
            [
              215.51457049157398,
              115.82154235811366
            ],
            [
              215.14825417495845,
              115.62637714767159
            ],
            [
              214.9162395766619,
              115.49913116494444
            ],
            [
              214.83004162415088,
              115.44479783122033
            ],
            [
              214.81126063237025,
              115.43493113574023
            ],
            [
              214.76193950359448,
              115.40376359710103
            ],
            [
              214.50951187353692,
              115.27194481452493
            ],
            [
              213.91280658304007,
              114.90329714751547
            ],
            [
              213.2005108292349,
              114.53884575358948
            ],
            [
              213.15592071749273,
              114.51183253842635
            ],
            [
              212.9902665493205,
              114.42844044275313
            ],
            [
              212.80494765485304,
              114.31692287886435
            ],
            [
              212.67610334242065,
              114.2524203984556
            ],
            [
              211.82840488543636,
              113.75522538978788
            ],
            [
              211.78394888656538,
              113.73364173677113
            ],
            [
              211.6001139858702,
              113.6263974228739
            ],
            [
              211.57664767752374,
              113.61505544789227
            ],
            [
              211.43448910526487,
              113.53221302369067
            ],
            [
              211.34945268555524,
              113.49136222187404
            ],
            [
              211.05039970610204,
              113.31933012932777
            ],
            [
              210.77780626361377,
              113.18941849876938
            ],
            [
              210.70298757958858,
              113.14654691244543
            ],
            [
              210.68905958360565,
              113.13996100546767
            ],
            [
              209.96460535380717,
              112.73397560048409
            ],
            [
              209.38291888376457,
              112.46443923398948
            ],
            [
              209.07211845923305,
              112.29398398788994
            ],
            [
              207.85297647606575,
              111.73961496219115
            ],
            [
              207.7501722034289,
              111.68484312541146
            ],
            [
              207.27645898887886,
              111.47648239247332
            ],
            [
              207.24305374413967,
              111.45893276670837
            ],
            [
              207.06470220862082,
              111.38117038095297
            ],
            [
              207.01931124081975,
              111.36053017091871
            ],
            [
              206.7971040605765,
              111.24449263583251
            ],
            [
              206.60561136402475,
              111.16226066674425
            ],
            [
              206.5751112689423,
              111.14639870240167
            ],
            [
              206.54542217630248,
              111.13372039196436
            ],
            [
              205.96888750884776,
              110.83873216259748
            ],
            [
              205.26319833988512,
              110.54134653985278
            ],
            [
              204.9800024976854,
              110.39957206864491
            ],
            [
              204.58884365325503,
              110.23763888769165
            ],
            [
              204.48261602142892,
              110.18629586753356
            ],
            [
              204.13230772826554,
              110.0136072651492
            ],
            [
              204.08981804789804,
              109.99644475321912
            ],
            [
              203.49783487887947,
              109.71032142299144
            ],
            [
              203.38711458327134,
              109.66631999958825
            ],
            [
              203.0965130892229,
              109.52671741422955
            ],
            [
              203.07292425956842,
              109.51745274907799
            ],
            [
              202.9079517775783,
              109.43883073991815
            ],
            [
              202.6395247692067,
              109.33370721472666
            ],
            [
              202.36635732948938,
              109.20453893023448
            ],
            [
              202.25362458079425,
              109.16093437176468
            ],
            [
              201.66790911370242,
              108.88953108678614
            ],
            [
              201.5759179995915,
              108.85460272633193
            ],
            [
              201.55666534986642,
              108.8456936125417
            ],
            [
              201.15329851626302,
              108.69313309678954
            ],
            [
              200.85388987813786,
              108.55698580853672
            ],
            [
              199.43188743008182,
              108.02608111723696
            ],
            [
              199.276857033015,
              107.95789165963139
            ],
            [
              198.55999485433378,
              107.70055997667467
            ],
            [
              198.4404667758261,
              107.6559341620637
            ],
            [
              198.10689235503696,
              107.51268858689328
            ],
            [
              197.92964880168446,
              107.45090347757936
            ],
            [
              197.32281727883364,
              107.19517761658989
            ],
            [
              196.84130100789352,
              107.03028657289578
            ],
            [
              196.4929691671509,
              106.88608305096993
            ],
            [
              195.8610294815498,
              106.67265693670363
            ],
            [
              195.2018477375839,
              106.40639900191657
            ],
            [
              195.1040674465373,
              106.37454894607059
            ],
            [
              194.71850926776335,
              106.22132402396343
            ],
            [
              194.5715852772963,
              106.17407642512504
            ],
            [
              194.09423812400087,
              105.98713392705602
            ],
            [
              193.9395222863018,
              105.93816613419372
            ],
            [
              193.86560786521216,
              105.90923534856937
            ],
            [
              193.76585384531856,
              105.87789994213617
            ],
            [
              193.33394193219365,
              105.71083820996392
            ],
            [
              193.12583447617808,
              105.64616715066671
            ],
            [
              192.72343717701028,
              105.49337980760329
            ],
            [
              192.56619059185658,
              105.44533604301832
            ],
            [
              192.48490787597993,
              105.41459347317053
            ],
            [
              192.2303700160874,
              105.33739419915332
            ],
            [
              191.99205253739373,
              105.2484183555267
            ],
            [
              190.36635311551268,
              104.75929221155255
            ],
            [
              190.14825117075347,
              104.68100025785522
            ],
            [
              189.22080070440367,
              104.41462847727047
            ],
            [
              189.2109825475355,
              104.41167447658273
            ],
            [
              188.74844725929864,
              104.25043987704423
            ],
            [
              188.61967990275423,
              104.21486419424369
            ],
            [
              188.03034923114157,
              104.01305305017921
            ],
            [
              187.80465413465592,
              103.95176295814213
            ],
            [
              187.39609841831273,
              103.8137807092216
            ],
            [
              186.5139323653652,
              103.57647707357847
            ],
            [
              185.61761394838697,
              103.28451852721736
            ],
            [
              185.46445387810851,
              103.24541862354609
            ],
            [
              185.31894723258378,
              103.1986268123908
            ],
            [
              185.1439014048333,
              103.15433903647431
            ],
            [
              184.66638164754045,
              103.00320332269492
            ],
            [
              184.5276221358806,
              102.96872887838641
            ],
            [
              184.35097989640872,
              102.91298987940992
            ],
            [
              184.2537064554412,
              102.88908228541372
            ],
            [
              183.66687879481364,
              102.70672088825513
            ],
            [
              183.50656284077033,
              102.66794262352907
            ],
            [
              183.37469327669479,
              102.62740405041438
            ],
            [
              183.2251950976798,
              102.59136889277777
            ],
            [
              183.17241827648428,
              102.57524391829422
            ],
            [
              183.1324056842718,
              102.5657150257655
            ],
            [
              183.0884175300991,
              102.5522868748699
            ],
            [
              182.8981990353235,
              102.50702222612388
            ],
            [
              182.78970089632057,
              102.47411561817707
            ],
            [
              182.7046789675385,
              102.4541150785953
            ],
            [
              182.54354287704666,
              102.40563386888581
            ],
            [
              181.71790815931192,
              102.21176263046824
            ],
            [
              181.62080007225467,
              102.18308830056385
            ],
            [
              180.793982483038,
              101.99437353564814
            ],
            [
              180.55431759726997,
              101.9255397114365
            ],
            [
              180.11905493845802,
              101.82892148759103
            ],
            [
              178.7237074031241,
              101.48089801581708
            ],
            [
              177.74878539463896,
              101.21864292641521
            ],
            [
              176.59834329206976,
              100.98200839386926
            ],
            [
              175.44830730177742,
              100.68841818882103
            ],
            [
              175.0253788175506,
              100.60792092966285
            ],
            [
              174.68927477819594,
              100.52441674426831
            ],
            [
              174.66829872499417,
              100.51987567981622
            ],
            [
              174.51257344090405,
              100.49127177513593
            ],
            [
              173.48071923803582,
              100.24255283351002
            ],
            [
              173.4763430563355,
              100.24176788383204
            ],
            [
              173.43474882825956,
              100.23170680165809
            ],
            [
              173.04433528164353,
              100.16218355977303
            ],
            [
              173.0012519851688,
              100.15193140062227
            ],
            [
              172.78177378019743,
              100.11342616091886
            ],
            [
              172.572805367432,
              100.06435728808306
            ],
            [
              172.2743749107622,
              100.0126307501895
            ],
            [
              172.1914470937763,
              99.99320146218587
            ],
            [
              172.01008557688263,
              99.96219641114335
            ],
            [
              171.9274951682973,
              99.94301559249587
            ],
            [
              171.46391591157627,
              99.86485749410438
            ],
            [
              171.37440311832515,
              99.84442688648744
            ],
            [
              170.60237861384684,
              99.71643987499382
            ],
            [
              170.45191239982105,
              99.68303986225915
            ],
            [
              170.01269766352817,
              99.61231178900582
            ],
            [
              169.98933860304868,
              99.607173472673
            ],
            [
              169.79407222697773,
              99.57634336140198
            ],
            [
              169.69721478737665,
              99.55508328659283
            ],
            [
              169.54453513727987,
              99.531110003018
            ],
            [
              167.61790537496952,
              99.1348213656536
            ],
            [
              166.26168256485028,
              98.93990008274548
            ],
            [
              165.8513064428923,
              98.86179195270887
            ],
            [
              165.57175990747592,
              98.80611867053175
            ],
            [
              165.53109094909993,
              98.80084436806672
            ],
            [
              164.77152690866728,
              98.65627424406026
            ],
            [
              164.76386164128664,
              98.65505218240598
            ],
            [
              164.31184955569788,
              98.59794531940423
            ],
            [
              163.13196993793494,
              98.386311939025
            ],
            [
              162.94444987134054,
              98.36363742201048
            ],
            [
              162.71594271546795,
              98.3229458056263
            ],
            [
              161.7707734656961,
              98.21171262555961
            ],
            [
              161.42199214621692,
              98.15208595944804
            ],
            [
              161.080134165172,
              98.11418245062602
            ],
            [
              161.0683258173101,
              98.11219159792738
            ],
            [
              160.81387971714034,
              98.0846614846712
            ],
            [
              159.24361171281666,
              97.91055799592961
            ],
            [
              159.2051397945089,
              97.90448376263784
            ],
            [
              159.15082743405924,
              97.89912236094428
            ],
            [
              158.8210999059223,
              97.84734957047083
            ],
            [
              158.25854872030519,
              97.78966053167821
            ],
            [
              158.085679308641,
              97.76481511008184
            ],
            [
              157.94361368006872,
              97.74354306251958
            ],
            [
              157.9265546167657,
              97.74194512968347
            ],
            [
              156.15882712733347,
              97.48788089518013
            ],
            [
              154.738948982978,
              97.37144617077246
            ],
            [
              152.40716269079502,
              97.08949166362629
            ],
            [
              152.02663325566485,
              97.06496382596355
            ],
            [
              151.59789559549557,
              97.01450740943551
            ],
            [
              150.65970374050463,
              96.95881706960496
            ],
            [
              150.26396745864275,
              96.91493980336553
            ],
            [
              147.59677392453958,
              96.77434828900641
            ],
            [
              147.30996451953686,
              96.74748267758297
            ],
            [
              147.04864207166239,
              96.73729130903882
            ],
            [
              146.92103000476502,
              96.72562956127713
            ],
            [
              146.81571748188514,
              96.72171486819147
            ],
            [
              144.3309354415163,
              96.51795448689998
            ],
            [
              143.1377052043042,
              96.4920089790631
            ]
          ]
        ]
      }
    }
  ]
}