vehicle_id,zone_id,t0_image,t1_image,t0_orig_x1,t0_orig_y1,t0_orig_x2,t0_orig_y2,t0_orig_w,t0_orig_h,t1_orig_x1,t1_orig_y1,t1_orig_x2,t1_orig_y2,t1_orig_w,t1_orig_h,move_dist,diag0,diag1,diag_ratio,delta_min,move_ratio,stop,bbox_x1_640,bbox_y1_640,bbox_x2_640,bbox_y2_640
1,b,0001_top_20250619_t0,0001_top_20250619_t1,201.0,196.0,254.0,345.0,53.0,149.0,183,486,330,587,147,101,8.631,77.897,63.953,0.821,8,0.111,Yes,183,486,330,587
2,b,0001_top_20250619_t0,0001_top_20250619_t1,246.0,332.0,337.0,458.0,91.0,126.0,369,401,444,640,75,239,9.055,89.939,72.45,0.806,8,0.101,Yes,369,401,444,640
3,b,0001_top_20250619_t0,0001_top_20250619_t1,448.0,109.0,516.0,217.0,68.0,108.0,339,149,408,206,69,57,15.7,76.485,67.941,0.888,8,0.205,Yes,339,149,408,206
4,b,0001_top_20250619_t0,0001_top_20250619_t1,307.0,116.0,362.0,265.0,55.0,149.0,223,292,358,355,135,63,10.548,80.722,76.922,0.953,8,0.131,Yes,223,292,358,355
5,b,0001_top_20250619_t0,0001_top_20250619_t1,250.0,149.0,321.0,313.0,71.0,164.0,197,353,355,467,158,114,11.102,94.069,85.755,0.912,8,0.118,Yes,197,353,355,467
6,b,0001_top_20250619_t0,0001_top_20250619_t1,340.0,44.0,396.0,191.0,56.0,147.0,225,226,340,282,115,56,12.59,81.394,77.026,0.946,8,0.155,Yes,225,226,340,282
7,b,0001_top_20250619_t0,0001_top_20250619_t1,442.0,432.0,543.0,528.0,101.0,96.0,536,227,588,361,52,134,12.021,87.618,88.752,1.013,8,0.137,Yes,536,227,588,361
8,b,0001_top_20250619_t0,0001_top_20250619_t1,359.0,217.0,444.0,343.0,85.0,126.0,372,227,422,370,50,143,10.44,89.196,79.12,0.887,8,0.117,Yes,372,227,422,370
12,c,0001_top_20250702_t0,0001_top_20250702_t1,359.0,113.0,458.0,433.0,99.0,320.0,359,113,458,433,99,320,1.118,72.719,71.868,0.988,6,0.015,Yes,359,113,458,433
13,c,0001_top_20250702_t0,0001_top_20250702_t1,61.0,195.0,200.0,395.0,139.0,200.0,61,195,200,395,139,200,1.5,60.44,59.666,0.987,6,0.025,Yes,61,195,200,395
14,c,0001_top_20250702_t0,0001_top_20250702_t1,487.0,160.0,583.0,471.0,96.0,311.0,487,160,583,471,96,311,1.0,71.344,71.344,1.0,6,0.014,Yes,487,160,583,471
15,d,0001_top_20250703_t0,0001_top_20250703_t1,536.0,232.0,616.0,293.0,80.0,61.0,438,421,516,482,78,61,2.236,87.658,85.884,0.98,8,0.026,Yes,438,421,516,482
16,d,0001_top_20250703_t0,0001_top_20250703_t1,232.0,182.0,273.0,319.0,41.0,137.0,121,416,164,561,43,145,3.354,87.664,90.211,1.029,8,0.038,Yes,121,416,164,561
17,d,0001_top_20250703_t0,0001_top_20250703_t1,305.0,194.0,349.0,324.0,44.0,130.0,199,420,243,559,44,139,5.025,87.321,89.308,1.023,8,0.058,Yes,199,420,243,559
18,d,0001_top_20250703_t0,0001_top_20250703_t1,540.0,151.0,623.0,214.0,83.0,63.0,435,341,513,402,78,61,8.062,93.022,87.71,0.943,8,0.087,Yes,435,341,513,402
19,d,0001_top_20250703_t0,0001_top_20250703_t1,189.0,186.0,224.0,320.0,35.0,134.0,73,430,115,567,42,137,4.243,84.694,86.608,1.023,8,0.05,Yes,73,430,115,567
20,d,0001_top_20250703_t0,0001_top_20250703_t1,457.0,197.0,500.0,335.0,43.0,138.0,356,401,399,542,43,141,3.0,91.788,91.022,0.992,8,0.033,Yes,356,401,399,542
21,d,0001_top_20250703_t0,0001_top_20250703_t1,375.0,205.0,416.0,339.0,41.0,134.0,270,423,313,560,43,137,3.64,88.119,89.051,1.011,8,0.041,Yes,270,423,313,560
22,d,0001_top_20250703_t0,0001_top_20250703_t1,493.0,199.0,537.0,333.0,44.0,134.0,393,399,436,536,43,137,3.64,91.924,89.404,0.973,8,0.04,Yes,393,399,436,536
23,d,0001_top_20250703_t0,0001_top_20250703_t1,417.0,198.0,458.0,334.0,41.0,136.0,314,409,356,549,42,140,3.536,89.944,89.308,0.993,8,0.039,Yes,314,409,356,549
24,c,0001_top_20250705_t0,0001_top_20250705_t1,401.0,12.0,436.0,49.0,35.0,37.0,369,118,396,150,27,32,1.118,123.406,125.603,1.018,7,0.009,Yes,369,118,396,150
25,c,0001_top_20250705_t0,0001_top_20250705_t1,74.0,70.0,96.0,118.0,22.0,48.0,139,154,161,202,22,48,5.385,101.242,138.773,1.371,7,0.053,Yes,139,154,161,202
26,c,0001_top_20250705_t0,0001_top_20250705_t1,167.0,165.0,190.0,216.0,23.0,51.0,207,232,224,279,17,47,4.0,101.02,121.824,1.206,7,0.04,Yes,207,232,224,279
27,c,0001_top_20250705_t0,0001_top_20250705_t1,306.0,73.0,330.0,118.0,24.0,45.0,291,166,309,211,18,45,34.504,104.805,120.739,1.152,7,0.329,Yes,291,166,309,211
28,c,0001_top_20250705_t0,0001_top_20250705_t1,241.0,327.0,271.0,377.0,30.0,50.0,260,350,279,389,19,39,2.5,101.823,112.45,1.104,7,0.025,Yes,260,350,279,389
29,c,0001_top_20250705_t0,0001_top_20250705_t1,124.0,16.0,148.0,65.0,24.0,49.0,172,110,194,158,22,48,6.576,112.645,138.852,1.233,7,0.058,Yes,172,110,194,158
30,c,0001_top_20250705_t0,0001_top_20250705_t1,453.0,419.0,488.0,473.0,35.0,54.0,389,413,410,466,21,53,9.22,112.294,137.644,1.226,7,0.082,Yes,389,413,410,466
31,c,0001_top_20250705_t0,0001_top_20250705_t1,359.0,232.0,381.0,284.0,22.0,52.0,334,296,352,344,18,48,19.3,99.247,123.693,1.246,7,0.194,Yes,334,296,352,344
32,c,0001_top_20250705_t0,0001_top_20250705_t1,299.0,285.0,329.0,334.0,30.0,49.0,298,324,316,360,18,36,3.202,103.966,104.661,1.007,7,0.031,Yes,298,324,316,360
33,c,0001_top_20250705_t0,0001_top_20250705_t1,83.0,445.0,114.0,497.0,31.0,52.0,165,420,183,466,18,46,12.748,94.847,120.739,1.273,7,0.134,Yes,165,420,183,466
34,c,0001_top_20250705_t0,0001_top_20250705_t1,321.0,275.0,349.0,323.0,28.0,48.0,310,317,326,357,16,40,7.071,101.119,105.759,1.046,7,0.07,Yes,310,317,326,357
35,c,0001_top_20250705_t0,0001_top_20250705_t1,413.0,284.0,441.0,342.0,28.0,58.0,366,321,387,365,21,44,12.816,112.432,124.483,1.107,7,0.114,Yes,366,321,387,365
36,c,0001_top_20250705_t0,0001_top_20250705_t1,431.0,437.0,467.0,490.0,36.0,53.0,376,423,397,471,21,48,3.808,111.665,129.634,1.161,7,0.034,Yes,376,423,397,471
37,c,0001_top_20250705_t0,0001_top_20250705_t1,357.0,496.0,387.0,553.0,30.0,57.0,329,458,347,507,18,49,9.179,99.725,123.693,1.24,7,0.092,Yes,329,458,347,507
38,c,0001_top_20250705_t0,0001_top_20250705_t1,582.0,543.0,615.0,614.0,33.0,71.0,460,499,483,537,23,38,4.301,117.686,117.593,0.999,7,0.037,Yes,460,499,483,537
39,c,0001_top_20250705_t0,0001_top_20250705_t1,78.0,288.0,109.0,342.0,31.0,54.0,156,309,175,367,19,58,7.382,107.168,145.207,1.355,7,0.069,Yes,156,309,175,367
40,c,0001_top_20250705_t0,0001_top_20250705_t1,373.0,561.0,409.0,616.0,36.0,55.0,340,494,359,538,19,44,2.0,103.711,117.593,1.134,7,0.019,Yes,340,494,359,538
41,c,0001_top_20250705_t0,0001_top_20250705_t1,207.0,358.0,237.0,413.0,30.0,55.0,237,365,257,415,20,50,8.544,104.005,132.774,1.277,7,0.082,Yes,237,365,257,415
42,c,0001_top_20250705_t0,0001_top_20250705_t1,251.0,169.0,280.0,221.0,29.0,52.0,276,231,293,273,17,42,36.623,113.952,112.161,0.984,7,0.321,Yes,276,231,293,273
43,c,0001_top_20250705_t0,0001_top_20250705_t1,413.0,538.0,451.0,595.0,38.0,57.0,364,483,382,531,18,48,6.103,111.041,121.511,1.094,7,0.055,Yes,364,483,382,531
44,c,0001_top_20250705_t0,0001_top_20250705_t1,376.0,478.0,411.0,535.0,35.0,57.0,341,447,360,493,19,46,8.016,109.225,121.264,1.11,7,0.073,Yes,341,447,360,493
45,c,0001_top_20250705_t0,0001_top_20250705_t1,286.0,149.0,313.0,195.0,27.0,46.0,289,225,304,265,15,40,3.0,105.38,104.637,0.993,7,0.028,Yes,289,225,304,265
46,c,0001_top_20250705_t0,0001_top_20250705_t1,234.0,183.0,262.0,236.0,28.0,53.0,253,247,271,290,18,43,5.59,111.288,117.796,1.058,7,0.05,Yes,253,247,271,290
47,c,0001_top_20250705_t0,0001_top_20250705_t1,336.0,336.0,370.0,389.0,34.0,53.0,320,358,338,401,18,43,5.852,112.61,114.865,1.02,7,0.052,Yes,320,358,338,401
48,c,0001_top_20250705_t0,0001_top_20250705_t1,95.0,509.0,126.0,567.0,31.0,58.0,174,453,194,509,20,56,11.511,96.426,142.436,1.477,7,0.119,Yes,174,453,194,509
49,c,0001_top_20250705_t0,0001_top_20250705_t1,277.0,383.0,312.0,434.0,35.0,51.0,282,386,302,427,20,41,7.616,107.713,117.414,1.09,7,0.071,Yes,282,386,302,427
50,c,0001_top_20250705_t0,0001_top_20250705_t1,98.0,513.0,122.0,568.0,24.0,55.0,176,461,192,509,16,48,13.463,82.801,117.801,1.423,7,0.163,Yes,176,461,192,509
51,c,0001_top_20250705_t0,0001_top_20250705_t1,97.0,273.0,129.0,328.0,32.0,55.0,169,310,187,354,18,44,2.0,110.635,117.796,1.065,7,0.018,Yes,169,310,187,354
71,b,0001_top_20250707_t0,0001_top_20250707_t1,375.0,231.0,459.0,296.0,84.0,65.0,354,381,444,454,90,73,2.915,72.918,75.133,1.03,6,0.04,Yes,354,381,444,454
72,b,0001_top_20250707_t0,0001_top_20250707_t1,375.0,165.0,451.0,232.0,76.0,67.0,356,312,438,386,82,74,3.536,68.0,70.328,1.034,6,0.052,Yes,356,312,438,386
73,b,0001_top_20250707_t0,0001_top_20250707_t1,378.0,305.0,458.0,375.0,80.0,70.0,355,455,444,532,89,77,2.55,71.12,75.18,1.057,6,0.036,Yes,355,455,444,532
74,b,0001_top_20250707_t0,0001_top_20250707_t1,384.0,86.0,463.0,159.0,79.0,73.0,363,227,450,303,87,76,2.062,71.197,73.824,1.037,6,0.029,Yes,363,227,450,303
75,b,0001_top_20250707_t0,0001_top_20250707_t1,165.0,399.0,243.0,457.0,78.0,58.0,131,545,218,623,87,78,1.581,68.447,74.303,1.086,6,0.023,Yes,131,545,218,623
76,b,0001_top_20250707_t0,0001_top_20250707_t1,380.0,381.0,460.0,439.0,80.0,58.0,358,534,444,611,86,77,3.64,69.354,72.945,1.052,6,0.052,Yes,358,534,444,611
77,b,0001_top_20250707_t0,0001_top_20250707_t1,384.0,454.0,461.0,511.0,77.0,57.0,359,618,440,639,81,21,10.63,67.119,60.208,0.897,6,0.158,Yes,359,618,440,639
78,b,0001_top_20250707_t0,0001_top_20250707_t1,158.0,265.0,243.0,328.0,85.0,63.0,125,405,218,477,93,72,1.118,74.733,76.485,1.023,6,0.015,Yes,125,405,218,477
79,b,0001_top_20250707_t0,0001_top_20250707_t1,334.0,381.0,368.0,505.0,34.0,124.0,305,531,347,639,42,108,9.301,63.953,56.036,0.876,6,0.145,Yes,305,531,347,639
84,d,0001_top_20250708_t0,0001_top_20250708_t1,398.0,236.0,469.0,524.0,71.0,288.0,585,320,639,558,54,238,3.64,89.185,70.774,0.794,10,0.041,Yes,585,320,639,558
85,d,0001_top_20250708_t0,0001_top_20250708_t1,240.0,259.0,307.0,543.0,67.0,284.0,443,292,510,541,67,249,4.5,87.71,75.591,0.862,10,0.051,Yes,443,292,510,541
86,d,0001_top_20250708_t0,0001_top_20250708_t1,159.0,282.0,230.0,561.0,71.0,279.0,376,284,440,544,64,260,5.0,86.833,77.82,0.896,10,0.058,Yes,376,284,440,544
87,d,0001_top_20250708_t0,0001_top_20250708_t1,318.0,277.0,386.0,557.0,68.0,280.0,512,320,580,575,68,255,6.083,85.959,77.827,0.905,10,0.071,Yes,512,320,580,575
88,d,0001_top_20250708_t0,0001_top_20250708_t1,0.0,308.0,73.0,584.0,73.0,276.0,229,265,292,520,63,255,1.803,86.354,76.026,0.88,10,0.021,Yes,229,265,292,520
89,d,0001_top_20250708_t0,0001_top_20250708_t1,78.0,297.0,150.0,577.0,72.0,280.0,306,290,372,537,66,247,5.701,87.71,74.706,0.852,10,0.065,Yes,306,290,372,537
91,c,0001_top_20250711_t0,0001_top_20250711_t1,258.0,172.0,312.0,284.0,54.0,112.0,258,172,312,284,54,112,1.581,121.083,118.343,0.977,9,0.013,Yes,258,172,312,284
92,c,0001_top_20250711_t0,0001_top_20250711_t1,214.0,187.0,262.0,293.0,48.0,106.0,214,187,262,293,48,106,2.55,110.635,107.935,0.976,9,0.023,Yes,214,187,262,293
93,c,0001_top_20250711_t0,0001_top_20250711_t1,174.0,209.0,232.0,314.0,58.0,105.0,174,209,232,314,58,105,2.236,119.52,116.778,0.977,9,0.019,Yes,174,209,232,314
94,c,0001_top_20250711_t0,0001_top_20250711_t1,175.0,206.0,223.0,301.0,48.0,95.0,175,206,223,301,48,95,2.915,103.392,100.658,0.974,9,0.028,Yes,175,206,223,301
95,b,0002_top_20250630_t0,0002_top_20250630_t1,163.0,31.0,186.0,79.0,23.0,48.0,235,51,257,155,22,104,14.509,46.669,68.964,1.478,7,0.311,Yes,235,51,257,155
97,d,0002_top_20250703_t0,0002_top_20250703_t1,558.0,358.0,622.0,399.0,64.0,41.0,441,354,503,393,62,39,8.382,76.322,74.686,0.979,6,0.11,Yes,441,354,503,393
98,d,0002_top_20250703_t0,0002_top_20250703_t1,565.0,297.0,630.0,340.0,65.0,43.0,443,292,506,334,63,42,8.382,77.621,76.942,0.991,6,0.108,Yes,443,292,506,334
99,d,0002_top_20250703_t0,0002_top_20250703_t1,566.0,489.0,627.0,532.0,61.0,43.0,456,482,516,522,60,40,11.0,74.324,71.554,0.963,6,0.148,Yes,456,482,516,522
100,d,0002_top_20250703_t0,0002_top_20250703_t1,561.0,431.0,617.0,469.0,56.0,38.0,448,425,506,462,58,37,6.576,66.31,68.877,1.039,6,0.099,Yes,448,425,506,462
101,d,0002_top_20250703_t0,0002_top_20250703_t1,480.0,121.0,507.0,225.0,27.0,104.0,351,141,374,240,23,99,2.062,75.584,75.644,1.001,6,0.027,Yes,351,141,374,240
102,d,0002_top_20250703_t0,0002_top_20250703_t1,163.0,325.0,190.0,418.0,27.0,93.0,46,413,78,510,32,97,6.801,69.836,80.262,1.149,6,0.097,Yes,46,413,78,510
103,d,0002_top_20250704_t0,0002_top_20250704_t1,63.0,293.0,98.0,427.0,35.0,134.0,216,298,251,434,35,136,5.852,75.153,74.733,0.994,7,0.078,Yes,216,298,251,434
105,c,0002_top_20250705_t0,0002_top_20250705_t1,230.0,60.0,262.0,119.0,32.0,59.0,307,100,339,156,32,56,32.423,104.661,115.278,1.101,10,0.31,Yes,307,100,339,156
106,c,0002_top_20250705_t0,0002_top_20250705_t1,474.0,128.0,511.0,181.0,37.0,53.0,557,165,594,221,37,56,7.906,118.229,121.918,1.031,10,0.067,Yes,557,165,594,221
107,c,0002_top_20250705_t0,0002_top_20250705_t1,436.0,0.0,471.0,46.0,35.0,46.0,518,26,548,83,30,57,19.704,109.202,117.388,1.075,10,0.18,Yes,518,26,548,83
108,c,0002_top_20250705_t0,0002_top_20250705_t1,533.0,341.0,570.0,396.0,37.0,55.0,618,373,639,433,21,60,15.508,116.662,92.195,0.79,10,0.133,Yes,618,373,639,433
109,c,0002_top_20250705_t0,0002_top_20250705_t1,222.0,313.0,261.0,374.0,39.0,61.0,304,345,343,404,39,59,15.008,111.072,120.341,1.083,10,0.135,Yes,304,345,343,404
110,c,0002_top_20250705_t0,0002_top_20250705_t1,438.0,154.0,474.0,211.0,36.0,57.0,519,190,554,244,35,54,6.727,117.034,116.181,0.993,10,0.057,Yes,519,190,554,244
111,c,0002_top_20250705_t0,0002_top_20250705_t1,144.0,200.0,184.0,265.0,40.0,65.0,244,217,282,279,38,62,37.98,113.846,126.574,1.112,10,0.334,Yes,244,217,282,279
112,c,0002_top_20250705_t0,0002_top_20250705_t1,495.0,194.0,528.0,253.0,33.0,59.0,581,235,608,286,27,51,4.95,115.434,98.311,0.852,10,0.043,Yes,581,235,608,286
113,c,0002_top_20250705_t0,0002_top_20250705_t1,456.0,479.0,491.0,539.0,35.0,60.0,539,506,575,566,36,60,2.236,109.786,111.288,1.014,10,0.02,Yes,539,506,575,566
114,c,0002_top_20250705_t0,0002_top_20250705_t1,397.0,456.0,436.0,518.0,39.0,62.0,480,484,520,544,40,60,3.0,115.521,118.562,1.026,10,0.026,Yes,480,484,520,544
115,c,0002_top_20250705_t0,0002_top_20250705_t1,437.0,418.0,471.0,478.0,34.0,60.0,522,448,556,505,34,57,6.021,108.977,106.963,0.982,10,0.055,Yes,522,448,556,505
116,c,0002_top_20250705_t0,0002_top_20250705_t1,284.0,274.0,319.0,336.0,35.0,62.0,366,308,401,365,35,57,7.906,108.19,112.486,1.04,10,0.073,Yes,366,308,401,365
117,c,0002_top_20250705_t0,0002_top_20250705_t1,376.0,198.0,412.0,251.0,36.0,53.0,458,230,492,285,34,55,9.605,108.577,113.217,1.043,10,0.088,Yes,458,230,492,285
118,c,0002_top_20250705_t0,0002_top_20250705_t1,262.0,293.0,300.0,351.0,38.0,58.0,345,326,380,382,35,56,9.899,108.374,111.072,1.025,10,0.091,Yes,345,326,380,382
119,c,0002_top_20250705_t0,0002_top_20250705_t1,399.0,184.0,430.0,237.0,31.0,53.0,481,219,511,268,30,49,9.925,101.912,100.499,0.986,10,0.097,Yes,481,219,511,268
120,c,0002_top_20250705_t0,0002_top_20250705_t1,497.0,372.0,529.0,429.0,32.0,57.0,581,403,613,455,32,52,3.905,106.217,101.415,0.955,10,0.037,Yes,581,403,613,455
121,c,0002_top_20250705_t0,0002_top_20250705_t1,475.0,476.0,512.0,539.0,37.0,63.0,561,502,596,565,35,63,4.301,115.521,112.61,0.975,10,0.037,Yes,561,502,596,565
122,c,0002_top_20250705_t0,0002_top_20250705_t1,418.0,438.0,459.0,498.0,41.0,60.0,502,467,542,523,40,56,4.123,119.331,115.256,0.966,10,0.035,Yes,502,467,542,523
123,c,0002_top_20250705_t0,0002_top_20250705_t1,159.0,369.0,198.0,429.0,39.0,60.0,242,396,281,456,39,60,26.101,104.69,118.191,1.129,10,0.249,Yes,242,396,281,456
124,c,0002_top_20250705_t0,0002_top_20250705_t1,396.0,12.0,436.0,70.0,40.0,58.0,475,50,514,107,39,57,14.765,127.142,131.046,1.031,10,0.116,Yes,475,50,514,107
125,c,0002_top_20250705_t0,0002_top_20250705_t1,356.0,39.0,395.0,95.0,39.0,56.0,418,92,453,149,35,57,37.336,120.739,123.069,1.019,10,0.309,Yes,418,92,453,149
126,c,0002_top_20250705_t0,0002_top_20250705_t1,417.0,0.0,452.0,54.0,35.0,54.0,497,38,531,92,34,54,13.435,116.387,120.283,1.033,10,0.115,Yes,497,38,531,92
127,c,0002_top_20250705_t0,0002_top_20250705_t1,379.0,25.0,415.0,84.0,36.0,59.0,436,79,474,133,38,54,40.115,119.67,124.74,1.042,10,0.335,Yes,436,79,474,133
128,c,0002_top_20250705_t0,0002_top_20250705_t1,426.0,173.0,450.0,224.0,24.0,51.0,506,209,531,256,25,47,7.433,89.107,91.22,1.024,10,0.083,Yes,506,209,531,256
129,c,0002_top_20250705_t0,0002_top_20250705_t1,475.0,386.0,514.0,441.0,39.0,55.0,559,416,595,468,36,52,3.162,116.039,107.299,0.925,10,0.027,Yes,559,416,595,468
130,c,0002_top_20250705_t0,0002_top_20250705_t1,456.0,401.0,493.0,457.0,37.0,56.0,541,428,578,486,37,58,7.159,111.521,113.455,1.017,10,0.064,Yes,541,428,578,486
131,c,0002_top_20250705_t0,0002_top_20250705_t1,225.0,134.0,263.0,200.0,38.0,66.0,306,172,343,233,37,61,23.259,118.089,126.574,1.072,10,0.197,Yes,306,172,343,233
132,c,0002_top_20250705_t0,0002_top_20250705_t1,515.0,442.0,553.0,499.0,38.0,57.0,597,469,638,526,41,57,4.743,115.884,117.614,1.015,10,0.041,Yes,597,469,638,526
133,c,0002_top_20250705_t0,0002_top_20250705_t1,492.0,459.0,533.0,517.0,41.0,58.0,577,485,618,546,41,61,4.243,119.633,120.88,1.01,10,0.035,Yes,577,485,618,546
134,c,0002_top_20250705_t0,0002_top_20250705_t1,325.0,68.0,357.0,124.0,32.0,56.0,407,106,434,159,27,53,17.847,106.075,103.276,0.974,10,0.168,Yes,407,106,434,159
135,c,0002_top_20250705_t0,0002_top_20250705_t1,533.0,422.0,572.0,479.0,39.0,57.0,616,446,639,510,23,64,20.359,118.849,97.082,0.817,10,0.171,Yes,616,446,639,510
136,c,0002_top_20250705_t0,0002_top_20250705_t1,175.0,435.0,217.0,498.0,42.0,63.0,281,452,320,515,39,63,19.164,110.39,119.553,1.083,10,0.174,Yes,281,452,320,515
137,c,0002_top_20250705_t0,0002_top_20250705_t1,197.0,426.0,239.0,488.0,42.0,62.0,288,456,317,510,29,54,16.194,111.126,94.763,0.853,10,0.146,Yes,288,456,317,510
138,c,0002_top_20250705_t0,0002_top_20250705_t1,433.0,238.0,474.0,295.0,41.0,57.0,500,283,535,340,35,57,32.638,123.065,114.691,0.932,10,0.265,Yes,500,283,535,340
139,c,0002_top_20250705_t0,0002_top_20250705_t1,420.0,175.0,453.0,229.0,33.0,54.0,499,211,534,261,35,50,7.106,106.963,111.396,1.041,10,0.066,Yes,499,211,534,261
140,c,0002_top_20250705_t0,0002_top_20250705_t1,340.0,53.0,376.0,112.0,36.0,59.0,400,102,438,160,38,58,36.366,116.103,128.818,1.11,10,0.313,Yes,400,102,438,160
141,c,0002_top_20250705_t0,0002_top_20250705_t1,260.0,378.0,293.0,433.0,33.0,55.0,342,405,377,460,35,55,7.906,96.208,107.564,1.118,10,0.082,Yes,342,405,377,460
142,c,0002_top_20250705_t0,0002_top_20250705_t1,337.0,482.0,374.0,545.0,37.0,63.0,420,511,458,567,38,56,1.581,108.931,109.343,1.004,10,0.015,Yes,420,511,458,567
143,c,0002_top_20250705_t0,0002_top_20250705_t1,396.0,269.0,435.0,325.0,39.0,56.0,459,319,497,377,38,58,38.685,115.109,119.097,1.035,10,0.336,Yes,459,319,497,377
144,c,0002_top_20250705_t0,0002_top_20250705_t1,378.0,466.0,414.0,525.0,36.0,59.0,463,494,501,551,38,57,7.28,106.888,111.396,1.042,10,0.068,Yes,463,494,501,551
145,c,0002_top_20250705_t0,0002_top_20250705_t1,302.0,84.0,340.0,140.0,38.0,56.0,382,123,419,178,37,55,16.008,114.11,123.167,1.079,10,0.14,Yes,382,123,419,178
146,c,0002_top_20250705_t0,0002_top_20250705_t1,454.0,222.0,492.0,280.0,38.0,58.0,537,256,573,310,36,54,6.708,120.104,114.215,0.951,10,0.056,Yes,537,256,573,310
147,c,0002_top_20250705_t0,0002_top_20250705_t1,355.0,302.0,395.0,360.0,40.0,58.0,443,335,473,388,30,53,6.519,114.978,100.449,0.874,10,0.057,Yes,443,335,473,388
148,c,0002_top_20250705_t0,0002_top_20250705_t1,403.0,12.0,431.0,65.0,28.0,53.0,482,49,510,102,28,53,15.116,101.833,108.904,1.069,10,0.148,Yes,482,49,510,102
149,c,0002_top_20250705_t0,0002_top_20250705_t1,238.0,390.0,278.0,451.0,40.0,61.0,321,422,360,481,39,59,12.0,110.39,116.181,1.052,10,0.109,Yes,321,422,360,481
150,c,0002_top_20250705_t0,0002_top_20250705_t1,378.0,285.0,413.0,342.0,35.0,57.0,463,317,492,373,29,56,5.408,109.041,102.533,0.94,10,0.05,Yes,463,317,492,373
151,c,0002_top_20250705_t0,0002_top_20250705_t1,276.0,365.0,317.0,421.0,41.0,56.0,360,396,399,452,39,56,4.123,109.986,115.624,1.051,10,0.037,Yes,360,396,399,452
152,c,0002_top_20250705_t0,0002_top_20250705_t1,364.0,41.0,392.0,93.0,28.0,52.0,443,80,471,131,28,51,14.773,97.591,105.361,1.08,10,0.151,Yes,443,80,471,131
153,c,0002_top_20250705_t0,0002_top_20250705_t1,415.0,250.0,453.0,309.0,38.0,59.0,479,300,517,359,38,59,34.562,117.796,120.507,1.023,10,0.293,Yes,479,300,517,359
154,c,0002_top_20250705_t0,0002_top_20250705_t1,518.0,443.0,548.0,494.0,30.0,51.0,603,473,633,524,30,51,1.118,97.082,95.016,0.979,10,0.012,Yes,603,473,633,524
155,c,0002_top_20250705_t0,0002_top_20250705_t1,442.0,239.0,468.0,293.0,26.0,54.0,524,273,550,322,26,49,6.946,94.048,91.935,0.978,10,0.074,Yes,524,273,550,322
156,c,0002_top_20250705_t0,0002_top_20250705_t1,300.0,350.0,335.0,408.0,35.0,58.0,383,380,418,437,35,57,3.041,104.005,110.39,1.061,10,0.029,Yes,383,380,418,437
157,c,0002_top_20250705_t0,0002_top_20250705_t1,421.0,2.0,447.0,48.0,26.0,46.0,500,35,525,84,25,49,17.678,92.698,99.725,1.076,10,0.191,Yes,500,35,525,84
158,c,0002_top_20250705_t0,0002_top_20250705_t1,316.0,335.0,355.0,394.0,39.0,59.0,399,365,438,424,39,59,3.808,112.699,119.754,1.063,10,0.034,Yes,399,365,438,424
159,c,0002_top_20250705_t0,0002_top_20250705_t1,257.0,116.0,296.0,175.0,39.0,59.0,342,153,380,211,38,58,17.755,115.434,125.936,1.091,10,0.154,Yes,342,153,380,211
160,c,0002_top_20250705_t0,0002_top_20250705_t1,478.0,209.0,508.0,263.0,30.0,54.0,558,245,595,299,37,54,6.5,104.062,116.387,1.118,10,0.062,Yes,558,245,595,299
161,c,0002_top_20250705_t0,0002_top_20250705_t1,472.0,211.0,514.0,267.0,42.0,56.0,577,232,610,293,33,61,42.688,127.004,118.14,0.93,10,0.336,Yes,577,232,610,293
162,c,0002_top_20250705_t0,0002_top_20250705_t1,165.0,182.0,202.0,246.0,37.0,64.0,264,203,298,265,34,62,34.821,110.318,120.283,1.09,10,0.316,Yes,264,203,298,265
163,c,0002_top_20250705_t0,0002_top_20250705_t1,344.0,56.0,372.0,106.0,28.0,50.0,423,92,450,139,27,47,20.396,94.069,98.29,1.045,10,0.217,Yes,423,92,450,139
164,c,0002_top_20250705_t0,0002_top_20250705_t1,362.0,480.0,394.0,533.0,32.0,53.0,442,503,478,559,36,56,1.118,94.175,106.405,1.13,10,0.012,Yes,442,503,478,559
165,c,0002_top_20250705_t0,0002_top_20250705_t1,339.0,320.0,370.0,373.0,31.0,53.0,419,347,455,405,36,58,5.59,95.525,114.691,1.201,10,0.059,Yes,419,347,455,405
166,c,0002_top_20250705_t0,0002_top_20250705_t1,383.0,24.0,411.0,79.0,28.0,55.0,458,63,495,123,37,60,11.715,102.533,130.177,1.27,10,0.114,Yes,458,63,495,123
167,c,0002_top_20250705_t0,0002_top_20250705_t1,516.0,362.0,547.0,413.0,31.0,51.0,598,385,634,442,36,57,5.831,100.005,112.805,1.128,10,0.058,Yes,598,385,634,442
168,c,0002_top_20250705_t0,0002_top_20250705_t1,281.0,102.0,320.0,162.0,39.0,60.0,362,140,401,200,39,60,16.008,118.258,130.177,1.101,10,0.135,Yes,362,140,401,200
169,c,0002_top_20250705_t0,0002_top_20250705_t1,215.0,405.0,256.0,468.0,41.0,63.0,299,435,342,495,43,60,11.045,111.803,123.434,1.104,10,0.099,Yes,299,435,342,495
170,c,0002_top_20250705_t0,0002_top_20250705_t1,459.0,225.0,487.0,278.0,28.0,53.0,517,271,554,325,37,54,36.222,98.351,115.624,1.176,10,0.368,Yes,517,271,554,325
171,c,0002_top_20250705_t0,0002_top_20250705_t1,418.0,256.0,447.0,307.0,29.0,51.0,483,302,513,355,30,53,30.008,96.26,101.863,1.058,10,0.312,Yes,483,302,513,355
172,c,0002_top_20250705_t0,0002_top_20250705_t1,223.0,406.0,252.0,464.0,29.0,58.0,306,436,338,490,32,54,11.597,90.609,100.419,1.108,10,0.128,Yes,306,436,338,490
173,c,0002_top_20250705_t0,0002_top_20250705_t1,318.0,242.0,352.0,298.0,34.0,56.0,399,277,432,330,33,53,6.576,104.062,107.564,1.034,10,0.063,Yes,399,277,432,330
187,b,0002_top_20250707_t0,0002_top_20250707_t1,401.0,438.0,489.0,513.0,88.0,75.0,378,486,470,568,92,82,3.606,75.133,83.193,1.107,8,0.048,Yes,378,486,470,568
188,b,0002_top_20250707_t0,0002_top_20250707_t1,273.0,83.0,327.0,169.0,54.0,86.0,245,112,302,202,57,90,2.5,59.548,61.62,1.035,8,0.042,Yes,245,112,302,202
190,c,0002_top_20250708_t0,0002_top_20250708_t1,290.0,346.0,430.0,473.0,140.0,127.0,326,321,398,493,72,172,5.099,77.524,93.349,1.204,7,0.066,Yes,326,321,398,493
191,c,0002_top_20250708_t0,0002_top_20250708_t1,309.0,220.0,436.0,313.0,127.0,93.0,274,239,345,399,71,160,1.581,72.014,93.381,1.297,7,0.022,Yes,274,239,345,399
192,c,0002_top_20250708_t0,0002_top_20250708_t1,257.0,101.0,325.0,228.0,68.0,127.0,197,268,237,417,40,149,6.103,63.702,71.589,1.124,7,0.096,Yes,197,268,237,417
193,c,0002_top_20250708_t0,0002_top_20250708_t1,373.0,47.0,428.0,181.0,55.0,134.0,240,144,291,246,51,102,4.61,60.208,67.941,1.128,7,0.077,Yes,240,144,291,246
194,c,0002_top_20250711_t0,0002_top_20250711_t1,80.0,164.0,131.0,201.0,51.0,37.0,80,164,131,201,51,37,3.202,124.579,121.083,0.972,9,0.026,Yes,80,164,131,201
195,c,0002_top_20250711_t0,0002_top_20250711_t1,82.0,235.0,127.0,271.0,45.0,36.0,82,235,127,271,45,36,3.202,108.245,107.564,0.994,9,0.03,Yes,82,235,127,271
196,c,0002_top_20250711_t0,0002_top_20250711_t1,82.0,377.0,129.0,412.0,47.0,35.0,82,377,129,412,47,35,6.325,102.591,105.418,1.028,9,0.062,Yes,82,377,129,412
197,c,0002_top_20250711_t0,0002_top_20250711_t1,206.0,300.0,233.0,371.0,27.0,71.0,206,300,233,371,27,71,3.162,111.759,114.691,1.026,9,0.028,Yes,206,300,233,371
198,c,0002_top_20250711_t0,0002_top_20250711_t1,381.0,375.0,404.0,450.0,23.0,75.0,381,375,404,450,23,75,9.434,111.198,113.864,1.024,9,0.085,Yes,381,375,404,450
199,c,0002_top_20250711_t0,0002_top_20250711_t1,95.0,0.0,135.0,28.0,40.0,28.0,95,0,135,28,40,28,13.829,108.467,100.658,0.928,9,0.127,Yes,95,0,135,28
200,c,0002_top_20250711_t0,0002_top_20250711_t1,421.0,374.0,449.0,452.0,28.0,78.0,421,374,449,452,28,78,9.014,125.607,128.701,1.025,9,0.072,Yes,421,374,449,452
201,c,0002_top_20250711_t0,0002_top_20250711_t1,357.0,381.0,384.0,449.0,27.0,68.0,357,381,384,449,27,68,9.849,109.786,113.846,1.037,9,0.09,Yes,357,381,384,449
202,c,0002_top_20250711_t0,0002_top_20250711_t1,211.0,97.0,239.0,151.0,28.0,54.0,211,97,239,151,28,54,6.5,115.261,107.49,0.933,9,0.056,Yes,211,97,239,151
203,c,0002_top_20250711_t0,0002_top_20250711_t1,266.0,148.0,293.0,205.0,27.0,57.0,266,148,293,205,27,57,7.382,114.586,108.904,0.95,9,0.064,Yes,266,148,293,205
204,c,0002_top_20250711_t0,0002_top_20250711_t1,231.0,113.0,257.0,161.0,26.0,48.0,231,113,257,161,26,48,6.801,104.69,98.29,0.939,9,0.065,Yes,231,113,257,161
205,c,0002_top_20250711_t0,0002_top_20250711_t1,246.0,128.0,276.0,191.0,30.0,63.0,246,128,276,191,30,63,7.159,128.004,121.631,0.95,9,0.056,Yes,246,128,276,191
206,c,0002_top_20250711_t0,0002_top_20250711_t1,251.0,127.0,274.0,181.0,23.0,54.0,251,127,274,181,23,54,7.159,105.361,99.035,0.94,9,0.068,Yes,251,127,274,181
207,b,0003_top_20250626_t0,0003_top_20250626_t1,253.0,285.0,279.0,380.0,26.0,95.0,245,248,273,367,28,119,4.924,67.417,77.897,1.155,8,0.073,Yes,245,248,273,367
208,b,0003_top_20250626_t0,0003_top_20250626_t1,391.0,110.0,420.0,226.0,29.0,116.0,398,79,426,197,28,118,9.552,83.241,83.774,1.006,8,0.115,Yes,398,79,426,197
209,b,0003_top_20250626_t0,0003_top_20250626_t1,250.0,59.0,279.0,175.0,29.0,116.0,248,6,278,134,30,128,10.012,84.22,100.648,1.195,8,0.119,Yes,248,6,278,134
210,b,0003_top_20250626_t0,0003_top_20250626_t1,392.0,265.0,416.0,360.0,24.0,95.0,393,241,418,335,25,94,5.701,66.731,60.836,0.912,8,0.085,Yes,393,241,418,335
212,c,0003_top_20250703_t0,0003_top_20250703_t1,403.0,356.0,426.0,458.0,23.0,102.0,154,280,183,400,29,120,3.606,73.783,76.551,1.038,6,0.049,Yes,154,280,183,400
213,c,0003_top_20250703_t0,0003_top_20250703_t1,557.0,422.0,601.0,508.0,44.0,86.0,356,345,404,452,48,107,5.701,94.048,92.655,0.985,6,0.061,Yes,356,345,404,452
214,c,0003_top_20250703_t0,0003_top_20250703_t1,595.0,392.0,627.0,474.0,32.0,82.0,404,320,442,412,38,92,2.5,80.722,79.931,0.99,6,0.031,Yes,404,320,442,412
215,b,0003_top_20250707_t0,0003_top_20250707_t1,265.0,81.0,333.0,132.0,68.0,51.0,256,0,310,56,54,56,3.041,63.6,53.852,0.847,6,0.048,Yes,256,0,310,56
216,b,0003_top_20250707_t0,0003_top_20250707_t1,447.0,522.0,500.0,640.0,53.0,118.0,279,456,331,540,52,84,5.701,74.277,58.796,0.792,6,0.077,Yes,279,456,331,540
217,b,0003_top_20250707_t0,0003_top_20250707_t1,345.0,12.0,420.0,90.0,75.0,78.0,333,5,391,80,58,75,4.61,79.511,62.008,0.78,6,0.058,Yes,333,5,391,80
218,b,0003_top_20250707_t0,0003_top_20250707_t1,154.0,385.0,209.0,535.0,55.0,150.0,86,164,150,264,64,100,2.693,87.321,70.838,0.811,6,0.031,Yes,86,164,150,264
222,c,0003_top_20250711_t0,0003_top_20250711_t1,74.0,198.0,124.0,362.0,50.0,164.0,74,198,124,362,50,164,0.0,118.191,120.104,1.016,6,0.0,Yes,74,198,124,362
223,c,0003_top_20250711_t0,0003_top_20250711_t1,456.0,384.0,505.0,524.0,49.0,140.0,456,384,505,524,49,140,1.414,114.586,117.414,1.025,6,0.012,Yes,456,384,505,524
224,c,0003_top_20250711_t0,0003_top_20250711_t1,403.0,399.0,456.0,529.0,53.0,130.0,403,399,456,529,53,130,2.236,113.137,115.966,1.025,6,0.02,Yes,403,399,456,529
225,c,0003_top_20250711_t0,0003_top_20250711_t1,553.0,400.0,603.0,533.0,50.0,133.0,553,400,603,533,50,133,2.0,112.539,116.846,1.038,6,0.018,Yes,553,400,603,533
226,c,0004_top_20250703_t0,0004_top_20250703_t1,311.0,272.0,353.0,365.0,42.0,93.0,311,272,353,365,42,93,34.154,110.386,149.723,1.356,6,0.309,Yes,311,272,353,365
227,c,0004_top_20250703_t0,0004_top_20250703_t1,351.0,268.0,390.0,361.0,39.0,93.0,351,268,390,361,39,93,33.723,107.378,146.373,1.363,6,0.314,Yes,351,268,390,361
229,c,0004_top_20250705_t0,0004_top_20250705_t1,188.0,573.0,249.0,621.0,61.0,48.0,72,579,127,640,55,61,5.025,126.657,81.835,0.646,11,0.04,Yes,72,579,127,640
230,c,0004_top_20250705_t0,0004_top_20250705_t1,194.0,516.0,251.0,559.0,57.0,43.0,96,515,150,577,54,62,11.336,123.065,84.504,0.687,11,0.092,Yes,96,515,150,577
231,c,0004_top_20250705_t0,0004_top_20250705_t1,275.0,282.0,327.0,325.0,52.0,43.0,245,285,302,351,57,66,8.062,134.358,99.358,0.74,11,0.06,Yes,245,285,302,351
232,c,0004_top_20250705_t0,0004_top_20250705_t1,262.0,437.0,321.0,483.0,59.0,46.0,187,464,248,538,61,74,1.803,127.781,100.005,0.783,11,0.014,Yes,187,464,248,538
233,c,0004_top_20250705_t0,0004_top_20250705_t1,275.0,237.0,329.0,285.0,54.0,48.0,263,244,308,305,45,61,19.105,150.629,84.172,0.559,11,0.127,Yes,263,244,308,305
234,c,0004_top_20250705_t0,0004_top_20250705_t1,256.0,487.0,316.0,532.0,60.0,45.0,169,518,228,595,59,77,3.162,123.693,96.333,0.779,11,0.026,Yes,169,518,228,595
235,c,0004_top_20250705_t0,0004_top_20250705_t1,368.0,435.0,409.0,514.0,41.0,79.0,298,559,357,638,59,79,9.341,112.432,96.426,0.858,11,0.083,Yes,298,559,357,638
236,c,0004_top_20250705_t0,0004_top_20250705_t1,457.0,63.0,488.0,133.0,31.0,70.0,522,153,550,238,28,85,8.515,136.781,89.872,0.657,11,0.062,Yes,522,153,550,238
237,c,0004_top_20250705_t0,0004_top_20250705_t1,423.0,261.0,462.0,315.0,39.0,54.0,429,372,468,453,39,81,10.548,104.661,85.796,0.82,11,0.101,Yes,429,372,468,453
238,c,0004_top_20250705_t0,0004_top_20250705_t1,417.0,58.0,447.0,123.0,30.0,65.0,472,121,501,195,29,74,23.259,137.131,83.815,0.611,11,0.17,Yes,472,121,501,195
239,c,0004_top_20250705_t0,0004_top_20250705_t1,270.0,352.0,325.0,397.0,55.0,45.0,221,371,272,439,51,68,5.22,131.643,89.872,0.683,11,0.04,Yes,221,371,272,439
240,c,0004_top_20250705_t0,0004_top_20250705_t1,501.0,95.0,536.0,159.0,35.0,64.0,572,221,605,294,33,73,20.0,122.381,82.976,0.678,11,0.163,Yes,572,221,605,294
241,c,0004_top_20250705_t0,0004_top_20250705_t1,381.0,357.0,425.0,423.0,44.0,66.0,345,468,391,548,46,80,5.657,115.278,88.414,0.767,11,0.049,Yes,345,468,391,548
242,c,0004_top_20250705_t0,0004_top_20250705_t1,411.0,288.0,451.0,351.0,40.0,63.0,403,403,440,489,37,86,6.403,112.432,86.052,0.765,11,0.057,Yes,403,403,440,489
243,c,0004_top_20250705_t0,0004_top_20250705_t1,396.0,322.0,438.0,384.0,42.0,62.0,377,441,417,515,40,74,9.192,111.732,80.66,0.722,11,0.082,Yes,377,441,417,515
253,b,0004_top_20250707_t0,0004_top_20250707_t1,265.0,37.0,325.0,109.0,60.0,72.0,228,97,290,144,62,47,3.162,58.822,62.129,1.056,10,0.054,Yes,228,97,290,144
254,b,0004_top_20250707_t0,0004_top_20250707_t1,420.0,77.0,500.0,164.0,80.0,87.0,383,27,465,93,82,66,2.0,74.626,82.928,1.111,10,0.027,Yes,383,27,465,93
255,b,0004_top_20250707_t0,0004_top_20250707_t1,81.0,229.0,152.0,334.0,71.0,105.0,99,351,160,478,61,127,4.031,73.246,89.14,1.217,10,0.055,Yes,99,351,160,478
256,b,0004_top_20250707_t0,0004_top_20250707_t1,290.0,542.0,350.0,635.0,60.0,93.0,355,527,407,637,52,110,1.0,59.666,76.42,1.281,10,0.017,Yes,355,527,407,637
257,b,0004_top_20250707_t0,0004_top_20250707_t1,349.0,56.0,413.0,141.0,64.0,85.0,306,56,371,118,65,62,6.185,64.203,68.007,1.059,10,0.096,Yes,306,56,371,118
258,b,0004_top_20250707_t0,0004_top_20250707_t1,520.0,119.0,605.0,205.0,85.0,86.0,480,8,564,61,84,53,8.86,78.032,79.404,1.018,10,0.114,Yes,480,8,564,61
260,b,0005_top_20250626_t0,0005_top_20250626_t1,243.0,546.0,272.0,639.0,29.0,93.0,219,373,251,508,32,135,7.433,70.456,86.954,1.234,8,0.105,Yes,219,373,251,508
261,b,0005_top_20250626_t0,0005_top_20250626_t1,236.0,216.0,265.0,338.0,29.0,122.0,222,36,253,163,31,127,2.828,89.185,94.414,1.059,8,0.032,Yes,222,36,253,163
262,b,0005_top_20250626_t0,0005_top_20250626_t1,236.0,371.0,267.0,493.0,31.0,122.0,217,193,249,322,32,129,2.0,88.837,89.554,1.008,8,0.023,Yes,217,193,249,322
263,b,0005_top_20250626_t0,0005_top_20250626_t1,395.0,466.0,420.0,553.0,25.0,87.0,383,305,409,396,26,91,14.765,59.682,76.851,1.288,8,0.247,Yes,383,305,409,396
269,d,0005_top_20250705_t0,0005_top_20250705_t1,370.0,87.0,387.0,133.0,17.0,46.0,370,87,387,133,17,46,28.609,117.456,131.034,1.116,10,0.244,Yes,370,87,387,133
270,d,0005_top_20250705_t0,0005_top_20250705_t1,406.0,78.0,428.0,103.0,22.0,25.0,406,78,428,103,22,25,31.048,138.192,106.212,0.769,10,0.225,Yes,406,78,428,103
281,b,0005_top_20250707_t0,0005_top_20250707_t1,214.0,367.0,251.0,507.0,37.0,140.0,276,340,301,440,25,100,2.236,79.076,76.322,0.965,10,0.028,Yes,276,340,301,440
283,d,0005_top_20250709_t0,0005_top_20250709_t1,103.0,402.0,150.0,443.0,47.0,41.0,181,465,229,507,48,42,12.748,93.814,98.473,1.05,12,0.136,Yes,181,465,229,507
284,d,0005_top_20250709_t0,0005_top_20250709_t1,173.0,431.0,215.0,479.0,42.0,48.0,255,498,295,544,40,46,14.705,82.329,89.022,1.081,12,0.179,Yes,255,498,295,544
285,d,0005_top_20250709_t0,0005_top_20250709_t1,215.0,122.0,236.0,193.0,21.0,71.0,287,176,311,245,24,69,7.517,93.408,93.236,0.998,12,0.08,Yes,287,176,311,245
287,b,0006_top_20250707_t0,0006_top_20250707_t1,9.0,182.0,48.0,302.0,39.0,120.0,293,164,328,271,35,107,6.0,102.396,89.045,0.87,8,0.059,Yes,293,164,328,271
298,d,0006_top_20250708_t0,0006_top_20250708_t1,222.0,266.0,294.0,548.0,72.0,282.0,138,259,212,529,74,270,6.708,104.89,78.294,0.746,6,0.064,Yes,138,259,212,529
299,d,0006_top_20250708_t0,0006_top_20250708_t1,311.0,290.0,382.0,567.0,71.0,277.0,227,281,297,554,70,273,20.616,107.005,77.369,0.723,6,0.193,Yes,227,281,297,554
300,d,0006_top_20250708_t0,0006_top_20250708_t1,125.0,273.0,200.0,549.0,75.0,276.0,40,261,121,535,81,274,6.671,80.957,80.623,0.996,6,0.082,Yes,40,261,121,535
306,c,0006_top_20250711_t0,0006_top_20250711_t1,353.0,314.0,477.0,481.0,124.0,167.0,353,314,477,481,124,167,1.118,72.801,73.6,1.011,6,0.015,Yes,353,314,477,481
307,c,0006_top_20250711_t0,0006_top_20250711_t1,205.0,246.0,296.0,477.0,91.0,231.0,205,246,296,477,91,231,2.062,75.604,72.201,0.955,6,0.027,Yes,205,246,296,477
308,c,0006_top_20250711_t0,0006_top_20250711_t1,156.0,244.0,232.0,479.0,76.0,235.0,156,244,232,479,76,235,2.5,73.246,68.264,0.932,6,0.034,Yes,156,244,232,479
309,c,0006_top_20250711_t0,0006_top_20250711_t1,167.0,279.0,243.0,490.0,76.0,211.0,167,279,243,490,76,211,2.915,67.424,63.246,0.938,6,0.043,Yes,167,279,243,490
310,c,0006_top_20250711_t0,0006_top_20250711_t1,310.0,313.0,392.0,455.0,82.0,142.0,310,313,392,455,82,142,1.118,55.172,53.075,0.962,6,0.02,Yes,310,313,392,455
311,b,0007_top_20250626_t0,0007_top_20250626_t1,261.0,405.0,331.0,459.0,70.0,54.0,205,430,236,569,31,139,8.544,80.231,85.983,1.072,8,0.106,Yes,205,430,236,569
312,b,0007_top_20250626_t0,0007_top_20250626_t1,350.0,372.0,414.0,420.0,64.0,48.0,208,264,238,384,30,120,8.382,76.694,81.541,1.063,8,0.109,Yes,208,264,238,384
313,b,0007_top_20250626_t0,0007_top_20250626_t1,434.0,340.0,509.0,392.0,75.0,52.0,209,78,244,216,35,138,11.769,93.984,101.789,1.083,8,0.125,Yes,209,78,244,216
321,d,0007_top_20250703_t0,0007_top_20250703_t1,324.0,398.0,402.0,457.0,78.0,59.0,296,532,391,599,95,67,28.151,132.231,77.827,0.589,7,0.213,Yes,296,532,391,599
327,c,0007_top_20250705_t0,0007_top_20250705_t1,226.0,478.0,257.0,547.0,31.0,69.0,226,478,257,547,31,69,0.0,135.148,135.148,1.0,8,0.0,Yes,226,478,257,547
328,c,0007_top_20250705_t0,0007_top_20250705_t1,188.0,318.0,225.0,398.0,37.0,80.0,188,318,225,398,37,80,0.0,150.629,150.629,1.0,8,0.0,Yes,188,318,225,398
329,c,0007_top_20250705_t0,0007_top_20250705_t1,333.0,527.0,363.0,591.0,30.0,64.0,333,527,363,591,30,64,0.0,113.846,113.846,1.0,8,0.0,Yes,333,527,363,591
330,b,0007_top_20250707_t0,0007_top_20250707_t1,61.0,447.0,97.0,564.0,36.0,117.0,197,398,232,517,35,119,5.0,114.39,115.104,1.006,7,0.044,Yes,197,398,232,517
331,b,0007_top_20250707_t0,0007_top_20250707_t1,161.0,447.0,193.0,564.0,32.0,117.0,294,400,329,515,35,115,5.025,106.452,107.355,1.008,7,0.047,Yes,294,400,329,515
332,b,0007_top_20250707_t0,0007_top_20250707_t1,127.0,445.0,161.0,566.0,34.0,121.0,262,401,296,515,34,114,5.523,112.294,106.471,0.948,7,0.049,Yes,262,401,296,515
333,b,0007_top_20250707_t0,0007_top_20250707_t1,0.0,462.0,29.0,568.0,29.0,106.0,135,411,167,517,32,106,6.519,104.101,106.532,1.023,7,0.063,Yes,135,411,167,517
334,b,0007_top_20250707_t0,0007_top_20250707_t1,466.0,168.0,499.0,282.0,33.0,114.0,603,124,636,231,33,107,4.272,89.051,84.054,0.944,7,0.048,Yes,603,124,636,231
335,b,0007_top_20250707_t0,0007_top_20250707_t1,29.0,453.0,61.0,570.0,32.0,117.0,166,407,198,520,32,113,7.0,112.872,110.145,0.976,7,0.062,Yes,166,407,198,520
336,b,0007_top_20250707_t0,0007_top_20250707_t1,193.0,376.0,325.0,566.0,132.0,190.0,324,331,453,498,129,167,7.159,239.176,219.804,0.919,7,0.03,Yes,324,331,453,498
337,b,0007_top_20250707_t0,0007_top_20250707_t1,98.0,451.0,129.0,562.0,31.0,111.0,235,405,266,514,31,109,8.016,103.354,102.474,0.991,7,0.078,Yes,235,405,266,514
338,b,0007_top_20250707_t0,0007_top_20250707_t1,206.0,173.0,243.0,293.0,37.0,120.0,341,127,380,246,39,119,5.0,92.785,93.814,1.011,7,0.054,Yes,341,127,380,246
339,b,0007_top_20250707_t0,0007_top_20250707_t1,237.0,175.0,275.0,290.0,38.0,115.0,374,125,410,243,36,118,4.123,90.736,91.417,1.008,7,0.045,Yes,374,125,410,243
340,b,0007_top_20250707_t0,0007_top_20250707_t1,169.0,178.0,209.0,295.0,40.0,117.0,304,131,344,247,40,116,4.031,94.578,94.032,0.994,7,0.043,Yes,304,131,344,247
341,b,0007_top_20250707_t0,0007_top_20250707_t1,104.0,185.0,139.0,301.0,35.0,116.0,237,151,275,253,38,102,2.121,92.114,88.006,0.955,7,0.023,Yes,237,151,275,253
342,b,0007_top_20250707_t0,0007_top_20250707_t1,345.0,178.0,376.0,293.0,31.0,115.0,462,146,501,310,39,164,31.847,86.954,125.22,1.44,7,0.366,Yes,462,146,501,310
343,b,0007_top_20250707_t0,0007_top_20250707_t1,137.0,182.0,173.0,298.0,36.0,116.0,273,140,308,247,35,107,4.272,92.114,86.822,0.943,7,0.046,Yes,273,140,308,247
344,b,0007_top_20250707_t0,0007_top_20250707_t1,272.0,171.0,306.0,292.0,34.0,121.0,407,127,444,243,37,116,5.099,91.302,91.586,1.003,7,0.056,Yes,407,127,444,243
345,b,0007_top_20250707_t0,0007_top_20250707_t1,309.0,177.0,343.0,290.0,34.0,113.0,440,134,477,241,37,107,2.5,87.983,86.533,0.984,7,0.028,Yes,440,134,477,241
346,b,0007_top_20250707_t0,0007_top_20250707_t1,76.0,182.0,108.0,301.0,32.0,119.0,207,140,244,251,37,111,2.0,93.648,93.477,0.998,7,0.021,Yes,207,140,244,251
347,b,0007_top_20250707_t0,0007_top_20250707_t1,39.0,169.0,75.0,303.0,36.0,134.0,170,137,211,249,41,112,2.5,106.33,99.02,0.931,7,0.024,Yes,170,137,211,249
363,c,0007_top_20250708_t0,0007_top_20250708_t1,449.0,121.0,563.0,440.0,114.0,319.0,0,93,49,408,49,315,25.0,186.4,125.495,0.673,9,0.134,Yes,0,93,49,408
369,c,0008_top_20250623_t0,0008_top_20250623_t1,165.0,476.0,239.0,559.0,74.0,83.0,199,404,293,472,94,68,7.5,103.005,108.706,1.055,6,0.073,Yes,199,404,293,472
370,c,0008_top_20250623_t0,0008_top_20250623_t1,121.0,258.0,161.0,434.0,40.0,176.0,195,108,248,311,53,203,1.118,119.474,138.539,1.16,6,0.009,Yes,195,108,248,311
371,c,0008_top_20250623_t0,0008_top_20250623_t1,180.0,250.0,218.0,428.0,38.0,178.0,259,142,309,350,50,208,0.707,121.709,138.683,1.139,6,0.006,Yes,259,142,309,350
372,c,0008_top_20250623_t0,0008_top_20250623_t1,158.0,584.0,255.0,640.0,97.0,56.0,172,516,289,594,117,78,6.708,114.965,131.503,1.144,6,0.058,Yes,172,516,289,594
373,c,0008_top_20250623_t0,0008_top_20250623_t1,340.0,292.0,389.0,449.0,49.0,157.0,434,304,482,489,48,185,9.618,125.431,125.734,1.002,6,0.077,Yes,434,304,482,489
376,d,0008_top_20250624_t0,0008_top_20250624_t1,240.0,256.0,334.0,593.0,94.0,337.0,259,175,347,250,88,75,9.014,81.302,61.62,0.758,7,0.111,Yes,259,175,347,250
377,d,0008_top_20250624_t0,0008_top_20250624_t1,438.0,168.0,539.0,517.0,101.0,349.0,278,350,374,413,96,63,5.148,87.658,61.4,0.7,7,0.059,Yes,278,350,374,413
378,d,0008_top_20250624_t0,0008_top_20250624_t1,550.0,147.0,640.0,523.0,90.0,376.0,277,440,380,514,103,74,13.153,90.973,66.843,0.735,7,0.145,Yes,277,440,380,514
380,b,0008_top_20250707_t0,0008_top_20250707_t1,424.0,406.0,458.0,524.0,34.0,118.0,503,403,536,519,33,116,1.414,103.446,98.27,0.95,9,0.014,Yes,503,403,536,519
381,b,0008_top_20250707_t0,0008_top_20250707_t1,199.0,83.0,225.0,193.0,26.0,110.0,279,85,304,192,25,107,7.382,85.0,89.0,1.047,9,0.087,Yes,279,85,304,192
382,b,0008_top_20250707_t0,0008_top_20250707_t1,129.0,2.0,158.0,109.0,29.0,107.0,210,1,236,110,26,109,21.006,83.863,90.785,1.083,9,0.25,Yes,210,1,236,110
383,b,0008_top_20250707_t0,0008_top_20250707_t1,111.0,445.0,141.0,552.0,30.0,107.0,194,444,222,535,28,91,8.944,92.439,77.389,0.837,9,0.097,Yes,194,444,222,535
384,b,0008_top_20250707_t0,0008_top_20250707_t1,180.0,432.0,209.0,529.0,29.0,97.0,262,431,289,531,27,100,5.0,84.906,82.855,0.976,9,0.059,Yes,262,431,289,531
385,b,0008_top_20250707_t0,0008_top_20250707_t1,147.0,437.0,175.0,542.0,28.0,105.0,228,435,256,539,28,104,4.031,89.185,85.959,0.964,9,0.045,Yes,228,435,256,539
386,b,0008_top_20250707_t0,0008_top_20250707_t1,230.0,434.0,259.0,529.0,29.0,95.0,313,432,340,529,27,97,7.018,84.06,81.123,0.965,9,0.083,Yes,313,432,340,529
387,b,0008_top_20250707_t0,0008_top_20250707_t1,392.0,414.0,424.0,527.0,32.0,113.0,474,411,503,522,29,111,3.0,98.112,90.918,0.927,9,0.031,Yes,474,411,503,522
388,b,0008_top_20250707_t0,0008_top_20250707_t1,269.0,113.0,294.0,219.0,25.0,106.0,348,114,374,216,26,102,3.905,83.187,86.354,1.038,9,0.047,Yes,348,114,374,216
389,b,0008_top_20250707_t0,0008_top_20250707_t1,362.0,418.0,394.0,526.0,32.0,108.0,444,419,473,520,29,101,4.61,94.154,85.755,0.911,9,0.049,Yes,444,419,473,520
390,b,0008_top_20250707_t0,0008_top_20250707_t1,233.0,96.0,258.0,197.0,25.0,101.0,313,95,338,198,25,103,5.025,78.772,86.313,1.096,9,0.064,Yes,313,95,338,198
391,b,0008_top_20250707_t0,0008_top_20250707_t1,161.0,66.0,188.0,168.0,27.0,102.0,243,69,268,171,25,102,9.605,80.262,85.422,1.064,9,0.12,Yes,243,69,268,171
392,b,0008_top_20250707_t0,0008_top_20250707_t1,262.0,419.0,290.0,524.0,28.0,105.0,345,418,375,522,30,104,10.512,89.554,87.464,0.977,9,0.117,Yes,345,418,375,522
393,b,0008_top_20250707_t0,0008_top_20250707_t1,400.0,144.0,434.0,253.0,34.0,109.0,480,149,510,246,30,97,7.211,91.269,85.147,0.933,9,0.079,Yes,480,149,510,246
394,b,0008_top_20250707_t0,0008_top_20250707_t1,491.0,409.0,523.0,514.0,32.0,105.0,571,403,602,512,31,109,4.472,93.295,91.586,0.982,9,0.048,Yes,571,403,602,512
395,b,0008_top_20250707_t0,0008_top_20250707_t1,303.0,130.0,330.0,226.0,27.0,96.0,383,129,409,224,26,95,5.099,78.39,81.123,1.035,9,0.065,Yes,383,129,409,224
396,b,0008_top_20250707_t0,0008_top_20250707_t1,462.0,416.0,492.0,517.0,30.0,101.0,542,413,572,512,30,99,1.803,90.05,85.147,0.946,9,0.02,Yes,542,413,572,512
397,b,0008_top_20250707_t0,0008_top_20250707_t1,327.0,421.0,358.0,534.0,31.0,113.0,410,421,438,516,28,95,8.322,98.005,81.302,0.83,9,0.085,Yes,410,421,438,516
398,b,0008_top_20250707_t0,0008_top_20250707_t1,336.0,145.0,364.0,244.0,28.0,99.0,415,147,441,241,26,94,4.61,81.123,80.623,0.994,9,0.057,Yes,415,147,441,241
399,b,0008_top_20250707_t0,0008_top_20250707_t1,521.0,408.0,553.0,516.0,32.0,108.0,602,407,631,510,29,103,6.964,95.383,87.132,0.913,9,0.073,Yes,602,407,631,510
400,b,0008_top_20250707_t0,0008_top_20250707_t1,434.0,144.0,470.0,258.0,36.0,114.0,515,149,546,250,31,101,9.301,97.098,89.588,0.923,9,0.096,Yes,515,149,546,250
401,b,0008_top_20250707_t0,0008_top_20250707_t1,369.0,151.0,399.0,246.0,30.0,95.0,449,150,477,242,28,92,7.159,79.612,80.455,1.011,9,0.09,Yes,449,150,477,242
402,b,0008_top_20250707_t0,0008_top_20250707_t1,295.0,418.0,326.0,518.0,31.0,100.0,382,419,407,517,25,98,10.198,88.51,81.006,0.915,9,0.115,Yes,382,419,407,517
403,b,0008_top_20250707_t0,0008_top_20250707_t1,531.0,132.0,568.0,253.0,37.0,121.0,611,137,639,248,28,111,10.308,101.356,92.661,0.914,9,0.102,Yes,611,137,639,248
404,b,0008_top_20250707_t0,0008_top_20250707_t1,467.0,149.0,496.0,259.0,29.0,110.0,545,143,578,252,33,109,9.823,89.471,94.874,1.06,9,0.11,Yes,545,143,578,252
405,b,0008_top_20250707_t0,0008_top_20250707_t1,498.0,137.0,534.0,254.0,36.0,117.0,580,139,610,249,30,110,10.966,99.126,94.154,0.95,9,0.111,Yes,580,139,610,249
409,d,0008_top_20250709_t0,0008_top_20250709_t1,124.0,530.0,199.0,581.0,75.0,51.0,124,530,199,581,75,51,2.236,71.694,71.694,1.0,10,0.031,Yes,124,530,199,581
410,d,0008_top_20250709_t0,0008_top_20250709_t1,209.0,476.0,247.0,620.0,38.0,144.0,209,476,247,620,38,144,1.414,81.492,82.492,1.012,10,0.017,Yes,209,476,247,620
411,d,0008_top_20250709_t0,0008_top_20250709_t1,252.0,462.0,292.0,606.0,40.0,144.0,252,462,292,606,40,144,1.581,83.528,84.906,1.016,10,0.019,Yes,252,462,292,606
412,d,0008_top_20250709_t0,0008_top_20250709_t1,295.0,452.0,334.0,602.0,39.0,150.0,295,452,334,602,39,150,2.0,87.132,88.204,1.012,10,0.023,Yes,295,452,334,602
413,d,0008_top_20250709_t0,0008_top_20250709_t1,497.0,414.0,536.0,564.0,39.0,150.0,497,414,536,564,39,150,3.808,94.021,95.425,1.015,10,0.041,Yes,497,414,536,564
414,d,0008_top_20250709_t0,0008_top_20250709_t1,452.0,419.0,491.0,566.0,39.0,147.0,452,419,491,566,39,147,2.693,91.4,92.005,1.007,10,0.029,Yes,452,419,491,566
415,d,0008_top_20250709_t0,0008_top_20250709_t1,544.0,404.0,586.0,544.0,42.0,140.0,544,404,586,544,42,140,4.743,94.26,94.175,0.999,10,0.05,Yes,544,404,586,544
416,d,0008_top_20250709_t0,0008_top_20250709_t1,413.0,433.0,454.0,582.0,41.0,149.0,413,433,454,582,41,149,2.693,92.201,92.801,1.007,10,0.029,Yes,413,433,454,582
417,d,0008_top_20250709_t0,0008_top_20250709_t1,334.0,439.0,376.0,593.0,42.0,154.0,334,439,376,593,42,154,1.5,92.087,92.655,1.006,10,0.016,Yes,334,439,376,593
418,d,0008_top_20250709_t0,0008_top_20250709_t1,375.0,444.0,415.0,587.0,40.0,143.0,375,444,415,587,40,143,1.803,87.419,88.006,1.007,10,0.021,Yes,375,444,415,587
419,d,0008_top_20250709_t0,0008_top_20250709_t1,31.0,5.0,162.0,53.0,131.0,48.0,31,5,162,53,131,48,13.647,147.231,153.844,1.045,10,0.093,Yes,31,5,162,53
420,d,0008_top_20250709_t0,0008_top_20250709_t1,168.0,8.0,239.0,62.0,71.0,54.0,168,8,239,62,71,54,11.18,92.914,96.835,1.042,10,0.12,Yes,168,8,239,62
421,d,0008_top_20250709_t0,0008_top_20250709_t1,121.0,619.0,198.0,639.0,77.0,20.0,121,619,198,639,77,20,2.062,64.514,64.846,1.005,10,0.032,Yes,121,619,198,639
422,d,0008_top_20250711_t0,0008_top_20250711_t1,532.0,89.0,633.0,171.0,101.0,82.0,532,89,633,171,101,82,14.0,83.648,94.366,1.128,9,0.167,Yes,532,89,633,171
423,c,0009_top_20250623_t0,0009_top_20250623_t1,57.0,454.0,159.0,624.0,102.0,170.0,199,11,270,234,71,223,4.924,141.873,129.016,0.909,6,0.035,Yes,199,11,270,234
426,b,0009_top_20250626_t0,0009_top_20250626_t1,397.0,352.0,480.0,429.0,83.0,77.0,195,491,275,548,80,57,17.755,162.533,125.674,0.773,9,0.109,Yes,195,491,275,548
427,b,0009_top_20250626_t0,0009_top_20250626_t1,297.0,567.0,331.0,639.0,34.0,72.0,355,303,391,415,36,112,28.504,73.593,108.046,1.468,9,0.387,Yes,355,303,391,415
428,b,0009_top_20250626_t0,0009_top_20250626_t1,438.0,579.0,519.0,639.0,81.0,60.0,197,290,271,344,74,54,13.901,145.344,115.871,0.797,9,0.096,Yes,197,290,271,344
429,b,0009_top_20250626_t0,0009_top_20250626_t1,256.0,326.0,311.0,452.0,55.0,126.0,347,525,393,639,46,114,17.889,130.384,120.433,0.924,9,0.137,Yes,347,525,393,639
430,b,0009_top_20250626_t0,0009_top_20250626_t1,389.0,265.0,471.0,334.0,82.0,69.0,190,572,269,622,79,50,16.508,160.181,122.654,0.766,9,0.103,Yes,190,572,269,622
431,b,0009_top_20250626_t0,0009_top_20250626_t1,426.0,513.0,505.0,573.0,79.0,60.0,204,355,272,403,68,48,19.144,144.267,106.513,0.738,9,0.133,Yes,204,355,272,403
432,b,0009_top_20250626_t0,0009_top_20250626_t1,414.0,433.0,494.0,496.0,80.0,63.0,199,425,273,479,74,54,21.708,148.718,116.73,0.785,9,0.146,Yes,199,425,273,479
442,d,0009_top_20250704_t0,0009_top_20250704_t1,14.0,327.0,52.0,443.0,38.0,116.0,77,272,113,398,36,126,11.011,87.92,92.59,1.053,9,0.125,Yes,77,272,113,398
443,d,0009_top_20250704_t0,0009_top_20250704_t1,76.0,332.0,108.0,438.0,32.0,106.0,138,279,171,388,33,109,9.301,80.455,81.492,1.013,9,0.116,Yes,138,279,171,388
445,c,0009_top_20250705_t0,0009_top_20250705_t1,156.0,67.0,181.0,129.0,25.0,62.0,385,275,428,307,43,32,12.104,97.837,106.668,1.09,9,0.124,Yes,385,275,428,307
446,c,0009_top_20250705_t0,0009_top_20250705_t1,375.0,143.0,412.0,207.0,37.0,64.0,180,605,220,640,40,35,19.609,123.329,87.201,0.707,9,0.159,Yes,180,605,220,640
447,c,0009_top_20250705_t0,0009_top_20250705_t1,231.0,272.0,262.0,333.0,31.0,61.0,235,298,271,328,36,30,12.981,105.38,91.831,0.871,9,0.123,Yes,235,298,271,328
448,c,0009_top_20250705_t0,0009_top_20250705_t1,76.0,230.0,104.0,291.0,28.0,61.0,354,100,394,131,40,31,16.643,99.035,113.455,1.146,9,0.168,Yes,354,100,394,131
449,c,0009_top_20250705_t0,0009_top_20250705_t1,144.0,354.0,177.0,418.0,33.0,64.0,262,137,300,165,38,28,16.492,108.904,104.019,0.955,9,0.151,Yes,262,137,300,165
450,c,0009_top_20250705_t0,0009_top_20250705_t1,356.0,541.0,389.0,600.0,33.0,59.0,18,349,49,386,31,37,27.115,104.89,90.427,0.862,9,0.259,Yes,18,349,49,386
451,c,0009_top_20250705_t0,0009_top_20250705_t1,344.0,172.0,380.0,234.0,36.0,62.0,182,552,228,596,46,44,28.814,119.097,106.212,0.892,9,0.242,Yes,182,552,228,596
452,c,0009_top_20250705_t0,0009_top_20250705_t1,86.0,415.0,115.0,471.0,29.0,56.0,275,50,306,77,31,27,13.314,94.763,95.776,1.011,9,0.14,Yes,275,50,306,77
453,c,0009_top_20250705_t0,0009_top_20250705_t1,119.0,483.0,154.0,539.0,35.0,56.0,230,63,264,93,34,30,16.031,104.235,104.35,1.001,9,0.154,Yes,230,63,264,93
454,c,0009_top_20250705_t0,0009_top_20250705_t1,198.0,311.0,232.0,369.0,34.0,58.0,242,233,283,263,41,30,7.5,107.713,104.809,0.973,9,0.07,Yes,242,233,283,263
455,c,0009_top_20250705_t0,0009_top_20250705_t1,330.0,4.0,356.0,55.0,26.0,51.0,300,601,344,639,44,38,18.722,92.655,94.81,1.023,9,0.202,Yes,300,601,344,639
456,c,0009_top_20250705_t0,0009_top_20250705_t1,176.0,331.0,212.0,391.0,36.0,60.0,245,198,285,227,40,29,8.559,112.699,104.202,0.925,9,0.076,Yes,245,198,285,227
457,c,0009_top_20250705_t0,0009_top_20250705_t1,96.0,218.0,128.0,270.0,32.0,52.0,348,161,386,194,38,33,25.005,99.156,107.056,1.08,9,0.252,Yes,348,161,386,194
458,c,0009_top_20250705_t0,0009_top_20250705_t1,105.0,492.0,131.0,550.0,26.0,58.0,238,41,270,70,32,29,14.534,89.14,101.415,1.138,9,0.163,Yes,238,41,270,70
459,c,0009_top_20250705_t0,0009_top_20250705_t1,356.0,457.0,394.0,512.0,38.0,55.0,48,405,88,444,40,39,23.691,113.406,103.005,0.908,9,0.209,Yes,48,405,88,444
460,c,0009_top_20250705_t0,0009_top_20250705_t1,347.0,181.0,372.0,233.0,25.0,52.0,194,510,226,548,32,38,27.951,89.805,82.329,0.917,9,0.311,Yes,194,510,226,548
461,c,0009_top_20250705_t0,0009_top_20250705_t1,356.0,252.0,395.0,311.0,39.0,59.0,131,528,172,572,41,44,34.384,120.88,100.424,0.831,9,0.284,Yes,131,528,172,572
462,c,0009_top_20250705_t0,0009_top_20250705_t1,248.0,540.0,278.0,601.0,30.0,61.0,117,189,152,227,35,38,11.8,100.419,107.168,1.067,9,0.118,Yes,117,189,152,227
463,c,0009_top_20250705_t0,0009_top_20250705_t1,146.0,160.0,182.0,224.0,36.0,64.0,337,222,386,261,49,39,12.42,117.456,128.55,1.094,9,0.106,Yes,337,222,386,261
464,c,0009_top_20250705_t0,0009_top_20250705_t1,340.0,472.0,377.0,537.0,37.0,65.0,53,364,98,400,45,36,19.912,117.686,110.436,0.938,9,0.169,Yes,53,364,98,400
465,c,0009_top_20250705_t0,0009_top_20250705_t1,325.0,198.0,359.0,254.0,34.0,56.0,204,461,243,496,39,35,29.841,109.986,93.408,0.849,9,0.271,Yes,204,461,243,496
466,c,0009_top_20250705_t0,0009_top_20250705_t1,397.0,524.0,424.0,577.0,27.0,53.0,0,426,29,469,29,43,17.678,89.872,88.73,0.987,9,0.197,Yes,0,426,29,469
467,c,0009_top_20250705_t0,0009_top_20250705_t1,163.0,448.0,186.0,499.0,23.0,51.0,223,129,256,151,33,22,11.853,81.345,87.801,1.079,9,0.146,Yes,223,129,256,151
468,c,0009_top_20250705_t0,0009_top_20250705_t1,339.0,266.0,375.0,327.0,36.0,61.0,141,486,185,528,44,42,29.206,116.276,105.603,0.908,9,0.251,Yes,141,486,185,528
469,c,0009_top_20250705_t0,0009_top_20250705_t1,301.0,306.0,339.0,364.0,38.0,58.0,158,397,202,437,44,40,20.506,116.516,109.809,0.942,9,0.176,Yes,158,397,202,437
470,c,0009_top_20250705_t0,0009_top_20250705_t1,130.0,190.0,161.0,249.0,31.0,59.0,339,220,384,254,45,34,30.696,103.247,117.29,1.136,9,0.297,Yes,339,220,384,254
471,c,0009_top_20250705_t0,0009_top_20250705_t1,320.0,285.0,359.0,347.0,39.0,62.0,151,439,192,477,41,38,22.727,122.147,99.81,0.817,9,0.186,Yes,151,439,192,477
472,c,0009_top_20250705_t0,0009_top_20250705_t1,288.0,33.0,325.0,94.0,37.0,61.0,304,547,351,590,47,43,27.541,121.264,105.891,0.873,9,0.227,Yes,304,547,351,590
473,c,0009_top_20250705_t0,0009_top_20250705_t1,286.0,322.0,320.0,382.0,34.0,60.0,166,357,207,392,41,35,17.671,110.535,102.005,0.923,9,0.16,Yes,166,357,207,392
474,c,0009_top_20250705_t0,0009_top_20250705_t1,157.0,445.0,190.0,501.0,33.0,56.0,222,121,255,152,33,31,12.51,101.316,100.005,0.987,9,0.123,Yes,222,121,255,152
475,c,0009_top_20250705_t0,0009_top_20250705_t1,391.0,421.0,426.0,482.0,35.0,61.0,38,446,81,489,43,43,26.627,112.045,108.6,0.969,9,0.238,Yes,38,446,81,489
476,c,0009_top_20250705_t0,0009_top_20250705_t1,150.0,362.0,174.0,416.0,24.0,54.0,259,171,296,195,37,24,25.348,85.633,95.0,1.109,9,0.296,Yes,259,171,296,195
477,c,0009_top_20250705_t0,0009_top_20250705_t1,99.0,220.0,121.0,270.0,22.0,50.0,356,134,390,164,34,30,12.659,79.981,97.745,1.222,9,0.158,Yes,356,134,390,164
478,c,0009_top_20250705_t0,0009_top_20250705_t1,260.0,61.0,284.0,112.0,24.0,51.0,324,456,362,492,38,36,11.673,88.391,90.907,1.028,9,0.132,Yes,324,456,362,492
479,c,0009_top_20250705_t0,0009_top_20250705_t1,244.0,81.0,270.0,135.0,26.0,54.0,323,414,368,453,45,39,4.61,93.338,107.299,1.15,9,0.049,Yes,323,414,368,453
480,c,0009_top_20250705_t0,0009_top_20250705_t1,323.0,494.0,354.0,552.0,31.0,58.0,63,322,110,361,47,39,17.007,100.499,119.62,1.19,9,0.169,Yes,63,322,110,361
481,c,0009_top_20250705_t0,0009_top_20250705_t1,173.0,427.0,208.0,485.0,35.0,58.0,216,152,251,181,35,29,8.5,107.713,98.858,0.918,9,0.079,Yes,216,152,251,181
482,c,0009_top_20250705_t0,0009_top_20250705_t1,277.0,48.0,304.0,101.0,27.0,53.0,316,499,355,538,39,39,15.532,95.483,93.606,0.98,9,0.163,Yes,316,499,355,538
483,c,0009_top_20250705_t0,0009_top_20250705_t1,192.0,412.0,227.0,470.0,35.0,58.0,208,176,236,209,28,33,14.16,107.713,89.196,0.828,9,0.131,Yes,208,176,236,209
484,c,0009_top_20250705_t0,0009_top_20250705_t1,377.0,542.0,405.0,596.0,28.0,54.0,0,384,39,422,39,38,24.52,92.022,102.201,1.111,9,0.266,Yes,0,384,39,422
485,c,0009_top_20250705_t0,0009_top_20250705_t1,272.0,342.0,299.0,399.0,27.0,57.0,174,318,215,353,41,35,13.153,94.048,104.809,1.114,9,0.14,Yes,174,318,215,353
486,c,0009_top_20250705_t0,0009_top_20250705_t1,136.0,463.0,172.0,518.0,36.0,55.0,228,94,263,124,35,30,13.0,106.527,103.711,0.974,9,0.122,Yes,228,94,263,124
487,c,0009_top_20250705_t0,0009_top_20250705_t1,375.0,436.0,411.0,492.0,36.0,56.0,19,484,63,530,44,46,69.464,109.636,110.802,1.011,9,0.634,No,19,484,63,530
529,b,0009_top_20250707_t0,0009_top_20250707_t1,80.0,395.0,166.0,471.0,86.0,76.0,69,431,149,495,80,64,6.021,158.824,161.245,1.015,6,0.038,Yes,69,431,149,495
530,b,0009_top_20250707_t0,0009_top_20250707_t1,150.0,128.0,236.0,198.0,86.0,70.0,115,179,193,241,78,62,17.335,155.708,157.28,1.01,6,0.111,Yes,115,179,193,241
531,b,0009_top_20250707_t0,0009_top_20250707_t1,94.0,323.0,176.0,399.0,82.0,76.0,76,364,153,430,77,66,3.808,154.052,157.436,1.022,6,0.025,Yes,76,364,153,430
532,b,0009_top_20250707_t0,0009_top_20250707_t1,234.0,153.0,315.0,227.0,81.0,74.0,193,186,269,252,76,66,14.151,147.492,154.871,1.05,6,0.096,Yes,193,186,269,252
533,b,0009_top_20250707_t0,0009_top_20250707_t1,411.0,232.0,489.0,308.0,78.0,76.0,357,217,431,282,74,65,2.55,135.152,148.189,1.096,6,0.019,Yes,357,217,431,282
534,b,0009_top_20250707_t0,0009_top_20250707_t1,328.0,199.0,406.0,268.0,78.0,69.0,278,202,350,266,72,64,7.28,136.191,146.492,1.076,6,0.053,Yes,278,202,350,266
535,b,0009_top_20250707_t0,0009_top_20250707_t1,135.0,492.0,219.0,565.0,84.0,73.0,125,502,202,574,77,72,9.434,150.722,160.378,1.064,6,0.063,Yes,125,502,202,574
536,b,0009_top_20250707_t0,0009_top_20250707_t1,523.0,223.0,601.0,292.0,78.0,69.0,459,184,526,246,67,62,8.86,127.264,134.529,1.057,6,0.07,Yes,459,184,526,246
537,b,0009_top_20250707_t0,0009_top_20250707_t1,329.0,448.0,367.0,576.0,38.0,128.0,297,434,335,543,38,109,8.201,123.976,128.845,1.039,6,0.066,Yes,297,434,335,543
538,b,0009_top_20250707_t0,0009_top_20250707_t1,558.0,428.0,594.0,548.0,36.0,120.0,502,366,544,473,42,107,26.173,111.772,129.835,1.162,6,0.234,Yes,502,366,544,473
539,b,0009_top_20250707_t0,0009_top_20250707_t1,368.0,448.0,407.0,572.0,39.0,124.0,331,425,373,541,42,116,8.062,121.495,138.683,1.141,6,0.066,Yes,331,425,373,541
540,b,0009_top_20250707_t0,0009_top_20250707_t1,445.0,430.0,489.0,560.0,44.0,130.0,398,396,445,514,47,118,10.012,128.222,146.103,1.139,6,0.078,Yes,398,396,445,514
541,b,0009_top_20250707_t0,0009_top_20250707_t1,290.0,444.0,328.0,573.0,38.0,129.0,260,436,299,548,39,112,7.211,126.194,133.225,1.056,6,0.057,Yes,260,436,299,548
542,b,0009_top_20250707_t0,0009_top_20250707_t1,405.0,434.0,445.0,562.0,40.0,128.0,364,415,406,522,42,107,9.014,124.535,132.008,1.06,6,0.072,Yes,364,415,406,522
543,b,0009_top_20250709_t0,0009_top_20250709_t1,446.0,0.0,500.0,116.0,54.0,116.0,463,85,497,216,34,131,2.062,82.976,72.471,0.873,7,0.025,Yes,463,85,497,216
544,b,0009_top_20250709_t0,0009_top_20250709_t1,268.0,108.0,304.0,233.0,36.0,125.0,283,100,311,209,28,109,5.701,69.836,60.374,0.865,7,0.082,Yes,283,100,311,209
545,b,0009_top_20250709_t0,0009_top_20250709_t1,311.0,78.0,346.0,213.0,35.0,135.0,323,95,352,217,29,122,6.5,74.706,66.212,0.886,7,0.087,Yes,323,95,352,217
546,b,0009_top_20250709_t0,0009_top_20250709_t1,514.0,0.0,557.0,104.0,43.0,104.0,512,115,544,230,32,115,6.403,72.346,65.863,0.91,7,0.089,Yes,512,115,544,230
547,b,0009_top_20250709_t0,0009_top_20250709_t1,135.0,139.0,171.0,275.0,36.0,136.0,172,61,201,173,29,112,10.308,70.264,61.741,0.879,7,0.147,Yes,172,61,201,173
548,b,0009_top_20250709_t0,0009_top_20250709_t1,177.0,131.0,217.0,265.0,40.0,134.0,209,77,235,190,26,113,8.5,72.007,60.415,0.839,7,0.118,Yes,209,77,235,190
549,b,0009_top_20250709_t0,0009_top_20250709_t1,399.0,31.0,436.0,171.0,37.0,140.0,408,96,441,229,33,133,4.717,80.777,74.243,0.919,7,0.058,Yes,408,96,441,229
550,b,0009_top_20250709_t0,0009_top_20250709_t1,87.0,138.0,121.0,278.0,34.0,140.0,132,38,162,154,30,116,12.619,70.937,62.65,0.883,7,0.178,Yes,132,38,162,154
551,b,0009_top_20250709_t0,0009_top_20250709_t1,356.0,68.0,391.0,192.0,35.0,124.0,365,106,394,220,29,114,3.905,71.344,63.063,0.884,7,0.055,Yes,365,106,394,220
552,b,0009_top_20250709_t0,0009_top_20250709_t1,434.0,471.0,474.0,632.0,40.0,161.0,349,477,386,626,37,149,18.668,70.725,91.236,1.29,7,0.264,Yes,349,477,386,626
553,b,0009_top_20250709_t0,0009_top_20250709_t1,224.0,131.0,262.0,263.0,38.0,132.0,245,100,272,213,27,113,7.616,71.12,60.415,0.849,7,0.107,Yes,245,100,272,213
554,b,0009_top_20250709_t0,0009_top_20250709_t1,388.0,496.0,426.0,639.0,38.0,143.0,310,477,344,611,34,134,22.94,62.129,81.86,1.318,7,0.369,Yes,310,477,344,611
555,b,0009_top_20250709_t0,0009_top_20250709_t1,482.0,454.0,525.0,600.0,43.0,146.0,395,491,433,631,38,140,17.951,68.6,88.119,1.285,7,0.262,Yes,395,491,433,631
559,c,0010_top_20250623_t0,0010_top_20250623_t1,39.0,10.0,133.0,105.0,94.0,95.0,0,1,53,92,53,91,20.67,129.958,80.808,0.622,6,0.159,Yes,0,1,53,92
560,c,0010_top_20250623_t0,0010_top_20250623_t1,49.0,114.0,137.0,209.0,88.0,95.0,0,105,66,228,66,123,4.472,121.511,104.005,0.856,6,0.037,Yes,0,105,66,228
561,c,0010_top_20250623_t0,0010_top_20250623_t1,55.0,216.0,145.0,318.0,90.0,102.0,0,196,83,329,83,133,7.382,123.065,122.919,0.999,6,0.06,Yes,0,196,83,329
562,c,0010_top_20250623_t0,0010_top_20250623_t1,69.0,321.0,147.0,401.0,78.0,80.0,19,310,93,407,74,97,8.0,101.02,102.65,1.016,6,0.079,Yes,19,310,93,407
563,c,0010_top_20250623_t0,0010_top_20250623_t1,87.0,451.0,128.0,638.0,41.0,187.0,55,443,100,624,45,181,6.801,116.765,122.102,1.046,6,0.058,Yes,55,443,100,624
564,c,0010_top_20250623_t0,0010_top_20250623_t1,146.0,445.0,190.0,624.0,44.0,179.0,109,418,161,595,52,177,1.118,118.207,120.83,1.022,6,0.009,Yes,109,418,161,595
567,b,0010_top_20250630_t0,0010_top_20250630_t1,253.0,26.0,316.0,73.0,63.0,47.0,223,33,287,83,64,50,3.808,93.941,97.944,1.043,8,0.041,Yes,223,33,287,83
568,b,0010_top_20250630_t0,0010_top_20250630_t1,408.0,14.0,470.0,63.0,62.0,49.0,379,19,441,73,62,54,2.915,96.607,93.536,0.968,8,0.03,Yes,379,19,441,73
569,b,0010_top_20250630_t0,0010_top_20250630_t1,407.0,120.0,470.0,171.0,63.0,51.0,377,125,441,177,64,52,2.121,98.843,94.826,0.959,8,0.021,Yes,377,125,441,177
570,b,0010_top_20250630_t0,0010_top_20250630_t1,243.0,385.0,310.0,432.0,67.0,47.0,217,391,282,441,65,50,11.011,96.005,98.387,1.025,8,0.115,Yes,217,391,282,441
571,b,0010_top_20250630_t0,0010_top_20250630_t1,244.0,442.0,308.0,486.0,64.0,44.0,216,448,280,492,64,44,12.855,91.181,94.937,1.041,8,0.141,Yes,216,448,280,492
572,b,0010_top_20250630_t0,0010_top_20250630_t1,247.0,320.0,312.0,376.0,65.0,56.0,221,333,284,381,63,48,10.512,97.046,95.708,0.986,8,0.108,Yes,221,333,284,381
573,b,0010_top_20250630_t0,0010_top_20250630_t1,238.0,562.0,317.0,608.0,79.0,46.0,213,563,289,609,76,46,12.176,108.157,109.385,1.011,8,0.113,Yes,213,563,289,609
574,b,0010_top_20250630_t0,0010_top_20250630_t1,243.0,498.0,305.0,541.0,62.0,43.0,217,502,278,549,61,47,14.142,87.664,91.679,1.046,8,0.161,Yes,217,502,278,549
575,b,0010_top_20250630_t0,0010_top_20250630_t1,0.0,279.0,142.0,640.0,142.0,361.0,0,313,103,640,103,327,39.0,319.201,304.067,0.953,8,0.122,Yes,0,313,103,640
576,b,0010_top_20250707_t0,0010_top_20250707_t1,273.0,420.0,301.0,525.0,28.0,105.0,254,400,293,537,39,137,18.742,87.664,112.071,1.278,9,0.214,Yes,254,400,293,537
579,b,0010_top_20250708_t0,0010_top_20250708_t1,354.0,173.0,410.0,383.0,56.0,210.0,317,176,363,335,46,159,30.336,126.115,179.003,1.419,10,0.241,Yes,317,176,363,335
583,c,0011_top_20250623_t0,0011_top_20250623_t1,67.0,332.0,151.0,403.0,84.0,71.0,49,388,131,456,82,68,0.5,106.212,109.809,1.034,6,0.005,Yes,49,388,131,456
584,c,0011_top_20250623_t0,0011_top_20250623_t1,55.0,555.0,152.0,630.0,97.0,75.0,38,600,129,639,91,39,13.124,131.552,113.23,0.861,6,0.1,Yes,38,600,129,639
585,c,0011_top_20250623_t0,0011_top_20250623_t1,72.0,225.0,147.0,309.0,75.0,84.0,51,286,128,368,77,82,1.414,100.424,109.202,1.087,6,0.014,Yes,51,286,128,368
586,c,0011_top_20250623_t0,0011_top_20250623_t1,51.0,449.0,161.0,521.0,110.0,72.0,34,496,140,569,106,73,2.55,136.499,139.463,1.022,6,0.019,Yes,34,496,140,569
587,c,0011_top_20250623_t0,0011_top_20250623_t1,376.0,19.0,429.0,248.0,53.0,229.0,334,108,385,323,51,215,4.61,94.626,97.082,1.026,6,0.049,Yes,334,108,385,323
588,c,0011_top_20250623_t0,0011_top_20250623_t1,363.0,340.0,415.0,538.0,52.0,198.0,321,407,374,591,53,184,3.0,93.744,93.744,1.0,6,0.032,Yes,321,407,374,591
589,b,0011_top_20250626_t0,0011_top_20250626_t1,284.0,243.0,322.0,382.0,38.0,139.0,436,439,486,538,50,99,16.568,99.905,115.313,1.154,9,0.166,Yes,436,439,486,538
597,b,0011_top_20250630_t0,0011_top_20250630_t1,382.0,419.0,447.0,471.0,65.0,52.0,374,361,436,410,62,49,2.55,90.338,92.59,1.025,8,0.028,Yes,374,361,436,410
598,b,0011_top_20250630_t0,0011_top_20250630_t1,379.0,296.0,446.0,352.0,67.0,56.0,374,240,438,293,64,53,2.5,93.022,94.414,1.015,8,0.027,Yes,374,240,438,293
599,b,0011_top_20250630_t0,0011_top_20250630_t1,211.0,327.0,279.0,376.0,68.0,49.0,210,259,277,304,67,45,1.5,91.788,91.706,0.999,8,0.016,Yes,210,259,277,304
600,b,0011_top_20250630_t0,0011_top_20250630_t1,380.0,66.0,438.0,119.0,58.0,53.0,381,17,438,70,57,53,0.5,78.715,82.492,1.048,8,0.006,Yes,381,17,438,70
603,d,0011_top_20250708_t0,0011_top_20250708_t1,141.0,306.0,181.0,415.0,40.0,109.0,55,344,98,452,43,108,1.803,73.817,75.802,1.027,9,0.024,Yes,55,344,98,452
604,d,0011_top_20250708_t0,0011_top_20250708_t1,177.0,28.0,213.0,156.0,36.0,128.0,90,76,132,207,42,131,21.783,68.6,90.554,1.32,9,0.318,Yes,90,76,132,207
605,d,0011_top_20250708_t0,0011_top_20250708_t1,523.0,299.0,567.0,432.0,44.0,133.0,443,297,487,429,44,132,24.187,86.833,93.231,1.074,9,0.279,Yes,443,297,487,429
606,d,0011_top_20250708_t0,0011_top_20250708_t1,71.0,284.0,112.0,423.0,41.0,139.0,0,331,26,468,26,137,10.308,89.889,81.933,0.911,9,0.115,Yes,0,331,26,468
607,c,0011_top_20250711_t0,0011_top_20250711_t1,380.0,147.0,426.0,287.0,46.0,140.0,380,147,426,287,46,140,7.81,101.828,107.075,1.052,8,0.077,Yes,380,147,426,287
608,c,0011_top_20250711_t0,0011_top_20250711_t1,486.0,205.0,531.0,332.0,45.0,127.0,486,205,531,332,45,127,2.236,96.83,94.34,0.974,8,0.023,Yes,486,205,531,332
609,c,0011_top_20250711_t0,0011_top_20250711_t1,90.0,279.0,145.0,470.0,55.0,191.0,90,279,145,470,55,191,6.185,116.103,125.176,1.078,8,0.053,Yes,90,279,145,470
610,c,0011_top_20250711_t0,0011_top_20250711_t1,330.0,142.0,375.0,272.0,45.0,130.0,330,142,375,272,45,130,7.382,94.493,103.407,1.094,8,0.078,Yes,330,142,375,272
611,c,0011_top_20250711_t0,0011_top_20250711_t1,1.0,348.0,51.0,514.0,50.0,166.0,1,348,51,514,50,166,9.862,99.035,105.759,1.068,8,0.1,Yes,1,348,51,514
612,c,0011_top_20250711_t0,0011_top_20250711_t1,43.0,294.0,92.0,424.0,49.0,130.0,43,294,92,424,49,130,10.062,87.0,95.016,1.092,8,0.116,Yes,43,294,92,424
613,b,0012_top_20250630_t0,0012_top_20250630_t1,227.0,336.0,295.0,383.0,68.0,47.0,205,310,277,359,72,49,6.519,95.273,99.925,1.049,8,0.068,Yes,205,310,277,359
614,b,0012_top_20250630_t0,0012_top_20250630_t1,221.0,268.0,288.0,310.0,67.0,42.0,200,238,271,280,71,42,4.123,93.92,96.462,1.027,8,0.044,Yes,200,238,271,280
615,b,0012_top_20250630_t0,0012_top_20250630_t1,223.0,71.0,289.0,120.0,66.0,49.0,210,35,277,81,67,46,6.946,98.899,93.048,0.941,8,0.07,Yes,210,35,277,81
616,b,0012_top_20250630_t0,0012_top_20250630_t1,221.0,134.0,287.0,185.0,66.0,51.0,205,93,274,146,69,53,3.64,97.576,96.933,0.993,8,0.037,Yes,205,93,274,146
617,b,0012_top_20250630_t0,0012_top_20250630_t1,226.0,196.0,293.0,246.0,67.0,50.0,207,162,278,212,71,50,3.808,96.773,98.433,1.017,8,0.039,Yes,207,162,278,212
618,b,0012_top_20250630_t0,0012_top_20250630_t1,388.0,334.0,464.0,388.0,76.0,54.0,376,320,458,382,82,62,3.606,95.462,96.151,1.007,8,0.038,Yes,376,320,458,382
619,b,0012_top_20250630_t0,0012_top_20250630_t1,0.0,0.0,89.0,174.0,89.0,174.0,0,0,71,107,71,107,25.87,213.565,150.602,0.705,8,0.121,Yes,0,0,71,107
620,b,0012_top_20250630_t0,0012_top_20250630_t1,389.0,471.0,427.0,523.0,38.0,52.0,375,474,413,522,38,48,8.016,56.4,52.631,0.933,8,0.142,Yes,375,474,413,522
621,b,0012_top_20250630_t0,0012_top_20250630_t1,401.0,608.0,463.0,640.0,62.0,32.0,385,616,449,640,64,24,12.349,73.682,69.289,0.94,8,0.168,Yes,385,616,449,640
623,d,0012_top_20250703_t0,0012_top_20250703_t1,355.0,475.0,415.0,531.0,60.0,56.0,298,408,353,459,55,51,3.202,71.868,76.942,1.071,7,0.045,Yes,298,408,353,459
624,d,0012_top_20250703_t0,0012_top_20250703_t1,233.0,267.0,266.0,375.0,33.0,108.0,192,248,223,337,31,89,6.519,79.076,79.404,1.004,7,0.082,Yes,192,248,223,337
625,d,0012_top_20250703_t0,0012_top_20250703_t1,492.0,409.0,565.0,469.0,73.0,60.0,411,338,475,396,64,58,2.0,84.22,87.71,1.041,7,0.024,Yes,411,338,475,396
626,d,0012_top_20250703_t0,0012_top_20250703_t1,347.0,601.0,413.0,639.0,66.0,38.0,293,508,358,562,65,54,7.28,70.774,85.866,1.213,7,0.103,Yes,293,508,358,562
627,d,0012_top_20250703_t0,0012_top_20250703_t1,485.0,285.0,568.0,334.0,83.0,49.0,405,235,470,289,65,54,2.062,93.52,89.894,0.961,7,0.022,Yes,405,235,470,289
629,d,0012_top_20250704_t0,0012_top_20250704_t1,195.0,265.0,253.0,313.0,58.0,48.0,230,4,311,75,81,71,5.831,82.735,96.566,1.167,6,0.07,Yes,230,4,311,75
630,c,0012_top_20250708_t0,0012_top_20250708_t1,383.0,437.0,420.0,558.0,37.0,121.0,348,386,387,519,39,133,23.195,105.688,125.801,1.19,7,0.219,Yes,348,386,387,519
631,c,0012_top_20250708_t0,0012_top_20250708_t1,346.0,431.0,382.0,555.0,36.0,124.0,309,385,349,520,40,135,14.08,110.136,122.642,1.114,7,0.128,Yes,309,385,349,520
632,c,0012_top_20250708_t0,0012_top_20250708_t1,351.0,192.0,377.0,278.0,26.0,86.0,305,147,332,233,27,86,4.243,77.104,75.452,0.979,7,0.055,Yes,305,147,332,233
633,c,0012_top_20250708_t0,0012_top_20250708_t1,307.0,425.0,342.0,546.0,35.0,121.0,270,385,306,512,36,127,12.104,110.136,108.167,0.982,7,0.11,Yes,270,385,306,512
634,c,0012_top_20250708_t0,0012_top_20250708_t1,232.0,412.0,270.0,544.0,38.0,132.0,190,382,231,521,41,139,23.717,125.642,108.757,0.866,7,0.189,Yes,190,382,231,521
635,c,0012_top_20250708_t0,0012_top_20250708_t1,321.0,184.0,347.0,269.0,26.0,85.0,275,141,301,226,26,85,3.808,77.666,70.725,0.911,7,0.049,Yes,275,141,301,226
636,c,0012_top_20250708_t0,0012_top_20250708_t1,254.0,153.0,284.0,266.0,30.0,113.0,204,119,235,235,31,116,15.042,102.626,85.586,0.834,7,0.147,Yes,204,119,235,235
637,c,0012_top_20250708_t0,0012_top_20250708_t1,270.0,416.0,307.0,553.0,37.0,137.0,230,381,269,522,39,141,16.125,124.868,113.208,0.907,7,0.129,Yes,230,381,269,522
638,c,0012_top_20250708_t0,0012_top_20250708_t1,184.0,145.0,215.0,259.0,31.0,114.0,56,121,98,243,42,122,28.504,109.554,83.355,0.761,7,0.26,Yes,56,121,98,243
639,c,0012_top_20250708_t0,0012_top_20250708_t1,287.0,170.0,316.0,277.0,29.0,107.0,240,129,269,239,29,110,8.016,96.255,83.355,0.866,7,0.083,Yes,240,129,269,239
640,c,0012_top_20250708_t0,0012_top_20250708_t1,215.0,141.0,249.0,262.0,34.0,121.0,130,121,165,241,35,120,17.678,114.547,84.599,0.739,7,0.154,Yes,130,121,165,241
654,b,0012_top_20250709_t0,0012_top_20250709_t1,417.0,410.0,523.0,495.0,106.0,85.0,457,467,639,605,182,138,5.852,112.361,121.235,1.079,6,0.052,Yes,457,467,639,605
655,b,0012_top_20250709_t0,0012_top_20250709_t1,418.0,237.0,522.0,329.0,104.0,92.0,426,256,564,360,138,104,21.506,122.413,127.581,1.042,6,0.176,Yes,426,256,564,360
656,b,0012_top_20250709_t0,0012_top_20250709_t1,416.0,141.0,521.0,231.0,105.0,90.0,410,170,543,267,133,97,28.853,129.035,143.22,1.11,6,0.224,Yes,410,170,543,267
657,b,0012_top_20250709_t0,0012_top_20250709_t1,154.0,380.0,213.0,553.0,59.0,173.0,0,534,108,640,108,106,21.645,117.004,77.897,0.666,6,0.185,Yes,0,534,108,640
664,b,0013_top_20250630_t0,0013_top_20250630_t1,202.0,531.0,258.0,593.0,56.0,62.0,201,73,271,139,70,66,28.935,69.656,120.934,1.736,8,0.415,No,201,73,271,139
676,d,0013_top_20250704_t0,0013_top_20250704_t1,496.0,1.0,560.0,52.0,64.0,51.0,507,216,580,266,73,50,6.576,75.664,80.957,1.07,11,0.087,Yes,507,216,580,266
677,d,0013_top_20250704_t0,0013_top_20250704_t1,502.0,128.0,561.0,178.0,59.0,50.0,513,356,589,421,76,65,7.159,68.476,82.765,1.209,11,0.105,Yes,513,356,589,421
678,d,0013_top_20250704_t0,0013_top_20250704_t1,357.0,330.0,434.0,394.0,77.0,64.0,368,588,440,639,72,51,1.118,77.369,66.31,0.857,11,0.014,Yes,368,588,440,639
679,d,0013_top_20250704_t0,0013_top_20250704_t1,209.0,136.0,254.0,273.0,45.0,137.0,211,363,255,519,44,156,5.148,84.22,87.321,1.037,11,0.061,Yes,211,363,255,519
680,d,0013_top_20250708_t0,0013_top_20250708_t1,132.0,284.0,171.0,406.0,39.0,122.0,570,415,610,543,40,128,4.61,89.045,89.588,1.006,13,0.052,Yes,570,415,610,543
681,d,0013_top_20250708_t0,0013_top_20250708_t1,582.0,289.0,619.0,406.0,37.0,117.0,111,488,150,613,39,125,0.707,81.884,82.492,1.007,13,0.009,Yes,111,488,150,613
686,c,0013_top_20250711_t0,0013_top_20250711_t1,273.0,361.0,322.0,474.0,49.0,113.0,273,361,322,474,49,113,21.966,137.877,120.283,0.872,7,0.159,Yes,273,361,322,474
687,c,0013_top_20250711_t0,0013_top_20250711_t1,229.0,364.0,274.0,481.0,45.0,117.0,229,364,274,481,45,117,20.718,138.13,118.343,0.857,7,0.15,Yes,229,364,274,481
688,c,0013_top_20250711_t0,0013_top_20250711_t1,190.0,385.0,238.0,491.0,48.0,106.0,190,385,238,491,48,106,16.621,129.808,113.864,0.877,7,0.128,Yes,190,385,238,491
695,d,0014_top_20250704_t0,0014_top_20250704_t1,360.0,454.0,436.0,519.0,76.0,65.0,357,183,430,239,73,56,2.55,73.43,75.591,1.029,8,0.035,Yes,357,183,430,239
696,d,0014_top_20250704_t0,0014_top_20250704_t1,508.0,238.0,576.0,297.0,68.0,59.0,495,0,542,47,47,47,6.708,68.096,59.641,0.876,8,0.099,Yes,495,0,542,47
697,d,0014_top_20250704_t0,0014_top_20250704_t1,208.0,243.0,253.0,387.0,45.0,144.0,219,6,260,129,41,123,9.513,94.578,88.323,0.934,8,0.101,Yes,219,6,260,129
698,c,0014_top_20250707_t0,0014_top_20250707_t1,546.0,68.0,597.0,111.0,51.0,43.0,542,72,589,127,47,55,5.852,102.416,111.732,1.091,7,0.057,Yes,542,72,589,127
699,c,0014_top_20250707_t0,0014_top_20250707_t1,503.0,260.0,556.0,314.0,53.0,54.0,480,251,533,326,53,75,6.185,109.481,130.832,1.195,7,0.056,Yes,480,251,533,326
700,c,0014_top_20250707_t0,0014_top_20250707_t1,391.0,204.0,437.0,255.0,46.0,51.0,371,173,416,237,45,64,5.22,105.891,120.216,1.135,7,0.049,Yes,371,173,416,237
701,c,0014_top_20250707_t0,0014_top_20250707_t1,388.0,252.0,436.0,298.0,48.0,46.0,366,226,412,280,46,54,4.301,103.6,112.61,1.087,7,0.042,Yes,366,226,412,280
702,c,0014_top_20250707_t0,0014_top_20250707_t1,337.0,327.0,383.0,379.0,46.0,52.0,307,279,353,347,46,68,5.408,105.262,123.762,1.176,7,0.051,Yes,307,279,353,347
704,b,0014_top_20250708_t0,0014_top_20250708_t1,414.0,105.0,452.0,271.0,38.0,166.0,353,0,410,152,57,152,22.051,119.407,120.254,1.007,7,0.185,Yes,353,0,410,152
705,b,0014_top_20250708_t0,0014_top_20250708_t1,360.0,111.0,398.0,265.0,38.0,154.0,297,9,354,175,57,166,19.455,113.649,128.226,1.128,7,0.171,Yes,297,9,354,175
706,b,0014_top_20250708_t0,0014_top_20250708_t1,259.0,124.0,306.0,293.0,47.0,169.0,197,87,262,251,65,164,18.901,129.139,140.663,1.089,7,0.146,Yes,197,87,262,251
707,b,0014_top_20250708_t0,0014_top_20250708_t1,157.0,104.0,205.0,281.0,48.0,177.0,91,132,156,291,65,159,32.65,135.484,140.357,1.036,7,0.241,Yes,91,132,156,291
708,b,0014_top_20250708_t0,0014_top_20250708_t1,200.0,118.0,249.0,292.0,49.0,174.0,144,115,200,276,56,161,26.315,134.629,132.88,0.987,7,0.195,Yes,144,115,200,276
709,b,0014_top_20250708_t0,0014_top_20250708_t1,613.0,337.0,639.0,418.0,26.0,81.0,590,113,640,195,50,82,11.0,63.285,95.588,1.51,7,0.174,No,590,113,640,195
710,b,0014_top_20250708_t0,0014_top_20250708_t1,621.0,245.0,639.0,333.0,18.0,88.0,588,15,640,90,52,75,21.101,62.241,84.646,1.36,7,0.339,Yes,588,15,640,90
712,b,0014_top_20250709_t0,0014_top_20250709_t1,456.0,1.0,505.0,146.0,49.0,145.0,339,97,374,252,35,155,6.727,78.816,68.447,0.868,6,0.085,Yes,339,97,374,252
713,b,0014_top_20250709_t0,0014_top_20250709_t1,561.0,0.0,614.0,114.0,53.0,114.0,442,153,479,305,37,152,6.185,70.093,64.885,0.926,6,0.088,Yes,442,153,479,305
714,b,0014_top_20250709_t0,0014_top_20250709_t1,207.0,476.0,278.0,590.0,71.0,114.0,0,387,69,521,69,134,6.576,65.054,77.156,1.186,6,0.101,Yes,0,387,69,521
715,b,0014_top_20250709_t0,0014_top_20250709_t1,362.0,26.0,410.0,180.0,48.0,154.0,244,94,280,231,36,137,4.272,80.156,64.498,0.805,6,0.053,Yes,244,94,280,231
721,d,0015_top_20250624_t0,0015_top_20250624_t1,214.0,420.0,308.0,482.0,94.0,62.0,184,122,209,224,25,102,8.732,74.303,89.443,1.204,6,0.118,Yes,184,122,209,224
751,b,0015_top_20250626_t0,0015_top_20250626_t1,191.0,514.0,261.0,566.0,70.0,52.0,191,512,269,568,78,56,0.707,65.742,63.561,0.967,10,0.011,Yes,191,512,269,568
752,b,0015_top_20250626_t0,0015_top_20250626_t1,208.0,580.0,277.0,633.0,69.0,53.0,212,587,287,639,75,52,1.803,65.742,60.539,0.921,10,0.027,Yes,212,587,287,639
753,b,0015_top_20250626_t0,0015_top_20250626_t1,173.0,158.0,251.0,216.0,78.0,58.0,179,106,265,171,86,65,1.581,75.133,73.79,0.982,10,0.021,Yes,179,106,265,171
754,b,0015_top_20250626_t0,0015_top_20250626_t1,269.0,281.0,302.0,409.0,33.0,128.0,282,252,318,393,36,141,0.0,69.642,65.863,0.946,10,0.0,Yes,282,252,318,393
755,b,0015_top_20250626_t0,0015_top_20250626_t1,177.0,452.0,255.0,505.0,78.0,53.0,177,438,264,498,87,60,0.5,72.498,70.774,0.976,10,0.007,Yes,177,438,264,498
756,b,0015_top_20250626_t0,0015_top_20250626_t1,383.0,78.0,444.0,124.0,61.0,46.0,415,18,487,77,72,59,0.5,58.592,60.415,1.031,10,0.009,Yes,415,18,487,77
757,b,0015_top_20250626_t0,0015_top_20250626_t1,379.0,144.0,453.0,187.0,74.0,43.0,411,90,495,147,84,57,1.581,67.624,67.119,0.993,10,0.023,Yes,411,90,495,147
758,b,0015_top_20250626_t0,0015_top_20250626_t1,172.0,92.0,234.0,148.0,62.0,56.0,176,30,245,92,69,62,1.0,62.769,61.774,0.984,10,0.016,Yes,176,30,245,92
759,b,0015_top_20250626_t0,0015_top_20250626_t1,182.0,380.0,261.0,432.0,79.0,52.0,186,358,271,414,85,56,1.118,72.498,69.462,0.958,10,0.015,Yes,186,358,271,414
760,b,0015_top_20250626_t0,0015_top_20250626_t1,274.0,426.0,307.0,544.0,33.0,118.0,285,417,323,545,38,128,0.5,64.351,60.465,0.94,10,0.008,Yes,285,417,323,545
761,b,0015_top_20250626_t0,0015_top_20250626_t1,184.0,225.0,261.0,284.0,77.0,59.0,190,182,275,246,85,64,1.803,75.133,71.554,0.952,10,0.024,Yes,190,182,275,246
762,b,0015_top_20250626_t0,0015_top_20250626_t1,164.0,13.0,240.0,77.0,76.0,64.0,160,0,255,15,95,15,12.349,77.026,71.589,0.929,10,0.16,Yes,160,0,255,15
763,b,0015_top_20250626_t0,0015_top_20250626_t1,196.0,310.0,255.0,356.0,59.0,46.0,201,277,269,329,68,52,1.581,56.356,56.798,1.008,10,0.028,Yes,201,277,269,329
765,c,0015_top_20250707_t0,0015_top_20250707_t1,314.0,251.0,393.0,320.0,79.0,69.0,265,229,351,306,86,77,6.021,103.465,100.21,0.969,9,0.058,Yes,265,229,351,306
766,c,0015_top_20250707_t0,0015_top_20250707_t1,313.0,323.0,393.0,394.0,80.0,71.0,259,313,346,394,87,81,1.581,104.01,102.801,0.988,9,0.015,Yes,259,313,346,394
767,c,0015_top_20250707_t0,0015_top_20250707_t1,543.0,3.0,619.0,70.0,76.0,67.0,541,5,626,56,85,51,26.0,103.812,85.586,0.824,9,0.25,Yes,541,5,626,56
768,c,0015_top_20250707_t0,0015_top_20250707_t1,237.0,467.0,315.0,545.0,78.0,78.0,163,468,247,552,84,84,19.039,100.955,103.856,1.029,9,0.189,Yes,163,468,247,552
769,c,0015_top_20250707_t0,0015_top_20250707_t1,497.0,319.0,585.0,393.0,88.0,74.0,465,340,563,420,98,80,0.5,106.78,108.227,1.014,9,0.005,Yes,465,340,563,420
770,b,0015_top_20250709_t0,0015_top_20250709_t1,239.0,202.0,354.0,350.0,115.0,148.0,61,203,163,339,102,136,10.595,202.312,178.832,0.884,9,0.052,Yes,61,203,163,339
771,b,0015_top_20250709_t0,0015_top_20250709_t1,33.0,329.0,205.0,481.0,172.0,152.0,0,378,70,547,70,169,36.912,190.066,113.23,0.596,9,0.194,Yes,0,378,70,547
772,b,0015_top_20250709_t0,0015_top_20250709_t1,515.0,247.0,640.0,350.0,125.0,103.0,300,124,421,199,121,75,31.536,153.942,178.393,1.159,9,0.205,Yes,300,124,421,199
773,b,0015_top_20250709_t0,0015_top_20250709_t1,374.0,77.0,426.0,194.0,52.0,117.0,137,84,200,171,63,87,11.402,217.313,191.888,0.883,9,0.052,Yes,137,84,200,171
774,b,0015_top_20250709_t0,0015_top_20250709_t1,445.0,549.0,630.0,640.0,185.0,91.0,330,301,499,417,169,116,24.52,110.535,149.215,1.35,9,0.222,Yes,330,301,499,417
775,b,0015_top_20250709_t0,0015_top_20250709_t1,485.0,316.0,639.0,435.0,154.0,119.0,319,221,470,303,151,82,58.6,154.457,154.768,1.002,9,0.379,Yes,319,221,470,303
778,b,0015_top_20250711_t0,0015_top_20250711_t1,149.0,81.0,235.0,396.0,86.0,315.0,149,81,235,396,86,315,0.5,131.229,132.401,1.009,10,0.004,Yes,149,81,235,396
779,b,0015_top_20250711_t0,0015_top_20250711_t1,584.0,0.0,639.0,139.0,55.0,139.0,584,0,639,139,55,139,5.523,77.078,82.735,1.073,10,0.072,Yes,584,0,639,139
780,b,0016_top_20250626_t0,0016_top_20250626_t1,378.0,189.0,454.0,245.0,76.0,56.0,387,253,473,315,86,62,4.61,67.119,65.924,0.982,7,0.069,Yes,387,253,473,315
781,b,0016_top_20250626_t0,0016_top_20250626_t1,164.0,22.0,241.0,83.0,77.0,61.0,146,58,234,128,88,70,4.743,68.425,68.029,0.994,7,0.069,Yes,146,58,234,128
782,b,0016_top_20250626_t0,0016_top_20250626_t1,161.0,97.0,245.0,157.0,84.0,60.0,143,143,236,210,93,67,2.062,72.498,70.774,0.976,7,0.028,Yes,143,143,236,210
783,b,0016_top_20250626_t0,0016_top_20250626_t1,182.0,425.0,258.0,478.0,76.0,53.0,162,518,246,571,84,53,7.159,61.847,62.626,1.013,7,0.116,Yes,162,518,246,571
784,b,0016_top_20250626_t0,0016_top_20250626_t1,357.0,13.0,390.0,142.0,33.0,129.0,367,50,401,192,34,142,7.211,68.942,62.65,0.909,7,0.105,Yes,367,50,401,192
785,b,0016_top_20250626_t0,0016_top_20250626_t1,269.0,147.0,302.0,268.0,33.0,121.0,264,197,301,337,37,140,1.118,63.506,61.27,0.965,7,0.018,Yes,264,197,301,337
786,b,0016_top_20250626_t0,0016_top_20250626_t1,188.0,352.0,247.0,408.0,59.0,56.0,168,436,235,490,67,54,6.185,51.478,51.894,1.008,7,0.12,Yes,168,436,235,490
787,b,0016_top_20250626_t0,0016_top_20250626_t1,394.0,392.0,461.0,445.0,67.0,53.0,407,485,480,545,73,60,3.808,58.6,57.271,0.977,7,0.065,Yes,407,485,480,545
788,b,0016_top_20250626_t0,0016_top_20250626_t1,402.0,324.0,462.0,372.0,60.0,48.0,412,409,485,463,73,54,4.301,52.326,56.462,1.079,7,0.082,Yes,412,409,485,463
789,b,0016_top_20250626_t0,0016_top_20250626_t1,382.0,454.0,466.0,510.0,84.0,56.0,397,557,489,617,92,60,6.083,70.007,69.289,0.99,7,0.087,Yes,397,557,489,617
790,b,0016_top_20250626_t0,0016_top_20250626_t1,180.0,279.0,263.0,335.0,83.0,56.0,163,351,254,412,91,61,4.031,69.462,68.352,0.984,7,0.058,Yes,163,351,254,412
791,b,0016_top_20250626_t0,0016_top_20250626_t1,373.0,258.0,455.0,310.0,82.0,52.0,384,331,473,384,89,53,3.162,70.007,66.731,0.953,7,0.045,Yes,384,331,473,384
810,d,0016_top_20250704_t0,0016_top_20250704_t1,344.0,135.0,462.0,217.0,118.0,82.0,336,177,490,284,154,107,5.025,79.605,83.259,1.046,9,0.063,Yes,336,177,490,284
811,d,0016_top_20250704_t0,0016_top_20250704_t1,337.0,332.0,452.0,411.0,115.0,79.0,326,433,476,533,150,100,6.5,77.389,76.485,0.988,9,0.084,Yes,326,433,476,533
812,d,0016_top_20250704_t0,0016_top_20250704_t1,341.0,20.0,457.0,104.0,116.0,84.0,339,19,487,132,148,113,5.148,79.649,84.581,1.062,9,0.065,Yes,339,19,487,132
813,c,0017_top_20250623_t0,0017_top_20250623_t1,375.0,145.0,503.0,233.0,128.0,88.0,429,168,534,253,105,85,10.308,107.168,94.763,0.884,7,0.096,Yes,429,168,534,253
814,c,0017_top_20250623_t0,0017_top_20250623_t1,8.0,244.0,94.0,440.0,86.0,196.0,149,348,210,498,61,150,8.746,118.406,113.358,0.957,7,0.074,Yes,149,348,210,498
815,c,0017_top_20250623_t0,0017_top_20250623_t1,197.0,315.0,261.0,522.0,64.0,207.0,301,353,341,522,40,169,8.322,104.484,101.863,0.975,7,0.08,Yes,301,353,341,522
816,c,0017_top_20250623_t0,0017_top_20250623_t1,157.0,103.0,222.0,304.0,65.0,201.0,258,192,302,365,44,173,11.673,116.211,103.276,0.889,7,0.1,Yes,258,192,302,365
818,d,0017_top_20250624_t0,0017_top_20250624_t1,267.0,240.0,366.0,315.0,99.0,75.0,147,105,172,198,25,93,10.308,85.428,81.492,0.954,6,0.121,Yes,147,105,172,198
830,c,0017_top_20250708_t0,0017_top_20250708_t1,336.0,61.0,375.0,195.0,39.0,134.0,328,88,368,216,40,128,28.844,143.544,118.072,0.823,10,0.201,Yes,328,88,368,216
831,c,0018_top_20250703_t0,0018_top_20250703_t1,47.0,488.0,120.0,568.0,73.0,80.0,86,233,162,293,76,60,7.159,71.847,95.901,1.335,7,0.1,Yes,86,233,162,293
832,c,0018_top_20250703_t0,0018_top_20250703_t1,524.0,96.0,617.0,232.0,93.0,136.0,567,245,625,385,58,140,8.846,93.338,108.467,1.162,7,0.095,Yes,567,245,625,385
833,c,0018_top_20250703_t0,0018_top_20250703_t1,344.0,558.0,426.0,639.0,82.0,81.0,317,505,378,639,61,134,14.422,71.028,109.713,1.545,7,0.203,No,317,505,378,639
834,c,0018_top_20250703_t0,0018_top_20250703_t1,32.0,382.0,119.0,456.0,87.0,74.0,99,142,181,204,82,62,4.123,81.988,102.303,1.248,7,0.05,Yes,99,142,181,204
835,c,0018_top_20250703_t0,0018_top_20250703_t1,462.0,291.0,544.0,439.0,82.0,148.0,466,376,526,500,60,124,10.062,90.907,104.062,1.145,7,0.111,Yes,466,376,526,500
836,c,0018_top_20250703_t0,0018_top_20250703_t1,0.0,213.0,78.0,296.0,78.0,83.0,99,0,181,53,82,53,8.559,79.322,99.02,1.248,7,0.108,Yes,99,0,181,53
837,d,0018_top_20250704_t0,0018_top_20250704_t1,287.0,114.0,365.0,172.0,78.0,58.0,332,22,404,77,72,55,6.185,135.104,111.759,0.827,8,0.046,Yes,332,22,404,77
838,d,0018_top_20250704_t0,0018_top_20250704_t1,357.0,386.0,431.0,439.0,74.0,53.0,410,273,484,330,74,57,35.892,133.795,99.086,0.741,8,0.268,Yes,410,273,484,330
841,b,0018_top_20250711_t0,0018_top_20250711_t1,318.0,91.0,393.0,315.0,75.0,224.0,318,91,393,315,75,224,5.59,66.37,73.062,1.101,6,0.084,Yes,318,91,393,315
842,c,0019_top_20250707_t0,0019_top_20250707_t1,297.0,148.0,344.0,297.0,47.0,149.0,291,190,332,323,41,133,16.5,150.712,185.551,1.231,7,0.109,Yes,291,190,332,323
843,c,0019_top_20250707_t0,0019_top_20250707_t1,247.0,139.0,294.0,290.0,47.0,151.0,247,180,287,313,40,133,15.207,151.03,192.263,1.273,7,0.101,Yes,247,180,287,313
844,c,0019_top_20250707_t0,0019_top_20250707_t1,204.0,148.0,241.0,262.0,37.0,114.0,208,188,238,287,30,99,24.839,114.634,145.344,1.268,7,0.217,Yes,208,188,238,287
845,c,0019_top_20250707_t0,0019_top_20250707_t1,159.0,152.0,199.0,261.0,40.0,109.0,169,187,202,285,33,98,33.264,114.477,144.586,1.263,7,0.291,Yes,169,187,202,285
846,b,0019_top_20250711_t0,0019_top_20250711_t1,278.0,88.0,317.0,194.0,39.0,106.0,278,88,317,194,39,106,1.5,64.07,64.9,1.013,9,0.023,Yes,278,88,317,194
847,b,0019_top_20250711_t0,0019_top_20250711_t1,29.0,53.0,64.0,161.0,35.0,108.0,29,53,64,161,35,108,2.915,62.769,64.14,1.022,9,0.046,Yes,29,53,64,161
848,c,0020_top_20250703_t0,0020_top_20250703_t1,279.0,126.0,319.0,239.0,40.0,113.0,305,288,338,407,33,119,7.762,108.812,106.532,0.979,8,0.071,Yes,305,288,338,407
849,c,0020_top_20250703_t0,0020_top_20250703_t1,278.0,257.0,318.0,373.0,40.0,116.0,305,158,337,274,32,116,10.05,106.607,102.083,0.958,8,0.094,Yes,305,158,337,274
850,c,0020_top_20250703_t0,0020_top_20250703_t1,142.0,132.0,182.0,249.0,40.0,117.0,438,282,469,401,31,119,8.276,108.005,106.532,0.986,8,0.077,Yes,438,282,469,401
851,c,0020_top_20250703_t0,0020_top_20250703_t1,39.0,118.0,79.0,239.0,40.0,121.0,542,289,572,406,30,117,5.0,108.812,104.307,0.959,8,0.046,Yes,542,289,572,406
852,c,0020_top_20250703_t0,0020_top_20250703_t1,106.0,118.0,148.0,244.0,42.0,126.0,473,281,505,407,32,126,4.924,114.621,112.361,0.98,8,0.043,Yes,473,281,505,407
853,c,0020_top_20250703_t0,0020_top_20250703_t1,74.0,118.0,115.0,240.0,41.0,122.0,506,284,538,406,32,122,3.5,110.802,109.836,0.991,8,0.032,Yes,506,284,538,406
854,c,0020_top_20250703_t0,0020_top_20250703_t1,175.0,251.0,217.0,370.0,42.0,119.0,406,161,439,275,33,114,7.433,109.202,103.73,0.95,8,0.068,Yes,406,161,439,275
855,c,0020_top_20250703_t0,0020_top_20250703_t1,244.0,253.0,287.0,374.0,43.0,121.0,339,157,373,274,34,117,7.071,111.4,105.119,0.944,8,0.063,Yes,339,157,373,274
856,c,0020_top_20250703_t0,0020_top_20250703_t1,10.0,119.0,46.0,226.0,36.0,107.0,574,312,599,401,25,89,7.018,96.4,82.098,0.852,8,0.073,Yes,574,312,599,401
857,c,0020_top_20250703_t0,0020_top_20250703_t1,204.0,252.0,251.0,374.0,47.0,122.0,372,154,407,276,35,122,10.607,115.256,109.554,0.951,8,0.092,Yes,372,154,407,276
858,c,0020_top_20250703_t0,0020_top_20250703_t1,0.0,124.0,16.0,221.0,16.0,97.0,601,309,626,394,25,85,19.609,73.79,79.63,1.079,8,0.266,Yes,601,309,626,394
861,b,0020_top_20250707_t0,0020_top_20250707_t1,227.0,209.0,283.0,250.0,56.0,41.0,405,84,430,180,25,96,3.536,63.561,62.241,0.979,7,0.056,Yes,405,84,430,180
862,b,0020_top_20250707_t0,0020_top_20250707_t1,218.0,556.0,289.0,603.0,71.0,47.0,210,71,237,180,27,109,7.566,73.055,71.694,0.981,7,0.104,Yes,210,71,237,180
863,b,0020_top_20250707_t0,0020_top_20250707_t1,220.0,484.0,287.0,536.0,67.0,52.0,245,83,271,179,26,96,4.031,71.694,63.977,0.892,7,0.056,Yes,245,83,271,179
864,b,0020_top_20250707_t0,0020_top_20250707_t1,211.0,16.0,273.0,69.0,62.0,53.0,520,62,553,165,33,103,2.0,77.414,68.476,0.885,7,0.026,Yes,520,62,553,165
865,b,0020_top_20250707_t0,0020_top_20250707_t1,394.0,177.0,446.0,224.0,52.0,47.0,414,386,441,477,27,91,5.523,61.294,59.034,0.963,7,0.09,Yes,414,386,441,477
866,b,0020_top_20250707_t0,0020_top_20250707_t1,364.0,11.0,389.0,108.0,25.0,97.0,487,341,548,383,61,42,7.018,68.029,63.159,0.928,7,0.103,Yes,487,341,548,383
867,b,0020_top_20250707_t0,0020_top_20250707_t1,369.0,535.0,400.0,640.0,31.0,105.0,180,331,248,375,68,44,7.211,61.4,74.095,1.207,7,0.117,Yes,180,331,248,375
871,c,0021_top_20250626_t0,0021_top_20250626_t1,392.0,142.0,434.0,305.0,42.0,163.0,200,303,243,469,43,166,6.946,100.419,108.19,1.077,7,0.069,Yes,200,303,243,469
872,c,0022_top_20250626_t0,0022_top_20250626_t1,261.0,4.0,294.0,132.0,33.0,128.0,268,20,302,158,34,138,6.0,102.474,103.446,1.009,7,0.059,Yes,268,20,302,158
873,c,0022_top_20250626_t0,0022_top_20250626_t1,183.0,28.0,215.0,147.0,32.0,119.0,185,39,217,164,32,125,1.581,95.525,94.154,0.986,7,0.017,Yes,185,39,217,164
874,c,0022_top_20250626_t0,0022_top_20250626_t1,379.0,490.0,467.0,558.0,88.0,68.0,388,513,474,574,86,61,4.61,107.782,103.315,0.959,7,0.043,Yes,388,513,474,574
875,c,0022_top_20250626_t0,0022_top_20250626_t1,70.0,24.0,104.0,152.0,34.0,128.0,72,39,109,163,37,124,5.385,101.789,96.835,0.951,7,0.053,Yes,72,39,109,163
876,c,0022_top_20250626_t0,0022_top_20250626_t1,264.0,161.0,294.0,278.0,30.0,117.0,272,182,298,286,26,104,2.5,86.452,73.926,0.855,7,0.029,Yes,272,182,298,286
880,c,0022_top_20250630_t0,0022_top_20250630_t1,285.0,440.0,325.0,488.0,40.0,48.0,290,472,328,521,38,49,19.704,105.0,107.564,1.024,6,0.188,Yes,290,472,328,521
881,c,0022_top_20250630_t0,0022_top_20250630_t1,278.0,327.0,321.0,380.0,43.0,53.0,281,366,323,414,42,48,18.822,116.825,118.343,1.013,6,0.161,Yes,281,366,323,414
882,c,0022_top_20250630_t0,0022_top_20250630_t1,252.0,76.0,276.0,163.0,24.0,87.0,264,133,283,211,19,78,6.5,126.57,127.941,1.011,6,0.051,Yes,264,133,283,211
883,c,0022_top_20250630_t0,0022_top_20250630_t1,279.0,390.0,322.0,433.0,43.0,43.0,284,424,325,463,41,39,16.971,107.075,106.212,0.992,6,0.158,Yes,284,424,325,463
888,b,0022_top_20250711_t0,0022_top_20250711_t1,435.0,509.0,575.0,555.0,140.0,46.0,435,509,575,555,140,46,12.54,81.271,96.385,1.186,8,0.154,Yes,435,509,575,555
889,b,0022_top_20250711_t0,0022_top_20250711_t1,463.0,197.0,606.0,247.0,143.0,50.0,463,197,606,247,143,50,3.162,84.758,104.403,1.232,8,0.037,Yes,463,197,606,247
890,b,0022_top_20250711_t0,0022_top_20250711_t1,445.0,502.0,598.0,552.0,153.0,50.0,445,502,598,552,153,50,16.0,89.493,107.541,1.202,8,0.179,Yes,445,502,598,552
891,b,0022_top_20250711_t0,0022_top_20250711_t1,428.0,271.0,576.0,315.0,148.0,44.0,428,271,576,315,148,44,4.031,86.683,100.305,1.157,8,0.047,Yes,428,271,576,315
897,b,0023_top_20250711_t0,0023_top_20250711_t1,206.0,58.0,307.0,109.0,101.0,51.0,206,58,307,109,101,51,2.121,90.802,94.81,1.044,9,0.023,Yes,206,58,307,109
898,b,0023_top_20250711_t0,0023_top_20250711_t1,446.0,0.0,605.0,68.0,159.0,68.0,446,0,605,68,159,68,16.978,174.244,139.205,0.799,9,0.097,Yes,446,0,605,68
899,b,0023_top_20250711_t0,0023_top_20250711_t1,47.0,131.0,196.0,199.0,149.0,68.0,47,131,196,199,149,68,21.541,115.879,137.084,1.183,9,0.186,Yes,47,131,196,199
900,b,0023_top_20250711_t0,0023_top_20250711_t1,426.0,159.0,589.0,223.0,163.0,64.0,426,159,589,223,163,64,7.382,147.054,135.385,0.921,9,0.05,Yes,426,159,589,223
901,b,0023_top_20250711_t0,0023_top_20250711_t1,416.0,256.0,593.0,317.0,177.0,61.0,416,256,593,317,177,61,3.041,146.014,140.801,0.964,9,0.021,Yes,416,256,593,317
902,b,0023_top_20250711_t0,0023_top_20250711_t1,430.0,305.0,593.0,373.0,163.0,68.0,430,305,593,373,163,68,3.808,132.004,130.388,0.988,9,0.029,Yes,430,305,593,373
903,b,0023_top_20250711_t0,0023_top_20250711_t1,462.0,245.0,640.0,310.0,178.0,65.0,462,245,640,310,178,65,7.616,153.769,142.804,0.929,9,0.05,Yes,462,245,640,310
904,b,0023_top_20250711_t0,0023_top_20250711_t1,462.0,321.0,640.0,386.0,178.0,65.0,462,321,640,386,178,65,3.606,145.279,140.577,0.968,9,0.025,Yes,462,321,640,386
910,b,0024_top_20250711_t0,0024_top_20250711_t1,144.0,49.0,263.0,107.0,119.0,58.0,144,49,263,107,119,58,1.803,83.187,82.298,0.989,9,0.022,Yes,144,49,263,107
911,b,0024_top_20250711_t0,0024_top_20250711_t1,130.0,562.0,269.0,614.0,139.0,52.0,130,562,269,614,139,52,1.803,92.849,91.924,0.99,9,0.019,Yes,130,562,269,614
912,b,0024_top_20250711_t0,0024_top_20250711_t1,413.0,262.0,585.0,334.0,172.0,72.0,413,262,585,334,172,72,0.5,116.778,116.362,0.996,9,0.004,Yes,413,262,585,334
913,b,0024_top_20250711_t0,0024_top_20250711_t1,404.0,332.0,592.0,401.0,188.0,69.0,404,332,592,401,188,69,0.5,125.16,124.234,0.993,9,0.004,Yes,404,332,592,401
914,b,0024_top_20250711_t0,0024_top_20250711_t1,29.0,245.0,204.0,316.0,175.0,71.0,29,245,204,316,175,71,2.062,119.101,116.867,0.981,9,0.017,Yes,29,245,204,316
915,b,0024_top_20250711_t0,0024_top_20250711_t1,398.0,338.0,538.0,408.0,140.0,70.0,398,338,538,408,140,70,0.0,98.412,98.412,1.0,9,0.0,Yes,398,338,538,408
916,b,0024_top_20250711_t0,0024_top_20250711_t1,140.0,331.0,283.0,387.0,143.0,56.0,140,331,283,387,143,56,1.581,95.854,94.541,0.986,9,0.016,Yes,140,331,283,387
917,b,0024_top_20250711_t0,0024_top_20250711_t1,35.0,464.0,205.0,528.0,170.0,64.0,35,464,205,528,170,64,1.581,113.846,112.539,0.989,9,0.014,Yes,35,464,205,528
918,b,0024_top_20250711_t0,0024_top_20250711_t1,52.0,2.0,196.0,64.0,144.0,62.0,52,2,196,64,144,62,2.828,97.99,97.99,1.0,9,0.029,Yes,52,2,196,64
919,b,0024_top_20250711_t0,0024_top_20250711_t1,19.0,159.0,207.0,221.0,188.0,62.0,19,159,207,221,188,62,1.803,123.369,122.43,0.992,9,0.015,Yes,19,159,207,221
920,b,0024_top_20250711_t0,0024_top_20250711_t1,0.0,245.0,155.0,314.0,155.0,69.0,0,245,155,314,155,69,1.803,106.452,105.551,0.992,9,0.017,Yes,0,245,155,314
921,b,0024_top_20250711_t0,0024_top_20250711_t1,0.0,34.0,143.0,103.0,143.0,69.0,0,34,143,103,143,69,3.202,99.73,98.838,0.991,9,0.032,Yes,0,34,143,103
922,b,0024_top_20250711_t0,0024_top_20250711_t1,453.0,0.0,615.0,59.0,162.0,59.0,453,0,615,59,162,59,2.062,107.703,106.775,0.991,9,0.019,Yes,453,0,615,59
923,b,0024_top_20250711_t0,0024_top_20250711_t1,453.0,583.0,581.0,631.0,128.0,48.0,453,583,581,631,128,48,1.118,85.235,84.309,0.989,9,0.013,Yes,453,583,581,631
924,c,0025_top_20250626_t0,0025_top_20250626_t1,469.0,527.0,539.0,576.0,70.0,49.0,494,86,571,138,77,52,4.123,106.438,99.282,0.933,7,0.039,Yes,494,86,571,138
926,d,0025_top_20250630_t0,0025_top_20250630_t1,233.0,514.0,272.0,572.0,39.0,58.0,127,210,200,486,73,276,8.544,106.151,84.971,0.8,6,0.08,Yes,127,210,200,486
927,d,0025_top_20250630_t0,0025_top_20250630_t1,269.0,396.0,307.0,450.0,38.0,54.0,377,124,441,363,64,239,7.81,111.866,90.785,0.812,6,0.07,Yes,377,124,441,363
928,c,0026_top_20250623_t0,0026_top_20250623_t1,299.0,253.0,332.0,369.0,33.0,116.0,297,218,332,333,35,115,5.831,98.27,104.848,1.067,7,0.059,Yes,297,218,332,333
929,c,0026_top_20250623_t0,0026_top_20250623_t1,264.0,391.0,297.0,503.0,33.0,112.0,259,357,293,469,34,112,13.829,90.427,101.242,1.12,7,0.153,Yes,259,357,293,469
957,d,0027_top_20250709_t0,0027_top_20250709_t1,159.0,317.0,215.0,381.0,56.0,64.0,159,317,215,381,56,64,5.0,105.646,119.017,1.127,6,0.047,Yes,159,317,215,381
958,c,0028_top_20250704_t0,0028_top_20250704_t1,320.0,116.0,375.0,268.0,55.0,152.0,320,116,375,268,55,152,1.803,112.071,109.0,0.973,14,0.016,Yes,320,116,375,268
959,b,0028_top_20250707_t0,0028_top_20250707_t1,492.0,188.0,575.0,248.0,83.0,60.0,491,191,571,250,80,59,1.803,128.129,125.539,0.98,7,0.014,Yes,491,191,571,250
960,b,0028_top_20250707_t0,0028_top_20250707_t1,232.0,419.0,315.0,499.0,83.0,80.0,232,422,316,502,84,80,3.64,123.146,126.491,1.027,7,0.03,Yes,232,422,316,502
961,b,0028_top_20250707_t0,0028_top_20250707_t1,334.0,432.0,435.0,517.0,101.0,85.0,334,438,433,520,99,82,4.61,144.062,142.888,0.992,7,0.032,Yes,334,438,433,520
962,b,0028_top_20250707_t0,0028_top_20250707_t1,491.0,111.0,572.0,170.0,81.0,59.0,491,118,573,175,82,57,2.121,130.0,130.361,1.003,7,0.016,Yes,491,118,573,175
963,b,0028_top_20250707_t0,0028_top_20250707_t1,21.0,146.0,65.0,291.0,44.0,145.0,22,150,67,296,45,146,11.885,133.765,135.204,1.011,7,0.089,Yes,22,150,67,296
964,b,0028_top_20250707_t0,0028_top_20250707_t1,154.0,90.0,202.0,229.0,48.0,139.0,155,95,202,236,47,141,6.5,139.23,138.975,0.998,7,0.047,Yes,155,95,202,236
965,d,0028_top_20250709_t0,0028_top_20250709_t1,253.0,399.0,297.0,564.0,44.0,165.0,372,229,390,289,18,60,2.062,79.259,82.855,1.045,8,0.026,Yes,372,229,390,289
966,d,0028_top_20250709_t0,0028_top_20250709_t1,166.0,397.0,208.0,568.0,42.0,171.0,403,226,421,293,18,67,2.236,82.855,89.894,1.085,8,0.027,Yes,403,226,421,293
967,d,0028_top_20250709_t0,0028_top_20250709_t1,69.0,386.0,116.0,546.0,47.0,160.0,435,232,456,296,21,64,1.803,83.235,90.736,1.09,8,0.022,Yes,435,232,456,296
975,d,0029_top_20250704_t0,0029_top_20250704_t1,284.0,396.0,312.0,447.0,28.0,51.0,285,391,314,441,29,50,13.01,138.033,132.28,0.958,10,0.094,Yes,285,391,314,441
976,d,0029_top_20250704_t0,0029_top_20250704_t1,374.0,220.0,407.0,268.0,33.0,48.0,374,217,407,263,33,46,20.025,155.666,123.434,0.793,10,0.129,Yes,374,217,407,263
977,d,0029_top_20250704_t0,0029_top_20250704_t1,345.0,275.0,375.0,323.0,30.0,48.0,328,298,363,343,35,45,44.947,145.041,134.826,0.93,10,0.31,Yes,328,298,363,343
978,d,0029_top_20250704_t0,0029_top_20250704_t1,317.0,333.0,347.0,376.0,30.0,43.0,319,325,348,371,29,46,18.344,135.281,122.919,0.909,10,0.136,Yes,319,325,348,371
979,d,0029_top_20250704_t0,0029_top_20250704_t1,327.0,306.0,357.0,347.0,30.0,41.0,327,302,356,341,29,39,12.748,133.869,115.624,0.864,10,0.095,Yes,327,302,356,341
980,d,0029_top_20250704_t0,0029_top_20250704_t1,362.0,239.0,386.0,280.0,24.0,41.0,362,234,390,278,28,44,10.124,121.655,113.569,0.934,10,0.083,Yes,362,234,390,278
991,b,0029_top_20250707_t0,0029_top_20250707_t1,481.0,359.0,528.0,549.0,47.0,190.0,485,353,532,550,47,197,7.566,134.034,143.694,1.072,12,0.056,Yes,485,353,532,550
992,b,0029_top_20250707_t0,0029_top_20250707_t1,267.0,64.0,318.0,235.0,51.0,171.0,273,65,322,234,49,169,2.121,125.252,124.201,0.992,12,0.017,Yes,273,65,322,234
993,b,0029_top_20250707_t0,0029_top_20250707_t1,469.0,115.0,515.0,319.0,46.0,204.0,472,116,522,320,50,204,5.701,137.306,147.054,1.071,12,0.042,Yes,472,116,522,320
994,b,0029_top_20250707_t0,0029_top_20250707_t1,201.0,71.0,248.0,242.0,47.0,171.0,205,67,253,240,48,173,2.693,122.613,123.6,1.008,12,0.022,Yes,205,67,253,240
995,b,0029_top_20250707_t0,0029_top_20250707_t1,479.0,600.0,529.0,639.0,50.0,39.0,483,604,533,639,50,35,12.093,63.008,63.82,1.013,12,0.192,Yes,483,604,533,639
996,b,0029_top_20250707_t0,0029_top_20250707_t1,238.0,597.0,296.0,639.0,58.0,42.0,226,602,300,639,74,37,5.408,73.498,83.217,1.132,12,0.074,Yes,226,602,300,639
997,c,0034_top_20250704_t0,0034_top_20250704_t1,318.0,470.0,361.0,620.0,43.0,150.0,318,470,361,620,43,150,20.5,124.403,100.125,0.805,10,0.165,Yes,318,470,361,620
998,c,0034_top_20250704_t0,0034_top_20250704_t1,298.0,118.0,351.0,241.0,53.0,123.0,298,118,351,241,53,123,6.708,116.932,129.449,1.107,10,0.057,Yes,298,118,351,241
999,d,0037_top_20250703_t0,0037_top_20250703_t1,443.0,205.0,522.0,268.0,79.0,63.0,443,205,522,268,79,63,22.472,77.698,105.646,1.36,6,0.289,Yes,443,205,522,268
1000,d,0037_top_20250703_t0,0037_top_20250703_t1,133.0,291.0,176.0,426.0,43.0,135.0,133,291,176,426,43,135,22.522,98.234,139.989,1.425,6,0.229,Yes,133,291,176,426
1001,d,0037_top_20250703_t0,0037_top_20250703_t1,442.0,285.0,523.0,341.0,81.0,56.0,442,285,523,341,81,56,12.369,78.39,101.828,1.299,6,0.158,Yes,442,285,523,341
1002,d,0037_top_20250703_t0,0037_top_20250703_t1,208.0,288.0,252.0,420.0,44.0,132.0,208,288,252,420,44,132,23.049,93.408,137.295,1.47,6,0.247,Yes,208,288,252,420
1003,d,0037_top_20250703_t0,0037_top_20250703_t1,398.0,262.0,441.0,398.0,43.0,136.0,398,262,441,398,43,136,16.279,85.755,140.89,1.643,6,0.19,No,398,262,441,398
1004,d,0037_top_20250703_t0,0037_top_20250703_t1,362.0,269.0,404.0,406.0,42.0,137.0,362,269,404,406,42,137,19.164,86.822,141.792,1.633,6,0.221,No,362,269,404,406
1005,d,0037_top_20250703_t0,0037_top_20250703_t1,321.0,277.0,362.0,409.0,41.0,132.0,321,277,362,409,41,132,20.402,86.533,135.989,1.572,6,0.236,No,321,277,362,409
1006,d,0037_top_20250703_t0,0037_top_20250703_t1,279.0,290.0,320.0,423.0,41.0,133.0,279,290,320,423,41,133,24.668,88.482,137.321,1.552,6,0.279,No,279,290,320,423
1007,d,0037_top_20250703_t0,0037_top_20250703_t1,89.0,300.0,129.0,433.0,40.0,133.0,89,300,129,433,40,133,25.622,97.453,135.989,1.395,6,0.263,Yes,89,300,129,433
1008,d,0038_top_20250703_t0,0038_top_20250703_t1,444.0,293.0,507.0,334.0,63.0,41.0,444,293,507,334,63,41,8.322,77.389,73.824,0.954,8,0.108,Yes,444,293,507,334
1009,d,0038_top_20250703_t0,0038_top_20250703_t1,442.0,355.0,505.0,394.0,63.0,39.0,442,355,505,394,63,39,7.433,76.968,72.45,0.941,8,0.097,Yes,442,355,505,394
1010,d,0038_top_20250703_t0,0038_top_20250703_t1,457.0,484.0,517.0,523.0,60.0,39.0,457,484,517,523,60,39,9.22,74.25,67.119,0.904,8,0.124,Yes,457,484,517,523
1011,d,0038_top_20250703_t0,0038_top_20250703_t1,353.0,141.0,376.0,241.0,23.0,100.0,353,141,376,241,23,100,2.693,71.589,78.791,1.101,8,0.038,Yes,353,141,376,241
1012,d,0038_top_20250703_t0,0038_top_20250703_t1,449.0,428.0,506.0,463.0,57.0,35.0,449,428,506,463,57,35,7.28,70.264,63.977,0.911,8,0.104,Yes,449,428,506,463
1014,c,0038_top_20250704_t0,0038_top_20250704_t1,299.0,294.0,340.0,378.0,41.0,84.0,269,316,327,359,58,43,14.009,121.918,132.231,1.085,8,0.115,Yes,269,316,327,359
1015,c,0038_top_20250704_t0,0038_top_20250704_t1,319.0,359.0,355.0,436.0,36.0,77.0,268,383,316,423,48,40,7.433,107.815,111.126,1.031,8,0.069,Yes,268,383,316,423
1016,c,0039_top_20250704_t0,0039_top_20250704_t1,388.0,177.0,438.0,297.0,50.0,120.0,388,177,438,297,50,120,6.103,138.6,145.207,1.048,8,0.044,Yes,388,177,438,297
1017,c,0040_top_20250704_t0,0040_top_20250704_t1,202.0,82.0,226.0,153.0,24.0,71.0,431,369,459,416,28,47,9.014,110.982,135.794,1.224,10,0.081,Yes,431,369,459,416
1018,c,0040_top_20250704_t0,0040_top_20250704_t1,478.0,240.0,494.0,295.0,16.0,55.0,198,552,220,593,22,41,4.61,81.884,108.931,1.33,10,0.056,Yes,198,552,220,593
1019,d,0041_top_20250704_t0,0041_top_20250704_t1,327.0,582.0,350.0,632.0,23.0,50.0,327,582,350,632,23,50,8.746,131.552,132.936,1.011,7,0.066,Yes,327,582,350,632
1020,d,0041_top_20250704_t0,0041_top_20250704_t1,351.0,552.0,372.0,593.0,21.0,41.0,351,552,372,593,21,41,7.826,114.586,116.675,1.018,7,0.068,Yes,351,552,372,593
1021,d,0041_top_20250704_t0,0041_top_20250704_t1,216.0,285.0,240.0,331.0,24.0,46.0,216,285,240,331,24,46,9.487,153.522,149.335,0.973,7,0.062,Yes,216,285,240,331
1022,d,0041_top_20250704_t0,0041_top_20250704_t1,394.0,560.0,437.0,639.0,43.0,79.0,394,560,437,639,43,79,13.124,222.991,226.314,1.015,7,0.059,Yes,394,560,437,639
1023,d,0043_top_20250623_t0,0043_top_20250623_t1,156.0,276.0,233.0,333.0,77.0,57.0,132,350,191,396,59,46,19.164,111.485,92.195,0.827,7,0.172,Yes,132,350,191,396
1024,d,0043_top_20250623_t0,0043_top_20250623_t1,151.0,134.0,227.0,202.0,76.0,68.0,126,259,180,301,54,42,22.327,110.494,84.172,0.762,7,0.202,Yes,126,259,180,301
1025,d,0043_top_20250623_t0,0043_top_20250623_t1,156.0,452.0,223.0,508.0,67.0,56.0,143,481,193,522,50,41,29.262,105.19,79.624,0.757,7,0.278,Yes,143,481,193,522
1026,d,0043_top_20250623_t0,0043_top_20250623_t1,308.0,459.0,383.0,527.0,75.0,68.0,255,467,306,511,51,44,3.808,101.548,83.63,0.824,7,0.037,Yes,255,467,306,511
1027,d,0043_top_20250623_t0,0043_top_20250623_t1,310.0,344.0,384.0,407.0,74.0,63.0,251,378,302,425,51,47,5.025,94.895,84.534,0.891,7,0.053,Yes,251,378,302,425
1028,d,0043_top_20250623_t0,0043_top_20250623_t1,493.0,449.0,520.0,561.0,27.0,112.0,387,429,406,512,19,83,5.22,72.918,76.158,1.044,7,0.072,Yes,387,429,406,512
1040,d,0045_top_20250623_t0,0045_top_20250623_t1,277.0,387.0,342.0,441.0,65.0,54.0,255,263,305,310,50,47,1.118,80.951,83.187,1.028,8,0.014,Yes,255,263,305,310
1041,d,0045_top_20250623_t0,0045_top_20250623_t1,270.0,506.0,333.0,557.0,63.0,51.0,256,353,303,392,47,39,3.5,76.479,76.485,1.0,8,0.046,Yes,256,353,303,392
1042,d,0045_top_20250623_t0,0045_top_20250623_t1,418.0,194.0,485.0,242.0,67.0,48.0,346,102,397,145,51,43,1.581,85.428,87.727,1.027,8,0.019,Yes,346,102,397,145
1043,d,0045_top_20250623_t0,0045_top_20250623_t1,102.0,598.0,167.0,639.0,65.0,41.0,138,440,189,486,51,46,4.031,72.236,78.772,1.09,8,0.056,Yes,138,440,189,486
1044,d,0045_top_20250623_t0,0045_top_20250623_t1,368.0,46.0,397.0,161.0,29.0,115.0,307,11,327,98,20,87,3.354,79.649,77.878,0.978,8,0.042,Yes,307,11,327,98
1045,d,0045_top_20250623_t0,0045_top_20250623_t1,166.0,316.0,196.0,443.0,30.0,127.0,172,237,200,326,28,89,0.5,83.187,81.123,0.975,8,0.006,Yes,172,237,200,326
1046,d,0045_top_20250623_t0,0045_top_20250623_t1,295.0,59.0,324.0,169.0,29.0,110.0,255,31,276,114,21,83,2.693,75.664,73.348,0.969,8,0.036,Yes,255,31,276,114
1047,d,0045_top_20250623_t0,0045_top_20250623_t1,259.0,58.0,285.0,168.0,26.0,110.0,229,38,248,118,19,80,3.905,73.79,69.354,0.94,8,0.053,Yes,229,38,248,118
1052,d,0047_top_20250623_t0,0047_top_20250623_t1,359.0,158.0,389.0,304.0,30.0,146.0,326,178,347,270,21,92,3.606,84.095,85.884,1.021,8,0.043,Yes,326,178,347,270
1053,d,0047_top_20250623_t0,0047_top_20250623_t1,55.0,151.0,96.0,285.0,41.0,134.0,141,171,162,256,21,85,4.123,82.377,78.294,0.95,8,0.05,Yes,141,171,162,256
1054,d,0047_top_20250623_t0,0047_top_20250623_t1,226.0,171.0,263.0,328.0,37.0,157.0,246,182,271,281,25,99,2.5,91.706,93.536,1.02,8,0.027,Yes,246,182,271,281
1055,d,0047_top_20250623_t0,0047_top_20250623_t1,614.0,185.0,639.0,330.0,25.0,145.0,491,194,512,287,21,93,8.515,81.541,89.067,1.092,8,0.104,Yes,491,194,512,287
1056,d,0047_top_20250623_t0,0047_top_20250623_t1,49.0,327.0,94.0,479.0,45.0,152.0,136,279,160,368,24,89,5.148,93.493,84.599,0.905,8,0.055,Yes,136,279,160,368
1065,d,0048_top_20250704_t0,0048_top_20250704_t1,397.0,289.0,420.0,332.0,23.0,43.0,397,289,420,332,23,43,27.336,124.964,148.273,1.187,6,0.219,Yes,397,289,420,332
1066,c,0049_top_20250704_t0,0049_top_20250704_t1,59.0,10.0,122.0,109.0,63.0,99.0,59,10,122,109,63,99,6.083,106.405,107.935,1.014,8,0.057,Yes,59,10,122,109
1067,c,0049_top_20250704_t0,0049_top_20250704_t1,472.0,144.0,543.0,257.0,71.0,113.0,472,144,543,257,71,113,3.041,95.525,99.035,1.037,8,0.032,Yes,472,144,543,257
1068,c,0049_top_20250704_t0,0049_top_20250704_t1,24.0,48.0,92.0,145.0,68.0,97.0,24,48,92,145,68,97,7.211,107.448,109.018,1.015,8,0.067,Yes,24,48,92,145
1069,c,0049_top_20250704_t0,0049_top_20250704_t1,521.0,509.0,610.0,619.0,89.0,110.0,521,509,610,619,89,110,7.632,89.275,90.028,1.008,8,0.085,Yes,521,509,610,619
1070,c,0049_top_20250704_t0,0049_top_20250704_t1,526.0,313.0,599.0,420.0,73.0,107.0,526,313,599,420,73,107,5.315,85.563,87.681,1.025,8,0.062,Yes,526,313,599,420
1071,c,0049_top_20250704_t0,0049_top_20250704_t1,378.0,42.0,443.0,114.0,65.0,72.0,378,42,443,114,65,72,3.808,81.056,85.276,1.052,8,0.047,Yes,378,42,443,114
1072,c,0049_top_20250704_t0,0049_top_20250704_t1,348.0,4.0,407.0,73.0,59.0,69.0,348,4,407,73,59,69,5.385,77.337,81.688,1.056,8,0.07,Yes,348,4,407,73
1073,c,0049_top_20250704_t0,0049_top_20250704_t1,0.0,89.0,63.0,195.0,63.0,106.0,0,89,63,195,63,106,9.301,107.168,107.299,1.001,8,0.087,Yes,0,89,63,195
1074,c,0049_top_20250704_t0,0049_top_20250704_t1,178.0,328.0,215.0,475.0,37.0,147.0,178,328,215,475,37,147,9.014,89.872,88.6,0.986,8,0.1,Yes,178,328,215,475
1075,c,0049_top_20250704_t0,0049_top_20250704_t1,116.0,352.0,155.0,496.0,39.0,144.0,116,352,155,496,39,144,12.01,90.604,89.499,0.988,8,0.133,Yes,116,352,155,496
1076,c,0049_top_20250704_t0,0049_top_20250704_t1,418.0,74.0,474.0,143.0,56.0,69.0,418,74,474,143,56,69,3.536,70.838,75.073,1.06,8,0.05,Yes,418,74,474,143
1077,c,0049_top_20250704_t0,0049_top_20250704_t1,64.0,356.0,104.0,498.0,40.0,142.0,64,356,104,498,40,142,14.509,91.049,90.686,0.996,8,0.159,Yes,64,356,104,498
1078,c,0049_top_20250704_t0,0049_top_20250704_t1,503.0,234.0,582.0,336.0,79.0,102.0,503,234,582,336,79,102,3.606,91.285,94.112,1.031,8,0.039,Yes,503,234,582,336
1079,c,0049_top_20250704_t0,0049_top_20250704_t1,236.0,305.0,276.0,450.0,40.0,145.0,236,305,276,450,40,145,7.018,89.308,90.802,1.017,8,0.079,Yes,236,305,276,450
1080,c,0049_top_20250704_t0,0049_top_20250704_t1,323.0,1.0,359.0,43.0,36.0,42.0,323,1,359,43,36,42,5.523,49.041,50.448,1.029,8,0.113,Yes,323,1,359,43
1081,c,0049_top_20250704_t0,0049_top_20250704_t1,483.0,601.0,574.0,639.0,91.0,38.0,483,601,574,639,91,38,9.014,70.264,71.176,1.013,8,0.128,Yes,483,601,574,639
1082,c,0049_top_20250704_t0,0049_top_20250704_t1,0.0,180.0,18.0,241.0,18.0,61.0,0,180,18,241,18,61,12.54,46.098,46.755,1.014,8,0.272,Yes,0,180,18,241
1083,c,0049_top_20250704_t0,0049_top_20250704_t1,482.0,598.0,543.0,639.0,61.0,41.0,482,598,543,639,61,41,8.902,51.971,51.478,0.991,8,0.171,Yes,482,598,543,639
1084,c,0049_top_20250704_t0,0049_top_20250704_t1,484.0,614.0,593.0,639.0,109.0,25.0,484,614,593,639,109,25,8.902,79.379,79.712,1.004,8,0.112,Yes,484,614,593,639
1085,c,0049_top_20250704_t0,0049_top_20250704_t1,0.0,477.0,30.0,557.0,30.0,80.0,0,477,30,557,30,80,20.718,54.452,53.759,0.987,8,0.38,Yes,0,477,30,557
1086,b,0050_top_20250704_t0,0050_top_20250704_t1,510.0,135.0,619.0,236.0,109.0,101.0,510,135,619,236,109,101,2.5,108.046,102.083,0.945,7,0.023,Yes,510,135,619,236
1087,b,0050_top_20250704_t0,0050_top_20250704_t1,245.0,410.0,297.0,617.0,52.0,207.0,245,410,297,617,52,207,5.523,102.416,101.119,0.987,7,0.054,Yes,245,410,297,617
1088,b,0050_top_20250704_t0,0050_top_20250704_t1,312.0,427.0,368.0,640.0,56.0,213.0,312,427,368,640,56,213,3.536,109.59,104.709,0.955,7,0.032,Yes,312,427,368,640
1089,b,0050_top_20250704_t0,0050_top_20250704_t1,502.0,0.0,606.0,22.0,104.0,22.0,500,0,607,32,107,32,2.915,86.128,87.361,1.014,7,0.034,Yes,500,0,607,32
1090,b,0050_top_20250704_t0,0050_top_20250704_t1,500.0,0.0,607.0,32.0,107.0,32.0,502,0,606,22,104,22,6.5,90.139,83.199,0.923,7,0.072,Yes,502,0,606,22
1091,d,0052_top_20250619_t0,0052_top_20250619_t1,131.0,516.0,196.0,567.0,65.0,51.0,355,171,437,244,82,73,4.743,74.706,81.492,1.091,6,0.063,Yes,355,171,437,244
1092,d,0052_top_20250619_t0,0052_top_20250619_t1,403.0,305.0,474.0,359.0,71.0,54.0,0,542,67,611,67,69,8.322,88.549,60.216,0.68,6,0.094,Yes,0,542,67,611
1093,d,0052_top_20250619_t0,0052_top_20250619_t1,295.0,273.0,327.0,385.0,32.0,112.0,191,461,227,615,36,154,5.099,79.649,76.158,0.956,6,0.064,Yes,191,461,227,615
1094,d,0052_top_20250619_t0,0052_top_20250619_t1,363.0,271.0,397.0,385.0,34.0,114.0,90,483,130,639,40,156,3.041,82.492,77.175,0.936,6,0.037,Yes,90,483,130,639
1095,d,0052_top_20250619_t0,0052_top_20250619_t1,132.0,265.0,163.0,368.0,31.0,103.0,422,455,455,589,33,134,4.243,73.355,71.868,0.98,6,0.058,Yes,422,455,455,589
1096,d,0052_top_20250619_t0,0052_top_20250619_t1,328.0,269.0,360.0,386.0,32.0,117.0,141,479,181,633,40,154,5.701,83.241,77.698,0.933,6,0.068,Yes,141,479,181,633
1097,d,0052_top_20250619_t0,0052_top_20250619_t1,263.0,277.0,294.0,384.0,31.0,107.0,235,453,271,600,36,147,7.159,76.538,74.947,0.979,6,0.094,Yes,235,453,271,600
1098,d,0052_top_20250619_t0,0052_top_20250619_t1,101.0,267.0,131.0,361.0,30.0,94.0,464,442,498,577,34,135,1.118,68.0,74.626,1.097,6,0.016,Yes,464,442,498,577
1100,d,0053_top_20250619_t0,0053_top_20250619_t1,311.0,222.0,365.0,264.0,54.0,42.0,208,351,291,410,83,59,9.513,82.976,64.413,0.776,6,0.115,Yes,208,351,291,410
1101,d,0053_top_20250619_t0,0053_top_20250619_t1,314.0,352.0,334.0,431.0,20.0,79.0,261,72,292,208,31,136,3.64,67.624,62.241,0.92,6,0.054,Yes,261,72,292,208
1102,d,0053_top_20250619_t0,0053_top_20250619_t1,255.0,383.0,276.0,456.0,21.0,73.0,359,45,390,161,31,116,14.23,80.529,56.824,0.706,6,0.177,Yes,359,45,390,161
