{
  "total_images_in_folder": 1430,
  "total_processed_for_metrics": 1409,
  "passed_auto_alignment": 880,
  "passed_rate": 0.6245564229950319,
  "mean_rmse_of_processed": 201.4750727661283,
  "median_rmse_of_processed": 0.0719441208502025,
  "mean_inliers_of_processed": 5.362668559261888,
  "skipped_due_to_min_lm": 21,
  "failed_quality_gate": 529,
  "generated_at": "2025-10-03T01:09:49.717443"
}