vehicle_id,zone_id,t0_image,t1_image,t0_orig_x1,t0_orig_y1,t0_orig_x2,t0_orig_y2,t0_orig_w,t0_orig_h,t1_orig_x1,t1_orig_y1,t1_orig_x2,t1_orig_y2,t1_orig_w,t1_orig_h,move_dist,diag0,diag1,diag_ratio,delta_min,move_ratio,stop,bbox_x1_640,bbox_y1_640,bbox_x2_640,bbox_y2_640,image_path,stop_bool,ok_all,bbox_x,bbox_y,bbox_w,bbox_h,cx,cy,tx,ty,status,illegal,template_id,polygon_path,H_path
1,b,0001_top_20250619_t0,0001_top_20250619_t1,201.0,196.0,254.0,345.0,53.0,149.0,183.0,486.0,330.0,587.0,147,101,8.631,77.897,63.953,0.821,8,0.111,Yes,183.0,486.0,330.0,587.0,D:\projects\illegal_parking_project\data\images\0001_top_20250619_t1.jpg,True,True,183.0,486.0,147.0,101.0,256.5,536.5,1272.8207457897133,306.13162403463934,OK,False,0001_top_20250619_t1,D:\projects\illegal_parking_project\align\polygons\0001_top_20250619_t1.geojson,D:\projects\illegal_parking_project\align\H\0001_top_20250619_t1.npy
2,b,0001_top_20250619_t0,0001_top_20250619_t1,246.0,332.0,337.0,458.0,91.0,126.0,369.0,401.0,444.0,640.0,75,239,9.055,89.939,72.45,0.806,8,0.101,Yes,369.0,401.0,444.0,640.0,D:\projects\illegal_parking_project\data\images\0001_top_20250619_t1.jpg,True,True,369.0,401.0,75.0,239.0,406.5,520.5,1301.500054693928,383.87835867288675,OK,False,0001_top_20250619_t1,D:\projects\illegal_parking_project\align\polygons\0001_top_20250619_t1.geojson,D:\projects\illegal_parking_project\align\H\0001_top_20250619_t1.npy
3,b,0001_top_20250619_t0,0001_top_20250619_t1,448.0,109.0,516.0,217.0,68.0,108.0,339.0,149.0,408.0,206.0,69,57,15.7,76.485,67.941,0.888,8,0.205,Yes,339.0,149.0,408.0,206.0,D:\projects\illegal_parking_project\data\images\0001_top_20250619_t1.jpg,True,True,339.0,149.0,69.0,57.0,373.5,177.5,1286.6615090534049,240.88276153602206,OK,False,0001_top_20250619_t1,D:\projects\illegal_parking_project\align\polygons\0001_top_20250619_t1.geojson,D:\projects\illegal_parking_project\align\H\0001_top_20250619_t1.npy
4,b,0001_top_20250619_t0,0001_top_20250619_t1,307.0,116.0,362.0,265.0,55.0,149.0,223.0,292.0,358.0,355.0,135,63,10.548,80.722,76.922,0.953,8,0.131,Yes,223.0,292.0,358.0,355.0,D:\projects\illegal_parking_project\data\images\0001_top_20250619_t1.jpg,True,True,223.0,292.0,135.0,63.0,290.5,323.5,1263.5580896373683,269.40213197528647,OK,False,0001_top_20250619_t1,D:\projects\illegal_parking_project\align\polygons\0001_top_20250619_t1.geojson,D:\projects\illegal_parking_project\align\H\0001_top_20250619_t1.npy
5,b,0001_top_20250619_t0,0001_top_20250619_t1,250.0,149.0,321.0,313.0,71.0,164.0,197.0,353.0,355.0,467.0,158,114,11.102,94.069,85.755,0.912,8,0.118,Yes,197.0,353.0,355.0,467.0,D:\projects\illegal_parking_project\data\images\0001_top_20250619_t1.jpg,True,True,197.0,353.0,158.0,114.0,276.0,410.0,1260.7968076999375,303.665053956878,OK,False,0001_top_20250619_t1,D:\projects\illegal_parking_project\align\polygons\0001_top_20250619_t1.geojson,D:\projects\illegal_parking_project\align\H\0001_top_20250619_t1.npy
6,b,0001_top_20250619_t0,0001_top_20250619_t1,340.0,44.0,396.0,191.0,56.0,147.0,225.0,226.0,340.0,282.0,115,56,12.59,81.394,77.026,0.946,8,0.155,Yes,225.0,226.0,340.0,282.0,D:\projects\illegal_parking_project\data\images\0001_top_20250619_t1.jpg,True,True,225.0,226.0,115.0,56.0,282.5,254.0,1274.611698584946,254.34130093545664,OK,False,0001_top_20250619_t1,D:\projects\illegal_parking_project\align\polygons\0001_top_20250619_t1.geojson,D:\projects\illegal_parking_project\align\H\0001_top_20250619_t1.npy
7,b,0001_top_20250619_t0,0001_top_20250619_t1,442.0,432.0,543.0,528.0,101.0,96.0,536.0,227.0,588.0,361.0,52,134,12.021,87.618,88.752,1.013,8,0.137,Yes,536.0,227.0,588.0,361.0,D:\projects\illegal_parking_project\data\images\0001_top_20250619_t1.jpg,True,True,536.0,227.0,52.0,134.0,562.0,294.0,1285.962921472248,279.6018971916561,OK,False,0001_top_20250619_t1,D:\projects\illegal_parking_project\align\polygons\0001_top_20250619_t1.geojson,D:\projects\illegal_parking_project\align\H\0001_top_20250619_t1.npy
8,b,0001_top_20250619_t0,0001_top_20250619_t1,359.0,217.0,444.0,343.0,85.0,126.0,372.0,227.0,422.0,370.0,50,143,10.44,89.196,79.12,0.887,8,0.117,Yes,372.0,227.0,422.0,370.0,D:\projects\illegal_parking_project\data\images\0001_top_20250619_t1.jpg,True,True,372.0,227.0,50.0,143.0,397.0,298.5,1305.8440183046862,272.19450695554764,OK,False,0001_top_20250619_t1,D:\projects\illegal_parking_project\align\polygons\0001_top_20250619_t1.geojson,D:\projects\illegal_parking_project\align\H\0001_top_20250619_t1.npy
12,c,0001_top_20250702_t0,0001_top_20250702_t1,359.0,113.0,458.0,433.0,99.0,320.0,359.0,113.0,458.0,433.0,99,320,1.118,72.719,71.868,0.988,6,0.015,Yes,359.0,113.0,458.0,433.0,D:\projects\illegal_parking_project\data\images\0001_top_20250702_t1.jpg,True,True,359.0,113.0,99.0,320.0,408.5,273.0,782.7850853115507,650.5090476458629,OK,False,0001_top_20250702_t1,D:\projects\illegal_parking_project\align\polygons\0001_top_20250702_t1.geojson,D:\projects\illegal_parking_project\align\H\0001_top_20250702_t1.npy
13,c,0001_top_20250702_t0,0001_top_20250702_t1,61.0,195.0,200.0,395.0,139.0,200.0,61.0,195.0,200.0,395.0,139,200,1.5,60.44,59.666,0.987,6,0.025,Yes,61.0,195.0,200.0,395.0,D:\projects\illegal_parking_project\data\images\0001_top_20250702_t1.jpg,True,True,61.0,195.0,139.0,200.0,130.5,295.0,786.9733513808005,635.9890791840387,OK,False,0001_top_20250702_t1,D:\projects\illegal_parking_project\align\polygons\0001_top_20250702_t1.geojson,D:\projects\illegal_parking_project\align\H\0001_top_20250702_t1.npy
14,c,0001_top_20250702_t0,0001_top_20250702_t1,487.0,160.0,583.0,471.0,96.0,311.0,487.0,160.0,583.0,471.0,96,311,1.0,71.344,71.344,1.0,6,0.014,Yes,487.0,160.0,583.0,471.0,D:\projects\illegal_parking_project\data\images\0001_top_20250702_t1.jpg,True,True,487.0,160.0,96.0,311.0,535.0,315.5,780.509531686915,656.1536051192026,OK,False,0001_top_20250702_t1,D:\projects\illegal_parking_project\align\polygons\0001_top_20250702_t1.geojson,D:\projects\illegal_parking_project\align\H\0001_top_20250702_t1.npy
15,d,0001_top_20250703_t0,0001_top_20250703_t1,536.0,232.0,616.0,293.0,80.0,61.0,438.0,421.0,516.0,482.0,78,61,2.236,87.658,85.884,0.98,8,0.026,Yes,438.0,421.0,516.0,482.0,D:\projects\illegal_parking_project\data\images\0001_top_20250703_t1.jpg,True,True,438.0,421.0,78.0,61.0,477.0,451.5,729.5902140508406,778.7485166021814,OK,False,0001_top_20250703_t1,D:\projects\illegal_parking_project\align\polygons\0001_top_20250703_t1.geojson,D:\projects\illegal_parking_project\align\H\0001_top_20250703_t1.npy
16,d,0001_top_20250703_t0,0001_top_20250703_t1,232.0,182.0,273.0,319.0,41.0,137.0,121.0,416.0,164.0,561.0,43,145,3.354,87.664,90.211,1.029,8,0.038,Yes,121.0,416.0,164.0,561.0,D:\projects\illegal_parking_project\data\images\0001_top_20250703_t1.jpg,True,True,121.0,416.0,43.0,145.0,142.5,488.5,799.4937316241662,760.3064599544642,OK,False,0001_top_20250703_t1,D:\projects\illegal_parking_project\align\polygons\0001_top_20250703_t1.geojson,D:\projects\illegal_parking_project\align\H\0001_top_20250703_t1.npy
17,d,0001_top_20250703_t0,0001_top_20250703_t1,305.0,194.0,349.0,324.0,44.0,130.0,199.0,420.0,243.0,559.0,44,139,5.025,87.321,89.308,1.023,8,0.058,Yes,199.0,420.0,243.0,559.0,D:\projects\illegal_parking_project\data\images\0001_top_20250703_t1.jpg,True,True,199.0,420.0,44.0,139.0,221.0,489.5,794.7789505742586,763.016099227191,OK,False,0001_top_20250703_t1,D:\projects\illegal_parking_project\align\polygons\0001_top_20250703_t1.geojson,D:\projects\illegal_parking_project\align\H\0001_top_20250703_t1.npy
18,d,0001_top_20250703_t0,0001_top_20250703_t1,540.0,151.0,623.0,214.0,83.0,63.0,435.0,341.0,513.0,402.0,78,61,8.062,93.022,87.71,0.943,8,0.087,Yes,435.0,341.0,513.0,402.0,D:\projects\illegal_parking_project\data\images\0001_top_20250703_t1.jpg,True,True,435.0,341.0,78.0,61.0,474.0,371.5,722.0871145890372,777.3098187228288,OK,False,0001_top_20250703_t1,D:\projects\illegal_parking_project\align\polygons\0001_top_20250703_t1.geojson,D:\projects\illegal_parking_project\align\H\0001_top_20250703_t1.npy
19,d,0001_top_20250703_t0,0001_top_20250703_t1,189.0,186.0,224.0,320.0,35.0,134.0,73.0,430.0,115.0,567.0,42,137,4.243,84.694,86.608,1.023,8,0.05,Yes,73.0,430.0,115.0,567.0,D:\projects\illegal_parking_project\data\images\0001_top_20250703_t1.jpg,True,True,73.0,430.0,42.0,137.0,94.0,498.5,795.7989040243881,757.589849359276,OK,False,0001_top_20250703_t1,D:\projects\illegal_parking_project\align\polygons\0001_top_20250703_t1.geojson,D:\projects\illegal_parking_project\align\H\0001_top_20250703_t1.npy
20,d,0001_top_20250703_t0,0001_top_20250703_t1,457.0,197.0,500.0,335.0,43.0,138.0,356.0,401.0,399.0,542.0,43,141,3.0,91.788,91.022,0.992,8,0.033,Yes,356.0,401.0,399.0,542.0,D:\projects\illegal_parking_project\data\images\0001_top_20250703_t1.jpg,True,True,356.0,401.0,43.0,141.0,377.5,471.5,791.6691072433116,768.7841431743393,OK,False,0001_top_20250703_t1,D:\projects\illegal_parking_project\align\polygons\0001_top_20250703_t1.geojson,D:\projects\illegal_parking_project\align\H\0001_top_20250703_t1.npy
21,d,0001_top_20250703_t0,0001_top_20250703_t1,375.0,205.0,416.0,339.0,41.0,134.0,270.0,423.0,313.0,560.0,43,137,3.64,88.119,89.051,1.011,8,0.041,Yes,270.0,423.0,313.0,560.0,D:\projects\illegal_parking_project\data\images\0001_top_20250703_t1.jpg,True,True,270.0,423.0,43.0,137.0,291.5,491.5,793.3852382040035,765.5019252128309,OK,False,0001_top_20250703_t1,D:\projects\illegal_parking_project\align\polygons\0001_top_20250703_t1.geojson,D:\projects\illegal_parking_project\align\H\0001_top_20250703_t1.npy
22,d,0001_top_20250703_t0,0001_top_20250703_t1,493.0,199.0,537.0,333.0,44.0,134.0,393.0,399.0,436.0,536.0,43,137,3.64,91.924,89.404,0.973,8,0.04,Yes,393.0,399.0,436.0,536.0,D:\projects\illegal_parking_project\data\images\0001_top_20250703_t1.jpg,True,True,393.0,399.0,43.0,137.0,414.5,467.5,787.74176193716,769.6741230310007,OK,False,0001_top_20250703_t1,D:\projects\illegal_parking_project\align\polygons\0001_top_20250703_t1.geojson,D:\projects\illegal_parking_project\align\H\0001_top_20250703_t1.npy
23,d,0001_top_20250703_t0,0001_top_20250703_t1,417.0,198.0,458.0,334.0,41.0,136.0,314.0,409.0,356.0,549.0,42,140,3.536,89.944,89.308,0.993,8,0.039,Yes,314.0,409.0,356.0,549.0,D:\projects\illegal_parking_project\data\images\0001_top_20250703_t1.jpg,True,True,314.0,409.0,42.0,140.0,335.0,479.0,792.7943838832136,766.8857004028661,OK,False,0001_top_20250703_t1,D:\projects\illegal_parking_project\align\polygons\0001_top_20250703_t1.geojson,D:\projects\illegal_parking_project\align\H\0001_top_20250703_t1.npy
24,c,0001_top_20250705_t0,0001_top_20250705_t1,401.0,12.0,436.0,49.0,35.0,37.0,369.0,118.0,396.0,150.0,27,32,1.118,123.406,125.603,1.018,7,0.009,Yes,369.0,118.0,396.0,150.0,D:\projects\illegal_parking_project\data\images\0001_top_20250705_t1.jpg,True,True,369.0,118.0,27.0,32.0,382.5,134.0,1502.3269764282677,1500.3752024661328,OK,False,0001_top_20250705_t1,D:\projects\illegal_parking_project\align\polygons\0001_top_20250705_t1.geojson,D:\projects\illegal_parking_project\align\H\0001_top_20250705_t1.npy
25,c,0001_top_20250705_t0,0001_top_20250705_t1,74.0,70.0,96.0,118.0,22.0,48.0,139.0,154.0,161.0,202.0,22,48,5.385,101.242,138.773,1.371,7,0.053,Yes,139.0,154.0,161.0,202.0,D:\projects\illegal_parking_project\data\images\0001_top_20250705_t1.jpg,True,True,139.0,154.0,22.0,48.0,150.0,178.0,1475.4179602408235,1516.4882044391604,OK,False,0001_top_20250705_t1,D:\projects\illegal_parking_project\align\polygons\0001_top_20250705_t1.geojson,D:\projects\illegal_parking_project\align\H\0001_top_20250705_t1.npy
26,c,0001_top_20250705_t0,0001_top_20250705_t1,167.0,165.0,190.0,216.0,23.0,51.0,207.0,232.0,224.0,279.0,17,47,4.0,101.02,121.824,1.206,7,0.04,Yes,207.0,232.0,224.0,279.0,D:\projects\illegal_parking_project\data\images\0001_top_20250705_t1.jpg,True,True,207.0,232.0,17.0,47.0,215.5,255.5,1457.3695923822897,1511.4734306932305,OK,False,0001_top_20250705_t1,D:\projects\illegal_parking_project\align\polygons\0001_top_20250705_t1.geojson,D:\projects\illegal_parking_project\align\H\0001_top_20250705_t1.npy
27,c,0001_top_20250705_t0,0001_top_20250705_t1,306.0,73.0,330.0,118.0,24.0,45.0,291.0,166.0,309.0,211.0,18,45,34.504,104.805,120.739,1.152,7,0.329,Yes,291.0,166.0,309.0,211.0,D:\projects\illegal_parking_project\data\images\0001_top_20250705_t1.jpg,True,True,291.0,166.0,18.0,45.0,300.0,188.5,1477.071507552731,1510.299536676705,OK,False,0001_top_20250705_t1,D:\projects\illegal_parking_project\align\polygons\0001_top_20250705_t1.geojson,D:\projects\illegal_parking_project\align\H\0001_top_20250705_t1.npy
28,c,0001_top_20250705_t0,0001_top_20250705_t1,241.0,327.0,271.0,377.0,30.0,50.0,260.0,350.0,279.0,389.0,19,39,2.5,101.823,112.45,1.104,7,0.025,Yes,260.0,350.0,279.0,389.0,D:\projects\illegal_parking_project\data\images\0001_top_20250705_t1.jpg,True,True,260.0,350.0,19.0,39.0,269.5,369.5,1445.63187520967,1504.4118078007764,OK,False,0001_top_20250705_t1,D:\projects\illegal_parking_project\align\polygons\0001_top_20250705_t1.geojson,D:\projects\illegal_parking_project\align\H\0001_top_20250705_t1.npy
29,c,0001_top_20250705_t0,0001_top_20250705_t1,124.0,16.0,148.0,65.0,24.0,49.0,172.0,110.0,194.0,158.0,22,48,6.576,112.645,138.852,1.233,7,0.058,Yes,172.0,110.0,194.0,158.0,D:\projects\illegal_parking_project\data\images\0001_top_20250705_t1.jpg,True,True,172.0,110.0,22.0,48.0,183.0,134.0,1487.027685461453,1516.722149925882,OK,False,0001_top_20250705_t1,D:\projects\illegal_parking_project\align\polygons\0001_top_20250705_t1.geojson,D:\projects\illegal_parking_project\align\H\0001_top_20250705_t1.npy
30,c,0001_top_20250705_t0,0001_top_20250705_t1,453.0,419.0,488.0,473.0,35.0,54.0,389.0,413.0,410.0,466.0,21,53,9.22,112.294,137.644,1.226,7,0.082,Yes,389.0,413.0,410.0,466.0,D:\projects\illegal_parking_project\data\images\0001_top_20250705_t1.jpg,True,True,389.0,413.0,21.0,53.0,399.5,439.5,1400.9605496041218,1484.6453352470223,OK,False,0001_top_20250705_t1,D:\projects\illegal_parking_project\align\polygons\0001_top_20250705_t1.geojson,D:\projects\illegal_parking_project\align\H\0001_top_20250705_t1.npy
31,c,0001_top_20250705_t0,0001_top_20250705_t1,359.0,232.0,381.0,284.0,22.0,52.0,334.0,296.0,352.0,344.0,18,48,19.3,99.247,123.693,1.246,7,0.194,Yes,334.0,296.0,352.0,344.0,D:\projects\illegal_parking_project\data\images\0001_top_20250705_t1.jpg,True,True,334.0,296.0,18.0,48.0,343.0,320.0,1441.2984010794105,1500.2009002612947,OK,False,0001_top_20250705_t1,D:\projects\illegal_parking_project\align\polygons\0001_top_20250705_t1.geojson,D:\projects\illegal_parking_project\align\H\0001_top_20250705_t1.npy
32,c,0001_top_20250705_t0,0001_top_20250705_t1,299.0,285.0,329.0,334.0,30.0,49.0,298.0,324.0,316.0,360.0,18,36,3.202,103.966,104.661,1.007,7,0.031,Yes,298.0,324.0,316.0,360.0,D:\projects\illegal_parking_project\data\images\0001_top_20250705_t1.jpg,True,True,298.0,324.0,18.0,36.0,307.0,342.0,1456.9507619201113,1505.5822231806897,OK,False,0001_top_20250705_t1,D:\projects\illegal_parking_project\align\polygons\0001_top_20250705_t1.geojson,D:\projects\illegal_parking_project\align\H\0001_top_20250705_t1.npy
33,c,0001_top_20250705_t0,0001_top_20250705_t1,83.0,445.0,114.0,497.0,31.0,52.0,165.0,420.0,183.0,466.0,18,46,12.748,94.847,120.739,1.273,7,0.134,Yes,165.0,420.0,183.0,466.0,D:\projects\illegal_parking_project\data\images\0001_top_20250705_t1.jpg,True,True,165.0,420.0,18.0,46.0,174.0,443.0,1412.939001112289,1503.5715763658102,OK,False,0001_top_20250705_t1,D:\projects\illegal_parking_project\align\polygons\0001_top_20250705_t1.geojson,D:\projects\illegal_parking_project\align\H\0001_top_20250705_t1.npy
34,c,0001_top_20250705_t0,0001_top_20250705_t1,321.0,275.0,349.0,323.0,28.0,48.0,310.0,317.0,326.0,357.0,16,40,7.071,101.119,105.759,1.046,7,0.07,Yes,310.0,317.0,326.0,357.0,D:\projects\illegal_parking_project\data\images\0001_top_20250705_t1.jpg,True,True,310.0,317.0,16.0,40.0,318.0,337.0,1450.5153938044039,1505.5628178011063,OK,False,0001_top_20250705_t1,D:\projects\illegal_parking_project\align\polygons\0001_top_20250705_t1.geojson,D:\projects\illegal_parking_project\align\H\0001_top_20250705_t1.npy
35,c,0001_top_20250705_t0,0001_top_20250705_t1,413.0,284.0,441.0,342.0,28.0,58.0,366.0,321.0,387.0,365.0,21,44,12.816,112.432,124.483,1.107,7,0.114,Yes,366.0,321.0,387.0,365.0,D:\projects\illegal_parking_project\data\images\0001_top_20250705_t1.jpg,True,True,366.0,321.0,21.0,44.0,376.5,343.0,1443.8110420876867,1495.3492709523282,OK,False,0001_top_20250705_t1,D:\projects\illegal_parking_project\align\polygons\0001_top_20250705_t1.geojson,D:\projects\illegal_parking_project\align\H\0001_top_20250705_t1.npy
36,c,0001_top_20250705_t0,0001_top_20250705_t1,431.0,437.0,467.0,490.0,36.0,53.0,376.0,423.0,397.0,471.0,21,48,3.808,111.665,129.634,1.161,7,0.034,Yes,376.0,423.0,397.0,471.0,D:\projects\illegal_parking_project\data\images\0001_top_20250705_t1.jpg,True,True,376.0,423.0,21.0,48.0,386.5,447.0,1410.4478461167732,1487.5312012340626,OK,False,0001_top_20250705_t1,D:\projects\illegal_parking_project\align\polygons\0001_top_20250705_t1.geojson,D:\projects\illegal_parking_project\align\H\0001_top_20250705_t1.npy
37,c,0001_top_20250705_t0,0001_top_20250705_t1,357.0,496.0,387.0,553.0,30.0,57.0,329.0,458.0,347.0,507.0,18,49,9.179,99.725,123.693,1.24,7,0.092,Yes,329.0,458.0,347.0,507.0,D:\projects\illegal_parking_project\data\images\0001_top_20250705_t1.jpg,True,True,329.0,458.0,18.0,49.0,338.0,482.5,1397.6528229593755,1491.1016500619362,OK,False,0001_top_20250705_t1,D:\projects\illegal_parking_project\align\polygons\0001_top_20250705_t1.geojson,D:\projects\illegal_parking_project\align\H\0001_top_20250705_t1.npy
38,c,0001_top_20250705_t0,0001_top_20250705_t1,582.0,543.0,615.0,614.0,33.0,71.0,460.0,499.0,483.0,537.0,23,38,4.301,117.686,117.593,0.999,7,0.037,Yes,460.0,499.0,483.0,537.0,D:\projects\illegal_parking_project\data\images\0001_top_20250705_t1.jpg,True,True,460.0,499.0,23.0,38.0,471.5,518.0,1421.5071126963808,1481.4257048131485,OK,False,0001_top_20250705_t1,D:\projects\illegal_parking_project\align\polygons\0001_top_20250705_t1.geojson,D:\projects\illegal_parking_project\align\H\0001_top_20250705_t1.npy
39,c,0001_top_20250705_t0,0001_top_20250705_t1,78.0,288.0,109.0,342.0,31.0,54.0,156.0,309.0,175.0,367.0,19,58,7.382,107.168,145.207,1.355,7,0.069,Yes,156.0,309.0,175.0,367.0,D:\projects\illegal_parking_project\data\images\0001_top_20250705_t1.jpg,True,True,156.0,309.0,19.0,58.0,165.5,338.0,1417.0207912151484,1504.4107294827152,OK,False,0001_top_20250705_t1,D:\projects\illegal_parking_project\align\polygons\0001_top_20250705_t1.geojson,D:\projects\illegal_parking_project\align\H\0001_top_20250705_t1.npy
40,c,0001_top_20250705_t0,0001_top_20250705_t1,373.0,561.0,409.0,616.0,36.0,55.0,340.0,494.0,359.0,538.0,19,44,2.0,103.711,117.593,1.134,7,0.019,Yes,340.0,494.0,359.0,538.0,D:\projects\illegal_parking_project\data\images\0001_top_20250705_t1.jpg,True,True,340.0,494.0,19.0,44.0,349.5,516.0,1402.942774652895,1490.5080331164847,OK,False,0001_top_20250705_t1,D:\projects\illegal_parking_project\align\polygons\0001_top_20250705_t1.geojson,D:\projects\illegal_parking_project\align\H\0001_top_20250705_t1.npy
41,c,0001_top_20250705_t0,0001_top_20250705_t1,207.0,358.0,237.0,413.0,30.0,55.0,237.0,365.0,257.0,415.0,20,50,8.544,104.005,132.774,1.277,7,0.082,Yes,237.0,365.0,257.0,415.0,D:\projects\illegal_parking_project\data\images\0001_top_20250705_t1.jpg,True,True,237.0,365.0,20.0,50.0,247.0,390.0,1418.7130717970026,1499.1867138158357,OK,False,0001_top_20250705_t1,D:\projects\illegal_parking_project\align\polygons\0001_top_20250705_t1.geojson,D:\projects\illegal_parking_project\align\H\0001_top_20250705_t1.npy
42,c,0001_top_20250705_t0,0001_top_20250705_t1,251.0,169.0,280.0,221.0,29.0,52.0,276.0,231.0,293.0,273.0,17,42,36.623,113.952,112.161,0.984,7,0.321,Yes,276.0,231.0,293.0,273.0,D:\projects\illegal_parking_project\data\images\0001_top_20250705_t1.jpg,True,True,276.0,231.0,17.0,42.0,284.5,252.0,1465.626608059995,1509.5947534932095,OK,False,0001_top_20250705_t1,D:\projects\illegal_parking_project\align\polygons\0001_top_20250705_t1.geojson,D:\projects\illegal_parking_project\align\H\0001_top_20250705_t1.npy
43,c,0001_top_20250705_t0,0001_top_20250705_t1,413.0,538.0,451.0,595.0,38.0,57.0,364.0,483.0,382.0,531.0,18,48,6.103,111.041,121.511,1.094,7,0.055,Yes,364.0,483.0,382.0,531.0,D:\projects\illegal_parking_project\data\images\0001_top_20250705_t1.jpg,True,True,364.0,483.0,18.0,48.0,373.0,507.0,1394.4100541824837,1488.446231415101,OK,False,0001_top_20250705_t1,D:\projects\illegal_parking_project\align\polygons\0001_top_20250705_t1.geojson,D:\projects\illegal_parking_project\align\H\0001_top_20250705_t1.npy
44,c,0001_top_20250705_t0,0001_top_20250705_t1,376.0,478.0,411.0,535.0,35.0,57.0,341.0,447.0,360.0,493.0,19,46,8.016,109.225,121.264,1.11,7,0.073,Yes,341.0,447.0,360.0,493.0,D:\projects\illegal_parking_project\data\images\0001_top_20250705_t1.jpg,True,True,341.0,447.0,19.0,46.0,350.5,470.0,1408.65561750242,1491.6763955606552,OK,False,0001_top_20250705_t1,D:\projects\illegal_parking_project\align\polygons\0001_top_20250705_t1.geojson,D:\projects\illegal_parking_project\align\H\0001_top_20250705_t1.npy
45,c,0001_top_20250705_t0,0001_top_20250705_t1,286.0,149.0,313.0,195.0,27.0,46.0,289.0,225.0,304.0,265.0,15,40,3.0,105.38,104.637,0.993,7,0.028,Yes,289.0,225.0,304.0,265.0,D:\projects\illegal_parking_project\data\images\0001_top_20250705_t1.jpg,True,True,289.0,225.0,15.0,40.0,296.5,245.0,1469.516248589952,1511.642957443649,OK,False,0001_top_20250705_t1,D:\projects\illegal_parking_project\align\polygons\0001_top_20250705_t1.geojson,D:\projects\illegal_parking_project\align\H\0001_top_20250705_t1.npy
46,c,0001_top_20250705_t0,0001_top_20250705_t1,234.0,183.0,262.0,236.0,28.0,53.0,253.0,247.0,271.0,290.0,18,43,5.59,111.288,117.796,1.058,7,0.05,Yes,253.0,247.0,271.0,290.0,D:\projects\illegal_parking_project\data\images\0001_top_20250705_t1.jpg,True,True,253.0,247.0,18.0,43.0,262.0,268.5,1460.4788867463494,1508.8633777504779,OK,False,0001_top_20250705_t1,D:\projects\illegal_parking_project\align\polygons\0001_top_20250705_t1.geojson,D:\projects\illegal_parking_project\align\H\0001_top_20250705_t1.npy
47,c,0001_top_20250705_t0,0001_top_20250705_t1,336.0,336.0,370.0,389.0,34.0,53.0,320.0,358.0,338.0,401.0,18,43,5.852,112.61,114.865,1.02,7,0.052,Yes,320.0,358.0,338.0,401.0,D:\projects\illegal_parking_project\data\images\0001_top_20250705_t1.jpg,True,True,320.0,358.0,18.0,43.0,329.0,379.5,1436.0892362534028,1499.8657524244245,OK,False,0001_top_20250705_t1,D:\projects\illegal_parking_project\align\polygons\0001_top_20250705_t1.geojson,D:\projects\illegal_parking_project\align\H\0001_top_20250705_t1.npy
48,c,0001_top_20250705_t0,0001_top_20250705_t1,95.0,509.0,126.0,567.0,31.0,58.0,174.0,453.0,194.0,509.0,20,56,11.511,96.426,142.436,1.477,7,0.119,Yes,174.0,453.0,194.0,509.0,D:\projects\illegal_parking_project\data\images\0001_top_20250705_t1.jpg,True,True,174.0,453.0,20.0,56.0,184.0,481.0,1378.804936924911,1494.52461785442,OK,False,0001_top_20250705_t1,D:\projects\illegal_parking_project\align\polygons\0001_top_20250705_t1.geojson,D:\projects\illegal_parking_project\align\H\0001_top_20250705_t1.npy
49,c,0001_top_20250705_t0,0001_top_20250705_t1,277.0,383.0,312.0,434.0,35.0,51.0,282.0,386.0,302.0,427.0,20,41,7.616,107.713,117.414,1.09,7,0.071,Yes,282.0,386.0,302.0,427.0,D:\projects\illegal_parking_project\data\images\0001_top_20250705_t1.jpg,True,True,282.0,386.0,20.0,41.0,292.0,406.5,1434.20424445124,1499.7158414705157,OK,False,0001_top_20250705_t1,D:\projects\illegal_parking_project\align\polygons\0001_top_20250705_t1.geojson,D:\projects\illegal_parking_project\align\H\0001_top_20250705_t1.npy
50,c,0001_top_20250705_t0,0001_top_20250705_t1,98.0,513.0,122.0,568.0,24.0,55.0,176.0,461.0,192.0,509.0,16,48,13.463,82.801,117.801,1.423,7,0.163,Yes,176.0,461.0,192.0,509.0,D:\projects\illegal_parking_project\data\images\0001_top_20250705_t1.jpg,True,True,176.0,461.0,16.0,48.0,184.0,485.0,1397.5516412136549,1500.8464340030987,OK,False,0001_top_20250705_t1,D:\projects\illegal_parking_project\align\polygons\0001_top_20250705_t1.geojson,D:\projects\illegal_parking_project\align\H\0001_top_20250705_t1.npy
51,c,0001_top_20250705_t0,0001_top_20250705_t1,97.0,273.0,129.0,328.0,32.0,55.0,169.0,310.0,187.0,354.0,18,44,2.0,110.635,117.796,1.065,7,0.018,Yes,169.0,310.0,187.0,354.0,D:\projects\illegal_parking_project\data\images\0001_top_20250705_t1.jpg,True,True,169.0,310.0,18.0,44.0,178.0,332.0,1443.3731900511557,1509.8942313974526,OK,False,0001_top_20250705_t1,D:\projects\illegal_parking_project\align\polygons\0001_top_20250705_t1.geojson,D:\projects\illegal_parking_project\align\H\0001_top_20250705_t1.npy
71,b,0001_top_20250707_t0,0001_top_20250707_t1,375.0,231.0,459.0,296.0,84.0,65.0,354.0,381.0,444.0,454.0,90,73,2.915,72.918,75.133,1.03,6,0.04,Yes,354.0,381.0,444.0,454.0,D:\projects\illegal_parking_project\data\images\0001_top_20250707_t1.png,True,True,354.0,381.0,90.0,73.0,399.0,417.5,794.2936750202066,771.0576967246509,OK,False,0001_top_20250707_t1,D:\projects\illegal_parking_project\align\polygons\0001_top_20250707_t1.geojson,D:\projects\illegal_parking_project\align\H\0001_top_20250707_t1.npy
72,b,0001_top_20250707_t0,0001_top_20250707_t1,375.0,165.0,451.0,232.0,76.0,67.0,356.0,312.0,438.0,386.0,82,74,3.536,68.0,70.328,1.034,6,0.052,Yes,356.0,312.0,438.0,386.0,D:\projects\illegal_parking_project\data\images\0001_top_20250707_t1.png,True,True,356.0,312.0,82.0,74.0,397.0,349.0,792.4738353983248,776.4137756597694,OK,False,0001_top_20250707_t1,D:\projects\illegal_parking_project\align\polygons\0001_top_20250707_t1.geojson,D:\projects\illegal_parking_project\align\H\0001_top_20250707_t1.npy
73,b,0001_top_20250707_t0,0001_top_20250707_t1,378.0,305.0,458.0,375.0,80.0,70.0,355.0,455.0,444.0,532.0,89,77,2.55,71.12,75.18,1.057,6,0.036,Yes,355.0,455.0,444.0,532.0,D:\projects\illegal_parking_project\data\images\0001_top_20250707_t1.png,True,True,355.0,455.0,89.0,77.0,399.5,493.5,793.5055730842026,762.5155583040696,OK,False,0001_top_20250707_t1,D:\projects\illegal_parking_project\align\polygons\0001_top_20250707_t1.geojson,D:\projects\illegal_parking_project\align\H\0001_top_20250707_t1.npy
74,b,0001_top_20250707_t0,0001_top_20250707_t1,384.0,86.0,463.0,159.0,79.0,73.0,363.0,227.0,450.0,303.0,87,76,2.062,71.197,73.824,1.037,6,0.029,Yes,363.0,227.0,450.0,303.0,D:\projects\illegal_parking_project\data\images\0001_top_20250707_t1.png,True,True,363.0,227.0,87.0,76.0,406.5,265.0,794.710485085687,782.8110028620977,OK,False,0001_top_20250707_t1,D:\projects\illegal_parking_project\align\polygons\0001_top_20250707_t1.geojson,D:\projects\illegal_parking_project\align\H\0001_top_20250707_t1.npy
75,b,0001_top_20250707_t0,0001_top_20250707_t1,165.0,399.0,243.0,457.0,78.0,58.0,131.0,545.0,218.0,623.0,87,78,1.581,68.447,74.303,1.086,6,0.023,Yes,131.0,545.0,218.0,623.0,D:\projects\illegal_parking_project\data\images\0001_top_20250707_t1.png,True,True,131.0,545.0,87.0,78.0,174.5,584.0,779.7813820321704,754.3517963175645,OK,False,0001_top_20250707_t1,D:\projects\illegal_parking_project\align\polygons\0001_top_20250707_t1.geojson,D:\projects\illegal_parking_project\align\H\0001_top_20250707_t1.npy
76,b,0001_top_20250707_t0,0001_top_20250707_t1,380.0,381.0,460.0,439.0,80.0,58.0,358.0,534.0,444.0,611.0,86,77,3.64,69.354,72.945,1.052,6,0.052,Yes,358.0,534.0,444.0,611.0,D:\projects\illegal_parking_project\data\images\0001_top_20250707_t1.png,True,True,358.0,534.0,86.0,77.0,401.0,572.5,792.362403357751,755.6202158782592,OK,False,0001_top_20250707_t1,D:\projects\illegal_parking_project\align\polygons\0001_top_20250707_t1.geojson,D:\projects\illegal_parking_project\align\H\0001_top_20250707_t1.npy
77,b,0001_top_20250707_t0,0001_top_20250707_t1,384.0,454.0,461.0,511.0,77.0,57.0,359.0,618.0,440.0,639.0,81,21,10.63,67.119,60.208,0.897,6,0.158,Yes,359.0,618.0,440.0,639.0,D:\projects\illegal_parking_project\data\images\0001_top_20250707_t1.png,True,True,359.0,618.0,81.0,21.0,399.5,628.5,793.2872870622598,790.7551936450083,OK,False,0001_top_20250707_t1,D:\projects\illegal_parking_project\align\polygons\0001_top_20250707_t1.geojson,D:\projects\illegal_parking_project\align\H\0001_top_20250707_t1.npy
78,b,0001_top_20250707_t0,0001_top_20250707_t1,158.0,265.0,243.0,328.0,85.0,63.0,125.0,405.0,218.0,477.0,93,72,1.118,74.733,76.485,1.023,6,0.015,Yes,125.0,405.0,218.0,477.0,D:\projects\illegal_parking_project\data\images\0001_top_20250707_t1.png,True,True,125.0,405.0,93.0,72.0,171.5,441.0,781.3114379865258,770.0327800529487,OK,False,0001_top_20250707_t1,D:\projects\illegal_parking_project\align\polygons\0001_top_20250707_t1.geojson,D:\projects\illegal_parking_project\align\H\0001_top_20250707_t1.npy
79,b,0001_top_20250707_t0,0001_top_20250707_t1,334.0,381.0,368.0,505.0,34.0,124.0,305.0,531.0,347.0,639.0,42,108,9.301,63.953,56.036,0.876,6,0.145,Yes,305.0,531.0,347.0,639.0,D:\projects\illegal_parking_project\data\images\0001_top_20250707_t1.png,True,True,305.0,531.0,42.0,108.0,326.0,585.0,777.4955652784672,734.3063048105151,OK,False,0001_top_20250707_t1,D:\projects\illegal_parking_project\align\polygons\0001_top_20250707_t1.geojson,D:\projects\illegal_parking_project\align\H\0001_top_20250707_t1.npy
84,d,0001_top_20250708_t0,0001_top_20250708_t1,398.0,236.0,469.0,524.0,71.0,288.0,585.0,320.0,639.0,558.0,54,238,3.64,89.185,70.774,0.794,10,0.041,Yes,585.0,320.0,639.0,558.0,D:\projects\illegal_parking_project\data\images\0001_top_20250708_t1.jpg,True,True,585.0,320.0,54.0,238.0,612.0,439.0,755.4949085567928,937.811395708272,OK,False,0001_top_20250708_t1,D:\projects\illegal_parking_project\align\polygons\0001_top_20250708_t1.geojson,D:\projects\illegal_parking_project\align\H\0001_top_20250708_t1.npy
85,d,0001_top_20250708_t0,0001_top_20250708_t1,240.0,259.0,307.0,543.0,67.0,284.0,443.0,292.0,510.0,541.0,67,249,4.5,87.71,75.591,0.862,10,0.051,Yes,443.0,292.0,510.0,541.0,D:\projects\illegal_parking_project\data\images\0001_top_20250708_t1.jpg,True,True,443.0,292.0,67.0,249.0,476.5,416.5,754.9412966734876,937.3515502227052,OK,False,0001_top_20250708_t1,D:\projects\illegal_parking_project\align\polygons\0001_top_20250708_t1.geojson,D:\projects\illegal_parking_project\align\H\0001_top_20250708_t1.npy
86,d,0001_top_20250708_t0,0001_top_20250708_t1,159.0,282.0,230.0,561.0,71.0,279.0,376.0,284.0,440.0,544.0,64,260,5.0,86.833,77.82,0.896,10,0.058,Yes,376.0,284.0,440.0,544.0,D:\projects\illegal_parking_project\data\images\0001_top_20250708_t1.jpg,True,True,376.0,284.0,64.0,260.0,408.0,414.0,758.0070124940422,935.2299206216263,OK,False,0001_top_20250708_t1,D:\projects\illegal_parking_project\align\polygons\0001_top_20250708_t1.geojson,D:\projects\illegal_parking_project\align\H\0001_top_20250708_t1.npy
87,d,0001_top_20250708_t0,0001_top_20250708_t1,318.0,277.0,386.0,557.0,68.0,280.0,512.0,320.0,580.0,575.0,68,255,6.083,85.959,77.827,0.905,10,0.071,Yes,512.0,320.0,580.0,575.0,D:\projects\illegal_parking_project\data\images\0001_top_20250708_t1.jpg,True,True,512.0,320.0,68.0,255.0,546.0,447.5,762.6135929732217,939.7081270608401,OK,False,0001_top_20250708_t1,D:\projects\illegal_parking_project\align\polygons\0001_top_20250708_t1.geojson,D:\projects\illegal_parking_project\align\H\0001_top_20250708_t1.npy
88,d,0001_top_20250708_t0,0001_top_20250708_t1,0.0,308.0,73.0,584.0,73.0,276.0,229.0,265.0,292.0,520.0,63,255,1.803,86.354,76.026,0.88,10,0.021,Yes,229.0,265.0,292.0,520.0,D:\projects\illegal_parking_project\data\images\0001_top_20250708_t1.jpg,True,True,229.0,265.0,63.0,255.0,260.5,392.5,752.5792021479277,931.2379269283102,OK,False,0001_top_20250708_t1,D:\projects\illegal_parking_project\align\polygons\0001_top_20250708_t1.geojson,D:\projects\illegal_parking_project\align\H\0001_top_20250708_t1.npy
89,d,0001_top_20250708_t0,0001_top_20250708_t1,78.0,297.0,150.0,577.0,72.0,280.0,306.0,290.0,372.0,537.0,66,247,5.701,87.71,74.706,0.852,10,0.065,Yes,306.0,290.0,372.0,537.0,D:\projects\illegal_parking_project\data\images\0001_top_20250708_t1.jpg,True,True,306.0,290.0,66.0,247.0,339.0,413.5,753.9754101578362,933.6063806933737,OK,False,0001_top_20250708_t1,D:\projects\illegal_parking_project\align\polygons\0001_top_20250708_t1.geojson,D:\projects\illegal_parking_project\align\H\0001_top_20250708_t1.npy
91,c,0001_top_20250711_t0,0001_top_20250711_t1,258.0,172.0,312.0,284.0,54.0,112.0,258.0,172.0,312.0,284.0,54,112,1.581,121.083,118.343,0.977,9,0.013,Yes,258.0,172.0,312.0,284.0,D:\projects\illegal_parking_project\data\images\0001_top_20250711_t1.jpg,True,True,258.0,172.0,54.0,112.0,285.0,228.0,1402.660168515708,367.5363262736063,OK,False,0001_top_20250711_t1,D:\projects\illegal_parking_project\align\polygons\0001_top_20250711_t1.geojson,D:\projects\illegal_parking_project\align\H\0001_top_20250711_t1.npy
92,c,0001_top_20250711_t0,0001_top_20250711_t1,214.0,187.0,262.0,293.0,48.0,106.0,214.0,187.0,262.0,293.0,48,106,2.55,110.635,107.935,0.976,9,0.023,Yes,214.0,187.0,262.0,293.0,D:\projects\illegal_parking_project\data\images\0001_top_20250711_t1.jpg,True,True,214.0,187.0,48.0,106.0,238.0,240.0,1406.4925145863126,366.83707276715427,OK,False,0001_top_20250711_t1,D:\projects\illegal_parking_project\align\polygons\0001_top_20250711_t1.geojson,D:\projects\illegal_parking_project\align\H\0001_top_20250711_t1.npy
93,c,0001_top_20250711_t0,0001_top_20250711_t1,174.0,209.0,232.0,314.0,58.0,105.0,174.0,209.0,232.0,314.0,58,105,2.236,119.52,116.778,0.977,9,0.019,Yes,174.0,209.0,232.0,314.0,D:\projects\illegal_parking_project\data\images\0001_top_20250711_t1.jpg,True,True,174.0,209.0,58.0,105.0,203.0,261.5,1406.9410994919313,370.27684614639765,OK,False,0001_top_20250711_t1,D:\projects\illegal_parking_project\align\polygons\0001_top_20250711_t1.geojson,D:\projects\illegal_parking_project\align\H\0001_top_20250711_t1.npy
94,c,0001_top_20250711_t0,0001_top_20250711_t1,175.0,206.0,223.0,301.0,48.0,95.0,175.0,206.0,223.0,301.0,48,95,2.915,103.392,100.658,0.974,9,0.028,Yes,175.0,206.0,223.0,301.0,D:\projects\illegal_parking_project\data\images\0001_top_20250711_t1.jpg,True,True,175.0,206.0,48.0,95.0,199.0,253.5,1407.7855154946521,364.30327178411363,OK,False,0001_top_20250711_t1,D:\projects\illegal_parking_project\align\polygons\0001_top_20250711_t1.geojson,D:\projects\illegal_parking_project\align\H\0001_top_20250711_t1.npy
95,b,0002_top_20250630_t0,0002_top_20250630_t1,163.0,31.0,186.0,79.0,23.0,48.0,235.0,51.0,257.0,155.0,22,104,14.509,46.669,68.964,1.478,7,0.311,Yes,235.0,51.0,257.0,155.0,D:\projects\illegal_parking_project\data\images\0002_top_20250630_t1.jpg,True,True,235.0,51.0,22.0,104.0,246.0,103.0,671.7858829981609,469.881372520605,OK,False,0002_top_20250630_t1,D:\projects\illegal_parking_project\align\polygons\0002_top_20250630_t1.geojson,D:\projects\illegal_parking_project\align\H\0002_top_20250630_t1.npy
97,d,0002_top_20250703_t0,0002_top_20250703_t1,558.0,358.0,622.0,399.0,64.0,41.0,441.0,354.0,503.0,393.0,62,39,8.382,76.322,74.686,0.979,6,0.11,Yes,441.0,354.0,503.0,393.0,D:\projects\illegal_parking_project\data\images\0002_top_20250703_t1.jpg,True,True,441.0,354.0,62.0,39.0,472.0,373.5,744.5179737215901,782.3220223669464,OK,False,0002_top_20250703_t1,D:\projects\illegal_parking_project\align\polygons\0002_top_20250703_t1.geojson,D:\projects\illegal_parking_project\align\H\0002_top_20250703_t1.npy
98,d,0002_top_20250703_t0,0002_top_20250703_t1,565.0,297.0,630.0,340.0,65.0,43.0,443.0,292.0,506.0,334.0,63,42,8.382,77.621,76.942,0.991,6,0.108,Yes,443.0,292.0,506.0,334.0,D:\projects\illegal_parking_project\data\images\0002_top_20250703_t1.jpg,True,True,443.0,292.0,63.0,42.0,474.5,313.0,744.7836676430086,785.0445310691724,OK,False,0002_top_20250703_t1,D:\projects\illegal_parking_project\align\polygons\0002_top_20250703_t1.geojson,D:\projects\illegal_parking_project\align\H\0002_top_20250703_t1.npy
99,d,0002_top_20250703_t0,0002_top_20250703_t1,566.0,489.0,627.0,532.0,61.0,43.0,456.0,482.0,516.0,522.0,60,40,11.0,74.324,71.554,0.963,6,0.148,Yes,456.0,482.0,516.0,522.0,D:\projects\illegal_parking_project\data\images\0002_top_20250703_t1.jpg,True,True,456.0,482.0,60.0,40.0,486.0,502.0,746.0709693743144,771.9094144080308,OK,False,0002_top_20250703_t1,D:\projects\illegal_parking_project\align\polygons\0002_top_20250703_t1.geojson,D:\projects\illegal_parking_project\align\H\0002_top_20250703_t1.npy
100,d,0002_top_20250703_t0,0002_top_20250703_t1,561.0,431.0,617.0,469.0,56.0,38.0,448.0,425.0,506.0,462.0,58,37,6.576,66.31,68.877,1.039,6,0.099,Yes,448.0,425.0,506.0,462.0,D:\projects\illegal_parking_project\data\images\0002_top_20250703_t1.jpg,True,True,448.0,425.0,58.0,37.0,477.0,443.5,743.3100653661818,778.7462029028139,OK,False,0002_top_20250703_t1,D:\projects\illegal_parking_project\align\polygons\0002_top_20250703_t1.geojson,D:\projects\illegal_parking_project\align\H\0002_top_20250703_t1.npy
101,d,0002_top_20250703_t0,0002_top_20250703_t1,480.0,121.0,507.0,225.0,27.0,104.0,351.0,141.0,374.0,240.0,23,99,2.062,75.584,75.644,1.001,6,0.027,Yes,351.0,141.0,374.0,240.0,D:\projects\illegal_parking_project\data\images\0002_top_20250703_t1.jpg,True,True,351.0,141.0,23.0,99.0,362.5,190.5,722.6665157110737,772.974885583911,OK,False,0002_top_20250703_t1,D:\projects\illegal_parking_project\align\polygons\0002_top_20250703_t1.geojson,D:\projects\illegal_parking_project\align\H\0002_top_20250703_t1.npy
102,d,0002_top_20250703_t0,0002_top_20250703_t1,163.0,325.0,190.0,418.0,27.0,93.0,46.0,413.0,78.0,510.0,32,97,6.801,69.836,80.262,1.149,6,0.097,Yes,46.0,413.0,78.0,510.0,D:\projects\illegal_parking_project\data\images\0002_top_20250703_t1.jpg,True,True,46.0,413.0,32.0,97.0,62.0,461.5,723.6148671144712,723.9448607934434,OK,False,0002_top_20250703_t1,D:\projects\illegal_parking_project\align\polygons\0002_top_20250703_t1.geojson,D:\projects\illegal_parking_project\align\H\0002_top_20250703_t1.npy
103,d,0002_top_20250704_t0,0002_top_20250704_t1,63.0,293.0,98.0,427.0,35.0,134.0,216.0,298.0,251.0,434.0,35,136,5.852,75.153,74.733,0.994,7,0.078,Yes,216.0,298.0,251.0,434.0,D:\projects\illegal_parking_project\data\images\0002_top_20250704_t1.jpg,True,True,216.0,298.0,35.0,136.0,233.5,366.0,-41.05480716406453,820.8373022139099,OK,False,0002_top_20250704_t1,D:\projects\illegal_parking_project\align\polygons\0002_top_20250704_t1.geojson,D:\projects\illegal_parking_project\align\H\0002_top_20250704_t1.npy
105,c,0002_top_20250705_t0,0002_top_20250705_t1,230.0,60.0,262.0,119.0,32.0,59.0,307.0,100.0,339.0,156.0,32,56,32.423,104.661,115.278,1.101,10,0.31,Yes,307.0,100.0,339.0,156.0,D:\projects\illegal_parking_project\data\images\0002_top_20250705_t1.png,True,True,307.0,100.0,32.0,56.0,323.0,128.0,1526.240317952496,1213.1810229360276,OK,False,0002_top_20250705_t1,D:\projects\illegal_parking_project\align\polygons\0002_top_20250705_t1.geojson,D:\projects\illegal_parking_project\align\H\0002_top_20250705_t1.npy
106,c,0002_top_20250705_t0,0002_top_20250705_t1,474.0,128.0,511.0,181.0,37.0,53.0,557.0,165.0,594.0,221.0,37,56,7.906,118.229,121.918,1.031,10,0.067,Yes,557.0,165.0,594.0,221.0,D:\projects\illegal_parking_project\data\images\0002_top_20250705_t1.png,True,True,557.0,165.0,37.0,56.0,575.5,193.0,1516.6936709918032,1187.2447355547813,OK,False,0002_top_20250705_t1,D:\projects\illegal_parking_project\align\polygons\0002_top_20250705_t1.geojson,D:\projects\illegal_parking_project\align\H\0002_top_20250705_t1.npy
107,c,0002_top_20250705_t0,0002_top_20250705_t1,436.0,0.0,471.0,46.0,35.0,46.0,518.0,26.0,548.0,83.0,30,57,19.704,109.202,117.388,1.075,10,0.18,Yes,518.0,26.0,548.0,83.0,D:\projects\illegal_parking_project\data\images\0002_top_20250705_t1.png,True,True,518.0,26.0,30.0,57.0,533.0,54.5,1541.07734999648,1204.5899236940918,OK,False,0002_top_20250705_t1,D:\projects\illegal_parking_project\align\polygons\0002_top_20250705_t1.geojson,D:\projects\illegal_parking_project\align\H\0002_top_20250705_t1.npy
108,c,0002_top_20250705_t0,0002_top_20250705_t1,533.0,341.0,570.0,396.0,37.0,55.0,618.0,373.0,639.0,433.0,21,60,15.508,116.662,92.195,0.79,10,0.133,Yes,618.0,373.0,639.0,433.0,D:\projects\illegal_parking_project\data\images\0002_top_20250705_t1.png,True,True,618.0,373.0,21.0,60.0,628.5,403.0,1470.323230645362,1193.3460043866432,OK,False,0002_top_20250705_t1,D:\projects\illegal_parking_project\align\polygons\0002_top_20250705_t1.geojson,D:\projects\illegal_parking_project\align\H\0002_top_20250705_t1.npy
109,c,0002_top_20250705_t0,0002_top_20250705_t1,222.0,313.0,261.0,374.0,39.0,61.0,304.0,345.0,343.0,404.0,39,59,15.008,111.072,120.341,1.083,10,0.135,Yes,304.0,345.0,343.0,404.0,D:\projects\illegal_parking_project\data\images\0002_top_20250705_t1.png,True,True,304.0,345.0,39.0,59.0,323.5,374.5,1477.0991825697924,1196.2547901654134,OK,False,0002_top_20250705_t1,D:\projects\illegal_parking_project\align\polygons\0002_top_20250705_t1.geojson,D:\projects\illegal_parking_project\align\H\0002_top_20250705_t1.npy
110,c,0002_top_20250705_t0,0002_top_20250705_t1,438.0,154.0,474.0,211.0,36.0,57.0,519.0,190.0,554.0,244.0,35,54,6.727,117.034,116.181,0.993,10,0.057,Yes,519.0,190.0,554.0,244.0,D:\projects\illegal_parking_project\data\images\0002_top_20250705_t1.png,True,True,519.0,190.0,35.0,54.0,536.5,217.0,1513.0778311065856,1191.765287732554,OK,False,0002_top_20250705_t1,D:\projects\illegal_parking_project\align\polygons\0002_top_20250705_t1.geojson,D:\projects\illegal_parking_project\align\H\0002_top_20250705_t1.npy
111,c,0002_top_20250705_t0,0002_top_20250705_t1,144.0,200.0,184.0,265.0,40.0,65.0,244.0,217.0,282.0,279.0,38,62,37.98,113.846,126.574,1.112,10,0.334,Yes,244.0,217.0,282.0,279.0,D:\projects\illegal_parking_project\data\images\0002_top_20250705_t1.png,True,True,244.0,217.0,38.0,62.0,263.0,248.0,1498.8015487391865,1207.218792318628,OK,False,0002_top_20250705_t1,D:\projects\illegal_parking_project\align\polygons\0002_top_20250705_t1.geojson,D:\projects\illegal_parking_project\align\H\0002_top_20250705_t1.npy
112,c,0002_top_20250705_t0,0002_top_20250705_t1,495.0,194.0,528.0,253.0,33.0,59.0,581.0,235.0,608.0,286.0,27,51,4.95,115.434,98.311,0.852,10,0.043,Yes,581.0,235.0,608.0,286.0,D:\projects\illegal_parking_project\data\images\0002_top_20250705_t1.png,True,True,581.0,235.0,27.0,51.0,594.5,260.5,1507.2196997159065,1196.2008333590138,OK,False,0002_top_20250705_t1,D:\projects\illegal_parking_project\align\polygons\0002_top_20250705_t1.geojson,D:\projects\illegal_parking_project\align\H\0002_top_20250705_t1.npy
113,c,0002_top_20250705_t0,0002_top_20250705_t1,456.0,479.0,491.0,539.0,35.0,60.0,539.0,506.0,575.0,566.0,36,60,2.236,109.786,111.288,1.014,10,0.02,Yes,539.0,506.0,575.0,566.0,D:\projects\illegal_parking_project\data\images\0002_top_20250705_t1.png,True,True,539.0,506.0,36.0,60.0,557.0,536.0,1445.6567943660646,1172.6049737036565,OK,False,0002_top_20250705_t1,D:\projects\illegal_parking_project\align\polygons\0002_top_20250705_t1.geojson,D:\projects\illegal_parking_project\align\H\0002_top_20250705_t1.npy
114,c,0002_top_20250705_t0,0002_top_20250705_t1,397.0,456.0,436.0,518.0,39.0,62.0,480.0,484.0,520.0,544.0,40,60,3.0,115.521,118.562,1.026,10,0.026,Yes,480.0,484.0,520.0,544.0,D:\projects\illegal_parking_project\data\images\0002_top_20250705_t1.png,True,True,480.0,484.0,40.0,60.0,500.0,514.0,1450.0075560605799,1173.77617727734,OK,False,0002_top_20250705_t1,D:\projects\illegal_parking_project\align\polygons\0002_top_20250705_t1.geojson,D:\projects\illegal_parking_project\align\H\0002_top_20250705_t1.npy
115,c,0002_top_20250705_t0,0002_top_20250705_t1,437.0,418.0,471.0,478.0,34.0,60.0,522.0,448.0,556.0,505.0,34,57,6.021,108.977,106.963,0.982,10,0.055,Yes,522.0,448.0,556.0,505.0,D:\projects\illegal_parking_project\data\images\0002_top_20250705_t1.png,True,True,522.0,448.0,34.0,57.0,539.0,476.5,1461.7501429070398,1180.2268036208986,OK,False,0002_top_20250705_t1,D:\projects\illegal_parking_project\align\polygons\0002_top_20250705_t1.geojson,D:\projects\illegal_parking_project\align\H\0002_top_20250705_t1.npy
116,c,0002_top_20250705_t0,0002_top_20250705_t1,284.0,274.0,319.0,336.0,35.0,62.0,366.0,308.0,401.0,365.0,35,57,7.906,108.19,112.486,1.04,10,0.073,Yes,366.0,308.0,401.0,365.0,D:\projects\illegal_parking_project\data\images\0002_top_20250705_t1.png,True,True,366.0,308.0,35.0,57.0,383.5,336.5,1486.9862893294455,1196.9296360991239,OK,False,0002_top_20250705_t1,D:\projects\illegal_parking_project\align\polygons\0002_top_20250705_t1.geojson,D:\projects\illegal_parking_project\align\H\0002_top_20250705_t1.npy
117,c,0002_top_20250705_t0,0002_top_20250705_t1,376.0,198.0,412.0,251.0,36.0,53.0,458.0,230.0,492.0,285.0,34,55,9.605,108.577,113.217,1.043,10,0.088,Yes,458.0,230.0,492.0,285.0,D:\projects\illegal_parking_project\data\images\0002_top_20250705_t1.png,True,True,458.0,230.0,34.0,55.0,475.0,257.5,1504.3284848270202,1195.2837261522784,OK,False,0002_top_20250705_t1,D:\projects\illegal_parking_project\align\polygons\0002_top_20250705_t1.geojson,D:\projects\illegal_parking_project\align\H\0002_top_20250705_t1.npy
118,c,0002_top_20250705_t0,0002_top_20250705_t1,262.0,293.0,300.0,351.0,38.0,58.0,345.0,326.0,380.0,382.0,35,56,9.899,108.374,111.072,1.025,10,0.091,Yes,345.0,326.0,380.0,382.0,D:\projects\illegal_parking_project\data\images\0002_top_20250705_t1.png,True,True,345.0,326.0,35.0,56.0,362.5,354.0,1484.6652455723445,1197.9484368218787,OK,False,0002_top_20250705_t1,D:\projects\illegal_parking_project\align\polygons\0002_top_20250705_t1.geojson,D:\projects\illegal_parking_project\align\H\0002_top_20250705_t1.npy
119,c,0002_top_20250705_t0,0002_top_20250705_t1,399.0,184.0,430.0,237.0,31.0,53.0,481.0,219.0,511.0,268.0,30,49,9.925,101.912,100.499,0.986,10,0.097,Yes,481.0,219.0,511.0,268.0,D:\projects\illegal_parking_project\data\images\0002_top_20250705_t1.png,True,True,481.0,219.0,30.0,49.0,496.0,243.5,1511.4423714681343,1199.7544829187066,OK,False,0002_top_20250705_t1,D:\projects\illegal_parking_project\align\polygons\0002_top_20250705_t1.geojson,D:\projects\illegal_parking_project\align\H\0002_top_20250705_t1.npy
120,c,0002_top_20250705_t0,0002_top_20250705_t1,497.0,372.0,529.0,429.0,32.0,57.0,581.0,403.0,613.0,455.0,32,52,3.905,106.217,101.415,0.955,10,0.037,Yes,581.0,403.0,613.0,455.0,D:\projects\illegal_parking_project\data\images\0002_top_20250705_t1.png,True,True,581.0,403.0,32.0,52.0,597.0,429.0,1478.0223243912776,1182.52240101053,OK,False,0002_top_20250705_t1,D:\projects\illegal_parking_project\align\polygons\0002_top_20250705_t1.geojson,D:\projects\illegal_parking_project\align\H\0002_top_20250705_t1.npy
121,c,0002_top_20250705_t0,0002_top_20250705_t1,475.0,476.0,512.0,539.0,37.0,63.0,561.0,502.0,596.0,565.0,35,63,4.301,115.521,112.61,0.975,10,0.037,Yes,561.0,502.0,596.0,565.0,D:\projects\illegal_parking_project\data\images\0002_top_20250705_t1.png,True,True,561.0,502.0,35.0,63.0,578.5,533.5,1440.9140980043055,1171.0310233799826,OK,False,0002_top_20250705_t1,D:\projects\illegal_parking_project\align\polygons\0002_top_20250705_t1.geojson,D:\projects\illegal_parking_project\align\H\0002_top_20250705_t1.npy
122,c,0002_top_20250705_t0,0002_top_20250705_t1,418.0,438.0,459.0,498.0,41.0,60.0,502.0,467.0,542.0,523.0,40,56,4.123,119.331,115.256,0.966,10,0.035,Yes,502.0,467.0,542.0,523.0,D:\projects\illegal_parking_project\data\images\0002_top_20250705_t1.png,True,True,502.0,467.0,40.0,56.0,522.0,495.0,1460.5544974749168,1174.4599985368152,OK,False,0002_top_20250705_t1,D:\projects\illegal_parking_project\align\polygons\0002_top_20250705_t1.geojson,D:\projects\illegal_parking_project\align\H\0002_top_20250705_t1.npy
123,c,0002_top_20250705_t0,0002_top_20250705_t1,159.0,369.0,198.0,429.0,39.0,60.0,242.0,396.0,281.0,456.0,39,60,26.101,104.69,118.191,1.129,10,0.249,Yes,242.0,396.0,281.0,456.0,D:\projects\illegal_parking_project\data\images\0002_top_20250705_t1.png,True,True,242.0,396.0,39.0,60.0,261.5,426.0,1464.973846383347,1198.5137942166539,OK,False,0002_top_20250705_t1,D:\projects\illegal_parking_project\align\polygons\0002_top_20250705_t1.geojson,D:\projects\illegal_parking_project\align\H\0002_top_20250705_t1.npy
124,c,0002_top_20250705_t0,0002_top_20250705_t1,396.0,12.0,436.0,70.0,40.0,58.0,475.0,50.0,514.0,107.0,39,57,14.765,127.142,131.046,1.031,10,0.116,Yes,475.0,50.0,514.0,107.0,D:\projects\illegal_parking_project\data\images\0002_top_20250705_t1.png,True,True,475.0,50.0,39.0,57.0,494.5,78.5,1537.2721180744259,1196.568619586323,OK,False,0002_top_20250705_t1,D:\projects\illegal_parking_project\align\polygons\0002_top_20250705_t1.geojson,D:\projects\illegal_parking_project\align\H\0002_top_20250705_t1.npy
125,c,0002_top_20250705_t0,0002_top_20250705_t1,356.0,39.0,395.0,95.0,39.0,56.0,418.0,92.0,453.0,149.0,35,57,37.336,120.739,123.069,1.019,10,0.309,Yes,418.0,92.0,453.0,149.0,D:\projects\illegal_parking_project\data\images\0002_top_20250705_t1.png,True,True,418.0,92.0,35.0,57.0,435.5,120.5,1528.3772536475676,1203.1039222552863,OK,False,0002_top_20250705_t1,D:\projects\illegal_parking_project\align\polygons\0002_top_20250705_t1.geojson,D:\projects\illegal_parking_project\align\H\0002_top_20250705_t1.npy
126,c,0002_top_20250705_t0,0002_top_20250705_t1,417.0,0.0,452.0,54.0,35.0,54.0,497.0,38.0,531.0,92.0,34,54,13.435,116.387,120.283,1.033,10,0.115,Yes,497.0,38.0,531.0,92.0,D:\projects\illegal_parking_project\data\images\0002_top_20250705_t1.png,True,True,497.0,38.0,34.0,54.0,514.0,65.0,1540.0703999883572,1201.1432507148259,OK,False,0002_top_20250705_t1,D:\projects\illegal_parking_project\align\polygons\0002_top_20250705_t1.geojson,D:\projects\illegal_parking_project\align\H\0002_top_20250705_t1.npy
127,c,0002_top_20250705_t0,0002_top_20250705_t1,379.0,25.0,415.0,84.0,36.0,59.0,436.0,79.0,474.0,133.0,38,54,40.115,119.67,124.74,1.042,10,0.335,Yes,436.0,79.0,474.0,133.0,D:\projects\illegal_parking_project\data\images\0002_top_20250705_t1.png,True,True,436.0,79.0,38.0,54.0,455.0,106.0,1532.6589224593968,1199.7369793848839,OK,False,0002_top_20250705_t1,D:\projects\illegal_parking_project\align\polygons\0002_top_20250705_t1.geojson,D:\projects\illegal_parking_project\align\H\0002_top_20250705_t1.npy
128,c,0002_top_20250705_t0,0002_top_20250705_t1,426.0,173.0,450.0,224.0,24.0,51.0,506.0,209.0,531.0,256.0,25,47,7.433,89.107,91.22,1.024,10,0.083,Yes,506.0,209.0,531.0,256.0,D:\projects\illegal_parking_project\data\images\0002_top_20250705_t1.png,True,True,506.0,209.0,25.0,47.0,518.5,232.5,1514.3282235559648,1204.595057505554,OK,False,0002_top_20250705_t1,D:\projects\illegal_parking_project\align\polygons\0002_top_20250705_t1.geojson,D:\projects\illegal_parking_project\align\H\0002_top_20250705_t1.npy
129,c,0002_top_20250705_t0,0002_top_20250705_t1,475.0,386.0,514.0,441.0,39.0,55.0,559.0,416.0,595.0,468.0,36,52,3.162,116.039,107.299,0.925,10,0.027,Yes,559.0,416.0,595.0,468.0,D:\projects\illegal_parking_project\data\images\0002_top_20250705_t1.png,True,True,559.0,416.0,36.0,52.0,577.0,442.0,1476.2012574451699,1178.5019257735453,OK,False,0002_top_20250705_t1,D:\projects\illegal_parking_project\align\polygons\0002_top_20250705_t1.geojson,D:\projects\illegal_parking_project\align\H\0002_top_20250705_t1.npy
130,c,0002_top_20250705_t0,0002_top_20250705_t1,456.0,401.0,493.0,457.0,37.0,56.0,541.0,428.0,578.0,486.0,37,58,7.159,111.521,113.455,1.017,10,0.064,Yes,541.0,428.0,578.0,486.0,D:\projects\illegal_parking_project\data\images\0002_top_20250705_t1.png,True,True,541.0,428.0,37.0,58.0,559.5,457.0,1464.5251693545279,1175.809351884517,OK,False,0002_top_20250705_t1,D:\projects\illegal_parking_project\align\polygons\0002_top_20250705_t1.geojson,D:\projects\illegal_parking_project\align\H\0002_top_20250705_t1.npy
131,c,0002_top_20250705_t0,0002_top_20250705_t1,225.0,134.0,263.0,200.0,38.0,66.0,306.0,172.0,343.0,233.0,37,61,23.259,118.089,126.574,1.072,10,0.197,Yes,306.0,172.0,343.0,233.0,D:\projects\illegal_parking_project\data\images\0002_top_20250705_t1.png,True,True,306.0,172.0,37.0,61.0,324.5,202.5,1509.3556745798646,1205.445828636288,OK,False,0002_top_20250705_t1,D:\projects\illegal_parking_project\align\polygons\0002_top_20250705_t1.geojson,D:\projects\illegal_parking_project\align\H\0002_top_20250705_t1.npy
132,c,0002_top_20250705_t0,0002_top_20250705_t1,515.0,442.0,553.0,499.0,38.0,57.0,597.0,469.0,638.0,526.0,41,57,4.743,115.884,117.614,1.015,10,0.041,Yes,597.0,469.0,638.0,526.0,D:\projects\illegal_parking_project\data\images\0002_top_20250705_t1.png,True,True,597.0,469.0,41.0,57.0,617.5,497.5,1459.5879060265015,1164.7380416067924,OK,False,0002_top_20250705_t1,D:\projects\illegal_parking_project\align\polygons\0002_top_20250705_t1.geojson,D:\projects\illegal_parking_project\align\H\0002_top_20250705_t1.npy
133,c,0002_top_20250705_t0,0002_top_20250705_t1,492.0,459.0,533.0,517.0,41.0,58.0,577.0,485.0,618.0,546.0,41,61,4.243,119.633,120.88,1.01,10,0.035,Yes,577.0,485.0,618.0,546.0,D:\projects\illegal_parking_project\data\images\0002_top_20250705_t1.png,True,True,577.0,485.0,41.0,61.0,597.5,515.5,1449.1812214539514,1163.9566908861084,OK,False,0002_top_20250705_t1,D:\projects\illegal_parking_project\align\polygons\0002_top_20250705_t1.geojson,D:\projects\illegal_parking_project\align\H\0002_top_20250705_t1.npy
134,c,0002_top_20250705_t0,0002_top_20250705_t1,325.0,68.0,357.0,124.0,32.0,56.0,407.0,106.0,434.0,159.0,27,53,17.847,106.075,103.276,0.974,10,0.168,Yes,407.0,106.0,434.0,159.0,D:\projects\illegal_parking_project\data\images\0002_top_20250705_t1.png,True,True,407.0,106.0,27.0,53.0,420.5,132.5,1526.9621977372478,1211.1560022229787,OK,False,0002_top_20250705_t1,D:\projects\illegal_parking_project\align\polygons\0002_top_20250705_t1.geojson,D:\projects\illegal_parking_project\align\H\0002_top_20250705_t1.npy
135,c,0002_top_20250705_t0,0002_top_20250705_t1,533.0,422.0,572.0,479.0,39.0,57.0,616.0,446.0,639.0,510.0,23,64,20.359,118.849,97.082,0.817,10,0.171,Yes,616.0,446.0,639.0,510.0,D:\projects\illegal_parking_project\data\images\0002_top_20250705_t1.png,True,True,616.0,446.0,23.0,64.0,627.5,478.0,1449.3723883477423,1185.5759996584304,OK,False,0002_top_20250705_t1,D:\projects\illegal_parking_project\align\polygons\0002_top_20250705_t1.geojson,D:\projects\illegal_parking_project\align\H\0002_top_20250705_t1.npy
136,c,0002_top_20250705_t0,0002_top_20250705_t1,175.0,435.0,217.0,498.0,42.0,63.0,281.0,452.0,320.0,515.0,39,63,19.164,110.39,119.553,1.083,10,0.174,Yes,281.0,452.0,320.0,515.0,D:\projects\illegal_parking_project\data\images\0002_top_20250705_t1.png,True,True,281.0,452.0,39.0,63.0,300.5,483.5,1449.09719511688,1191.3535134940844,OK,False,0002_top_20250705_t1,D:\projects\illegal_parking_project\align\polygons\0002_top_20250705_t1.geojson,D:\projects\illegal_parking_project\align\H\0002_top_20250705_t1.npy
137,c,0002_top_20250705_t0,0002_top_20250705_t1,197.0,426.0,239.0,488.0,42.0,62.0,288.0,456.0,317.0,510.0,29,54,16.194,111.126,94.763,0.853,10,0.146,Yes,288.0,456.0,317.0,510.0,D:\projects\illegal_parking_project\data\images\0002_top_20250705_t1.png,True,True,288.0,456.0,29.0,54.0,302.5,483.0,1462.8725582082263,1201.0827898172993,OK,False,0002_top_20250705_t1,D:\projects\illegal_parking_project\align\polygons\0002_top_20250705_t1.geojson,D:\projects\illegal_parking_project\align\H\0002_top_20250705_t1.npy
138,c,0002_top_20250705_t0,0002_top_20250705_t1,433.0,238.0,474.0,295.0,41.0,57.0,500.0,283.0,535.0,340.0,35,57,32.638,123.065,114.691,0.932,10,0.265,Yes,500.0,283.0,535.0,340.0,D:\projects\illegal_parking_project\data\images\0002_top_20250705_t1.png,True,True,500.0,283.0,35.0,57.0,517.5,311.5,1492.873254630403,1188.270375922736,OK,False,0002_top_20250705_t1,D:\projects\illegal_parking_project\align\polygons\0002_top_20250705_t1.geojson,D:\projects\illegal_parking_project\align\H\0002_top_20250705_t1.npy
139,c,0002_top_20250705_t0,0002_top_20250705_t1,420.0,175.0,453.0,229.0,33.0,54.0,499.0,211.0,534.0,261.0,35,50,7.106,106.963,111.396,1.041,10,0.066,Yes,499.0,211.0,534.0,261.0,D:\projects\illegal_parking_project\data\images\0002_top_20250705_t1.png,True,True,499.0,211.0,35.0,50.0,516.5,236.0,1512.639418610231,1193.1630404812988,OK,False,0002_top_20250705_t1,D:\projects\illegal_parking_project\align\polygons\0002_top_20250705_t1.geojson,D:\projects\illegal_parking_project\align\H\0002_top_20250705_t1.npy
140,c,0002_top_20250705_t0,0002_top_20250705_t1,340.0,53.0,376.0,112.0,36.0,59.0,400.0,102.0,438.0,160.0,38,58,36.366,116.103,128.818,1.11,10,0.313,Yes,400.0,102.0,438.0,160.0,D:\projects\illegal_parking_project\data\images\0002_top_20250705_t1.png,True,True,400.0,102.0,38.0,58.0,419.0,131.0,1526.1064008438789,1201.0855557945317,OK,False,0002_top_20250705_t1,D:\projects\illegal_parking_project\align\polygons\0002_top_20250705_t1.geojson,D:\projects\illegal_parking_project\align\H\0002_top_20250705_t1.npy
141,c,0002_top_20250705_t0,0002_top_20250705_t1,260.0,378.0,293.0,433.0,33.0,55.0,342.0,405.0,377.0,460.0,35,55,7.906,96.208,107.564,1.118,10,0.082,Yes,342.0,405.0,377.0,460.0,D:\projects\illegal_parking_project\data\images\0002_top_20250705_t1.png,True,True,342.0,405.0,35.0,55.0,359.5,432.5,1471.4702140025065,1194.9541219736864,OK,False,0002_top_20250705_t1,D:\projects\illegal_parking_project\align\polygons\0002_top_20250705_t1.geojson,D:\projects\illegal_parking_project\align\H\0002_top_20250705_t1.npy
142,c,0002_top_20250705_t0,0002_top_20250705_t1,337.0,482.0,374.0,545.0,37.0,63.0,420.0,511.0,458.0,567.0,38,56,1.581,108.931,109.343,1.004,10,0.015,Yes,420.0,511.0,458.0,567.0,D:\projects\illegal_parking_project\data\images\0002_top_20250705_t1.png,True,True,420.0,511.0,38.0,56.0,439.0,539.0,1451.3121847527343,1181.2124109692336,OK,False,0002_top_20250705_t1,D:\projects\illegal_parking_project\align\polygons\0002_top_20250705_t1.geojson,D:\projects\illegal_parking_project\align\H\0002_top_20250705_t1.npy
143,c,0002_top_20250705_t0,0002_top_20250705_t1,396.0,269.0,435.0,325.0,39.0,56.0,459.0,319.0,497.0,377.0,38,58,38.685,115.109,119.097,1.035,10,0.336,Yes,459.0,319.0,497.0,377.0,D:\projects\illegal_parking_project\data\images\0002_top_20250705_t1.png,True,True,459.0,319.0,38.0,58.0,478.0,348.0,1484.8295763798387,1186.1993453507766,OK,False,0002_top_20250705_t1,D:\projects\illegal_parking_project\align\polygons\0002_top_20250705_t1.geojson,D:\projects\illegal_parking_project\align\H\0002_top_20250705_t1.npy
144,c,0002_top_20250705_t0,0002_top_20250705_t1,378.0,466.0,414.0,525.0,36.0,59.0,463.0,494.0,501.0,551.0,38,57,7.28,106.888,111.396,1.042,10,0.068,Yes,463.0,494.0,501.0,551.0,D:\projects\illegal_parking_project\data\images\0002_top_20250705_t1.png,True,True,463.0,494.0,38.0,57.0,482.0,522.5,1453.0671447993411,1178.132161836285,OK,False,0002_top_20250705_t1,D:\projects\illegal_parking_project\align\polygons\0002_top_20250705_t1.geojson,D:\projects\illegal_parking_project\align\H\0002_top_20250705_t1.npy
145,c,0002_top_20250705_t0,0002_top_20250705_t1,302.0,84.0,340.0,140.0,38.0,56.0,382.0,123.0,419.0,178.0,37,55,16.008,114.11,123.167,1.079,10,0.14,Yes,382.0,123.0,419.0,178.0,D:\projects\illegal_parking_project\data\images\0002_top_20250705_t1.png,True,True,382.0,123.0,37.0,55.0,400.5,150.5,1523.587674248511,1202.8498164558612,OK,False,0002_top_20250705_t1,D:\projects\illegal_parking_project\align\polygons\0002_top_20250705_t1.geojson,D:\projects\illegal_parking_project\align\H\0002_top_20250705_t1.npy
146,c,0002_top_20250705_t0,0002_top_20250705_t1,454.0,222.0,492.0,280.0,38.0,58.0,537.0,256.0,573.0,310.0,36,54,6.708,120.104,114.215,0.951,10,0.056,Yes,537.0,256.0,573.0,310.0,D:\projects\illegal_parking_project\data\images\0002_top_20250705_t1.png,True,True,537.0,256.0,36.0,54.0,555.0,283.0,1501.5342612095462,1186.370616167333,OK,False,0002_top_20250705_t1,D:\projects\illegal_parking_project\align\polygons\0002_top_20250705_t1.geojson,D:\projects\illegal_parking_project\align\H\0002_top_20250705_t1.npy
147,c,0002_top_20250705_t0,0002_top_20250705_t1,355.0,302.0,395.0,360.0,40.0,58.0,443.0,335.0,473.0,388.0,30,53,6.519,114.978,100.449,0.874,10,0.057,Yes,443.0,335.0,473.0,388.0,D:\projects\illegal_parking_project\data\images\0002_top_20250705_t1.png,True,True,443.0,335.0,30.0,53.0,458.0,361.5,1487.1346723731901,1196.2813086822807,OK,False,0002_top_20250705_t1,D:\projects\illegal_parking_project\align\polygons\0002_top_20250705_t1.geojson,D:\projects\illegal_parking_project\align\H\0002_top_20250705_t1.npy
148,c,0002_top_20250705_t0,0002_top_20250705_t1,403.0,12.0,431.0,65.0,28.0,53.0,482.0,49.0,510.0,102.0,28,53,15.116,101.833,108.904,1.069,10,0.148,Yes,482.0,49.0,510.0,102.0,D:\projects\illegal_parking_project\data\images\0002_top_20250705_t1.png,True,True,482.0,49.0,28.0,53.0,496.0,75.5,1537.6172796076905,1208.2803860635138,OK,False,0002_top_20250705_t1,D:\projects\illegal_parking_project\align\polygons\0002_top_20250705_t1.geojson,D:\projects\illegal_parking_project\align\H\0002_top_20250705_t1.npy
149,c,0002_top_20250705_t0,0002_top_20250705_t1,238.0,390.0,278.0,451.0,40.0,61.0,321.0,422.0,360.0,481.0,39,59,12.0,110.39,116.181,1.052,10,0.109,Yes,321.0,422.0,360.0,481.0,D:\projects\illegal_parking_project\data\images\0002_top_20250705_t1.png,True,True,321.0,422.0,39.0,59.0,340.5,451.5,1462.1836708343337,1191.1849644750043,OK,False,0002_top_20250705_t1,D:\projects\illegal_parking_project\align\polygons\0002_top_20250705_t1.geojson,D:\projects\illegal_parking_project\align\H\0002_top_20250705_t1.npy
150,c,0002_top_20250705_t0,0002_top_20250705_t1,378.0,285.0,413.0,342.0,35.0,57.0,463.0,317.0,492.0,373.0,29,56,5.408,109.041,102.533,0.94,10,0.05,Yes,463.0,317.0,492.0,373.0,D:\projects\illegal_parking_project\data\images\0002_top_20250705_t1.png,True,True,463.0,317.0,29.0,56.0,477.5,345.0,1486.6279818324992,1195.9259377998485,OK,False,0002_top_20250705_t1,D:\projects\illegal_parking_project\align\polygons\0002_top_20250705_t1.geojson,D:\projects\illegal_parking_project\align\H\0002_top_20250705_t1.npy
151,c,0002_top_20250705_t0,0002_top_20250705_t1,276.0,365.0,317.0,421.0,41.0,56.0,360.0,396.0,399.0,452.0,39,56,4.123,109.986,115.624,1.051,10,0.037,Yes,360.0,396.0,399.0,452.0,D:\projects\illegal_parking_project\data\images\0002_top_20250705_t1.png,True,True,360.0,396.0,39.0,56.0,379.5,424.0,1472.176679271255,1190.3471764254114,OK,False,0002_top_20250705_t1,D:\projects\illegal_parking_project\align\polygons\0002_top_20250705_t1.geojson,D:\projects\illegal_parking_project\align\H\0002_top_20250705_t1.npy
152,c,0002_top_20250705_t0,0002_top_20250705_t1,364.0,41.0,392.0,93.0,28.0,52.0,443.0,80.0,471.0,131.0,28,51,14.773,97.591,105.361,1.08,10,0.151,Yes,443.0,80.0,471.0,131.0,D:\projects\illegal_parking_project\data\images\0002_top_20250705_t1.png,True,True,443.0,80.0,28.0,51.0,457.0,105.5,1532.7702719327915,1209.455904852952,OK,False,0002_top_20250705_t1,D:\projects\illegal_parking_project\align\polygons\0002_top_20250705_t1.geojson,D:\projects\illegal_parking_project\align\H\0002_top_20250705_t1.npy
153,c,0002_top_20250705_t0,0002_top_20250705_t1,415.0,250.0,453.0,309.0,38.0,59.0,479.0,300.0,517.0,359.0,38,59,34.562,117.796,120.507,1.023,10,0.293,Yes,479.0,300.0,517.0,359.0,D:\projects\illegal_parking_project\data\images\0002_top_20250705_t1.png,True,True,479.0,300.0,38.0,59.0,498.0,329.5,1487.48329319202,1185.2140005864164,OK,False,0002_top_20250705_t1,D:\projects\illegal_parking_project\align\polygons\0002_top_20250705_t1.geojson,D:\projects\illegal_parking_project\align\H\0002_top_20250705_t1.npy
154,c,0002_top_20250705_t0,0002_top_20250705_t1,518.0,443.0,548.0,494.0,30.0,51.0,603.0,473.0,633.0,524.0,30,51,1.118,97.082,95.016,0.979,10,0.012,Yes,603.0,473.0,633.0,524.0,D:\projects\illegal_parking_project\data\images\0002_top_20250705_t1.png,True,True,603.0,473.0,30.0,51.0,618.0,498.5,1467.5577569007671,1181.1828360242084,OK,False,0002_top_20250705_t1,D:\projects\illegal_parking_project\align\polygons\0002_top_20250705_t1.geojson,D:\projects\illegal_parking_project\align\H\0002_top_20250705_t1.npy
155,c,0002_top_20250705_t0,0002_top_20250705_t1,442.0,239.0,468.0,293.0,26.0,54.0,524.0,273.0,550.0,322.0,26,49,6.946,94.048,91.935,0.978,10,0.074,Yes,524.0,273.0,550.0,322.0,D:\projects\illegal_parking_project\data\images\0002_top_20250705_t1.png,True,True,524.0,273.0,26.0,49.0,537.0,297.5,1502.4212137640723,1199.5327204343957,OK,False,0002_top_20250705_t1,D:\projects\illegal_parking_project\align\polygons\0002_top_20250705_t1.geojson,D:\projects\illegal_parking_project\align\H\0002_top_20250705_t1.npy
156,c,0002_top_20250705_t0,0002_top_20250705_t1,300.0,350.0,335.0,408.0,35.0,58.0,383.0,380.0,418.0,437.0,35,57,3.041,104.005,110.39,1.061,10,0.029,Yes,383.0,380.0,418.0,437.0,D:\projects\illegal_parking_project\data\images\0002_top_20250705_t1.png,True,True,383.0,380.0,35.0,57.0,400.5,408.5,1473.5037185830513,1192.357225557828,OK,False,0002_top_20250705_t1,D:\projects\illegal_parking_project\align\polygons\0002_top_20250705_t1.geojson,D:\projects\illegal_parking_project\align\H\0002_top_20250705_t1.npy
157,c,0002_top_20250705_t0,0002_top_20250705_t1,421.0,2.0,447.0,48.0,26.0,46.0,500.0,35.0,525.0,84.0,25,49,17.678,92.698,99.725,1.076,10,0.191,Yes,500.0,35.0,525.0,84.0,D:\projects\illegal_parking_project\data\images\0002_top_20250705_t1.png,True,True,500.0,35.0,25.0,49.0,512.5,59.5,1540.9938267368295,1211.4274635245745,OK,False,0002_top_20250705_t1,D:\projects\illegal_parking_project\align\polygons\0002_top_20250705_t1.geojson,D:\projects\illegal_parking_project\align\H\0002_top_20250705_t1.npy
158,c,0002_top_20250705_t0,0002_top_20250705_t1,316.0,335.0,355.0,394.0,39.0,59.0,399.0,365.0,438.0,424.0,39,59,3.808,112.699,119.754,1.063,10,0.034,Yes,399.0,365.0,438.0,424.0,D:\projects\illegal_parking_project\data\images\0002_top_20250705_t1.png,True,True,399.0,365.0,39.0,59.0,418.5,394.5,1474.1153255681888,1187.5473237902297,OK,False,0002_top_20250705_t1,D:\projects\illegal_parking_project\align\polygons\0002_top_20250705_t1.geojson,D:\projects\illegal_parking_project\align\H\0002_top_20250705_t1.npy
159,c,0002_top_20250705_t0,0002_top_20250705_t1,257.0,116.0,296.0,175.0,39.0,59.0,342.0,153.0,380.0,211.0,38,58,17.755,115.434,125.936,1.091,10,0.154,Yes,342.0,153.0,380.0,211.0,D:\projects\illegal_parking_project\data\images\0002_top_20250705_t1.png,True,True,342.0,153.0,38.0,58.0,361.0,182.0,1515.7439527148817,1203.309931181552,OK,False,0002_top_20250705_t1,D:\projects\illegal_parking_project\align\polygons\0002_top_20250705_t1.geojson,D:\projects\illegal_parking_project\align\H\0002_top_20250705_t1.npy
160,c,0002_top_20250705_t0,0002_top_20250705_t1,478.0,209.0,508.0,263.0,30.0,54.0,558.0,245.0,595.0,299.0,37,54,6.5,104.062,116.387,1.118,10,0.062,Yes,558.0,245.0,595.0,299.0,D:\projects\illegal_parking_project\data\images\0002_top_20250705_t1.png,True,True,558.0,245.0,37.0,54.0,576.5,272.0,1503.8298151812276,1184.0329989634583,OK,False,0002_top_20250705_t1,D:\projects\illegal_parking_project\align\polygons\0002_top_20250705_t1.geojson,D:\projects\illegal_parking_project\align\H\0002_top_20250705_t1.npy
161,c,0002_top_20250705_t0,0002_top_20250705_t1,472.0,211.0,514.0,267.0,42.0,56.0,577.0,232.0,610.0,293.0,33,61,42.688,127.004,118.14,0.93,10,0.336,Yes,577.0,232.0,610.0,293.0,D:\projects\illegal_parking_project\data\images\0002_top_20250705_t1.png,True,True,577.0,232.0,33.0,61.0,593.5,262.5,1499.0153160153486,1186.6036743516859,OK,False,0002_top_20250705_t1,D:\projects\illegal_parking_project\align\polygons\0002_top_20250705_t1.geojson,D:\projects\illegal_parking_project\align\H\0002_top_20250705_t1.npy
162,c,0002_top_20250705_t0,0002_top_20250705_t1,165.0,182.0,202.0,246.0,37.0,64.0,264.0,203.0,298.0,265.0,34,62,34.821,110.318,120.283,1.09,10,0.316,Yes,264.0,203.0,298.0,265.0,D:\projects\illegal_parking_project\data\images\0002_top_20250705_t1.png,True,True,264.0,203.0,34.0,62.0,281.0,234.0,1501.5859493684254,1208.8509310015058,OK,False,0002_top_20250705_t1,D:\projects\illegal_parking_project\align\polygons\0002_top_20250705_t1.geojson,D:\projects\illegal_parking_project\align\H\0002_top_20250705_t1.npy
163,c,0002_top_20250705_t0,0002_top_20250705_t1,344.0,56.0,372.0,106.0,28.0,50.0,423.0,92.0,450.0,139.0,27,47,20.396,94.069,98.29,1.045,10,0.217,Yes,423.0,92.0,450.0,139.0,D:\projects\illegal_parking_project\data\images\0002_top_20250705_t1.png,True,True,423.0,92.0,27.0,47.0,436.5,115.5,1532.3776893444349,1211.5441155867481,OK,False,0002_top_20250705_t1,D:\projects\illegal_parking_project\align\polygons\0002_top_20250705_t1.geojson,D:\projects\illegal_parking_project\align\H\0002_top_20250705_t1.npy
164,c,0002_top_20250705_t0,0002_top_20250705_t1,362.0,480.0,394.0,533.0,32.0,53.0,442.0,503.0,478.0,559.0,36,56,1.118,94.175,106.405,1.13,10,0.012,Yes,442.0,503.0,478.0,559.0,D:\projects\illegal_parking_project\data\images\0002_top_20250705_t1.png,True,True,442.0,503.0,36.0,56.0,460.0,531.0,1452.7640366912772,1181.8285087263562,OK,False,0002_top_20250705_t1,D:\projects\illegal_parking_project\align\polygons\0002_top_20250705_t1.geojson,D:\projects\illegal_parking_project\align\H\0002_top_20250705_t1.npy
165,c,0002_top_20250705_t0,0002_top_20250705_t1,339.0,320.0,370.0,373.0,31.0,53.0,419.0,347.0,455.0,405.0,36,58,5.59,95.525,114.691,1.201,10,0.059,Yes,419.0,347.0,455.0,405.0,D:\projects\illegal_parking_project\data\images\0002_top_20250705_t1.png,True,True,419.0,347.0,36.0,58.0,437.0,376.0,1478.835771655482,1189.9665239322062,OK,False,0002_top_20250705_t1,D:\projects\illegal_parking_project\align\polygons\0002_top_20250705_t1.geojson,D:\projects\illegal_parking_project\align\H\0002_top_20250705_t1.npy
166,c,0002_top_20250705_t0,0002_top_20250705_t1,383.0,24.0,411.0,79.0,28.0,55.0,458.0,63.0,495.0,123.0,37,60,11.715,102.533,130.177,1.27,10,0.114,Yes,458.0,63.0,495.0,123.0,D:\projects\illegal_parking_project\data\images\0002_top_20250705_t1.png,True,True,458.0,63.0,37.0,60.0,476.5,93.0,1533.2162357517536,1199.139925274191,OK,False,0002_top_20250705_t1,D:\projects\illegal_parking_project\align\polygons\0002_top_20250705_t1.geojson,D:\projects\illegal_parking_project\align\H\0002_top_20250705_t1.npy
167,c,0002_top_20250705_t0,0002_top_20250705_t1,516.0,362.0,547.0,413.0,31.0,51.0,598.0,385.0,634.0,442.0,36,57,5.831,100.005,112.805,1.128,10,0.058,Yes,598.0,385.0,634.0,442.0,D:\projects\illegal_parking_project\data\images\0002_top_20250705_t1.png,True,True,598.0,385.0,36.0,57.0,616.0,413.5,1474.6158829796793,1175.1090077893925,OK,False,0002_top_20250705_t1,D:\projects\illegal_parking_project\align\polygons\0002_top_20250705_t1.geojson,D:\projects\illegal_parking_project\align\H\0002_top_20250705_t1.npy
168,c,0002_top_20250705_t0,0002_top_20250705_t1,281.0,102.0,320.0,162.0,39.0,60.0,362.0,140.0,401.0,200.0,39,60,16.008,118.258,130.177,1.101,10,0.135,Yes,362.0,140.0,401.0,200.0,D:\projects\illegal_parking_project\data\images\0002_top_20250705_t1.png,True,True,362.0,140.0,39.0,60.0,381.5,170.0,1517.2028814524722,1201.1629331311653,OK,False,0002_top_20250705_t1,D:\projects\illegal_parking_project\align\polygons\0002_top_20250705_t1.geojson,D:\projects\illegal_parking_project\align\H\0002_top_20250705_t1.npy
169,c,0002_top_20250705_t0,0002_top_20250705_t1,215.0,405.0,256.0,468.0,41.0,63.0,299.0,435.0,342.0,495.0,43,60,11.045,111.803,123.434,1.104,10,0.099,Yes,299.0,435.0,342.0,495.0,D:\projects\illegal_parking_project\data\images\0002_top_20250705_t1.png,True,True,299.0,435.0,43.0,60.0,320.5,465.0,1458.1280663503844,1189.1138212991914,OK,False,0002_top_20250705_t1,D:\projects\illegal_parking_project\align\polygons\0002_top_20250705_t1.geojson,D:\projects\illegal_parking_project\align\H\0002_top_20250705_t1.npy
170,c,0002_top_20250705_t0,0002_top_20250705_t1,459.0,225.0,487.0,278.0,28.0,53.0,517.0,271.0,554.0,325.0,37,54,36.222,98.351,115.624,1.176,10,0.368,Yes,517.0,271.0,554.0,325.0,D:\projects\illegal_parking_project\data\images\0002_top_20250705_t1.png,True,True,517.0,271.0,37.0,54.0,535.5,298.0,1498.8068433244607,1186.063533638722,OK,False,0002_top_20250705_t1,D:\projects\illegal_parking_project\align\polygons\0002_top_20250705_t1.geojson,D:\projects\illegal_parking_project\align\H\0002_top_20250705_t1.npy
171,c,0002_top_20250705_t0,0002_top_20250705_t1,418.0,256.0,447.0,307.0,29.0,51.0,483.0,302.0,513.0,355.0,30,53,30.008,96.26,101.863,1.058,10,0.312,Yes,483.0,302.0,513.0,355.0,D:\projects\illegal_parking_project\data\images\0002_top_20250705_t1.png,True,True,483.0,302.0,30.0,53.0,498.0,328.5,1493.2416963320031,1195.1853687500864,OK,False,0002_top_20250705_t1,D:\projects\illegal_parking_project\align\polygons\0002_top_20250705_t1.geojson,D:\projects\illegal_parking_project\align\H\0002_top_20250705_t1.npy
172,c,0002_top_20250705_t0,0002_top_20250705_t1,223.0,406.0,252.0,464.0,29.0,58.0,306.0,436.0,338.0,490.0,32,54,11.597,90.609,100.419,1.108,10,0.128,Yes,306.0,436.0,338.0,490.0,D:\projects\illegal_parking_project\data\images\0002_top_20250705_t1.png,True,True,306.0,436.0,32.0,54.0,322.0,463.0,1466.8551546181739,1198.745395868525,OK,False,0002_top_20250705_t1,D:\projects\illegal_parking_project\align\polygons\0002_top_20250705_t1.geojson,D:\projects\illegal_parking_project\align\H\0002_top_20250705_t1.npy
173,c,0002_top_20250705_t0,0002_top_20250705_t1,318.0,242.0,352.0,298.0,34.0,56.0,399.0,277.0,432.0,330.0,33,53,6.576,104.062,107.564,1.034,10,0.063,Yes,399.0,277.0,432.0,330.0,D:\projects\illegal_parking_project\data\images\0002_top_20250705_t1.png,True,True,399.0,277.0,33.0,53.0,415.5,303.5,1497.3456569800462,1198.8344226575093,OK,False,0002_top_20250705_t1,D:\projects\illegal_parking_project\align\polygons\0002_top_20250705_t1.geojson,D:\projects\illegal_parking_project\align\H\0002_top_20250705_t1.npy
187,b,0002_top_20250707_t0,0002_top_20250707_t1,401.0,438.0,489.0,513.0,88.0,75.0,378.0,486.0,470.0,568.0,92,82,3.606,75.133,83.193,1.107,8,0.048,Yes,378.0,486.0,470.0,568.0,D:\projects\illegal_parking_project\data\images\0002_top_20250707_t1.png,True,True,378.0,486.0,92.0,82.0,424.0,527.0,618.5910275178143,768.4999702897107,OK,False,0002_top_20250707_t1,D:\projects\illegal_parking_project\align\polygons\0002_top_20250707_t1.geojson,D:\projects\illegal_parking_project\align\H\0002_top_20250707_t1.npy
188,b,0002_top_20250707_t0,0002_top_20250707_t1,273.0,83.0,327.0,169.0,54.0,86.0,245.0,112.0,302.0,202.0,57,90,2.5,59.548,61.62,1.035,8,0.042,Yes,245.0,112.0,302.0,202.0,D:\projects\illegal_parking_project\data\images\0002_top_20250707_t1.png,True,True,245.0,112.0,57.0,90.0,273.5,157.0,604.7047009413492,803.2854718374836,OK,False,0002_top_20250707_t1,D:\projects\illegal_parking_project\align\polygons\0002_top_20250707_t1.geojson,D:\projects\illegal_parking_project\align\H\0002_top_20250707_t1.npy
190,c,0002_top_20250708_t0,0002_top_20250708_t1,290.0,346.0,430.0,473.0,140.0,127.0,326.0,321.0,398.0,493.0,72,172,5.099,77.524,93.349,1.204,7,0.066,Yes,326.0,321.0,398.0,493.0,D:\projects\illegal_parking_project\data\images\0002_top_20250708_t1.jpg,True,True,326.0,321.0,72.0,172.0,362.0,407.0,738.2554984851083,571.2904940059269,OK,False,0002_top_20250708_t1,D:\projects\illegal_parking_project\align\polygons\0002_top_20250708_t1.geojson,D:\projects\illegal_parking_project\align\H\0002_top_20250708_t1.npy
191,c,0002_top_20250708_t0,0002_top_20250708_t1,309.0,220.0,436.0,313.0,127.0,93.0,274.0,239.0,345.0,399.0,71,160,1.581,72.014,93.381,1.297,7,0.022,Yes,274.0,239.0,345.0,399.0,D:\projects\illegal_parking_project\data\images\0002_top_20250708_t1.jpg,True,True,274.0,239.0,71.0,160.0,309.5,319.0,726.9496444955303,555.8709316483521,OK,False,0002_top_20250708_t1,D:\projects\illegal_parking_project\align\polygons\0002_top_20250708_t1.geojson,D:\projects\illegal_parking_project\align\H\0002_top_20250708_t1.npy
192,c,0002_top_20250708_t0,0002_top_20250708_t1,257.0,101.0,325.0,228.0,68.0,127.0,197.0,268.0,237.0,417.0,40,149,6.103,63.702,71.589,1.124,7,0.096,Yes,197.0,268.0,237.0,417.0,D:\projects\illegal_parking_project\data\images\0002_top_20250708_t1.jpg,True,True,197.0,268.0,40.0,149.0,217.0,342.5,731.9755752313804,548.7763255491117,OK,False,0002_top_20250708_t1,D:\projects\illegal_parking_project\align\polygons\0002_top_20250708_t1.geojson,D:\projects\illegal_parking_project\align\H\0002_top_20250708_t1.npy
193,c,0002_top_20250708_t0,0002_top_20250708_t1,373.0,47.0,428.0,181.0,55.0,134.0,240.0,144.0,291.0,246.0,51,102,4.61,60.208,67.941,1.128,7,0.077,Yes,240.0,144.0,291.0,246.0,D:\projects\illegal_parking_project\data\images\0002_top_20250708_t1.jpg,True,True,240.0,144.0,51.0,102.0,265.5,195.0,708.9503237419729,529.5308396512056,OK,False,0002_top_20250708_t1,D:\projects\illegal_parking_project\align\polygons\0002_top_20250708_t1.geojson,D:\projects\illegal_parking_project\align\H\0002_top_20250708_t1.npy
194,c,0002_top_20250711_t0,0002_top_20250711_t1,80.0,164.0,131.0,201.0,51.0,37.0,80.0,164.0,131.0,201.0,51,37,3.202,124.579,121.083,0.972,9,0.026,Yes,80.0,164.0,131.0,201.0,D:\projects\illegal_parking_project\data\images\0002_top_20250711_t1.jpg,True,True,80.0,164.0,51.0,37.0,105.5,182.5,2098.9346605954493,394.2391336633259,OK,False,0002_top_20250711_t1,D:\projects\illegal_parking_project\align\polygons\0002_top_20250711_t1.geojson,D:\projects\illegal_parking_project\align\H\0002_top_20250711_t1.npy
195,c,0002_top_20250711_t0,0002_top_20250711_t1,82.0,235.0,127.0,271.0,45.0,36.0,82.0,235.0,127.0,271.0,45,36,3.202,108.245,107.564,0.994,9,0.03,Yes,82.0,235.0,127.0,271.0,D:\projects\illegal_parking_project\data\images\0002_top_20250711_t1.jpg,True,True,82.0,235.0,45.0,36.0,104.5,253.0,2096.594085639552,400.0070570297317,OK,False,0002_top_20250711_t1,D:\projects\illegal_parking_project\align\polygons\0002_top_20250711_t1.geojson,D:\projects\illegal_parking_project\align\H\0002_top_20250711_t1.npy
196,c,0002_top_20250711_t0,0002_top_20250711_t1,82.0,377.0,129.0,412.0,47.0,35.0,82.0,377.0,129.0,412.0,47,35,6.325,102.591,105.418,1.028,9,0.062,Yes,82.0,377.0,129.0,412.0,D:\projects\illegal_parking_project\data\images\0002_top_20250711_t1.jpg,True,True,82.0,377.0,47.0,35.0,105.5,394.5,2089.4335288816255,410.1416893566104,OK,False,0002_top_20250711_t1,D:\projects\illegal_parking_project\align\polygons\0002_top_20250711_t1.geojson,D:\projects\illegal_parking_project\align\H\0002_top_20250711_t1.npy
197,c,0002_top_20250711_t0,0002_top_20250711_t1,206.0,300.0,233.0,371.0,27.0,71.0,206.0,300.0,233.0,371.0,27,71,3.162,111.759,114.691,1.026,9,0.028,Yes,206.0,300.0,233.0,371.0,D:\projects\illegal_parking_project\data\images\0002_top_20250711_t1.jpg,True,True,206.0,300.0,27.0,71.0,219.5,335.5,2073.4556245821855,431.4619452234346,OK,False,0002_top_20250711_t1,D:\projects\illegal_parking_project\align\polygons\0002_top_20250711_t1.geojson,D:\projects\illegal_parking_project\align\H\0002_top_20250711_t1.npy
198,c,0002_top_20250711_t0,0002_top_20250711_t1,381.0,375.0,404.0,450.0,23.0,75.0,381.0,375.0,404.0,450.0,23,75,9.434,111.198,113.864,1.024,9,0.085,Yes,381.0,375.0,404.0,450.0,D:\projects\illegal_parking_project\data\images\0002_top_20250711_t1.jpg,True,True,381.0,375.0,23.0,75.0,392.5,412.5,2058.34107305674,444.5344818220154,OK,False,0002_top_20250711_t1,D:\projects\illegal_parking_project\align\polygons\0002_top_20250711_t1.geojson,D:\projects\illegal_parking_project\align\H\0002_top_20250711_t1.npy
199,c,0002_top_20250711_t0,0002_top_20250711_t1,95.0,0.0,135.0,28.0,40.0,28.0,95.0,0.0,135.0,28.0,40,28,13.829,108.467,100.658,0.928,9,0.127,Yes,95.0,0.0,135.0,28.0,D:\projects\illegal_parking_project\data\images\0002_top_20250711_t1.jpg,True,True,95.0,0.0,40.0,28.0,115.0,14.0,2109.244527951046,380.97082830981634,OK,False,0002_top_20250711_t1,D:\projects\illegal_parking_project\align\polygons\0002_top_20250711_t1.geojson,D:\projects\illegal_parking_project\align\H\0002_top_20250711_t1.npy
200,c,0002_top_20250711_t0,0002_top_20250711_t1,421.0,374.0,449.0,452.0,28.0,78.0,421.0,374.0,449.0,452.0,28,78,9.014,125.607,128.701,1.025,9,0.072,Yes,421.0,374.0,449.0,452.0,D:\projects\illegal_parking_project\data\images\0002_top_20250711_t1.jpg,True,True,421.0,374.0,28.0,78.0,435.0,413.0,2051.657293223085,444.55962676359076,OK,False,0002_top_20250711_t1,D:\projects\illegal_parking_project\align\polygons\0002_top_20250711_t1.geojson,D:\projects\illegal_parking_project\align\H\0002_top_20250711_t1.npy
201,c,0002_top_20250711_t0,0002_top_20250711_t1,357.0,381.0,384.0,449.0,27.0,68.0,357.0,381.0,384.0,449.0,27,68,9.849,109.786,113.846,1.037,9,0.09,Yes,357.0,381.0,384.0,449.0,D:\projects\illegal_parking_project\data\images\0002_top_20250711_t1.jpg,True,True,357.0,381.0,27.0,68.0,370.5,415.0,2060.808023440821,437.6144965753514,OK,False,0002_top_20250711_t1,D:\projects\illegal_parking_project\align\polygons\0002_top_20250711_t1.geojson,D:\projects\illegal_parking_project\align\H\0002_top_20250711_t1.npy
202,c,0002_top_20250711_t0,0002_top_20250711_t1,211.0,97.0,239.0,151.0,28.0,54.0,211.0,97.0,239.0,151.0,28,54,6.5,115.261,107.49,0.933,9,0.056,Yes,211.0,97.0,239.0,151.0,D:\projects\illegal_parking_project\data\images\0002_top_20250711_t1.jpg,True,True,211.0,97.0,28.0,54.0,225.0,124.0,2097.602275478353,393.31779534414414,OK,False,0002_top_20250711_t1,D:\projects\illegal_parking_project\align\polygons\0002_top_20250711_t1.geojson,D:\projects\illegal_parking_project\align\H\0002_top_20250711_t1.npy
203,c,0002_top_20250711_t0,0002_top_20250711_t1,266.0,148.0,293.0,205.0,27.0,57.0,266.0,148.0,293.0,205.0,27,57,7.382,114.586,108.904,0.95,9,0.064,Yes,266.0,148.0,293.0,205.0,D:\projects\illegal_parking_project\data\images\0002_top_20250711_t1.jpg,True,True,266.0,148.0,27.0,57.0,279.5,176.5,2090.854209320029,399.6270392485517,OK,False,0002_top_20250711_t1,D:\projects\illegal_parking_project\align\polygons\0002_top_20250711_t1.geojson,D:\projects\illegal_parking_project\align\H\0002_top_20250711_t1.npy
204,c,0002_top_20250711_t0,0002_top_20250711_t1,231.0,113.0,257.0,161.0,26.0,48.0,231.0,113.0,257.0,161.0,26,48,6.801,104.69,98.29,0.939,9,0.065,Yes,231.0,113.0,257.0,161.0,D:\projects\illegal_parking_project\data\images\0002_top_20250711_t1.jpg,True,True,231.0,113.0,26.0,48.0,244.0,137.0,2097.7068692306125,393.0162589617199,OK,False,0002_top_20250711_t1,D:\projects\illegal_parking_project\align\polygons\0002_top_20250711_t1.geojson,D:\projects\illegal_parking_project\align\H\0002_top_20250711_t1.npy
205,c,0002_top_20250711_t0,0002_top_20250711_t1,246.0,128.0,276.0,191.0,30.0,63.0,246.0,128.0,276.0,191.0,30,63,7.159,128.004,121.631,0.95,9,0.056,Yes,246.0,128.0,276.0,191.0,D:\projects\illegal_parking_project\data\images\0002_top_20250711_t1.jpg,True,True,246.0,128.0,30.0,63.0,261.0,159.5,2090.436406113951,399.3540749165339,OK,False,0002_top_20250711_t1,D:\projects\illegal_parking_project\align\polygons\0002_top_20250711_t1.geojson,D:\projects\illegal_parking_project\align\H\0002_top_20250711_t1.npy
206,c,0002_top_20250711_t0,0002_top_20250711_t1,251.0,127.0,274.0,181.0,23.0,54.0,251.0,127.0,274.0,181.0,23,54,7.159,105.361,99.035,0.94,9,0.068,Yes,251.0,127.0,274.0,181.0,D:\projects\illegal_parking_project\data\images\0002_top_20250711_t1.jpg,True,True,251.0,127.0,23.0,54.0,262.5,154.0,2095.679506751548,397.1039757365146,OK,False,0002_top_20250711_t1,D:\projects\illegal_parking_project\align\polygons\0002_top_20250711_t1.geojson,D:\projects\illegal_parking_project\align\H\0002_top_20250711_t1.npy
207,b,0003_top_20250626_t0,0003_top_20250626_t1,253.0,285.0,279.0,380.0,26.0,95.0,245.0,248.0,273.0,367.0,28,119,4.924,67.417,77.897,1.155,8,0.073,Yes,245.0,248.0,273.0,367.0,D:\projects\illegal_parking_project\data\images\0003_top_20250626_t1.jpg,True,True,245.0,248.0,28.0,119.0,259.0,307.5,654.8251229646905,582.0409300870807,OK,False,0003_top_20250626_t1,D:\projects\illegal_parking_project\align\polygons\0003_top_20250626_t1.geojson,D:\projects\illegal_parking_project\align\H\0003_top_20250626_t1.npy
208,b,0003_top_20250626_t0,0003_top_20250626_t1,391.0,110.0,420.0,226.0,29.0,116.0,398.0,79.0,426.0,197.0,28,118,9.552,83.241,83.774,1.006,8,0.115,Yes,398.0,79.0,426.0,197.0,D:\projects\illegal_parking_project\data\images\0003_top_20250626_t1.jpg,True,True,398.0,79.0,28.0,118.0,412.0,138.0,688.1706408621692,569.4352180191156,OK,False,0003_top_20250626_t1,D:\projects\illegal_parking_project\align\polygons\0003_top_20250626_t1.geojson,D:\projects\illegal_parking_project\align\H\0003_top_20250626_t1.npy
209,b,0003_top_20250626_t0,0003_top_20250626_t1,250.0,59.0,279.0,175.0,29.0,116.0,248.0,6.0,278.0,134.0,30,128,10.012,84.22,100.648,1.195,8,0.119,Yes,248.0,6.0,278.0,134.0,D:\projects\illegal_parking_project\data\images\0003_top_20250626_t1.jpg,True,True,248.0,6.0,30.0,128.0,263.0,70.0,702.4856624542089,570.2690697729093,OK,False,0003_top_20250626_t1,D:\projects\illegal_parking_project\align\polygons\0003_top_20250626_t1.geojson,D:\projects\illegal_parking_project\align\H\0003_top_20250626_t1.npy
210,b,0003_top_20250626_t0,0003_top_20250626_t1,392.0,265.0,416.0,360.0,24.0,95.0,393.0,241.0,418.0,335.0,25,94,5.701,66.731,60.836,0.912,8,0.085,Yes,393.0,241.0,418.0,335.0,D:\projects\illegal_parking_project\data\images\0003_top_20250626_t1.jpg,True,True,393.0,241.0,25.0,94.0,405.5,288.0,670.0844199065854,575.2236118539163,OK,False,0003_top_20250626_t1,D:\projects\illegal_parking_project\align\polygons\0003_top_20250626_t1.geojson,D:\projects\illegal_parking_project\align\H\0003_top_20250626_t1.npy
212,c,0003_top_20250703_t0,0003_top_20250703_t1,403.0,356.0,426.0,458.0,23.0,102.0,154.0,280.0,183.0,400.0,29,120,3.606,73.783,76.551,1.038,6,0.049,Yes,154.0,280.0,183.0,400.0,D:\projects\illegal_parking_project\data\images\0003_top_20250703_t1.jpg,True,True,154.0,280.0,29.0,120.0,168.5,340.0,1023.2170585962351,536.2437011908213,OK,False,0003_top_20250703_t1,D:\projects\illegal_parking_project\align\polygons\0003_top_20250703_t1.geojson,D:\projects\illegal_parking_project\align\H\0003_top_20250703_t1.npy
213,c,0003_top_20250703_t0,0003_top_20250703_t1,557.0,422.0,601.0,508.0,44.0,86.0,356.0,345.0,404.0,452.0,48,107,5.701,94.048,92.655,0.985,6,0.061,Yes,356.0,345.0,404.0,452.0,D:\projects\illegal_parking_project\data\images\0003_top_20250703_t1.jpg,True,True,356.0,345.0,48.0,107.0,380.0,398.5,1011.934429115387,535.5277501256661,OK,False,0003_top_20250703_t1,D:\projects\illegal_parking_project\align\polygons\0003_top_20250703_t1.geojson,D:\projects\illegal_parking_project\align\H\0003_top_20250703_t1.npy
214,c,0003_top_20250703_t0,0003_top_20250703_t1,595.0,392.0,627.0,474.0,32.0,82.0,404.0,320.0,442.0,412.0,38,92,2.5,80.722,79.931,0.99,6,0.031,Yes,404.0,320.0,442.0,412.0,D:\projects\illegal_parking_project\data\images\0003_top_20250703_t1.jpg,True,True,404.0,320.0,38.0,92.0,423.0,366.0,1016.3707476122216,524.6018190102166,OK,False,0003_top_20250703_t1,D:\projects\illegal_parking_project\align\polygons\0003_top_20250703_t1.geojson,D:\projects\illegal_parking_project\align\H\0003_top_20250703_t1.npy
215,b,0003_top_20250707_t0,0003_top_20250707_t1,265.0,81.0,333.0,132.0,68.0,51.0,256.0,0.0,310.0,56.0,54,56,3.041,63.6,53.852,0.847,6,0.048,Yes,256.0,0.0,310.0,56.0,D:\projects\illegal_parking_project\data\images\0003_top_20250707_t1.png,True,True,256.0,0.0,54.0,56.0,283.0,28.0,442.7348543037366,856.9855041166187,OK,False,0003_top_20250707_t1,D:\projects\illegal_parking_project\align\polygons\0003_top_20250707_t1.geojson,D:\projects\illegal_parking_project\align\H\0003_top_20250707_t1.npy
216,b,0003_top_20250707_t0,0003_top_20250707_t1,447.0,522.0,500.0,640.0,53.0,118.0,279.0,456.0,331.0,540.0,52,84,5.701,74.277,58.796,0.792,6,0.077,Yes,279.0,456.0,331.0,540.0,D:\projects\illegal_parking_project\data\images\0003_top_20250707_t1.png,True,True,279.0,456.0,52.0,84.0,305.0,498.0,441.407999099553,806.8657532904547,OK,False,0003_top_20250707_t1,D:\projects\illegal_parking_project\align\polygons\0003_top_20250707_t1.geojson,D:\projects\illegal_parking_project\align\H\0003_top_20250707_t1.npy
217,b,0003_top_20250707_t0,0003_top_20250707_t1,345.0,12.0,420.0,90.0,75.0,78.0,333.0,5.0,391.0,80.0,58,75,4.61,79.511,62.008,0.78,6,0.058,Yes,333.0,5.0,391.0,80.0,D:\projects\illegal_parking_project\data\images\0003_top_20250707_t1.png,True,True,333.0,5.0,58.0,75.0,362.0,42.5,446.82317796676335,854.7124550548314,OK,False,0003_top_20250707_t1,D:\projects\illegal_parking_project\align\polygons\0003_top_20250707_t1.geojson,D:\projects\illegal_parking_project\align\H\0003_top_20250707_t1.npy
218,b,0003_top_20250707_t0,0003_top_20250707_t1,154.0,385.0,209.0,535.0,55.0,150.0,86.0,164.0,150.0,264.0,64,100,2.693,87.321,70.838,0.811,6,0.031,Yes,86.0,164.0,150.0,264.0,D:\projects\illegal_parking_project\data\images\0003_top_20250707_t1.png,True,True,86.0,164.0,64.0,100.0,118.0,214.0,436.2332385257015,832.7095727513184,OK,False,0003_top_20250707_t1,D:\projects\illegal_parking_project\align\polygons\0003_top_20250707_t1.geojson,D:\projects\illegal_parking_project\align\H\0003_top_20250707_t1.npy
222,c,0003_top_20250711_t0,0003_top_20250711_t1,74.0,198.0,124.0,362.0,50.0,164.0,74.0,198.0,124.0,362.0,50,164,0.0,118.191,120.104,1.016,6,0.0,Yes,74.0,198.0,124.0,362.0,D:\projects\illegal_parking_project\data\images\0003_top_20250711_t1.jpg,True,True,74.0,198.0,50.0,164.0,99.0,280.0,1706.3543810499282,569.882089435093,OK,False,0003_top_20250711_t1,D:\projects\illegal_parking_project\align\polygons\0003_top_20250711_t1.geojson,D:\projects\illegal_parking_project\align\H\0003_top_20250711_t1.npy
223,c,0003_top_20250711_t0,0003_top_20250711_t1,456.0,384.0,505.0,524.0,49.0,140.0,456.0,384.0,505.0,524.0,49,140,1.414,114.586,117.414,1.025,6,0.012,Yes,456.0,384.0,505.0,524.0,D:\projects\illegal_parking_project\data\images\0003_top_20250711_t1.jpg,True,True,456.0,384.0,49.0,140.0,480.5,454.0,1686.71010056673,577.7818853918479,OK,False,0003_top_20250711_t1,D:\projects\illegal_parking_project\align\polygons\0003_top_20250711_t1.geojson,D:\projects\illegal_parking_project\align\H\0003_top_20250711_t1.npy
224,c,0003_top_20250711_t0,0003_top_20250711_t1,403.0,399.0,456.0,529.0,53.0,130.0,403.0,399.0,456.0,529.0,53,130,2.236,113.137,115.966,1.025,6,0.02,Yes,403.0,399.0,456.0,529.0,D:\projects\illegal_parking_project\data\images\0003_top_20250711_t1.jpg,True,True,403.0,399.0,53.0,130.0,429.5,464.0,1689.1794045369072,575.0173530079164,OK,False,0003_top_20250711_t1,D:\projects\illegal_parking_project\align\polygons\0003_top_20250711_t1.geojson,D:\projects\illegal_parking_project\align\H\0003_top_20250711_t1.npy
225,c,0003_top_20250711_t0,0003_top_20250711_t1,553.0,400.0,603.0,533.0,50.0,133.0,553.0,400.0,603.0,533.0,50,133,2.0,112.539,116.846,1.038,6,0.018,Yes,553.0,400.0,603.0,533.0,D:\projects\illegal_parking_project\data\images\0003_top_20250711_t1.jpg,True,True,553.0,400.0,50.0,133.0,578.0,466.5,1685.3177284987103,573.6526878524971,OK,False,0003_top_20250711_t1,D:\projects\illegal_parking_project\align\polygons\0003_top_20250711_t1.geojson,D:\projects\illegal_parking_project\align\H\0003_top_20250711_t1.npy
226,c,0004_top_20250703_t0,0004_top_20250703_t1,311.0,272.0,353.0,365.0,42.0,93.0,311.0,272.0,353.0,365.0,42,93,34.154,110.386,149.723,1.356,6,0.309,Yes,311.0,272.0,353.0,365.0,D:\projects\illegal_parking_project\data\images\0004_top_20250703_t1.jpg,True,True,311.0,272.0,42.0,93.0,332.0,318.5,1652.4618059622878,131.83463932506203,OK,False,0004_top_20250703_t1,D:\projects\illegal_parking_project\align\polygons\0004_top_20250703_t1.geojson,D:\projects\illegal_parking_project\align\H\0004_top_20250703_t1.npy
227,c,0004_top_20250703_t0,0004_top_20250703_t1,351.0,268.0,390.0,361.0,39.0,93.0,351.0,268.0,390.0,361.0,39,93,33.723,107.378,146.373,1.363,6,0.314,Yes,351.0,268.0,390.0,361.0,D:\projects\illegal_parking_project\data\images\0004_top_20250703_t1.jpg,True,True,351.0,268.0,39.0,93.0,370.5,314.5,1651.3143100592404,131.2666002274107,OK,False,0004_top_20250703_t1,D:\projects\illegal_parking_project\align\polygons\0004_top_20250703_t1.geojson,D:\projects\illegal_parking_project\align\H\0004_top_20250703_t1.npy
229,c,0004_top_20250705_t0,0004_top_20250705_t1,188.0,573.0,249.0,621.0,61.0,48.0,72.0,579.0,127.0,640.0,55,61,5.025,126.657,81.835,0.646,11,0.04,Yes,72.0,579.0,127.0,640.0,D:\projects\illegal_parking_project\data\images\0004_top_20250705_t1.jpg,True,True,72.0,579.0,55.0,61.0,99.5,609.5,1312.3291432162773,203.27645995261034,OK,False,0004_top_20250705_t1,D:\projects\illegal_parking_project\align\polygons\0004_top_20250705_t1.geojson,D:\projects\illegal_parking_project\align\H\0004_top_20250705_t1.npy
230,c,0004_top_20250705_t0,0004_top_20250705_t1,194.0,516.0,251.0,559.0,57.0,43.0,96.0,515.0,150.0,577.0,54,62,11.336,123.065,84.504,0.687,11,0.092,Yes,96.0,515.0,150.0,577.0,D:\projects\illegal_parking_project\data\images\0004_top_20250705_t1.jpg,True,True,96.0,515.0,54.0,62.0,123.0,546.0,1305.072759269553,203.63891637552007,OK,False,0004_top_20250705_t1,D:\projects\illegal_parking_project\align\polygons\0004_top_20250705_t1.geojson,D:\projects\illegal_parking_project\align\H\0004_top_20250705_t1.npy
231,c,0004_top_20250705_t0,0004_top_20250705_t1,275.0,282.0,327.0,325.0,52.0,43.0,245.0,285.0,302.0,351.0,57,66,8.062,134.358,99.358,0.74,11,0.06,Yes,245.0,285.0,302.0,351.0,D:\projects\illegal_parking_project\data\images\0004_top_20250705_t1.jpg,True,True,245.0,285.0,57.0,66.0,273.5,318.0,1277.1778829466646,211.62617756771482,OK,False,0004_top_20250705_t1,D:\projects\illegal_parking_project\align\polygons\0004_top_20250705_t1.geojson,D:\projects\illegal_parking_project\align\H\0004_top_20250705_t1.npy
232,c,0004_top_20250705_t0,0004_top_20250705_t1,262.0,437.0,321.0,483.0,59.0,46.0,187.0,464.0,248.0,538.0,61,74,1.803,127.781,100.005,0.783,11,0.014,Yes,187.0,464.0,248.0,538.0,D:\projects\illegal_parking_project\data\images\0004_top_20250705_t1.jpg,True,True,187.0,464.0,61.0,74.0,217.5,501.0,1312.1636268790917,214.8395646783236,OK,False,0004_top_20250705_t1,D:\projects\illegal_parking_project\align\polygons\0004_top_20250705_t1.geojson,D:\projects\illegal_parking_project\align\H\0004_top_20250705_t1.npy
233,c,0004_top_20250705_t0,0004_top_20250705_t1,275.0,237.0,329.0,285.0,54.0,48.0,263.0,244.0,308.0,305.0,45,61,19.105,150.629,84.172,0.559,11,0.127,Yes,263.0,244.0,308.0,305.0,D:\projects\illegal_parking_project\data\images\0004_top_20250705_t1.jpg,True,True,263.0,244.0,45.0,61.0,285.5,274.5,1267.8427190089735,205.7863003920235,OK,False,0004_top_20250705_t1,D:\projects\illegal_parking_project\align\polygons\0004_top_20250705_t1.geojson,D:\projects\illegal_parking_project\align\H\0004_top_20250705_t1.npy
234,c,0004_top_20250705_t0,0004_top_20250705_t1,256.0,487.0,316.0,532.0,60.0,45.0,169.0,518.0,228.0,595.0,59,77,3.162,123.693,96.333,0.779,11,0.026,Yes,169.0,518.0,228.0,595.0,D:\projects\illegal_parking_project\data\images\0004_top_20250705_t1.jpg,True,True,169.0,518.0,59.0,77.0,198.5,556.5,1324.7221961232467,214.92221733842288,OK,False,0004_top_20250705_t1,D:\projects\illegal_parking_project\align\polygons\0004_top_20250705_t1.geojson,D:\projects\illegal_parking_project\align\H\0004_top_20250705_t1.npy
235,c,0004_top_20250705_t0,0004_top_20250705_t1,368.0,435.0,409.0,514.0,41.0,79.0,298.0,559.0,357.0,638.0,59,79,9.341,112.432,96.426,0.858,11,0.083,Yes,298.0,559.0,357.0,638.0,D:\projects\illegal_parking_project\data\images\0004_top_20250705_t1.jpg,True,True,298.0,559.0,59.0,79.0,327.5,598.5,1334.334249143665,227.99179942934498,OK,False,0004_top_20250705_t1,D:\projects\illegal_parking_project\align\polygons\0004_top_20250705_t1.geojson,D:\projects\illegal_parking_project\align\H\0004_top_20250705_t1.npy
236,c,0004_top_20250705_t0,0004_top_20250705_t1,457.0,63.0,488.0,133.0,31.0,70.0,522.0,153.0,550.0,238.0,28,85,8.515,136.781,89.872,0.657,11,0.062,Yes,522.0,153.0,550.0,238.0,D:\projects\illegal_parking_project\data\images\0004_top_20250705_t1.jpg,True,True,522.0,153.0,28.0,85.0,536.0,195.5,1267.6323962422732,208.95067435387296,OK,False,0004_top_20250705_t1,D:\projects\illegal_parking_project\align\polygons\0004_top_20250705_t1.geojson,D:\projects\illegal_parking_project\align\H\0004_top_20250705_t1.npy
237,c,0004_top_20250705_t0,0004_top_20250705_t1,423.0,261.0,462.0,315.0,39.0,54.0,429.0,372.0,468.0,453.0,39,81,10.548,104.661,85.796,0.82,11,0.101,Yes,429.0,372.0,468.0,453.0,D:\projects\illegal_parking_project\data\images\0004_top_20250705_t1.jpg,True,True,429.0,372.0,39.0,81.0,448.5,412.5,1304.2469639323044,219.580439479662,OK,False,0004_top_20250705_t1,D:\projects\illegal_parking_project\align\polygons\0004_top_20250705_t1.geojson,D:\projects\illegal_parking_project\align\H\0004_top_20250705_t1.npy
238,c,0004_top_20250705_t0,0004_top_20250705_t1,417.0,58.0,447.0,123.0,30.0,65.0,472.0,121.0,501.0,195.0,29,74,23.259,137.131,83.815,0.611,11,0.17,Yes,472.0,121.0,501.0,195.0,D:\projects\illegal_parking_project\data\images\0004_top_20250705_t1.jpg,True,True,472.0,121.0,29.0,74.0,486.5,158.0,1256.8504285737117,205.56723396505708,OK,False,0004_top_20250705_t1,D:\projects\illegal_parking_project\align\polygons\0004_top_20250705_t1.geojson,D:\projects\illegal_parking_project\align\H\0004_top_20250705_t1.npy
239,c,0004_top_20250705_t0,0004_top_20250705_t1,270.0,352.0,325.0,397.0,55.0,45.0,221.0,371.0,272.0,439.0,51,68,5.22,131.643,89.872,0.683,11,0.04,Yes,221.0,371.0,272.0,439.0,D:\projects\illegal_parking_project\data\images\0004_top_20250705_t1.jpg,True,True,221.0,371.0,51.0,68.0,246.5,405.0,1291.390564926947,209.85617800072933,OK,False,0004_top_20250705_t1,D:\projects\illegal_parking_project\align\polygons\0004_top_20250705_t1.geojson,D:\projects\illegal_parking_project\align\H\0004_top_20250705_t1.npy
240,c,0004_top_20250705_t0,0004_top_20250705_t1,501.0,95.0,536.0,159.0,35.0,64.0,572.0,221.0,605.0,294.0,33,73,20.0,122.381,82.976,0.678,11,0.163,Yes,572.0,221.0,605.0,294.0,D:\projects\illegal_parking_project\data\images\0004_top_20250705_t1.jpg,True,True,572.0,221.0,33.0,73.0,588.5,257.5,1272.5127317655893,216.39981814490244,OK,False,0004_top_20250705_t1,D:\projects\illegal_parking_project\align\polygons\0004_top_20250705_t1.geojson,D:\projects\illegal_parking_project\align\H\0004_top_20250705_t1.npy
241,c,0004_top_20250705_t0,0004_top_20250705_t1,381.0,357.0,425.0,423.0,44.0,66.0,345.0,468.0,391.0,548.0,46,80,5.657,115.278,88.414,0.767,11,0.049,Yes,345.0,468.0,391.0,548.0,D:\projects\illegal_parking_project\data\images\0004_top_20250705_t1.jpg,True,True,345.0,468.0,46.0,80.0,368.0,508.0,1319.935585254093,221.72925965867753,OK,False,0004_top_20250705_t1,D:\projects\illegal_parking_project\align\polygons\0004_top_20250705_t1.geojson,D:\projects\illegal_parking_project\align\H\0004_top_20250705_t1.npy
242,c,0004_top_20250705_t0,0004_top_20250705_t1,411.0,288.0,451.0,351.0,40.0,63.0,403.0,403.0,440.0,489.0,37,86,6.403,112.432,86.052,0.765,11,0.057,Yes,403.0,403.0,440.0,489.0,D:\projects\illegal_parking_project\data\images\0004_top_20250705_t1.jpg,True,True,403.0,403.0,37.0,86.0,421.5,446.0,1314.9685227236312,218.81764370577034,OK,False,0004_top_20250705_t1,D:\projects\illegal_parking_project\align\polygons\0004_top_20250705_t1.geojson,D:\projects\illegal_parking_project\align\H\0004_top_20250705_t1.npy
243,c,0004_top_20250705_t0,0004_top_20250705_t1,396.0,322.0,438.0,384.0,42.0,62.0,377.0,441.0,417.0,515.0,40,74,9.192,111.732,80.66,0.722,11,0.082,Yes,377.0,441.0,417.0,515.0,D:\projects\illegal_parking_project\data\images\0004_top_20250705_t1.jpg,True,True,377.0,441.0,40.0,74.0,397.0,478.0,1308.4866546204223,218.00618881211196,OK,False,0004_top_20250705_t1,D:\projects\illegal_parking_project\align\polygons\0004_top_20250705_t1.geojson,D:\projects\illegal_parking_project\align\H\0004_top_20250705_t1.npy
253,b,0004_top_20250707_t0,0004_top_20250707_t1,265.0,37.0,325.0,109.0,60.0,72.0,228.0,97.0,290.0,144.0,62,47,3.162,58.822,62.129,1.056,10,0.054,Yes,228.0,97.0,290.0,144.0,D:\projects\illegal_parking_project\data\images\0004_top_20250707_t1.png,True,True,228.0,97.0,62.0,47.0,259.0,120.5,341.2710391828453,802.1580038315396,OK,False,0004_top_20250707_t1,D:\projects\illegal_parking_project\align\polygons\0004_top_20250707_t1.geojson,D:\projects\illegal_parking_project\align\H\0004_top_20250707_t1.npy
254,b,0004_top_20250707_t0,0004_top_20250707_t1,420.0,77.0,500.0,164.0,80.0,87.0,383.0,27.0,465.0,93.0,82,66,2.0,74.626,82.928,1.111,10,0.027,Yes,383.0,27.0,465.0,93.0,D:\projects\illegal_parking_project\data\images\0004_top_20250707_t1.png,True,True,383.0,27.0,82.0,66.0,424.0,60.0,352.4949291214286,807.8790978041636,OK,False,0004_top_20250707_t1,D:\projects\illegal_parking_project\align\polygons\0004_top_20250707_t1.geojson,D:\projects\illegal_parking_project\align\H\0004_top_20250707_t1.npy
255,b,0004_top_20250707_t0,0004_top_20250707_t1,81.0,229.0,152.0,334.0,71.0,105.0,99.0,351.0,160.0,478.0,61,127,4.031,73.246,89.14,1.217,10,0.055,Yes,99.0,351.0,160.0,478.0,D:\projects\illegal_parking_project\data\images\0004_top_20250707_t1.png,True,True,99.0,351.0,61.0,127.0,129.5,414.5,353.619381416867,746.3742075149779,OK,False,0004_top_20250707_t1,D:\projects\illegal_parking_project\align\polygons\0004_top_20250707_t1.geojson,D:\projects\illegal_parking_project\align\H\0004_top_20250707_t1.npy
256,b,0004_top_20250707_t0,0004_top_20250707_t1,290.0,542.0,350.0,635.0,60.0,93.0,355.0,527.0,407.0,637.0,52,110,1.0,59.666,76.42,1.281,10,0.017,Yes,355.0,527.0,407.0,637.0,D:\projects\illegal_parking_project\data\images\0004_top_20250707_t1.png,True,True,355.0,527.0,52.0,110.0,381.0,582.0,365.39805162911495,735.6792691636289,OK,False,0004_top_20250707_t1,D:\projects\illegal_parking_project\align\polygons\0004_top_20250707_t1.geojson,D:\projects\illegal_parking_project\align\H\0004_top_20250707_t1.npy
257,b,0004_top_20250707_t0,0004_top_20250707_t1,349.0,56.0,413.0,141.0,64.0,85.0,306.0,56.0,371.0,118.0,65,62,6.185,64.203,68.007,1.059,10,0.096,Yes,306.0,56.0,371.0,118.0,D:\projects\illegal_parking_project\data\images\0004_top_20250707_t1.png,True,True,306.0,56.0,65.0,62.0,338.5,87.0,344.9391435334851,803.6626124379204,OK,False,0004_top_20250707_t1,D:\projects\illegal_parking_project\align\polygons\0004_top_20250707_t1.geojson,D:\projects\illegal_parking_project\align\H\0004_top_20250707_t1.npy
258,b,0004_top_20250707_t0,0004_top_20250707_t1,520.0,119.0,605.0,205.0,85.0,86.0,480.0,8.0,564.0,61.0,84,53,8.86,78.032,79.404,1.018,10,0.114,Yes,480.0,8.0,564.0,61.0,D:\projects\illegal_parking_project\data\images\0004_top_20250707_t1.png,True,True,480.0,8.0,84.0,53.0,522.0,34.5,357.45330420983686,812.1591613214338,OK,False,0004_top_20250707_t1,D:\projects\illegal_parking_project\align\polygons\0004_top_20250707_t1.geojson,D:\projects\illegal_parking_project\align\H\0004_top_20250707_t1.npy
260,b,0005_top_20250626_t0,0005_top_20250626_t1,243.0,546.0,272.0,639.0,29.0,93.0,219.0,373.0,251.0,508.0,32,135,7.433,70.456,86.954,1.234,8,0.105,Yes,219.0,373.0,251.0,508.0,D:\projects\illegal_parking_project\data\images\0005_top_20250626_t1.jpg,True,True,219.0,373.0,32.0,135.0,235.0,440.5,593.9573232837936,746.1860535546958,OK,False,0005_top_20250626_t1,D:\projects\illegal_parking_project\align\polygons\0005_top_20250626_t1.geojson,D:\projects\illegal_parking_project\align\H\0005_top_20250626_t1.npy
261,b,0005_top_20250626_t0,0005_top_20250626_t1,236.0,216.0,265.0,338.0,29.0,122.0,222.0,36.0,253.0,163.0,31,127,2.828,89.185,94.414,1.059,8,0.032,Yes,222.0,36.0,253.0,163.0,D:\projects\illegal_parking_project\data\images\0005_top_20250626_t1.jpg,True,True,222.0,36.0,31.0,127.0,237.5,99.5,637.1304916274921,719.9756952553582,OK,False,0005_top_20250626_t1,D:\projects\illegal_parking_project\align\polygons\0005_top_20250626_t1.geojson,D:\projects\illegal_parking_project\align\H\0005_top_20250626_t1.npy
262,b,0005_top_20250626_t0,0005_top_20250626_t1,236.0,371.0,267.0,493.0,31.0,122.0,217.0,193.0,249.0,322.0,32,129,2.0,88.837,89.554,1.008,8,0.023,Yes,217.0,193.0,249.0,322.0,D:\projects\illegal_parking_project\data\images\0005_top_20250626_t1.jpg,True,True,217.0,193.0,32.0,129.0,233.0,257.5,618.7613080246788,731.1063303572313,OK,False,0005_top_20250626_t1,D:\projects\illegal_parking_project\align\polygons\0005_top_20250626_t1.geojson,D:\projects\illegal_parking_project\align\H\0005_top_20250626_t1.npy
263,b,0005_top_20250626_t0,0005_top_20250626_t1,395.0,466.0,420.0,553.0,25.0,87.0,383.0,305.0,409.0,396.0,26,91,14.765,59.682,76.851,1.288,8,0.247,Yes,383.0,305.0,409.0,396.0,D:\projects\illegal_parking_project\data\images\0005_top_20250626_t1.jpg,True,True,383.0,305.0,26.0,91.0,396.0,350.5,619.3009239331739,728.2932748433705,OK,False,0005_top_20250626_t1,D:\projects\illegal_parking_project\align\polygons\0005_top_20250626_t1.geojson,D:\projects\illegal_parking_project\align\H\0005_top_20250626_t1.npy
269,d,0005_top_20250705_t0,0005_top_20250705_t1,370.0,87.0,387.0,133.0,17.0,46.0,370.0,87.0,387.0,133.0,17,46,28.609,117.456,131.034,1.116,10,0.244,Yes,370.0,87.0,387.0,133.0,D:\projects\illegal_parking_project\data\images\0005_top_20250705_t1.jpg,True,True,370.0,87.0,17.0,46.0,378.5,110.0,2809.1330769213155,1678.958922688357,OK,False,0005_top_20250705_t1,D:\projects\illegal_parking_project\align\polygons\0005_top_20250705_t1.geojson,D:\projects\illegal_parking_project\align\H\0005_top_20250705_t1.npy
270,d,0005_top_20250705_t0,0005_top_20250705_t1,406.0,78.0,428.0,103.0,22.0,25.0,406.0,78.0,428.0,103.0,22,25,31.048,138.192,106.212,0.769,10,0.225,Yes,406.0,78.0,428.0,103.0,D:\projects\illegal_parking_project\data\images\0005_top_20250705_t1.jpg,True,True,406.0,78.0,22.0,25.0,417.0,90.5,2836.257590173106,1674.4136299692746,OK,False,0005_top_20250705_t1,D:\projects\illegal_parking_project\align\polygons\0005_top_20250705_t1.geojson,D:\projects\illegal_parking_project\align\H\0005_top_20250705_t1.npy
281,b,0005_top_20250707_t0,0005_top_20250707_t1,214.0,367.0,251.0,507.0,37.0,140.0,276.0,340.0,301.0,440.0,25,100,2.236,79.076,76.322,0.965,10,0.028,Yes,276.0,340.0,301.0,440.0,D:\projects\illegal_parking_project\data\images\0005_top_20250707_t1.png,True,True,276.0,340.0,25.0,100.0,288.5,390.0,768.6094862318953,1018.8456863729363,OK,False,0005_top_20250707_t1,D:\projects\illegal_parking_project\align\polygons\0005_top_20250707_t1.geojson,D:\projects\illegal_parking_project\align\H\0005_top_20250707_t1.npy
283,d,0005_top_20250709_t0,0005_top_20250709_t1,103.0,402.0,150.0,443.0,47.0,41.0,181.0,465.0,229.0,507.0,48,42,12.748,93.814,98.473,1.05,12,0.136,Yes,181.0,465.0,229.0,507.0,D:\projects\illegal_parking_project\data\images\0005_top_20250709_t1.png,True,True,181.0,465.0,48.0,42.0,205.0,486.0,1295.5065353832751,101.02799528667623,OK,False,0005_top_20250709_t1,D:\projects\illegal_parking_project\align\polygons\0005_top_20250709_t1.geojson,D:\projects\illegal_parking_project\align\H\0005_top_20250709_t1.npy
284,d,0005_top_20250709_t0,0005_top_20250709_t1,173.0,431.0,215.0,479.0,42.0,48.0,255.0,498.0,295.0,544.0,40,46,14.705,82.329,89.022,1.081,12,0.179,Yes,255.0,498.0,295.0,544.0,D:\projects\illegal_parking_project\data\images\0005_top_20250709_t1.png,True,True,255.0,498.0,40.0,46.0,275.0,521.0,1297.029793785745,110.02808390168623,OK,False,0005_top_20250709_t1,D:\projects\illegal_parking_project\align\polygons\0005_top_20250709_t1.geojson,D:\projects\illegal_parking_project\align\H\0005_top_20250709_t1.npy
285,d,0005_top_20250709_t0,0005_top_20250709_t1,215.0,122.0,236.0,193.0,21.0,71.0,287.0,176.0,311.0,245.0,24,69,7.517,93.408,93.236,0.998,12,0.08,Yes,287.0,176.0,311.0,245.0,D:\projects\illegal_parking_project\data\images\0005_top_20250709_t1.png,True,True,287.0,176.0,24.0,69.0,299.0,210.5,1293.9989741169427,85.6248557258544,OK,False,0005_top_20250709_t1,D:\projects\illegal_parking_project\align\polygons\0005_top_20250709_t1.geojson,D:\projects\illegal_parking_project\align\H\0005_top_20250709_t1.npy
287,b,0006_top_20250707_t0,0006_top_20250707_t1,9.0,182.0,48.0,302.0,39.0,120.0,293.0,164.0,328.0,271.0,35,107,6.0,102.396,89.045,0.87,8,0.059,Yes,293.0,164.0,328.0,271.0,D:\projects\illegal_parking_project\data\images\0006_top_20250707_t1.jpg,True,True,293.0,164.0,35.0,107.0,310.5,217.5,1507.9347949457308,1079.9776275668235,OK,False,0006_top_20250707_t1,D:\projects\illegal_parking_project\align\polygons\0006_top_20250707_t1.geojson,D:\projects\illegal_parking_project\align\H\0006_top_20250707_t1.npy
298,d,0006_top_20250708_t0,0006_top_20250708_t1,222.0,266.0,294.0,548.0,72.0,282.0,138.0,259.0,212.0,529.0,74,270,6.708,104.89,78.294,0.746,6,0.064,Yes,138.0,259.0,212.0,529.0,D:\projects\illegal_parking_project\data\images\0006_top_20250708_t1.jpg,True,True,138.0,259.0,74.0,270.0,175.0,394.0,801.8667543267076,935.8105496687175,OK,False,0006_top_20250708_t1,D:\projects\illegal_parking_project\align\polygons\0006_top_20250708_t1.geojson,D:\projects\illegal_parking_project\align\H\0006_top_20250708_t1.npy
299,d,0006_top_20250708_t0,0006_top_20250708_t1,311.0,290.0,382.0,567.0,71.0,277.0,227.0,281.0,297.0,554.0,70,273,20.616,107.005,77.369,0.723,6,0.193,Yes,227.0,281.0,297.0,554.0,D:\projects\illegal_parking_project\data\images\0006_top_20250708_t1.jpg,True,True,227.0,281.0,70.0,273.0,262.0,417.5,806.9103588593224,938.3279366355906,OK,False,0006_top_20250708_t1,D:\projects\illegal_parking_project\align\polygons\0006_top_20250708_t1.geojson,D:\projects\illegal_parking_project\align\H\0006_top_20250708_t1.npy
300,d,0006_top_20250708_t0,0006_top_20250708_t1,125.0,273.0,200.0,549.0,75.0,276.0,40.0,261.0,121.0,535.0,81,274,6.671,80.957,80.623,0.996,6,0.082,Yes,40.0,261.0,121.0,535.0,D:\projects\illegal_parking_project\data\images\0006_top_20250708_t1.jpg,True,True,40.0,261.0,81.0,274.0,80.5,398.0,803.8626351973974,933.5090725438977,OK,False,0006_top_20250708_t1,D:\projects\illegal_parking_project\align\polygons\0006_top_20250708_t1.geojson,D:\projects\illegal_parking_project\align\H\0006_top_20250708_t1.npy
306,c,0006_top_20250711_t0,0006_top_20250711_t1,353.0,314.0,477.0,481.0,124.0,167.0,353.0,314.0,477.0,481.0,124,167,1.118,72.801,73.6,1.011,6,0.015,Yes,353.0,314.0,477.0,481.0,D:\projects\illegal_parking_project\data\images\0006_top_20250711_t1.jpg,True,True,353.0,314.0,124.0,167.0,415.0,397.5,683.2085890649803,804.0344369987499,OK,False,0006_top_20250711_t1,D:\projects\illegal_parking_project\align\polygons\0006_top_20250711_t1.geojson,D:\projects\illegal_parking_project\align\H\0006_top_20250711_t1.npy
307,c,0006_top_20250711_t0,0006_top_20250711_t1,205.0,246.0,296.0,477.0,91.0,231.0,205.0,246.0,296.0,477.0,91,231,2.062,75.604,72.201,0.955,6,0.027,Yes,205.0,246.0,296.0,477.0,D:\projects\illegal_parking_project\data\images\0006_top_20250711_t1.jpg,True,True,205.0,246.0,91.0,231.0,250.5,361.5,672.7180789766725,791.5614865953429,OK,True,0006_top_20250711_t1,D:\projects\illegal_parking_project\align\polygons\0006_top_20250711_t1.geojson,D:\projects\illegal_parking_project\align\H\0006_top_20250711_t1.npy
308,c,0006_top_20250711_t0,0006_top_20250711_t1,156.0,244.0,232.0,479.0,76.0,235.0,156.0,244.0,232.0,479.0,76,235,2.5,73.246,68.264,0.932,6,0.034,Yes,156.0,244.0,232.0,479.0,D:\projects\illegal_parking_project\data\images\0006_top_20250711_t1.jpg,True,True,156.0,244.0,76.0,235.0,194.0,361.5,669.5796637070152,790.4129129297014,OK,False,0006_top_20250711_t1,D:\projects\illegal_parking_project\align\polygons\0006_top_20250711_t1.geojson,D:\projects\illegal_parking_project\align\H\0006_top_20250711_t1.npy
309,c,0006_top_20250711_t0,0006_top_20250711_t1,167.0,279.0,243.0,490.0,76.0,211.0,167.0,279.0,243.0,490.0,76,211,2.915,67.424,63.246,0.938,6,0.043,Yes,167.0,279.0,243.0,490.0,D:\projects\illegal_parking_project\data\images\0006_top_20250711_t1.jpg,True,True,167.0,279.0,76.0,211.0,205.0,384.5,669.7209010046405,793.1310791931694,OK,False,0006_top_20250711_t1,D:\projects\illegal_parking_project\align\polygons\0006_top_20250711_t1.geojson,D:\projects\illegal_parking_project\align\H\0006_top_20250711_t1.npy
310,c,0006_top_20250711_t0,0006_top_20250711_t1,310.0,313.0,392.0,455.0,82.0,142.0,310.0,313.0,392.0,455.0,82,142,1.118,55.172,53.075,0.962,6,0.02,Yes,310.0,313.0,392.0,455.0,D:\projects\illegal_parking_project\data\images\0006_top_20250711_t1.jpg,True,True,310.0,313.0,82.0,142.0,351.0,384.0,673.6376882128268,812.0826649701906,OK,False,0006_top_20250711_t1,D:\projects\illegal_parking_project\align\polygons\0006_top_20250711_t1.geojson,D:\projects\illegal_parking_project\align\H\0006_top_20250711_t1.npy
311,b,0007_top_20250626_t0,0007_top_20250626_t1,261.0,405.0,331.0,459.0,70.0,54.0,205.0,430.0,236.0,569.0,31,139,8.544,80.231,85.983,1.072,8,0.106,Yes,205.0,430.0,236.0,569.0,D:\projects\illegal_parking_project\data\images\0007_top_20250626_t1.jpg,True,True,205.0,430.0,31.0,139.0,220.5,499.5,665.4592304110687,990.2876929524282,OK,False,0007_top_20250626_t1,D:\projects\illegal_parking_project\align\polygons\0007_top_20250626_t1.geojson,D:\projects\illegal_parking_project\align\H\0007_top_20250626_t1.npy
312,b,0007_top_20250626_t0,0007_top_20250626_t1,350.0,372.0,414.0,420.0,64.0,48.0,208.0,264.0,238.0,384.0,30,120,8.382,76.694,81.541,1.063,8,0.109,Yes,208.0,264.0,238.0,384.0,D:\projects\illegal_parking_project\data\images\0007_top_20250626_t1.jpg,True,True,208.0,264.0,30.0,120.0,223.0,324.0,711.3221620900212,978.648756917758,OK,False,0007_top_20250626_t1,D:\projects\illegal_parking_project\align\polygons\0007_top_20250626_t1.geojson,D:\projects\illegal_parking_project\align\H\0007_top_20250626_t1.npy
313,b,0007_top_20250626_t0,0007_top_20250626_t1,434.0,340.0,509.0,392.0,75.0,52.0,209.0,78.0,244.0,216.0,35,138,11.769,93.984,101.789,1.083,8,0.125,Yes,209.0,78.0,244.0,216.0,D:\projects\illegal_parking_project\data\images\0007_top_20250626_t1.jpg,True,True,209.0,78.0,35.0,138.0,226.5,147.0,738.5998687097155,970.429416476465,OK,False,0007_top_20250626_t1,D:\projects\illegal_parking_project\align\polygons\0007_top_20250626_t1.geojson,D:\projects\illegal_parking_project\align\H\0007_top_20250626_t1.npy
321,d,0007_top_20250703_t0,0007_top_20250703_t1,324.0,398.0,402.0,457.0,78.0,59.0,296.0,532.0,391.0,599.0,95,67,28.151,132.231,77.827,0.589,7,0.213,Yes,296.0,532.0,391.0,599.0,D:\projects\illegal_parking_project\data\images\0007_top_20250703_t1.png,True,True,296.0,532.0,95.0,67.0,343.5,565.5,570.08943266671,709.9487568559825,OK,False,0007_top_20250703_t1,D:\projects\illegal_parking_project\align\polygons\0007_top_20250703_t1.geojson,D:\projects\illegal_parking_project\align\H\0007_top_20250703_t1.npy
327,c,0007_top_20250705_t0,0007_top_20250705_t1,226.0,478.0,257.0,547.0,31.0,69.0,226.0,478.0,257.0,547.0,31,69,0.0,135.148,135.148,1.0,8,0.0,Yes,226.0,478.0,257.0,547.0,D:\projects\illegal_parking_project\data\images\0007_top_20250705_t1.jpg,True,True,226.0,478.0,31.0,69.0,241.5,512.5,451.69696353709236,1225.2426404044422,OK,False,0007_top_20250705_t1,D:\projects\illegal_parking_project\align\polygons\0007_top_20250705_t1.geojson,D:\projects\illegal_parking_project\align\H\0007_top_20250705_t1.npy
328,c,0007_top_20250705_t0,0007_top_20250705_t1,188.0,318.0,225.0,398.0,37.0,80.0,188.0,318.0,225.0,398.0,37,80,0.0,150.629,150.629,1.0,8,0.0,Yes,188.0,318.0,225.0,398.0,D:\projects\illegal_parking_project\data\images\0007_top_20250705_t1.jpg,True,True,188.0,318.0,37.0,80.0,206.5,358.0,431.9712728221693,1238.5113402154327,OK,False,0007_top_20250705_t1,D:\projects\illegal_parking_project\align\polygons\0007_top_20250705_t1.geojson,D:\projects\illegal_parking_project\align\H\0007_top_20250705_t1.npy
329,c,0007_top_20250705_t0,0007_top_20250705_t1,333.0,527.0,363.0,591.0,30.0,64.0,333.0,527.0,363.0,591.0,30,64,0.0,113.846,113.846,1.0,8,0.0,Yes,333.0,527.0,363.0,591.0,D:\projects\illegal_parking_project\data\images\0007_top_20250705_t1.jpg,True,True,333.0,527.0,30.0,64.0,348.0,559.0,455.0160405040175,1227.7668563266661,OK,False,0007_top_20250705_t1,D:\projects\illegal_parking_project\align\polygons\0007_top_20250705_t1.geojson,D:\projects\illegal_parking_project\align\H\0007_top_20250705_t1.npy
330,b,0007_top_20250707_t0,0007_top_20250707_t1,61.0,447.0,97.0,564.0,36.0,117.0,197.0,398.0,232.0,517.0,35,119,5.0,114.39,115.104,1.006,7,0.044,Yes,197.0,398.0,232.0,517.0,D:\projects\illegal_parking_project\data\images\0007_top_20250707_t1.jpg,True,True,197.0,398.0,35.0,119.0,214.5,457.5,1906.3323623851313,1080.0151400267905,OK,False,0007_top_20250707_t1,D:\projects\illegal_parking_project\align\polygons\0007_top_20250707_t1.geojson,D:\projects\illegal_parking_project\align\H\0007_top_20250707_t1.npy
331,b,0007_top_20250707_t0,0007_top_20250707_t1,161.0,447.0,193.0,564.0,32.0,117.0,294.0,400.0,329.0,515.0,35,115,5.025,106.452,107.355,1.008,7,0.047,Yes,294.0,400.0,329.0,515.0,D:\projects\illegal_parking_project\data\images\0007_top_20250707_t1.jpg,True,True,294.0,400.0,35.0,115.0,311.5,457.5,1910.4905871306707,1076.7164113876206,OK,False,0007_top_20250707_t1,D:\projects\illegal_parking_project\align\polygons\0007_top_20250707_t1.geojson,D:\projects\illegal_parking_project\align\H\0007_top_20250707_t1.npy
332,b,0007_top_20250707_t0,0007_top_20250707_t1,127.0,445.0,161.0,566.0,34.0,121.0,262.0,401.0,296.0,515.0,34,114,5.523,112.294,106.471,0.948,7,0.049,Yes,262.0,401.0,296.0,515.0,D:\projects\illegal_parking_project\data\images\0007_top_20250707_t1.jpg,True,True,262.0,401.0,34.0,114.0,279.0,458.0,1911.0694004760244,1078.1289902150802,OK,False,0007_top_20250707_t1,D:\projects\illegal_parking_project\align\polygons\0007_top_20250707_t1.geojson,D:\projects\illegal_parking_project\align\H\0007_top_20250707_t1.npy
333,b,0007_top_20250707_t0,0007_top_20250707_t1,0.0,462.0,29.0,568.0,29.0,106.0,135.0,411.0,167.0,517.0,32,106,6.519,104.101,106.532,1.023,7,0.063,Yes,135.0,411.0,167.0,517.0,D:\projects\illegal_parking_project\data\images\0007_top_20250707_t1.jpg,True,True,135.0,411.0,32.0,106.0,151.0,464.0,1916.3691987805198,1082.8112248010252,OK,False,0007_top_20250707_t1,D:\projects\illegal_parking_project\align\polygons\0007_top_20250707_t1.geojson,D:\projects\illegal_parking_project\align\H\0007_top_20250707_t1.npy
334,b,0007_top_20250707_t0,0007_top_20250707_t1,466.0,168.0,499.0,282.0,33.0,114.0,603.0,124.0,636.0,231.0,33,107,4.272,89.051,84.054,0.944,7,0.048,Yes,603.0,124.0,636.0,231.0,D:\projects\illegal_parking_project\data\images\0007_top_20250707_t1.jpg,True,True,603.0,124.0,33.0,107.0,619.5,177.5,1979.7636371440576,1068.1579715529579,OK,False,0007_top_20250707_t1,D:\projects\illegal_parking_project\align\polygons\0007_top_20250707_t1.geojson,D:\projects\illegal_parking_project\align\H\0007_top_20250707_t1.npy
335,b,0007_top_20250707_t0,0007_top_20250707_t1,29.0,453.0,61.0,570.0,32.0,117.0,166.0,407.0,198.0,520.0,32,113,7.0,112.872,110.145,0.976,7,0.062,Yes,166.0,407.0,198.0,520.0,D:\projects\illegal_parking_project\data\images\0007_top_20250707_t1.jpg,True,True,166.0,407.0,32.0,113.0,182.0,463.5,1910.1806620023544,1081.7366256580892,OK,False,0007_top_20250707_t1,D:\projects\illegal_parking_project\align\polygons\0007_top_20250707_t1.geojson,D:\projects\illegal_parking_project\align\H\0007_top_20250707_t1.npy
336,b,0007_top_20250707_t0,0007_top_20250707_t1,193.0,376.0,325.0,566.0,132.0,190.0,324.0,331.0,453.0,498.0,129,167,7.159,239.176,219.804,0.919,7,0.03,Yes,324.0,331.0,453.0,498.0,D:\projects\illegal_parking_project\data\images\0007_top_20250707_t1.jpg,True,True,324.0,331.0,129.0,167.0,388.5,414.5,1883.0562508737205,1036.8335600601474,OK,False,0007_top_20250707_t1,D:\projects\illegal_parking_project\align\polygons\0007_top_20250707_t1.geojson,D:\projects\illegal_parking_project\align\H\0007_top_20250707_t1.npy
337,b,0007_top_20250707_t0,0007_top_20250707_t1,98.0,451.0,129.0,562.0,31.0,111.0,235.0,405.0,266.0,514.0,31,109,8.016,103.354,102.474,0.991,7,0.078,Yes,235.0,405.0,266.0,514.0,D:\projects\illegal_parking_project\data\images\0007_top_20250707_t1.jpg,True,True,235.0,405.0,31.0,109.0,250.5,459.5,1915.0344916820334,1079.8919217300902,OK,False,0007_top_20250707_t1,D:\projects\illegal_parking_project\align\polygons\0007_top_20250707_t1.geojson,D:\projects\illegal_parking_project\align\H\0007_top_20250707_t1.npy
338,b,0007_top_20250707_t0,0007_top_20250707_t1,206.0,173.0,243.0,293.0,37.0,120.0,341.0,127.0,380.0,246.0,39,119,5.0,92.785,93.814,1.011,7,0.054,Yes,341.0,127.0,380.0,246.0,D:\projects\illegal_parking_project\data\images\0007_top_20250707_t1.jpg,True,True,341.0,127.0,39.0,119.0,360.5,186.5,1972.0763737656969,1074.467964597266,OK,False,0007_top_20250707_t1,D:\projects\illegal_parking_project\align\polygons\0007_top_20250707_t1.geojson,D:\projects\illegal_parking_project\align\H\0007_top_20250707_t1.npy
339,b,0007_top_20250707_t0,0007_top_20250707_t1,237.0,175.0,275.0,290.0,38.0,115.0,374.0,125.0,410.0,243.0,36,118,4.123,90.736,91.417,1.008,7,0.045,Yes,374.0,125.0,410.0,243.0,D:\projects\illegal_parking_project\data\images\0007_top_20250707_t1.jpg,True,True,374.0,125.0,36.0,118.0,392.0,184.0,1973.0603325812367,1074.4295316701225,OK,False,0007_top_20250707_t1,D:\projects\illegal_parking_project\align\polygons\0007_top_20250707_t1.geojson,D:\projects\illegal_parking_project\align\H\0007_top_20250707_t1.npy
340,b,0007_top_20250707_t0,0007_top_20250707_t1,169.0,178.0,209.0,295.0,40.0,117.0,304.0,131.0,344.0,247.0,40,116,4.031,94.578,94.032,0.994,7,0.043,Yes,304.0,131.0,344.0,247.0,D:\projects\illegal_parking_project\data\images\0007_top_20250707_t1.jpg,True,True,304.0,131.0,40.0,116.0,324.0,189.0,1972.4178635112892,1075.5739505978368,OK,False,0007_top_20250707_t1,D:\projects\illegal_parking_project\align\polygons\0007_top_20250707_t1.geojson,D:\projects\illegal_parking_project\align\H\0007_top_20250707_t1.npy
341,b,0007_top_20250707_t0,0007_top_20250707_t1,104.0,185.0,139.0,301.0,35.0,116.0,237.0,151.0,275.0,253.0,38,102,2.121,92.114,88.006,0.955,7,0.023,Yes,237.0,151.0,275.0,253.0,D:\projects\illegal_parking_project\data\images\0007_top_20250707_t1.jpg,True,True,237.0,151.0,38.0,102.0,256.0,202.0,1974.4859488015002,1078.8349513759683,OK,False,0007_top_20250707_t1,D:\projects\illegal_parking_project\align\polygons\0007_top_20250707_t1.geojson,D:\projects\illegal_parking_project\align\H\0007_top_20250707_t1.npy
342,b,0007_top_20250707_t0,0007_top_20250707_t1,345.0,178.0,376.0,293.0,31.0,115.0,462.0,146.0,501.0,310.0,39,164,31.847,86.954,125.22,1.44,7,0.366,Yes,462.0,146.0,501.0,310.0,D:\projects\illegal_parking_project\data\images\0007_top_20250707_t1.jpg,True,True,462.0,146.0,39.0,164.0,481.5,228.0,1942.2422620368113,1069.3165501073179,OK,False,0007_top_20250707_t1,D:\projects\illegal_parking_project\align\polygons\0007_top_20250707_t1.geojson,D:\projects\illegal_parking_project\align\H\0007_top_20250707_t1.npy
343,b,0007_top_20250707_t0,0007_top_20250707_t1,137.0,182.0,173.0,298.0,36.0,116.0,273.0,140.0,308.0,247.0,35,107,4.272,92.114,86.822,0.943,7,0.046,Yes,273.0,140.0,308.0,247.0,D:\projects\illegal_parking_project\data\images\0007_top_20250707_t1.jpg,True,True,273.0,140.0,35.0,107.0,290.5,193.5,1974.3646402796319,1078.394356464074,OK,False,0007_top_20250707_t1,D:\projects\illegal_parking_project\align\polygons\0007_top_20250707_t1.geojson,D:\projects\illegal_parking_project\align\H\0007_top_20250707_t1.npy
344,b,0007_top_20250707_t0,0007_top_20250707_t1,272.0,171.0,306.0,292.0,34.0,121.0,407.0,127.0,444.0,243.0,37,116,5.099,91.302,91.586,1.003,7,0.056,Yes,407.0,127.0,444.0,243.0,D:\projects\illegal_parking_project\data\images\0007_top_20250707_t1.jpg,True,True,407.0,127.0,37.0,116.0,425.5,185.0,1973.873838861856,1072.805004576811,OK,False,0007_top_20250707_t1,D:\projects\illegal_parking_project\align\polygons\0007_top_20250707_t1.geojson,D:\projects\illegal_parking_project\align\H\0007_top_20250707_t1.npy
345,b,0007_top_20250707_t0,0007_top_20250707_t1,309.0,177.0,343.0,290.0,34.0,113.0,440.0,134.0,477.0,241.0,37,107,2.5,87.983,86.533,0.984,7,0.028,Yes,440.0,134.0,477.0,241.0,D:\projects\illegal_parking_project\data\images\0007_top_20250707_t1.jpg,True,True,440.0,134.0,37.0,107.0,458.5,187.5,1976.9346095749568,1071.6218897312442,OK,False,0007_top_20250707_t1,D:\projects\illegal_parking_project\align\polygons\0007_top_20250707_t1.geojson,D:\projects\illegal_parking_project\align\H\0007_top_20250707_t1.npy
346,b,0007_top_20250707_t0,0007_top_20250707_t1,76.0,182.0,108.0,301.0,32.0,119.0,207.0,140.0,244.0,251.0,37,111,2.0,93.648,93.477,0.998,7,0.021,Yes,207.0,140.0,244.0,251.0,D:\projects\illegal_parking_project\data\images\0007_top_20250707_t1.jpg,True,True,207.0,140.0,37.0,111.0,225.5,195.5,1972.0156241514442,1080.1788244454688,OK,False,0007_top_20250707_t1,D:\projects\illegal_parking_project\align\polygons\0007_top_20250707_t1.geojson,D:\projects\illegal_parking_project\align\H\0007_top_20250707_t1.npy
347,b,0007_top_20250707_t0,0007_top_20250707_t1,39.0,169.0,75.0,303.0,36.0,134.0,170.0,137.0,211.0,249.0,41,112,2.5,106.33,99.02,0.931,7,0.024,Yes,170.0,137.0,211.0,249.0,D:\projects\illegal_parking_project\data\images\0007_top_20250707_t1.jpg,True,True,170.0,137.0,41.0,112.0,190.5,193.0,1972.0876982552818,1080.7109888641683,OK,False,0007_top_20250707_t1,D:\projects\illegal_parking_project\align\polygons\0007_top_20250707_t1.geojson,D:\projects\illegal_parking_project\align\H\0007_top_20250707_t1.npy
363,c,0007_top_20250708_t0,0007_top_20250708_t1,449.0,121.0,563.0,440.0,114.0,319.0,0.0,93.0,49.0,408.0,49,315,25.0,186.4,125.495,0.673,9,0.134,Yes,0.0,93.0,49.0,408.0,D:\projects\illegal_parking_project\data\images\0007_top_20250708_t1.jpg,True,True,0.0,93.0,49.0,315.0,24.5,250.5,1446.0616612055483,724.6036709278021,OK,False,0007_top_20250708_t1,D:\projects\illegal_parking_project\align\polygons\0007_top_20250708_t1.geojson,D:\projects\illegal_parking_project\align\H\0007_top_20250708_t1.npy
369,c,0008_top_20250623_t0,0008_top_20250623_t1,165.0,476.0,239.0,559.0,74.0,83.0,199.0,404.0,293.0,472.0,94,68,7.5,103.005,108.706,1.055,6,0.073,Yes,199.0,404.0,293.0,472.0,D:\projects\illegal_parking_project\data\images\0008_top_20250623_t1.jpg,True,True,199.0,404.0,94.0,68.0,246.0,438.0,1620.6321982504649,895.7982344446464,OK,False,0008_top_20250623_t1,D:\projects\illegal_parking_project\align\polygons\0008_top_20250623_t1.geojson,D:\projects\illegal_parking_project\align\H\0008_top_20250623_t1.npy
370,c,0008_top_20250623_t0,0008_top_20250623_t1,121.0,258.0,161.0,434.0,40.0,176.0,195.0,108.0,248.0,311.0,53,203,1.118,119.474,138.539,1.16,6,0.009,Yes,195.0,108.0,248.0,311.0,D:\projects\illegal_parking_project\data\images\0008_top_20250623_t1.jpg,True,True,195.0,108.0,53.0,203.0,221.5,209.5,1611.2122349103252,911.9932975806806,OK,False,0008_top_20250623_t1,D:\projects\illegal_parking_project\align\polygons\0008_top_20250623_t1.geojson,D:\projects\illegal_parking_project\align\H\0008_top_20250623_t1.npy
371,c,0008_top_20250623_t0,0008_top_20250623_t1,180.0,250.0,218.0,428.0,38.0,178.0,259.0,142.0,309.0,350.0,50,208,0.707,121.709,138.683,1.139,6,0.006,Yes,259.0,142.0,309.0,350.0,D:\projects\illegal_parking_project\data\images\0008_top_20250623_t1.jpg,True,True,259.0,142.0,50.0,208.0,284.0,246.0,1600.7633056616075,916.5453946348981,OK,False,0008_top_20250623_t1,D:\projects\illegal_parking_project\align\polygons\0008_top_20250623_t1.geojson,D:\projects\illegal_parking_project\align\H\0008_top_20250623_t1.npy
372,c,0008_top_20250623_t0,0008_top_20250623_t1,158.0,584.0,255.0,640.0,97.0,56.0,172.0,516.0,289.0,594.0,117,78,6.708,114.965,131.503,1.144,6,0.058,Yes,172.0,516.0,289.0,594.0,D:\projects\illegal_parking_project\data\images\0008_top_20250623_t1.jpg,True,True,172.0,516.0,117.0,78.0,230.5,555.0,1604.3218694563996,902.8972434228637,OK,False,0008_top_20250623_t1,D:\projects\illegal_parking_project\align\polygons\0008_top_20250623_t1.geojson,D:\projects\illegal_parking_project\align\H\0008_top_20250623_t1.npy
373,c,0008_top_20250623_t0,0008_top_20250623_t1,340.0,292.0,389.0,449.0,49.0,157.0,434.0,304.0,482.0,489.0,48,185,9.618,125.431,125.734,1.002,6,0.077,Yes,434.0,304.0,482.0,489.0,D:\projects\illegal_parking_project\data\images\0008_top_20250623_t1.jpg,True,True,434.0,304.0,48.0,185.0,458.0,396.5,1573.3091030595187,927.3220344795376,OK,False,0008_top_20250623_t1,D:\projects\illegal_parking_project\align\polygons\0008_top_20250623_t1.geojson,D:\projects\illegal_parking_project\align\H\0008_top_20250623_t1.npy
376,d,0008_top_20250624_t0,0008_top_20250624_t1,240.0,256.0,334.0,593.0,94.0,337.0,259.0,175.0,347.0,250.0,88,75,9.014,81.302,61.62,0.758,7,0.111,Yes,259.0,175.0,347.0,250.0,D:\projects\illegal_parking_project\data\images\0008_top_20250624_t1.jpg,True,True,259.0,175.0,88.0,75.0,303.0,212.5,762.646801421987,1147.2073866193991,OK,False,0008_top_20250624_t1,D:\projects\illegal_parking_project\align\polygons\0008_top_20250624_t1.geojson,D:\projects\illegal_parking_project\align\H\0008_top_20250624_t1.npy
377,d,0008_top_20250624_t0,0008_top_20250624_t1,438.0,168.0,539.0,517.0,101.0,349.0,278.0,350.0,374.0,413.0,96,63,5.148,87.658,61.4,0.7,7,0.059,Yes,278.0,350.0,374.0,413.0,D:\projects\illegal_parking_project\data\images\0008_top_20250624_t1.jpg,True,True,278.0,350.0,96.0,63.0,326.0,381.5,766.9538300322068,1142.0798233585235,OK,False,0008_top_20250624_t1,D:\projects\illegal_parking_project\align\polygons\0008_top_20250624_t1.geojson,D:\projects\illegal_parking_project\align\H\0008_top_20250624_t1.npy
378,d,0008_top_20250624_t0,0008_top_20250624_t1,550.0,147.0,640.0,523.0,90.0,376.0,277.0,440.0,380.0,514.0,103,74,13.153,90.973,66.843,0.735,7,0.145,Yes,277.0,440.0,380.0,514.0,D:\projects\illegal_parking_project\data\images\0008_top_20250624_t1.jpg,True,True,277.0,440.0,103.0,74.0,328.5,477.0,770.187497922313,1134.4479894323545,OK,False,0008_top_20250624_t1,D:\projects\illegal_parking_project\align\polygons\0008_top_20250624_t1.geojson,D:\projects\illegal_parking_project\align\H\0008_top_20250624_t1.npy
380,b,0008_top_20250707_t0,0008_top_20250707_t1,424.0,406.0,458.0,524.0,34.0,118.0,503.0,403.0,536.0,519.0,33,116,1.414,103.446,98.27,0.95,9,0.014,Yes,503.0,403.0,536.0,519.0,D:\projects\illegal_parking_project\data\images\0008_top_20250707_t1.jpg,True,True,503.0,403.0,33.0,116.0,519.5,461.0,2326.391533737719,1091.5172397508406,OK,False,0008_top_20250707_t1,D:\projects\illegal_parking_project\align\polygons\0008_top_20250707_t1.geojson,D:\projects\illegal_parking_project\align\H\0008_top_20250707_t1.npy
381,b,0008_top_20250707_t0,0008_top_20250707_t1,199.0,83.0,225.0,193.0,26.0,110.0,279.0,85.0,304.0,192.0,25,107,7.382,85.0,89.0,1.047,9,0.087,Yes,279.0,85.0,304.0,192.0,D:\projects\illegal_parking_project\data\images\0008_top_20250707_t1.jpg,True,True,279.0,85.0,25.0,107.0,291.5,138.5,2409.559525467074,1104.0475031842245,OK,False,0008_top_20250707_t1,D:\projects\illegal_parking_project\align\polygons\0008_top_20250707_t1.geojson,D:\projects\illegal_parking_project\align\H\0008_top_20250707_t1.npy
382,b,0008_top_20250707_t0,0008_top_20250707_t1,129.0,2.0,158.0,109.0,29.0,107.0,210.0,1.0,236.0,110.0,26,109,21.006,83.863,90.785,1.083,9,0.25,Yes,210.0,1.0,236.0,110.0,D:\projects\illegal_parking_project\data\images\0008_top_20250707_t1.jpg,True,True,210.0,1.0,26.0,109.0,223.0,55.5,2428.507742332642,1106.017105283766,OK,False,0008_top_20250707_t1,D:\projects\illegal_parking_project\align\polygons\0008_top_20250707_t1.geojson,D:\projects\illegal_parking_project\align\H\0008_top_20250707_t1.npy
383,b,0008_top_20250707_t0,0008_top_20250707_t1,111.0,445.0,141.0,552.0,30.0,107.0,194.0,444.0,222.0,535.0,28,91,8.944,92.439,77.389,0.837,9,0.097,Yes,194.0,444.0,222.0,535.0,D:\projects\illegal_parking_project\data\images\0008_top_20250707_t1.jpg,True,True,194.0,444.0,28.0,91.0,208.0,489.5,2345.077505093067,1105.0419563830549,OK,False,0008_top_20250707_t1,D:\projects\illegal_parking_project\align\polygons\0008_top_20250707_t1.geojson,D:\projects\illegal_parking_project\align\H\0008_top_20250707_t1.npy
384,b,0008_top_20250707_t0,0008_top_20250707_t1,180.0,432.0,209.0,529.0,29.0,97.0,262.0,431.0,289.0,531.0,27,100,5.0,84.906,82.855,0.976,9,0.059,Yes,262.0,431.0,289.0,531.0,D:\projects\illegal_parking_project\data\images\0008_top_20250707_t1.jpg,True,True,262.0,431.0,27.0,100.0,275.5,481.0,2337.4717477042686,1103.0553684501986,OK,False,0008_top_20250707_t1,D:\projects\illegal_parking_project\align\polygons\0008_top_20250707_t1.geojson,D:\projects\illegal_parking_project\align\H\0008_top_20250707_t1.npy
385,b,0008_top_20250707_t0,0008_top_20250707_t1,147.0,437.0,175.0,542.0,28.0,105.0,228.0,435.0,256.0,539.0,28,104,4.031,89.185,85.959,0.964,9,0.045,Yes,228.0,435.0,256.0,539.0,D:\projects\illegal_parking_project\data\images\0008_top_20250707_t1.jpg,True,True,228.0,435.0,28.0,104.0,242.0,487.0,2331.920382381998,1103.7724047164056,OK,False,0008_top_20250707_t1,D:\projects\illegal_parking_project\align\polygons\0008_top_20250707_t1.geojson,D:\projects\illegal_parking_project\align\H\0008_top_20250707_t1.npy
386,b,0008_top_20250707_t0,0008_top_20250707_t1,230.0,434.0,259.0,529.0,29.0,95.0,313.0,432.0,340.0,529.0,27,97,7.018,84.06,81.123,0.965,9,0.083,Yes,313.0,432.0,340.0,529.0,D:\projects\illegal_parking_project\data\images\0008_top_20250707_t1.jpg,True,True,313.0,432.0,27.0,97.0,326.5,480.5,2340.7767476759864,1101.4720634309067,OK,False,0008_top_20250707_t1,D:\projects\illegal_parking_project\align\polygons\0008_top_20250707_t1.geojson,D:\projects\illegal_parking_project\align\H\0008_top_20250707_t1.npy
387,b,0008_top_20250707_t0,0008_top_20250707_t1,392.0,414.0,424.0,527.0,32.0,113.0,474.0,411.0,503.0,522.0,29,111,3.0,98.112,90.918,0.927,9,0.031,Yes,474.0,411.0,503.0,522.0,D:\projects\illegal_parking_project\data\images\0008_top_20250707_t1.jpg,True,True,474.0,411.0,29.0,111.0,488.5,466.5,2329.8865840386834,1095.0555488907537,OK,False,0008_top_20250707_t1,D:\projects\illegal_parking_project\align\polygons\0008_top_20250707_t1.geojson,D:\projects\illegal_parking_project\align\H\0008_top_20250707_t1.npy
388,b,0008_top_20250707_t0,0008_top_20250707_t1,269.0,113.0,294.0,219.0,25.0,106.0,348.0,114.0,374.0,216.0,26,102,3.905,83.187,86.354,1.038,9,0.047,Yes,348.0,114.0,374.0,216.0,D:\projects\illegal_parking_project\data\images\0008_top_20250707_t1.jpg,True,True,348.0,114.0,26.0,102.0,361.0,165.0,2405.307806154752,1101.5275860967295,OK,False,0008_top_20250707_t1,D:\projects\illegal_parking_project\align\polygons\0008_top_20250707_t1.geojson,D:\projects\illegal_parking_project\align\H\0008_top_20250707_t1.npy
389,b,0008_top_20250707_t0,0008_top_20250707_t1,362.0,418.0,394.0,526.0,32.0,108.0,444.0,419.0,473.0,520.0,29,101,4.61,94.154,85.755,0.911,9,0.049,Yes,444.0,419.0,473.0,520.0,D:\projects\illegal_parking_project\data\images\0008_top_20250707_t1.jpg,True,True,444.0,419.0,29.0,101.0,458.5,469.5,2339.272654358932,1096.18362988096,OK,False,0008_top_20250707_t1,D:\projects\illegal_parking_project\align\polygons\0008_top_20250707_t1.geojson,D:\projects\illegal_parking_project\align\H\0008_top_20250707_t1.npy
390,b,0008_top_20250707_t0,0008_top_20250707_t1,233.0,96.0,258.0,197.0,25.0,101.0,313.0,95.0,338.0,198.0,25,103,5.025,78.772,86.313,1.096,9,0.064,Yes,313.0,95.0,338.0,198.0,D:\projects\illegal_parking_project\data\images\0008_top_20250707_t1.jpg,True,True,313.0,95.0,25.0,103.0,325.5,146.5,2409.017441850187,1103.039998182285,OK,False,0008_top_20250707_t1,D:\projects\illegal_parking_project\align\polygons\0008_top_20250707_t1.geojson,D:\projects\illegal_parking_project\align\H\0008_top_20250707_t1.npy
391,b,0008_top_20250707_t0,0008_top_20250707_t1,161.0,66.0,188.0,168.0,27.0,102.0,243.0,69.0,268.0,171.0,25,102,9.605,80.262,85.422,1.064,9,0.12,Yes,243.0,69.0,268.0,171.0,D:\projects\illegal_parking_project\data\images\0008_top_20250707_t1.jpg,True,True,243.0,69.0,25.0,102.0,255.5,120.0,2415.107902630185,1105.1706938547827,OK,False,0008_top_20250707_t1,D:\projects\illegal_parking_project\align\polygons\0008_top_20250707_t1.geojson,D:\projects\illegal_parking_project\align\H\0008_top_20250707_t1.npy
392,b,0008_top_20250707_t0,0008_top_20250707_t1,262.0,419.0,290.0,524.0,28.0,105.0,345.0,418.0,375.0,522.0,30,104,10.512,89.554,87.464,0.977,9,0.117,Yes,345.0,418.0,375.0,522.0,D:\projects\illegal_parking_project\data\images\0008_top_20250707_t1.jpg,True,True,345.0,418.0,30.0,104.0,360.0,470.0,2335.9728250341327,1099.0830112122171,OK,False,0008_top_20250707_t1,D:\projects\illegal_parking_project\align\polygons\0008_top_20250707_t1.geojson,D:\projects\illegal_parking_project\align\H\0008_top_20250707_t1.npy
393,b,0008_top_20250707_t0,0008_top_20250707_t1,400.0,144.0,434.0,253.0,34.0,109.0,480.0,149.0,510.0,246.0,30,97,7.211,91.269,85.147,0.933,9,0.079,Yes,480.0,149.0,510.0,246.0,D:\projects\illegal_parking_project\data\images\0008_top_20250707_t1.jpg,True,True,480.0,149.0,30.0,97.0,495.0,197.5,2400.5446398260547,1095.041685129555,OK,False,0008_top_20250707_t1,D:\projects\illegal_parking_project\align\polygons\0008_top_20250707_t1.geojson,D:\projects\illegal_parking_project\align\H\0008_top_20250707_t1.npy
394,b,0008_top_20250707_t0,0008_top_20250707_t1,491.0,409.0,523.0,514.0,32.0,105.0,571.0,403.0,602.0,512.0,31,109,4.472,93.295,91.586,0.982,9,0.048,Yes,571.0,403.0,602.0,512.0,D:\projects\illegal_parking_project\data\images\0008_top_20250707_t1.jpg,True,True,571.0,403.0,31.0,109.0,586.5,457.5,2334.2524080081002,1090.3849531978442,OK,False,0008_top_20250707_t1,D:\projects\illegal_parking_project\align\polygons\0008_top_20250707_t1.geojson,D:\projects\illegal_parking_project\align\H\0008_top_20250707_t1.npy
395,b,0008_top_20250707_t0,0008_top_20250707_t1,303.0,130.0,330.0,226.0,27.0,96.0,383.0,129.0,409.0,224.0,26,95,5.099,78.39,81.123,1.035,9,0.065,Yes,383.0,129.0,409.0,224.0,D:\projects\illegal_parking_project\data\images\0008_top_20250707_t1.jpg,True,True,383.0,129.0,26.0,95.0,396.0,176.5,2405.4899747609093,1100.4579545770098,OK,False,0008_top_20250707_t1,D:\projects\illegal_parking_project\align\polygons\0008_top_20250707_t1.geojson,D:\projects\illegal_parking_project\align\H\0008_top_20250707_t1.npy
396,b,0008_top_20250707_t0,0008_top_20250707_t1,462.0,416.0,492.0,517.0,30.0,101.0,542.0,413.0,572.0,512.0,30,99,1.803,90.05,85.147,0.946,9,0.02,Yes,542.0,413.0,572.0,512.0,D:\projects\illegal_parking_project\data\images\0008_top_20250707_t1.jpg,True,True,542.0,413.0,30.0,99.0,557.0,462.5,2342.993661727962,1092.2117463341715,OK,False,0008_top_20250707_t1,D:\projects\illegal_parking_project\align\polygons\0008_top_20250707_t1.geojson,D:\projects\illegal_parking_project\align\H\0008_top_20250707_t1.npy
397,b,0008_top_20250707_t0,0008_top_20250707_t1,327.0,421.0,358.0,534.0,31.0,113.0,410.0,421.0,438.0,516.0,28,95,8.322,98.005,81.302,0.83,9,0.085,Yes,410.0,421.0,438.0,516.0,D:\projects\illegal_parking_project\data\images\0008_top_20250707_t1.jpg,True,True,410.0,421.0,28.0,95.0,424.0,468.5,2345.4937654800806,1097.9288748584415,OK,False,0008_top_20250707_t1,D:\projects\illegal_parking_project\align\polygons\0008_top_20250707_t1.geojson,D:\projects\illegal_parking_project\align\H\0008_top_20250707_t1.npy
398,b,0008_top_20250707_t0,0008_top_20250707_t1,336.0,145.0,364.0,244.0,28.0,99.0,415.0,147.0,441.0,241.0,26,94,4.61,81.123,80.623,0.994,9,0.057,Yes,415.0,147.0,441.0,241.0,D:\projects\illegal_parking_project\data\images\0008_top_20250707_t1.jpg,True,True,415.0,147.0,26.0,94.0,428.0,194.0,2402.349657964364,1099.4429693259626,OK,False,0008_top_20250707_t1,D:\projects\illegal_parking_project\align\polygons\0008_top_20250707_t1.geojson,D:\projects\illegal_parking_project\align\H\0008_top_20250707_t1.npy
399,b,0008_top_20250707_t0,0008_top_20250707_t1,521.0,408.0,553.0,516.0,32.0,108.0,602.0,407.0,631.0,510.0,29,103,6.964,95.383,87.132,0.913,9,0.073,Yes,602.0,407.0,631.0,510.0,D:\projects\illegal_parking_project\data\images\0008_top_20250707_t1.jpg,True,True,602.0,407.0,29.0,103.0,616.5,458.5,2339.9486953327623,1090.8044072224704,OK,False,0008_top_20250707_t1,D:\projects\illegal_parking_project\align\polygons\0008_top_20250707_t1.geojson,D:\projects\illegal_parking_project\align\H\0008_top_20250707_t1.npy
400,b,0008_top_20250707_t0,0008_top_20250707_t1,434.0,144.0,470.0,258.0,36.0,114.0,515.0,149.0,546.0,250.0,31,101,9.301,97.098,89.588,0.923,9,0.096,Yes,515.0,149.0,546.0,250.0,D:\projects\illegal_parking_project\data\images\0008_top_20250707_t1.jpg,True,True,515.0,149.0,31.0,101.0,530.5,199.5,2398.4779165640357,1093.1413717887679,OK,False,0008_top_20250707_t1,D:\projects\illegal_parking_project\align\polygons\0008_top_20250707_t1.geojson,D:\projects\illegal_parking_project\align\H\0008_top_20250707_t1.npy
401,b,0008_top_20250707_t0,0008_top_20250707_t1,369.0,151.0,399.0,246.0,30.0,95.0,449.0,150.0,477.0,242.0,28,92,7.159,79.612,80.455,1.011,9,0.09,Yes,449.0,150.0,477.0,242.0,D:\projects\illegal_parking_project\data\images\0008_top_20250707_t1.jpg,True,True,449.0,150.0,28.0,92.0,463.0,196.0,2402.8863165816792,1097.287559043646,OK,False,0008_top_20250707_t1,D:\projects\illegal_parking_project\align\polygons\0008_top_20250707_t1.geojson,D:\projects\illegal_parking_project\align\H\0008_top_20250707_t1.npy
402,b,0008_top_20250707_t0,0008_top_20250707_t1,295.0,418.0,326.0,518.0,31.0,100.0,382.0,419.0,407.0,517.0,25,98,10.198,88.51,81.006,0.915,9,0.115,Yes,382.0,419.0,407.0,517.0,D:\projects\illegal_parking_project\data\images\0008_top_20250707_t1.jpg,True,True,382.0,419.0,25.0,98.0,394.5,468.0,2342.4464044146266,1100.2588270389422,OK,False,0008_top_20250707_t1,D:\projects\illegal_parking_project\align\polygons\0008_top_20250707_t1.geojson,D:\projects\illegal_parking_project\align\H\0008_top_20250707_t1.npy
403,b,0008_top_20250707_t0,0008_top_20250707_t1,531.0,132.0,568.0,253.0,37.0,121.0,611.0,137.0,639.0,248.0,28,111,10.308,101.356,92.661,0.914,9,0.102,Yes,611.0,137.0,639.0,248.0,D:\projects\illegal_parking_project\data\images\0008_top_20250707_t1.jpg,True,True,611.0,137.0,28.0,111.0,625.0,192.5,2395.8941787766203,1091.8721519033218,OK,False,0008_top_20250707_t1,D:\projects\illegal_parking_project\align\polygons\0008_top_20250707_t1.geojson,D:\projects\illegal_parking_project\align\H\0008_top_20250707_t1.npy
404,b,0008_top_20250707_t0,0008_top_20250707_t1,467.0,149.0,496.0,259.0,29.0,110.0,545.0,143.0,578.0,252.0,33,109,9.823,89.471,94.874,1.06,9,0.11,Yes,545.0,143.0,578.0,252.0,D:\projects\illegal_parking_project\data\images\0008_top_20250707_t1.jpg,True,True,545.0,143.0,33.0,109.0,561.5,197.5,2395.6011159416203,1090.658075752751,OK,False,0008_top_20250707_t1,D:\projects\illegal_parking_project\align\polygons\0008_top_20250707_t1.geojson,D:\projects\illegal_parking_project\align\H\0008_top_20250707_t1.npy
405,b,0008_top_20250707_t0,0008_top_20250707_t1,498.0,137.0,534.0,254.0,36.0,117.0,580.0,139.0,610.0,249.0,30,110,10.966,99.126,94.154,0.95,9,0.111,Yes,580.0,139.0,610.0,249.0,D:\projects\illegal_parking_project\data\images\0008_top_20250707_t1.jpg,True,True,580.0,139.0,30.0,110.0,595.0,194.0,2395.9719241299863,1091.4613539310599,OK,False,0008_top_20250707_t1,D:\projects\illegal_parking_project\align\polygons\0008_top_20250707_t1.geojson,D:\projects\illegal_parking_project\align\H\0008_top_20250707_t1.npy
409,d,0008_top_20250709_t0,0008_top_20250709_t1,124.0,530.0,199.0,581.0,75.0,51.0,124.0,530.0,199.0,581.0,75,51,2.236,71.694,71.694,1.0,10,0.031,Yes,124.0,530.0,199.0,581.0,D:\projects\illegal_parking_project\data\images\0008_top_20250709_t1.png,True,True,124.0,530.0,75.0,51.0,161.5,555.5,1179.1985030275137,1403.242469678073,OK,False,0008_top_20250709_t1,D:\projects\illegal_parking_project\align\polygons\0008_top_20250709_t1.geojson,D:\projects\illegal_parking_project\align\H\0008_top_20250709_t1.npy
410,d,0008_top_20250709_t0,0008_top_20250709_t1,209.0,476.0,247.0,620.0,38.0,144.0,209.0,476.0,247.0,620.0,38,144,1.414,81.492,82.492,1.012,10,0.017,Yes,209.0,476.0,247.0,620.0,D:\projects\illegal_parking_project\data\images\0008_top_20250709_t1.png,True,True,209.0,476.0,38.0,144.0,228.0,548.0,1096.6932819373544,1388.4216621505675,OK,False,0008_top_20250709_t1,D:\projects\illegal_parking_project\align\polygons\0008_top_20250709_t1.geojson,D:\projects\illegal_parking_project\align\H\0008_top_20250709_t1.npy
411,d,0008_top_20250709_t0,0008_top_20250709_t1,252.0,462.0,292.0,606.0,40.0,144.0,252.0,462.0,292.0,606.0,40,144,1.581,83.528,84.906,1.016,10,0.019,Yes,252.0,462.0,292.0,606.0,D:\projects\illegal_parking_project\data\images\0008_top_20250709_t1.png,True,True,252.0,462.0,40.0,144.0,272.0,534.0,1100.2036186466323,1386.5148623213738,OK,False,0008_top_20250709_t1,D:\projects\illegal_parking_project\align\polygons\0008_top_20250709_t1.geojson,D:\projects\illegal_parking_project\align\H\0008_top_20250709_t1.npy
412,d,0008_top_20250709_t0,0008_top_20250709_t1,295.0,452.0,334.0,602.0,39.0,150.0,295.0,452.0,334.0,602.0,39,150,2.0,87.132,88.204,1.012,10,0.023,Yes,295.0,452.0,334.0,602.0,D:\projects\illegal_parking_project\data\images\0008_top_20250709_t1.png,True,True,295.0,452.0,39.0,150.0,314.5,527.0,1096.8556608853885,1384.0484589166426,OK,False,0008_top_20250709_t1,D:\projects\illegal_parking_project\align\polygons\0008_top_20250709_t1.geojson,D:\projects\illegal_parking_project\align\H\0008_top_20250709_t1.npy
413,d,0008_top_20250709_t0,0008_top_20250709_t1,497.0,414.0,536.0,564.0,39.0,150.0,497.0,414.0,536.0,564.0,39,150,3.808,94.021,95.425,1.015,10,0.041,Yes,497.0,414.0,536.0,564.0,D:\projects\illegal_parking_project\data\images\0008_top_20250709_t1.png,True,True,497.0,414.0,39.0,150.0,516.5,489.0,1106.872599828692,1376.8071504636691,OK,False,0008_top_20250709_t1,D:\projects\illegal_parking_project\align\polygons\0008_top_20250709_t1.geojson,D:\projects\illegal_parking_project\align\H\0008_top_20250709_t1.npy
414,d,0008_top_20250709_t0,0008_top_20250709_t1,452.0,419.0,491.0,566.0,39.0,147.0,452.0,419.0,491.0,566.0,39,147,2.693,91.4,92.005,1.007,10,0.029,Yes,452.0,419.0,491.0,566.0,D:\projects\illegal_parking_project\data\images\0008_top_20250709_t1.png,True,True,452.0,419.0,39.0,147.0,471.5,492.5,1108.2374837342595,1379.238921612746,OK,False,0008_top_20250709_t1,D:\projects\illegal_parking_project\align\polygons\0008_top_20250709_t1.geojson,D:\projects\illegal_parking_project\align\H\0008_top_20250709_t1.npy
415,d,0008_top_20250709_t0,0008_top_20250709_t1,544.0,404.0,586.0,544.0,42.0,140.0,544.0,404.0,586.0,544.0,42,140,4.743,94.26,94.175,0.999,10,0.05,Yes,544.0,404.0,586.0,544.0,D:\projects\illegal_parking_project\data\images\0008_top_20250709_t1.png,True,True,544.0,404.0,42.0,140.0,565.0,474.0,1118.4477178468003,1375.170041062507,OK,False,0008_top_20250709_t1,D:\projects\illegal_parking_project\align\polygons\0008_top_20250709_t1.geojson,D:\projects\illegal_parking_project\align\H\0008_top_20250709_t1.npy
416,d,0008_top_20250709_t0,0008_top_20250709_t1,413.0,433.0,454.0,582.0,41.0,149.0,413.0,433.0,454.0,582.0,41,149,2.693,92.201,92.801,1.007,10,0.029,Yes,413.0,433.0,454.0,582.0,D:\projects\illegal_parking_project\data\images\0008_top_20250709_t1.png,True,True,413.0,433.0,41.0,149.0,433.5,507.5,1102.9812271914088,1378.7696453316755,OK,False,0008_top_20250709_t1,D:\projects\illegal_parking_project\align\polygons\0008_top_20250709_t1.geojson,D:\projects\illegal_parking_project\align\H\0008_top_20250709_t1.npy
417,d,0008_top_20250709_t0,0008_top_20250709_t1,334.0,439.0,376.0,593.0,42.0,154.0,334.0,439.0,376.0,593.0,42,154,1.5,92.087,92.655,1.006,10,0.016,Yes,334.0,439.0,376.0,593.0,D:\projects\illegal_parking_project\data\images\0008_top_20250709_t1.png,True,True,334.0,439.0,42.0,154.0,355.0,516.0,1096.4685202801602,1380.7381133746003,OK,False,0008_top_20250709_t1,D:\projects\illegal_parking_project\align\polygons\0008_top_20250709_t1.geojson,D:\projects\illegal_parking_project\align\H\0008_top_20250709_t1.npy
418,d,0008_top_20250709_t0,0008_top_20250709_t1,375.0,444.0,415.0,587.0,40.0,143.0,375.0,444.0,415.0,587.0,40,143,1.803,87.419,88.006,1.007,10,0.021,Yes,375.0,444.0,415.0,587.0,D:\projects\illegal_parking_project\data\images\0008_top_20250709_t1.png,True,True,375.0,444.0,40.0,143.0,395.0,515.5,1105.8542887670292,1381.8231980951473,OK,False,0008_top_20250709_t1,D:\projects\illegal_parking_project\align\polygons\0008_top_20250709_t1.geojson,D:\projects\illegal_parking_project\align\H\0008_top_20250709_t1.npy
419,d,0008_top_20250709_t0,0008_top_20250709_t1,31.0,5.0,162.0,53.0,131.0,48.0,31.0,5.0,162.0,53.0,131,48,13.647,147.231,153.844,1.045,10,0.093,Yes,31.0,5.0,162.0,53.0,D:\projects\illegal_parking_project\data\images\0008_top_20250709_t1.png,True,True,31.0,5.0,131.0,48.0,96.5,29.0,1223.0399658080976,1412.715231927402,OK,False,0008_top_20250709_t1,D:\projects\illegal_parking_project\align\polygons\0008_top_20250709_t1.geojson,D:\projects\illegal_parking_project\align\H\0008_top_20250709_t1.npy
420,d,0008_top_20250709_t0,0008_top_20250709_t1,168.0,8.0,239.0,62.0,71.0,54.0,168.0,8.0,239.0,62.0,71,54,11.18,92.914,96.835,1.042,10,0.12,Yes,168.0,8.0,239.0,62.0,D:\projects\illegal_parking_project\data\images\0008_top_20250709_t1.png,True,True,168.0,8.0,71.0,54.0,203.5,35.0,1222.224755908346,1410.320979267703,OK,False,0008_top_20250709_t1,D:\projects\illegal_parking_project\align\polygons\0008_top_20250709_t1.geojson,D:\projects\illegal_parking_project\align\H\0008_top_20250709_t1.npy
421,d,0008_top_20250709_t0,0008_top_20250709_t1,121.0,619.0,198.0,639.0,77.0,20.0,121.0,619.0,198.0,639.0,77,20,2.062,64.514,64.846,1.005,10,0.032,Yes,121.0,619.0,198.0,639.0,D:\projects\illegal_parking_project\data\images\0008_top_20250709_t1.png,True,True,121.0,619.0,77.0,20.0,159.5,629.0,1204.8265951863175,1408.9514558118535,OK,False,0008_top_20250709_t1,D:\projects\illegal_parking_project\align\polygons\0008_top_20250709_t1.geojson,D:\projects\illegal_parking_project\align\H\0008_top_20250709_t1.npy
422,d,0008_top_20250711_t0,0008_top_20250711_t1,532.0,89.0,633.0,171.0,101.0,82.0,532.0,89.0,633.0,171.0,101,82,14.0,83.648,94.366,1.128,9,0.167,Yes,532.0,89.0,633.0,171.0,D:\projects\illegal_parking_project\data\images\0008_top_20250711_t1.jpg,True,True,532.0,89.0,101.0,82.0,582.5,130.0,1214.980311810475,433.6580311492709,OK,False,0008_top_20250711_t1,D:\projects\illegal_parking_project\align\polygons\0008_top_20250711_t1.geojson,D:\projects\illegal_parking_project\align\H\0008_top_20250711_t1.npy
423,c,0009_top_20250623_t0,0009_top_20250623_t1,57.0,454.0,159.0,624.0,102.0,170.0,199.0,11.0,270.0,234.0,71,223,4.924,141.873,129.016,0.909,6,0.035,Yes,199.0,11.0,270.0,234.0,D:\projects\illegal_parking_project\data\images\0009_top_20250623_t1.jpg,True,True,199.0,11.0,71.0,223.0,234.5,122.5,1452.3187049488968,964.5946789680548,OK,False,0009_top_20250623_t1,D:\projects\illegal_parking_project\align\polygons\0009_top_20250623_t1.geojson,D:\projects\illegal_parking_project\align\H\0009_top_20250623_t1.npy
426,b,0009_top_20250626_t0,0009_top_20250626_t1,397.0,352.0,480.0,429.0,83.0,77.0,195.0,491.0,275.0,548.0,80,57,17.755,162.533,125.674,0.773,9,0.109,Yes,195.0,491.0,275.0,548.0,D:\projects\illegal_parking_project\data\images\0009_top_20250626_t1.jpg,True,True,195.0,491.0,80.0,57.0,235.0,519.5,1985.1519204596884,875.1968190719396,OK,False,0009_top_20250626_t1,D:\projects\illegal_parking_project\align\polygons\0009_top_20250626_t1.geojson,D:\projects\illegal_parking_project\align\H\0009_top_20250626_t1.npy
427,b,0009_top_20250626_t0,0009_top_20250626_t1,297.0,567.0,331.0,639.0,34.0,72.0,355.0,303.0,391.0,415.0,36,112,28.504,73.593,108.046,1.468,9,0.387,Yes,355.0,303.0,391.0,415.0,D:\projects\illegal_parking_project\data\images\0009_top_20250626_t1.jpg,True,True,355.0,303.0,36.0,112.0,373.0,359.0,1963.2687434661739,880.5857380306188,OK,False,0009_top_20250626_t1,D:\projects\illegal_parking_project\align\polygons\0009_top_20250626_t1.geojson,D:\projects\illegal_parking_project\align\H\0009_top_20250626_t1.npy
428,b,0009_top_20250626_t0,0009_top_20250626_t1,438.0,579.0,519.0,639.0,81.0,60.0,197.0,290.0,271.0,344.0,74,54,13.901,145.344,115.871,0.797,9,0.096,Yes,197.0,290.0,271.0,344.0,D:\projects\illegal_parking_project\data\images\0009_top_20250626_t1.jpg,True,True,197.0,290.0,74.0,54.0,234.0,317.0,2010.4152459585127,877.9067115463987,OK,False,0009_top_20250626_t1,D:\projects\illegal_parking_project\align\polygons\0009_top_20250626_t1.geojson,D:\projects\illegal_parking_project\align\H\0009_top_20250626_t1.npy
429,b,0009_top_20250626_t0,0009_top_20250626_t1,256.0,326.0,311.0,452.0,55.0,126.0,347.0,525.0,393.0,639.0,46,114,17.889,130.384,120.433,0.924,9,0.137,Yes,347.0,525.0,393.0,639.0,D:\projects\illegal_parking_project\data\images\0009_top_20250626_t1.jpg,True,True,347.0,525.0,46.0,114.0,370.0,582.0,1909.5758529523494,874.3095304539005,OK,False,0009_top_20250626_t1,D:\projects\illegal_parking_project\align\polygons\0009_top_20250626_t1.geojson,D:\projects\illegal_parking_project\align\H\0009_top_20250626_t1.npy
430,b,0009_top_20250626_t0,0009_top_20250626_t1,389.0,265.0,471.0,334.0,82.0,69.0,190.0,572.0,269.0,622.0,79,50,16.508,160.181,122.654,0.766,9,0.103,Yes,190.0,572.0,269.0,622.0,D:\projects\illegal_parking_project\data\images\0009_top_20250626_t1.jpg,True,True,190.0,572.0,79.0,50.0,229.5,597.0,1984.6337618620478,875.9532975726175,OK,False,0009_top_20250626_t1,D:\projects\illegal_parking_project\align\polygons\0009_top_20250626_t1.geojson,D:\projects\illegal_parking_project\align\H\0009_top_20250626_t1.npy
431,b,0009_top_20250626_t0,0009_top_20250626_t1,426.0,513.0,505.0,573.0,79.0,60.0,204.0,355.0,272.0,403.0,68,48,19.144,144.267,106.513,0.738,9,0.133,Yes,204.0,355.0,272.0,403.0,D:\projects\illegal_parking_project\data\images\0009_top_20250626_t1.jpg,True,True,204.0,355.0,68.0,48.0,238.0,379.0,2008.1876204514544,879.1288682112539,OK,False,0009_top_20250626_t1,D:\projects\illegal_parking_project\align\polygons\0009_top_20250626_t1.geojson,D:\projects\illegal_parking_project\align\H\0009_top_20250626_t1.npy
432,b,0009_top_20250626_t0,0009_top_20250626_t1,414.0,433.0,494.0,496.0,80.0,63.0,199.0,425.0,273.0,479.0,74,54,21.708,148.718,116.73,0.785,9,0.146,Yes,199.0,425.0,273.0,479.0,D:\projects\illegal_parking_project\data\images\0009_top_20250626_t1.jpg,True,True,199.0,425.0,74.0,54.0,236.0,452.0,1995.65937042744,877.1581148330985,OK,False,0009_top_20250626_t1,D:\projects\illegal_parking_project\align\polygons\0009_top_20250626_t1.geojson,D:\projects\illegal_parking_project\align\H\0009_top_20250626_t1.npy
442,d,0009_top_20250704_t0,0009_top_20250704_t1,14.0,327.0,52.0,443.0,38.0,116.0,77.0,272.0,113.0,398.0,36,126,11.011,87.92,92.59,1.053,9,0.125,Yes,77.0,272.0,113.0,398.0,D:\projects\illegal_parking_project\data\images\0009_top_20250704_t1.png,True,True,77.0,272.0,36.0,126.0,95.0,335.0,-2.877484255588062,774.4947888327675,OK,False,0009_top_20250704_t1,D:\projects\illegal_parking_project\align\polygons\0009_top_20250704_t1.geojson,D:\projects\illegal_parking_project\align\H\0009_top_20250704_t1.npy
443,d,0009_top_20250704_t0,0009_top_20250704_t1,76.0,332.0,108.0,438.0,32.0,106.0,138.0,279.0,171.0,388.0,33,109,9.301,80.455,81.492,1.013,9,0.116,Yes,138.0,279.0,171.0,388.0,D:\projects\illegal_parking_project\data\images\0009_top_20250704_t1.png,True,True,138.0,279.0,33.0,109.0,154.5,333.5,-12.646711021946858,776.5509110579409,OK,False,0009_top_20250704_t1,D:\projects\illegal_parking_project\align\polygons\0009_top_20250704_t1.geojson,D:\projects\illegal_parking_project\align\H\0009_top_20250704_t1.npy
445,c,0009_top_20250705_t0,0009_top_20250705_t1,156.0,67.0,181.0,129.0,25.0,62.0,385.0,275.0,428.0,307.0,43,32,12.104,97.837,106.668,1.09,9,0.124,Yes,385.0,275.0,428.0,307.0,D:\projects\illegal_parking_project\data\images\0009_top_20250705_t1.jpg,True,True,385.0,275.0,43.0,32.0,406.5,291.0,953.474121137103,65.13334572567163,OK,False,0009_top_20250705_t1,D:\projects\illegal_parking_project\align\polygons\0009_top_20250705_t1.geojson,D:\projects\illegal_parking_project\align\H\0009_top_20250705_t1.npy
446,c,0009_top_20250705_t0,0009_top_20250705_t1,375.0,143.0,412.0,207.0,37.0,64.0,180.0,605.0,220.0,640.0,40,35,19.609,123.329,87.201,0.707,9,0.159,Yes,180.0,605.0,220.0,640.0,D:\projects\illegal_parking_project\data\images\0009_top_20250705_t1.jpg,True,True,180.0,605.0,40.0,35.0,200.0,622.5,989.0051360685267,88.88614723123347,OK,False,0009_top_20250705_t1,D:\projects\illegal_parking_project\align\polygons\0009_top_20250705_t1.geojson,D:\projects\illegal_parking_project\align\H\0009_top_20250705_t1.npy
447,c,0009_top_20250705_t0,0009_top_20250705_t1,231.0,272.0,262.0,333.0,31.0,61.0,235.0,298.0,271.0,328.0,36,30,12.981,105.38,91.831,0.871,9,0.123,Yes,235.0,298.0,271.0,328.0,D:\projects\illegal_parking_project\data\images\0009_top_20250705_t1.jpg,True,True,235.0,298.0,36.0,30.0,253.0,313.0,971.0937374053568,54.1337150643236,OK,False,0009_top_20250705_t1,D:\projects\illegal_parking_project\align\polygons\0009_top_20250705_t1.geojson,D:\projects\illegal_parking_project\align\H\0009_top_20250705_t1.npy
448,c,0009_top_20250705_t0,0009_top_20250705_t1,76.0,230.0,104.0,291.0,28.0,61.0,354.0,100.0,394.0,131.0,40,31,16.643,99.035,113.455,1.146,9,0.168,Yes,354.0,100.0,394.0,131.0,D:\projects\illegal_parking_project\data\images\0009_top_20250705_t1.jpg,True,True,354.0,100.0,40.0,31.0,374.0,115.5,951.5727303479354,45.1216573731626,OK,False,0009_top_20250705_t1,D:\projects\illegal_parking_project\align\polygons\0009_top_20250705_t1.geojson,D:\projects\illegal_parking_project\align\H\0009_top_20250705_t1.npy
449,c,0009_top_20250705_t0,0009_top_20250705_t1,144.0,354.0,177.0,418.0,33.0,64.0,262.0,137.0,300.0,165.0,38,28,16.492,108.904,104.019,0.955,9,0.151,Yes,262.0,137.0,300.0,165.0,D:\projects\illegal_parking_project\data\images\0009_top_20250705_t1.jpg,True,True,262.0,137.0,38.0,28.0,281.0,151.0,961.3246441669179,41.201970815086526,OK,False,0009_top_20250705_t1,D:\projects\illegal_parking_project\align\polygons\0009_top_20250705_t1.geojson,D:\projects\illegal_parking_project\align\H\0009_top_20250705_t1.npy
450,c,0009_top_20250705_t0,0009_top_20250705_t1,356.0,541.0,389.0,600.0,33.0,59.0,18.0,349.0,49.0,386.0,31,37,27.115,104.89,90.427,0.862,9,0.259,Yes,18.0,349.0,49.0,386.0,D:\projects\illegal_parking_project\data\images\0009_top_20250705_t1.jpg,True,True,18.0,349.0,31.0,37.0,33.5,367.5,993.5412644436793,55.53044652534595,OK,False,0009_top_20250705_t1,D:\projects\illegal_parking_project\align\polygons\0009_top_20250705_t1.geojson,D:\projects\illegal_parking_project\align\H\0009_top_20250705_t1.npy
451,c,0009_top_20250705_t0,0009_top_20250705_t1,344.0,172.0,380.0,234.0,36.0,62.0,182.0,552.0,228.0,596.0,46,44,28.814,119.097,106.212,0.892,9,0.242,Yes,182.0,552.0,228.0,596.0,D:\projects\illegal_parking_project\data\images\0009_top_20250705_t1.jpg,True,True,182.0,552.0,46.0,44.0,205.0,574.0,990.3219923421893,100.91153087950309,OK,False,0009_top_20250705_t1,D:\projects\illegal_parking_project\align\polygons\0009_top_20250705_t1.geojson,D:\projects\illegal_parking_project\align\H\0009_top_20250705_t1.npy
452,c,0009_top_20250705_t0,0009_top_20250705_t1,86.0,415.0,115.0,471.0,29.0,56.0,275.0,50.0,306.0,77.0,31,27,13.314,94.763,95.776,1.011,9,0.14,Yes,275.0,50.0,306.0,77.0,D:\projects\illegal_parking_project\data\images\0009_top_20250705_t1.jpg,True,True,275.0,50.0,31.0,27.0,290.5,63.5,961.684796958839,31.589070874225957,OK,False,0009_top_20250705_t1,D:\projects\illegal_parking_project\align\polygons\0009_top_20250705_t1.geojson,D:\projects\illegal_parking_project\align\H\0009_top_20250705_t1.npy
453,c,0009_top_20250705_t0,0009_top_20250705_t1,119.0,483.0,154.0,539.0,35.0,56.0,230.0,63.0,264.0,93.0,34,30,16.031,104.235,104.35,1.001,9,0.154,Yes,230.0,63.0,264.0,93.0,D:\projects\illegal_parking_project\data\images\0009_top_20250705_t1.jpg,True,True,230.0,63.0,34.0,30.0,247.0,78.0,963.7455587155893,32.582997765793024,OK,False,0009_top_20250705_t1,D:\projects\illegal_parking_project\align\polygons\0009_top_20250705_t1.geojson,D:\projects\illegal_parking_project\align\H\0009_top_20250705_t1.npy
454,c,0009_top_20250705_t0,0009_top_20250705_t1,198.0,311.0,232.0,369.0,34.0,58.0,242.0,233.0,283.0,263.0,41,30,7.5,107.713,104.809,0.973,9,0.07,Yes,242.0,233.0,283.0,263.0,D:\projects\illegal_parking_project\data\images\0009_top_20250705_t1.jpg,True,True,242.0,233.0,41.0,30.0,262.5,248.0,965.1689047191393,50.67970394669086,OK,False,0009_top_20250705_t1,D:\projects\illegal_parking_project\align\polygons\0009_top_20250705_t1.geojson,D:\projects\illegal_parking_project\align\H\0009_top_20250705_t1.npy
455,c,0009_top_20250705_t0,0009_top_20250705_t1,330.0,4.0,356.0,55.0,26.0,51.0,300.0,601.0,344.0,639.0,44,38,18.722,92.655,94.81,1.023,9,0.202,Yes,300.0,601.0,344.0,639.0,D:\projects\illegal_parking_project\data\images\0009_top_20250705_t1.jpg,True,True,300.0,601.0,44.0,38.0,322.0,620.0,978.1729571009307,102.16090147656936,OK,False,0009_top_20250705_t1,D:\projects\illegal_parking_project\align\polygons\0009_top_20250705_t1.geojson,D:\projects\illegal_parking_project\align\H\0009_top_20250705_t1.npy
456,c,0009_top_20250705_t0,0009_top_20250705_t1,176.0,331.0,212.0,391.0,36.0,60.0,245.0,198.0,285.0,227.0,40,29,8.559,112.699,104.202,0.925,9,0.076,Yes,245.0,198.0,285.0,227.0,D:\projects\illegal_parking_project\data\images\0009_top_20250705_t1.jpg,True,True,245.0,198.0,40.0,29.0,265.0,212.5,963.9104018959257,46.73539525460748,OK,False,0009_top_20250705_t1,D:\projects\illegal_parking_project\align\polygons\0009_top_20250705_t1.geojson,D:\projects\illegal_parking_project\align\H\0009_top_20250705_t1.npy
457,c,0009_top_20250705_t0,0009_top_20250705_t1,96.0,218.0,128.0,270.0,32.0,52.0,348.0,161.0,386.0,194.0,38,33,25.005,99.156,107.056,1.08,9,0.252,Yes,348.0,161.0,386.0,194.0,D:\projects\illegal_parking_project\data\images\0009_top_20250705_t1.jpg,True,True,348.0,161.0,38.0,33.0,367.0,177.5,956.5263801695828,50.369534218314776,OK,False,0009_top_20250705_t1,D:\projects\illegal_parking_project\align\polygons\0009_top_20250705_t1.geojson,D:\projects\illegal_parking_project\align\H\0009_top_20250705_t1.npy
458,c,0009_top_20250705_t0,0009_top_20250705_t1,105.0,492.0,131.0,550.0,26.0,58.0,238.0,41.0,270.0,70.0,32,29,14.534,89.14,101.415,1.138,9,0.163,Yes,238.0,41.0,270.0,70.0,D:\projects\illegal_parking_project\data\images\0009_top_20250705_t1.jpg,True,True,238.0,41.0,32.0,29.0,254.0,55.5,963.3968440955812,30.07974260848112,OK,False,0009_top_20250705_t1,D:\projects\illegal_parking_project\align\polygons\0009_top_20250705_t1.geojson,D:\projects\illegal_parking_project\align\H\0009_top_20250705_t1.npy
459,c,0009_top_20250705_t0,0009_top_20250705_t1,356.0,457.0,394.0,512.0,38.0,55.0,48.0,405.0,88.0,444.0,40,39,23.691,113.406,103.005,0.908,9,0.209,Yes,48.0,405.0,88.0,444.0,D:\projects\illegal_parking_project\data\images\0009_top_20250705_t1.jpg,True,True,48.0,405.0,40.0,39.0,68.0,424.5,993.6777285636612,66.49954940362532,OK,False,0009_top_20250705_t1,D:\projects\illegal_parking_project\align\polygons\0009_top_20250705_t1.geojson,D:\projects\illegal_parking_project\align\H\0009_top_20250705_t1.npy
460,c,0009_top_20250705_t0,0009_top_20250705_t1,347.0,181.0,372.0,233.0,25.0,52.0,194.0,510.0,226.0,548.0,32,38,27.951,89.805,82.329,0.917,9,0.311,Yes,194.0,510.0,226.0,548.0,D:\projects\illegal_parking_project\data\images\0009_top_20250705_t1.jpg,True,True,194.0,510.0,32.0,38.0,210.0,529.0,989.6093641060926,82.25537179064091,OK,False,0009_top_20250705_t1,D:\projects\illegal_parking_project\align\polygons\0009_top_20250705_t1.geojson,D:\projects\illegal_parking_project\align\H\0009_top_20250705_t1.npy
461,c,0009_top_20250705_t0,0009_top_20250705_t1,356.0,252.0,395.0,311.0,39.0,59.0,131.0,528.0,172.0,572.0,41,44,34.384,120.88,100.424,0.831,9,0.284,Yes,131.0,528.0,172.0,572.0,D:\projects\illegal_parking_project\data\images\0009_top_20250705_t1.jpg,True,True,131.0,528.0,41.0,44.0,151.5,550.0,995.8515880614564,93.58575857841848,OK,False,0009_top_20250705_t1,D:\projects\illegal_parking_project\align\polygons\0009_top_20250705_t1.geojson,D:\projects\illegal_parking_project\align\H\0009_top_20250705_t1.npy
462,c,0009_top_20250705_t0,0009_top_20250705_t1,248.0,540.0,278.0,601.0,30.0,61.0,117.0,189.0,152.0,227.0,35,38,11.8,100.419,107.168,1.067,9,0.118,Yes,117.0,189.0,152.0,227.0,D:\projects\illegal_parking_project\data\images\0009_top_20250705_t1.jpg,True,True,117.0,189.0,35.0,38.0,134.5,208.0,978.5342293029601,43.81345566347542,OK,False,0009_top_20250705_t1,D:\projects\illegal_parking_project\align\polygons\0009_top_20250705_t1.geojson,D:\projects\illegal_parking_project\align\H\0009_top_20250705_t1.npy
463,c,0009_top_20250705_t0,0009_top_20250705_t1,146.0,160.0,182.0,224.0,36.0,64.0,337.0,222.0,386.0,261.0,49,39,12.42,117.456,128.55,1.094,9,0.106,Yes,337.0,222.0,386.0,261.0,D:\projects\illegal_parking_project\data\images\0009_top_20250705_t1.jpg,True,True,337.0,222.0,49.0,39.0,361.5,241.5,953.1204588249535,65.75361612633834,OK,False,0009_top_20250705_t1,D:\projects\illegal_parking_project\align\polygons\0009_top_20250705_t1.geojson,D:\projects\illegal_parking_project\align\H\0009_top_20250705_t1.npy
464,c,0009_top_20250705_t0,0009_top_20250705_t1,340.0,472.0,377.0,537.0,37.0,65.0,53.0,364.0,98.0,400.0,45,36,19.912,117.686,110.436,0.938,9,0.169,Yes,53.0,364.0,98.0,400.0,D:\projects\illegal_parking_project\data\images\0009_top_20250705_t1.jpg,True,True,53.0,364.0,45.0,36.0,75.5,382.0,988.6922888466389,59.18321026866394,OK,False,0009_top_20250705_t1,D:\projects\illegal_parking_project\align\polygons\0009_top_20250705_t1.geojson,D:\projects\illegal_parking_project\align\H\0009_top_20250705_t1.npy
465,c,0009_top_20250705_t0,0009_top_20250705_t1,325.0,198.0,359.0,254.0,34.0,56.0,204.0,461.0,243.0,496.0,39,35,29.841,109.986,93.408,0.849,9,0.271,Yes,204.0,461.0,243.0,496.0,D:\projects\illegal_parking_project\data\images\0009_top_20250705_t1.jpg,True,True,204.0,461.0,39.0,35.0,223.5,478.5,981.1536396281058,75.1008491882615,OK,False,0009_top_20250705_t1,D:\projects\illegal_parking_project\align\polygons\0009_top_20250705_t1.geojson,D:\projects\illegal_parking_project\align\H\0009_top_20250705_t1.npy
466,c,0009_top_20250705_t0,0009_top_20250705_t1,397.0,524.0,424.0,577.0,27.0,53.0,0.0,426.0,29.0,469.0,29,43,17.678,89.872,88.73,0.987,9,0.197,Yes,0.0,426.0,29.0,469.0,D:\projects\illegal_parking_project\data\images\0009_top_20250705_t1.jpg,True,True,0.0,426.0,29.0,43.0,14.5,447.5,1002.0076321117599,71.30279997577125,OK,False,0009_top_20250705_t1,D:\projects\illegal_parking_project\align\polygons\0009_top_20250705_t1.geojson,D:\projects\illegal_parking_project\align\H\0009_top_20250705_t1.npy
467,c,0009_top_20250705_t0,0009_top_20250705_t1,163.0,448.0,186.0,499.0,23.0,51.0,223.0,129.0,256.0,151.0,33,22,11.853,81.345,87.801,1.079,9,0.146,Yes,223.0,129.0,256.0,151.0,D:\projects\illegal_parking_project\data\images\0009_top_20250705_t1.jpg,True,True,223.0,129.0,33.0,22.0,239.5,140.0,965.7143783849398,34.06721683936495,OK,False,0009_top_20250705_t1,D:\projects\illegal_parking_project\align\polygons\0009_top_20250705_t1.geojson,D:\projects\illegal_parking_project\align\H\0009_top_20250705_t1.npy
468,c,0009_top_20250705_t0,0009_top_20250705_t1,339.0,266.0,375.0,327.0,36.0,61.0,141.0,486.0,185.0,528.0,44,42,29.206,116.276,105.603,0.908,9,0.251,Yes,141.0,486.0,185.0,528.0,D:\projects\illegal_parking_project\data\images\0009_top_20250705_t1.jpg,True,True,141.0,486.0,44.0,42.0,163.0,507.0,990.146447592317,86.34546078584262,OK,False,0009_top_20250705_t1,D:\projects\illegal_parking_project\align\polygons\0009_top_20250705_t1.geojson,D:\projects\illegal_parking_project\align\H\0009_top_20250705_t1.npy
469,c,0009_top_20250705_t0,0009_top_20250705_t1,301.0,306.0,339.0,364.0,38.0,58.0,158.0,397.0,202.0,437.0,44,40,20.506,116.516,109.809,0.942,9,0.176,Yes,158.0,397.0,202.0,437.0,D:\projects\illegal_parking_project\data\images\0009_top_20250705_t1.jpg,True,True,158.0,397.0,44.0,40.0,180.0,417.0,982.7570173050881,73.84062453140253,OK,False,0009_top_20250705_t1,D:\projects\illegal_parking_project\align\polygons\0009_top_20250705_t1.geojson,D:\projects\illegal_parking_project\align\H\0009_top_20250705_t1.npy
470,c,0009_top_20250705_t0,0009_top_20250705_t1,130.0,190.0,161.0,249.0,31.0,59.0,339.0,220.0,384.0,254.0,45,34,30.696,103.247,117.29,1.136,9,0.297,Yes,339.0,220.0,384.0,254.0,D:\projects\illegal_parking_project\data\images\0009_top_20250705_t1.jpg,True,True,339.0,220.0,45.0,34.0,361.5,237.0,954.432993696545,59.87832985931957,OK,False,0009_top_20250705_t1,D:\projects\illegal_parking_project\align\polygons\0009_top_20250705_t1.geojson,D:\projects\illegal_parking_project\align\H\0009_top_20250705_t1.npy
471,c,0009_top_20250705_t0,0009_top_20250705_t1,320.0,285.0,359.0,347.0,39.0,62.0,151.0,439.0,192.0,477.0,41,38,22.727,122.147,99.81,0.817,9,0.186,Yes,151.0,439.0,192.0,477.0,D:\projects\illegal_parking_project\data\images\0009_top_20250705_t1.jpg,True,True,151.0,439.0,41.0,38.0,171.5,458.0,985.5532359643963,74.77212148154771,OK,False,0009_top_20250705_t1,D:\projects\illegal_parking_project\align\polygons\0009_top_20250705_t1.geojson,D:\projects\illegal_parking_project\align\H\0009_top_20250705_t1.npy
472,c,0009_top_20250705_t0,0009_top_20250705_t1,288.0,33.0,325.0,94.0,37.0,61.0,304.0,547.0,351.0,590.0,47,43,27.541,121.264,105.891,0.873,9,0.227,Yes,304.0,547.0,351.0,590.0,D:\projects\illegal_parking_project\data\images\0009_top_20250705_t1.jpg,True,True,304.0,547.0,47.0,43.0,327.5,568.5,976.7020781401619,106.33164041382982,OK,False,0009_top_20250705_t1,D:\projects\illegal_parking_project\align\polygons\0009_top_20250705_t1.geojson,D:\projects\illegal_parking_project\align\H\0009_top_20250705_t1.npy
473,c,0009_top_20250705_t0,0009_top_20250705_t1,286.0,322.0,320.0,382.0,34.0,60.0,166.0,357.0,207.0,392.0,41,35,17.671,110.535,102.005,0.923,9,0.16,Yes,166.0,357.0,207.0,392.0,D:\projects\illegal_parking_project\data\images\0009_top_20250705_t1.jpg,True,True,166.0,357.0,41.0,35.0,186.5,374.5,978.8483203406062,63.02679698877839,OK,False,0009_top_20250705_t1,D:\projects\illegal_parking_project\align\polygons\0009_top_20250705_t1.geojson,D:\projects\illegal_parking_project\align\H\0009_top_20250705_t1.npy
474,c,0009_top_20250705_t0,0009_top_20250705_t1,157.0,445.0,190.0,501.0,33.0,56.0,222.0,121.0,255.0,152.0,33,31,12.51,101.316,100.005,0.987,9,0.123,Yes,222.0,121.0,255.0,152.0,D:\projects\illegal_parking_project\data\images\0009_top_20250705_t1.jpg,True,True,222.0,121.0,33.0,31.0,238.5,136.5,967.2291199701617,37.38617025392995,OK,False,0009_top_20250705_t1,D:\projects\illegal_parking_project\align\polygons\0009_top_20250705_t1.geojson,D:\projects\illegal_parking_project\align\H\0009_top_20250705_t1.npy
475,c,0009_top_20250705_t0,0009_top_20250705_t1,391.0,421.0,426.0,482.0,35.0,61.0,38.0,446.0,81.0,489.0,43,43,26.627,112.045,108.6,0.969,9,0.238,Yes,38.0,446.0,81.0,489.0,D:\projects\illegal_parking_project\data\images\0009_top_20250705_t1.jpg,True,True,38.0,446.0,43.0,43.0,59.5,467.5,998.5025069041857,76.70312035900662,OK,False,0009_top_20250705_t1,D:\projects\illegal_parking_project\align\polygons\0009_top_20250705_t1.geojson,D:\projects\illegal_parking_project\align\H\0009_top_20250705_t1.npy
476,c,0009_top_20250705_t0,0009_top_20250705_t1,150.0,362.0,174.0,416.0,24.0,54.0,259.0,171.0,296.0,195.0,37,24,25.348,85.633,95.0,1.109,9,0.296,Yes,259.0,171.0,296.0,195.0,D:\projects\illegal_parking_project\data\images\0009_top_20250705_t1.jpg,True,True,259.0,171.0,37.0,24.0,277.5,183.0,962.3909557108857,41.12188609228513,OK,False,0009_top_20250705_t1,D:\projects\illegal_parking_project\align\polygons\0009_top_20250705_t1.geojson,D:\projects\illegal_parking_project\align\H\0009_top_20250705_t1.npy
477,c,0009_top_20250705_t0,0009_top_20250705_t1,99.0,220.0,121.0,270.0,22.0,50.0,356.0,134.0,390.0,164.0,34,30,12.659,79.981,97.745,1.222,9,0.158,Yes,356.0,134.0,390.0,164.0,D:\projects\illegal_parking_project\data\images\0009_top_20250705_t1.jpg,True,True,356.0,134.0,34.0,30.0,373.0,149.0,957.432847330837,44.62599644126768,OK,False,0009_top_20250705_t1,D:\projects\illegal_parking_project\align\polygons\0009_top_20250705_t1.geojson,D:\projects\illegal_parking_project\align\H\0009_top_20250705_t1.npy
478,c,0009_top_20250705_t0,0009_top_20250705_t1,260.0,61.0,284.0,112.0,24.0,51.0,324.0,456.0,362.0,492.0,38,36,11.673,88.391,90.907,1.028,9,0.132,Yes,324.0,456.0,362.0,492.0,D:\projects\illegal_parking_project\data\images\0009_top_20250705_t1.jpg,True,True,324.0,456.0,38.0,36.0,343.0,474.0,972.4383942821178,81.75849795931192,OK,False,0009_top_20250705_t1,D:\projects\illegal_parking_project\align\polygons\0009_top_20250705_t1.geojson,D:\projects\illegal_parking_project\align\H\0009_top_20250705_t1.npy
479,c,0009_top_20250705_t0,0009_top_20250705_t1,244.0,81.0,270.0,135.0,26.0,54.0,323.0,414.0,368.0,453.0,45,39,4.61,93.338,107.299,1.15,9,0.049,Yes,323.0,414.0,368.0,453.0,D:\projects\illegal_parking_project\data\images\0009_top_20250705_t1.jpg,True,True,323.0,414.0,45.0,39.0,345.5,433.5,966.9677038136559,84.61876295196548,OK,False,0009_top_20250705_t1,D:\projects\illegal_parking_project\align\polygons\0009_top_20250705_t1.geojson,D:\projects\illegal_parking_project\align\H\0009_top_20250705_t1.npy
480,c,0009_top_20250705_t0,0009_top_20250705_t1,323.0,494.0,354.0,552.0,31.0,58.0,63.0,322.0,110.0,361.0,47,39,17.007,100.499,119.62,1.19,9,0.169,Yes,63.0,322.0,110.0,361.0,D:\projects\illegal_parking_project\data\images\0009_top_20250705_t1.jpg,True,True,63.0,322.0,47.0,39.0,86.5,341.5,986.7211641865871,58.815015868469445,OK,False,0009_top_20250705_t1,D:\projects\illegal_parking_project\align\polygons\0009_top_20250705_t1.geojson,D:\projects\illegal_parking_project\align\H\0009_top_20250705_t1.npy
481,c,0009_top_20250705_t0,0009_top_20250705_t1,173.0,427.0,208.0,485.0,35.0,58.0,216.0,152.0,251.0,181.0,35,29,8.5,107.713,98.858,0.918,9,0.079,Yes,216.0,152.0,251.0,181.0,D:\projects\illegal_parking_project\data\images\0009_top_20250705_t1.jpg,True,True,216.0,152.0,35.0,29.0,233.5,166.5,967.3422408214127,39.54243841451646,OK,False,0009_top_20250705_t1,D:\projects\illegal_parking_project\align\polygons\0009_top_20250705_t1.geojson,D:\projects\illegal_parking_project\align\H\0009_top_20250705_t1.npy
482,c,0009_top_20250705_t0,0009_top_20250705_t1,277.0,48.0,304.0,101.0,27.0,53.0,316.0,499.0,355.0,538.0,39,39,15.532,95.483,93.606,0.98,9,0.163,Yes,316.0,499.0,355.0,538.0,D:\projects\illegal_parking_project\data\images\0009_top_20250705_t1.jpg,True,True,316.0,499.0,39.0,39.0,335.5,518.5,976.2809741137587,91.02088043863279,OK,False,0009_top_20250705_t1,D:\projects\illegal_parking_project\align\polygons\0009_top_20250705_t1.geojson,D:\projects\illegal_parking_project\align\H\0009_top_20250705_t1.npy
483,c,0009_top_20250705_t0,0009_top_20250705_t1,192.0,412.0,227.0,470.0,35.0,58.0,208.0,176.0,236.0,209.0,28,33,14.16,107.713,89.196,0.828,9,0.131,Yes,208.0,176.0,236.0,209.0,D:\projects\illegal_parking_project\data\images\0009_top_20250705_t1.jpg,True,True,208.0,176.0,28.0,33.0,222.0,192.5,973.3859705415191,41.32877365713576,OK,False,0009_top_20250705_t1,D:\projects\illegal_parking_project\align\polygons\0009_top_20250705_t1.geojson,D:\projects\illegal_parking_project\align\H\0009_top_20250705_t1.npy
484,c,0009_top_20250705_t0,0009_top_20250705_t1,377.0,542.0,405.0,596.0,28.0,54.0,0.0,384.0,39.0,422.0,39,38,24.52,92.022,102.201,1.111,9,0.266,Yes,0.0,384.0,39.0,422.0,D:\projects\illegal_parking_project\data\images\0009_top_20250705_t1.jpg,True,True,0.0,384.0,39.0,38.0,19.5,403.0,996.3075653933655,60.20179108334953,OK,False,0009_top_20250705_t1,D:\projects\illegal_parking_project\align\polygons\0009_top_20250705_t1.geojson,D:\projects\illegal_parking_project\align\H\0009_top_20250705_t1.npy
485,c,0009_top_20250705_t0,0009_top_20250705_t1,272.0,342.0,299.0,399.0,27.0,57.0,174.0,318.0,215.0,353.0,41,35,13.153,94.048,104.809,1.114,9,0.14,Yes,174.0,318.0,215.0,353.0,D:\projects\illegal_parking_project\data\images\0009_top_20250705_t1.jpg,True,True,174.0,318.0,41.0,35.0,194.5,335.5,976.4396260124969,59.47744864307716,OK,False,0009_top_20250705_t1,D:\projects\illegal_parking_project\align\polygons\0009_top_20250705_t1.geojson,D:\projects\illegal_parking_project\align\H\0009_top_20250705_t1.npy
486,c,0009_top_20250705_t0,0009_top_20250705_t1,136.0,463.0,172.0,518.0,36.0,55.0,228.0,94.0,263.0,124.0,35,30,13.0,106.527,103.711,0.974,9,0.122,Yes,228.0,94.0,263.0,124.0,D:\projects\illegal_parking_project\data\images\0009_top_20250705_t1.jpg,True,True,228.0,94.0,35.0,30.0,245.5,109.0,964.503092308516,35.56449264028097,OK,False,0009_top_20250705_t1,D:\projects\illegal_parking_project\align\polygons\0009_top_20250705_t1.geojson,D:\projects\illegal_parking_project\align\H\0009_top_20250705_t1.npy
487,c,0009_top_20250705_t0,0009_top_20250705_t1,375.0,436.0,411.0,492.0,36.0,56.0,19.0,484.0,63.0,530.0,44,46,69.464,109.636,110.802,1.011,9,0.634,No,19.0,484.0,63.0,530.0,D:\projects\illegal_parking_project\data\images\0009_top_20250705_t1.jpg,False,False,19.0,484.0,44.0,46.0,41.0,507.0,1004.1911477058659,85.15959172436084,OK,False,0009_top_20250705_t1,D:\projects\illegal_parking_project\align\polygons\0009_top_20250705_t1.geojson,D:\projects\illegal_parking_project\align\H\0009_top_20250705_t1.npy
529,b,0009_top_20250707_t0,0009_top_20250707_t1,80.0,395.0,166.0,471.0,86.0,76.0,69.0,431.0,149.0,495.0,80,64,6.021,158.824,161.245,1.015,6,0.038,Yes,69.0,431.0,149.0,495.0,D:\projects\illegal_parking_project\data\images\0009_top_20250707_t1.png,True,True,69.0,431.0,80.0,64.0,109.0,463.0,1237.4529885840907,1074.4619456093899,OK,False,0009_top_20250707_t1,D:\projects\illegal_parking_project\align\polygons\0009_top_20250707_t1.geojson,D:\projects\illegal_parking_project\align\H\0009_top_20250707_t1.npy
530,b,0009_top_20250707_t0,0009_top_20250707_t1,150.0,128.0,236.0,198.0,86.0,70.0,115.0,179.0,193.0,241.0,78,62,17.335,155.708,157.28,1.01,6,0.111,Yes,115.0,179.0,193.0,241.0,D:\projects\illegal_parking_project\data\images\0009_top_20250707_t1.png,True,True,115.0,179.0,78.0,62.0,154.0,210.0,1231.9003532639083,1117.304012028953,OK,False,0009_top_20250707_t1,D:\projects\illegal_parking_project\align\polygons\0009_top_20250707_t1.geojson,D:\projects\illegal_parking_project\align\H\0009_top_20250707_t1.npy
531,b,0009_top_20250707_t0,0009_top_20250707_t1,94.0,323.0,176.0,399.0,82.0,76.0,76.0,364.0,153.0,430.0,77,66,3.808,154.052,157.436,1.022,6,0.025,Yes,76.0,364.0,153.0,430.0,D:\projects\illegal_parking_project\data\images\0009_top_20250707_t1.png,True,True,76.0,364.0,77.0,66.0,114.5,397.0,1235.5421626908883,1083.111022598958,OK,False,0009_top_20250707_t1,D:\projects\illegal_parking_project\align\polygons\0009_top_20250707_t1.geojson,D:\projects\illegal_parking_project\align\H\0009_top_20250707_t1.npy
532,b,0009_top_20250707_t0,0009_top_20250707_t1,234.0,153.0,315.0,227.0,81.0,74.0,193.0,186.0,269.0,252.0,76,66,14.151,147.492,154.871,1.05,6,0.096,Yes,193.0,186.0,269.0,252.0,D:\projects\illegal_parking_project\data\images\0009_top_20250707_t1.png,True,True,193.0,186.0,76.0,66.0,231.0,219.0,1240.0472491596972,1115.4234899470798,OK,False,0009_top_20250707_t1,D:\projects\illegal_parking_project\align\polygons\0009_top_20250707_t1.geojson,D:\projects\illegal_parking_project\align\H\0009_top_20250707_t1.npy
533,b,0009_top_20250707_t0,0009_top_20250707_t1,411.0,232.0,489.0,308.0,78.0,76.0,357.0,217.0,431.0,282.0,74,65,2.55,135.152,148.189,1.096,6,0.019,Yes,357.0,217.0,431.0,282.0,D:\projects\illegal_parking_project\data\images\0009_top_20250707_t1.png,True,True,357.0,217.0,74.0,65.0,394.0,249.5,1256.3456159021841,1114.608814545315,OK,False,0009_top_20250707_t1,D:\projects\illegal_parking_project\align\polygons\0009_top_20250707_t1.geojson,D:\projects\illegal_parking_project\align\H\0009_top_20250707_t1.npy
534,b,0009_top_20250707_t0,0009_top_20250707_t1,328.0,199.0,406.0,268.0,78.0,69.0,278.0,202.0,350.0,266.0,72,64,7.28,136.191,146.492,1.076,6,0.053,Yes,278.0,202.0,350.0,266.0,D:\projects\illegal_parking_project\data\images\0009_top_20250707_t1.png,True,True,278.0,202.0,72.0,64.0,314.0,234.0,1247.0012809914406,1115.6887717110576,OK,False,0009_top_20250707_t1,D:\projects\illegal_parking_project\align\polygons\0009_top_20250707_t1.geojson,D:\projects\illegal_parking_project\align\H\0009_top_20250707_t1.npy
535,b,0009_top_20250707_t0,0009_top_20250707_t1,135.0,492.0,219.0,565.0,84.0,73.0,125.0,502.0,202.0,574.0,77,72,9.434,150.722,160.378,1.064,6,0.063,Yes,125.0,502.0,202.0,574.0,D:\projects\illegal_parking_project\data\images\0009_top_20250707_t1.png,True,True,125.0,502.0,77.0,72.0,163.5,538.0,1247.9271462438942,1052.8341151157547,OK,False,0009_top_20250707_t1,D:\projects\illegal_parking_project\align\polygons\0009_top_20250707_t1.geojson,D:\projects\illegal_parking_project\align\H\0009_top_20250707_t1.npy
536,b,0009_top_20250707_t0,0009_top_20250707_t1,523.0,223.0,601.0,292.0,78.0,69.0,459.0,184.0,526.0,246.0,67,62,8.86,127.264,134.529,1.057,6,0.07,Yes,459.0,184.0,526.0,246.0,D:\projects\illegal_parking_project\data\images\0009_top_20250707_t1.png,True,True,459.0,184.0,67.0,62.0,492.5,215.0,1259.6857648594778,1123.0894355395117,OK,False,0009_top_20250707_t1,D:\projects\illegal_parking_project\align\polygons\0009_top_20250707_t1.geojson,D:\projects\illegal_parking_project\align\H\0009_top_20250707_t1.npy
537,b,0009_top_20250707_t0,0009_top_20250707_t1,329.0,448.0,367.0,576.0,38.0,128.0,297.0,434.0,335.0,543.0,38,109,8.201,123.976,128.845,1.039,6,0.066,Yes,297.0,434.0,335.0,543.0,D:\projects\illegal_parking_project\data\images\0009_top_20250707_t1.png,True,True,297.0,434.0,38.0,109.0,316.0,488.5,1255.7373681928577,1016.3551106916576,OK,False,0009_top_20250707_t1,D:\projects\illegal_parking_project\align\polygons\0009_top_20250707_t1.geojson,D:\projects\illegal_parking_project\align\H\0009_top_20250707_t1.npy
538,b,0009_top_20250707_t0,0009_top_20250707_t1,558.0,428.0,594.0,548.0,36.0,120.0,502.0,366.0,544.0,473.0,42,107,26.173,111.772,129.835,1.162,6,0.234,Yes,502.0,366.0,544.0,473.0,D:\projects\illegal_parking_project\data\images\0009_top_20250707_t1.png,True,True,502.0,366.0,42.0,107.0,523.0,419.5,1263.8467050871784,1040.3716287178993,OK,False,0009_top_20250707_t1,D:\projects\illegal_parking_project\align\polygons\0009_top_20250707_t1.geojson,D:\projects\illegal_parking_project\align\H\0009_top_20250707_t1.npy
539,b,0009_top_20250707_t0,0009_top_20250707_t1,368.0,448.0,407.0,572.0,39.0,124.0,331.0,425.0,373.0,541.0,42,116,8.062,121.495,138.683,1.141,6,0.066,Yes,331.0,425.0,373.0,541.0,D:\projects\illegal_parking_project\data\images\0009_top_20250707_t1.png,True,True,331.0,425.0,42.0,116.0,352.0,483.0,1261.008680217604,1010.2828976645322,OK,False,0009_top_20250707_t1,D:\projects\illegal_parking_project\align\polygons\0009_top_20250707_t1.geojson,D:\projects\illegal_parking_project\align\H\0009_top_20250707_t1.npy
540,b,0009_top_20250707_t0,0009_top_20250707_t1,445.0,430.0,489.0,560.0,44.0,130.0,398.0,396.0,445.0,514.0,47,118,10.012,128.222,146.103,1.139,6,0.078,Yes,398.0,396.0,445.0,514.0,D:\projects\illegal_parking_project\data\images\0009_top_20250707_t1.png,True,True,398.0,396.0,47.0,118.0,421.5,455.0,1266.208267844582,1017.6939552064597,OK,False,0009_top_20250707_t1,D:\projects\illegal_parking_project\align\polygons\0009_top_20250707_t1.geojson,D:\projects\illegal_parking_project\align\H\0009_top_20250707_t1.npy
541,b,0009_top_20250707_t0,0009_top_20250707_t1,290.0,444.0,328.0,573.0,38.0,129.0,260.0,436.0,299.0,548.0,39,112,7.211,126.194,133.225,1.056,6,0.057,Yes,260.0,436.0,299.0,548.0,D:\projects\illegal_parking_project\data\images\0009_top_20250707_t1.png,True,True,260.0,436.0,39.0,112.0,279.5,492.0,1255.383406877691,1011.370928576303,OK,False,0009_top_20250707_t1,D:\projects\illegal_parking_project\align\polygons\0009_top_20250707_t1.geojson,D:\projects\illegal_parking_project\align\H\0009_top_20250707_t1.npy
542,b,0009_top_20250707_t0,0009_top_20250707_t1,405.0,434.0,445.0,562.0,40.0,128.0,364.0,415.0,406.0,522.0,42,107,9.014,124.535,132.008,1.06,6,0.072,Yes,364.0,415.0,406.0,522.0,D:\projects\illegal_parking_project\data\images\0009_top_20250707_t1.png,True,True,364.0,415.0,42.0,107.0,385.0,468.5,1259.3473484574906,1025.4456782271168,OK,False,0009_top_20250707_t1,D:\projects\illegal_parking_project\align\polygons\0009_top_20250707_t1.geojson,D:\projects\illegal_parking_project\align\H\0009_top_20250707_t1.npy
543,b,0009_top_20250709_t0,0009_top_20250709_t1,446.0,0.0,500.0,116.0,54.0,116.0,463.0,85.0,497.0,216.0,34,131,2.062,82.976,72.471,0.873,7,0.025,Yes,463.0,85.0,497.0,216.0,D:\projects\illegal_parking_project\data\images\0009_top_20250709_t1.jpg,True,True,463.0,85.0,34.0,131.0,480.0,150.5,743.9422199122412,486.3671459380691,OK,False,0009_top_20250709_t1,D:\projects\illegal_parking_project\align\polygons\0009_top_20250709_t1.geojson,D:\projects\illegal_parking_project\align\H\0009_top_20250709_t1.npy
544,b,0009_top_20250709_t0,0009_top_20250709_t1,268.0,108.0,304.0,233.0,36.0,125.0,283.0,100.0,311.0,209.0,28,109,5.701,69.836,60.374,0.865,7,0.082,Yes,283.0,100.0,311.0,209.0,D:\projects\illegal_parking_project\data\images\0009_top_20250709_t1.jpg,True,True,283.0,100.0,28.0,109.0,297.0,154.5,740.3079978087508,481.33526477540033,OK,False,0009_top_20250709_t1,D:\projects\illegal_parking_project\align\polygons\0009_top_20250709_t1.geojson,D:\projects\illegal_parking_project\align\H\0009_top_20250709_t1.npy
545,b,0009_top_20250709_t0,0009_top_20250709_t1,311.0,78.0,346.0,213.0,35.0,135.0,323.0,95.0,352.0,217.0,29,122,6.5,74.706,66.212,0.886,7,0.087,Yes,323.0,95.0,352.0,217.0,D:\projects\illegal_parking_project\data\images\0009_top_20250709_t1.jpg,True,True,323.0,95.0,29.0,122.0,337.5,156.0,743.0144008107704,481.91684850983404,OK,False,0009_top_20250709_t1,D:\projects\illegal_parking_project\align\polygons\0009_top_20250709_t1.geojson,D:\projects\illegal_parking_project\align\H\0009_top_20250709_t1.npy
546,b,0009_top_20250709_t0,0009_top_20250709_t1,514.0,0.0,557.0,104.0,43.0,104.0,512.0,115.0,544.0,230.0,32,115,6.403,72.346,65.863,0.91,7,0.089,Yes,512.0,115.0,544.0,230.0,D:\projects\illegal_parking_project\data\images\0009_top_20250709_t1.jpg,True,True,512.0,115.0,32.0,115.0,528.0,172.5,744.0999748956337,486.74744025239846,OK,False,0009_top_20250709_t1,D:\projects\illegal_parking_project\align\polygons\0009_top_20250709_t1.geojson,D:\projects\illegal_parking_project\align\H\0009_top_20250709_t1.npy
547,b,0009_top_20250709_t0,0009_top_20250709_t1,135.0,139.0,171.0,275.0,36.0,136.0,172.0,61.0,201.0,173.0,29,112,10.308,70.264,61.741,0.879,7,0.147,Yes,172.0,61.0,201.0,173.0,D:\projects\illegal_parking_project\data\images\0009_top_20250709_t1.jpg,True,True,172.0,61.0,29.0,112.0,186.5,117.0,735.692175568918,480.0650139382353,OK,False,0009_top_20250709_t1,D:\projects\illegal_parking_project\align\polygons\0009_top_20250709_t1.geojson,D:\projects\illegal_parking_project\align\H\0009_top_20250709_t1.npy
548,b,0009_top_20250709_t0,0009_top_20250709_t1,177.0,131.0,217.0,265.0,40.0,134.0,209.0,77.0,235.0,190.0,26,113,8.5,72.007,60.415,0.839,7,0.118,Yes,209.0,77.0,235.0,190.0,D:\projects\illegal_parking_project\data\images\0009_top_20250709_t1.jpg,True,True,209.0,77.0,26.0,113.0,222.0,133.5,738.12473816337,479.9124603907856,OK,False,0009_top_20250709_t1,D:\projects\illegal_parking_project\align\polygons\0009_top_20250709_t1.geojson,D:\projects\illegal_parking_project\align\H\0009_top_20250709_t1.npy
549,b,0009_top_20250709_t0,0009_top_20250709_t1,399.0,31.0,436.0,171.0,37.0,140.0,408.0,96.0,441.0,229.0,33,133,4.717,80.777,74.243,0.919,7,0.058,Yes,408.0,96.0,441.0,229.0,D:\projects\illegal_parking_project\data\images\0009_top_20250709_t1.jpg,True,True,408.0,96.0,33.0,133.0,424.5,162.5,746.2385293161707,484.35024921679576,OK,False,0009_top_20250709_t1,D:\projects\illegal_parking_project\align\polygons\0009_top_20250709_t1.geojson,D:\projects\illegal_parking_project\align\H\0009_top_20250709_t1.npy
550,b,0009_top_20250709_t0,0009_top_20250709_t1,87.0,138.0,121.0,278.0,34.0,140.0,132.0,38.0,162.0,154.0,30,116,12.619,70.937,62.65,0.883,7,0.178,Yes,132.0,38.0,162.0,154.0,D:\projects\illegal_parking_project\data\images\0009_top_20250709_t1.jpg,True,True,132.0,38.0,30.0,116.0,147.0,96.0,733.2690782657771,479.76982687736927,OK,False,0009_top_20250709_t1,D:\projects\illegal_parking_project\align\polygons\0009_top_20250709_t1.geojson,D:\projects\illegal_parking_project\align\H\0009_top_20250709_t1.npy
551,b,0009_top_20250709_t0,0009_top_20250709_t1,356.0,68.0,391.0,192.0,35.0,124.0,365.0,106.0,394.0,220.0,29,114,3.905,71.344,63.063,0.884,7,0.055,Yes,365.0,106.0,394.0,220.0,D:\projects\illegal_parking_project\data\images\0009_top_20250709_t1.jpg,True,True,365.0,106.0,29.0,114.0,379.5,163.0,742.478929953912,482.8645019582921,OK,False,0009_top_20250709_t1,D:\projects\illegal_parking_project\align\polygons\0009_top_20250709_t1.geojson,D:\projects\illegal_parking_project\align\H\0009_top_20250709_t1.npy
552,b,0009_top_20250709_t0,0009_top_20250709_t1,434.0,471.0,474.0,632.0,40.0,161.0,349.0,477.0,386.0,626.0,37,149,18.668,70.725,91.236,1.29,7,0.264,Yes,349.0,477.0,386.0,626.0,D:\projects\illegal_parking_project\data\images\0009_top_20250709_t1.jpg,True,True,349.0,477.0,37.0,149.0,367.5,551.5,820.405891615383,471.6091802679433,OK,False,0009_top_20250709_t1,D:\projects\illegal_parking_project\align\polygons\0009_top_20250709_t1.geojson,D:\projects\illegal_parking_project\align\H\0009_top_20250709_t1.npy
553,b,0009_top_20250709_t0,0009_top_20250709_t1,224.0,131.0,262.0,263.0,38.0,132.0,245.0,100.0,272.0,213.0,27,113,7.616,71.12,60.415,0.849,7,0.107,Yes,245.0,100.0,272.0,213.0,D:\projects\illegal_parking_project\data\images\0009_top_20250709_t1.jpg,True,True,245.0,100.0,27.0,113.0,258.5,156.5,741.3251189624907,480.2245011951834,OK,False,0009_top_20250709_t1,D:\projects\illegal_parking_project\align\polygons\0009_top_20250709_t1.geojson,D:\projects\illegal_parking_project\align\H\0009_top_20250709_t1.npy
554,b,0009_top_20250709_t0,0009_top_20250709_t1,388.0,496.0,426.0,639.0,38.0,143.0,310.0,477.0,344.0,611.0,34,134,22.94,62.129,81.86,1.318,7,0.369,Yes,310.0,477.0,344.0,611.0,D:\projects\illegal_parking_project\data\images\0009_top_20250709_t1.jpg,True,True,310.0,477.0,34.0,134.0,327.0,544.0,808.9905545263081,471.78073202889624,OK,False,0009_top_20250709_t1,D:\projects\illegal_parking_project\align\polygons\0009_top_20250709_t1.geojson,D:\projects\illegal_parking_project\align\H\0009_top_20250709_t1.npy
555,b,0009_top_20250709_t0,0009_top_20250709_t1,482.0,454.0,525.0,600.0,43.0,146.0,395.0,491.0,433.0,631.0,38,140,17.951,68.6,88.119,1.285,7,0.262,Yes,395.0,491.0,433.0,631.0,D:\projects\illegal_parking_project\data\images\0009_top_20250709_t1.jpg,True,True,395.0,491.0,38.0,140.0,414.0,561.0,816.0276194394094,473.8475819249887,OK,False,0009_top_20250709_t1,D:\projects\illegal_parking_project\align\polygons\0009_top_20250709_t1.geojson,D:\projects\illegal_parking_project\align\H\0009_top_20250709_t1.npy
559,c,0010_top_20250623_t0,0010_top_20250623_t1,39.0,10.0,133.0,105.0,94.0,95.0,0.0,1.0,53.0,92.0,53,91,20.67,129.958,80.808,0.622,6,0.159,Yes,0.0,1.0,53.0,92.0,D:\projects\illegal_parking_project\data\images\0010_top_20250623_t1.jpg,True,True,0.0,1.0,53.0,91.0,26.5,46.5,1317.4909700189385,620.0090786791447,OK,False,0010_top_20250623_t1,D:\projects\illegal_parking_project\align\polygons\0010_top_20250623_t1.geojson,D:\projects\illegal_parking_project\align\H\0010_top_20250623_t1.npy
560,c,0010_top_20250623_t0,0010_top_20250623_t1,49.0,114.0,137.0,209.0,88.0,95.0,0.0,105.0,66.0,228.0,66,123,4.472,121.511,104.005,0.856,6,0.037,Yes,0.0,105.0,66.0,228.0,D:\projects\illegal_parking_project\data\images\0010_top_20250623_t1.jpg,True,True,0.0,105.0,66.0,123.0,33.0,166.5,1345.451380291706,621.8023086467052,OK,False,0010_top_20250623_t1,D:\projects\illegal_parking_project\align\polygons\0010_top_20250623_t1.geojson,D:\projects\illegal_parking_project\align\H\0010_top_20250623_t1.npy
561,c,0010_top_20250623_t0,0010_top_20250623_t1,55.0,216.0,145.0,318.0,90.0,102.0,0.0,196.0,83.0,329.0,83,133,7.382,123.065,122.919,0.999,6,0.06,Yes,0.0,196.0,83.0,329.0,D:\projects\illegal_parking_project\data\images\0010_top_20250623_t1.jpg,True,True,0.0,196.0,83.0,133.0,41.5,262.5,1369.82391482615,623.8696668679869,OK,False,0010_top_20250623_t1,D:\projects\illegal_parking_project\align\polygons\0010_top_20250623_t1.geojson,D:\projects\illegal_parking_project\align\H\0010_top_20250623_t1.npy
562,c,0010_top_20250623_t0,0010_top_20250623_t1,69.0,321.0,147.0,401.0,78.0,80.0,19.0,310.0,93.0,407.0,74,97,8.0,101.02,102.65,1.016,6,0.079,Yes,19.0,310.0,93.0,407.0,D:\projects\illegal_parking_project\data\images\0010_top_20250623_t1.jpg,True,True,19.0,310.0,74.0,97.0,56.0,358.5,1369.5664630103597,624.4677963393748,OK,False,0010_top_20250623_t1,D:\projects\illegal_parking_project\align\polygons\0010_top_20250623_t1.geojson,D:\projects\illegal_parking_project\align\H\0010_top_20250623_t1.npy
563,c,0010_top_20250623_t0,0010_top_20250623_t1,87.0,451.0,128.0,638.0,41.0,187.0,55.0,443.0,100.0,624.0,45,181,6.801,116.765,122.102,1.046,6,0.058,Yes,55.0,443.0,100.0,624.0,D:\projects\illegal_parking_project\data\images\0010_top_20250623_t1.jpg,True,True,55.0,443.0,45.0,181.0,77.5,533.5,1469.6533869866917,627.8256608732374,OK,False,0010_top_20250623_t1,D:\projects\illegal_parking_project\align\polygons\0010_top_20250623_t1.geojson,D:\projects\illegal_parking_project\align\H\0010_top_20250623_t1.npy
564,c,0010_top_20250623_t0,0010_top_20250623_t1,146.0,445.0,190.0,624.0,44.0,179.0,109.0,418.0,161.0,595.0,52,177,1.118,118.207,120.83,1.022,6,0.009,Yes,109.0,418.0,161.0,595.0,D:\projects\illegal_parking_project\data\images\0010_top_20250623_t1.jpg,True,True,109.0,418.0,52.0,177.0,135.0,506.5,1458.7132121894535,630.3729428724139,OK,False,0010_top_20250623_t1,D:\projects\illegal_parking_project\align\polygons\0010_top_20250623_t1.geojson,D:\projects\illegal_parking_project\align\H\0010_top_20250623_t1.npy
567,b,0010_top_20250630_t0,0010_top_20250630_t1,253.0,26.0,316.0,73.0,63.0,47.0,223.0,33.0,287.0,83.0,64,50,3.808,93.941,97.944,1.043,8,0.041,Yes,223.0,33.0,287.0,83.0,D:\projects\illegal_parking_project\data\images\0010_top_20250630_t1.jpg,True,True,223.0,33.0,64.0,50.0,255.0,58.0,1193.2810335988315,421.1764127166137,OK,False,0010_top_20250630_t1,D:\projects\illegal_parking_project\align\polygons\0010_top_20250630_t1.geojson,D:\projects\illegal_parking_project\align\H\0010_top_20250630_t1.npy
568,b,0010_top_20250630_t0,0010_top_20250630_t1,408.0,14.0,470.0,63.0,62.0,49.0,379.0,19.0,441.0,73.0,62,54,2.915,96.607,93.536,0.968,8,0.03,Yes,379.0,19.0,441.0,73.0,D:\projects\illegal_parking_project\data\images\0010_top_20250630_t1.jpg,True,True,379.0,19.0,62.0,54.0,410.0,46.0,1181.6405547191266,420.8541401463967,OK,False,0010_top_20250630_t1,D:\projects\illegal_parking_project\align\polygons\0010_top_20250630_t1.geojson,D:\projects\illegal_parking_project\align\H\0010_top_20250630_t1.npy
569,b,0010_top_20250630_t0,0010_top_20250630_t1,407.0,120.0,470.0,171.0,63.0,51.0,377.0,125.0,441.0,177.0,64,52,2.121,98.843,94.826,0.959,8,0.021,Yes,377.0,125.0,441.0,177.0,D:\projects\illegal_parking_project\data\images\0010_top_20250630_t1.jpg,True,True,377.0,125.0,64.0,52.0,409.0,151.0,1181.1318950461584,433.12354891238044,OK,False,0010_top_20250630_t1,D:\projects\illegal_parking_project\align\polygons\0010_top_20250630_t1.geojson,D:\projects\illegal_parking_project\align\H\0010_top_20250630_t1.npy
570,b,0010_top_20250630_t0,0010_top_20250630_t1,243.0,385.0,310.0,432.0,67.0,47.0,217.0,391.0,282.0,441.0,65,50,11.011,96.005,98.387,1.025,8,0.115,Yes,217.0,391.0,282.0,441.0,D:\projects\illegal_parking_project\data\images\0010_top_20250630_t1.jpg,True,True,217.0,391.0,65.0,50.0,249.5,416.0,1194.8789390377515,461.8398934719484,OK,False,0010_top_20250630_t1,D:\projects\illegal_parking_project\align\polygons\0010_top_20250630_t1.geojson,D:\projects\illegal_parking_project\align\H\0010_top_20250630_t1.npy
571,b,0010_top_20250630_t0,0010_top_20250630_t1,244.0,442.0,308.0,486.0,64.0,44.0,216.0,448.0,280.0,492.0,64,44,12.855,91.181,94.937,1.041,8,0.141,Yes,216.0,448.0,280.0,492.0,D:\projects\illegal_parking_project\data\images\0010_top_20250630_t1.jpg,True,True,216.0,448.0,64.0,44.0,248.0,470.0,1195.30862008611,461.5458830824533,OK,False,0010_top_20250630_t1,D:\projects\illegal_parking_project\align\polygons\0010_top_20250630_t1.geojson,D:\projects\illegal_parking_project\align\H\0010_top_20250630_t1.npy
572,b,0010_top_20250630_t0,0010_top_20250630_t1,247.0,320.0,312.0,376.0,65.0,56.0,221.0,333.0,284.0,381.0,63,48,10.512,97.046,95.708,0.986,8,0.108,Yes,221.0,333.0,284.0,381.0,D:\projects\illegal_parking_project\data\images\0010_top_20250630_t1.jpg,True,True,221.0,333.0,63.0,48.0,252.5,357.0,1194.9741100521344,453.5187702826215,OK,False,0010_top_20250630_t1,D:\projects\illegal_parking_project\align\polygons\0010_top_20250630_t1.geojson,D:\projects\illegal_parking_project\align\H\0010_top_20250630_t1.npy
573,b,0010_top_20250630_t0,0010_top_20250630_t1,238.0,562.0,317.0,608.0,79.0,46.0,213.0,563.0,289.0,609.0,76,46,12.176,108.157,109.385,1.011,8,0.113,Yes,213.0,563.0,289.0,609.0,D:\projects\illegal_parking_project\data\images\0010_top_20250630_t1.jpg,True,True,213.0,563.0,76.0,46.0,251.0,586.0,1191.7505782740327,475.939207171971,OK,False,0010_top_20250630_t1,D:\projects\illegal_parking_project\align\polygons\0010_top_20250630_t1.geojson,D:\projects\illegal_parking_project\align\H\0010_top_20250630_t1.npy
574,b,0010_top_20250630_t0,0010_top_20250630_t1,243.0,498.0,305.0,541.0,62.0,43.0,217.0,502.0,278.0,549.0,61,47,14.142,87.664,91.679,1.046,8,0.161,Yes,217.0,502.0,278.0,549.0,D:\projects\illegal_parking_project\data\images\0010_top_20250630_t1.jpg,True,True,217.0,502.0,61.0,47.0,247.5,525.5,1196.6206718796382,470.5869833038906,OK,False,0010_top_20250630_t1,D:\projects\illegal_parking_project\align\polygons\0010_top_20250630_t1.geojson,D:\projects\illegal_parking_project\align\H\0010_top_20250630_t1.npy
575,b,0010_top_20250630_t0,0010_top_20250630_t1,0.0,279.0,142.0,640.0,142.0,361.0,0.0,313.0,103.0,640.0,103,327,39.0,319.201,304.067,0.953,8,0.122,Yes,0.0,313.0,103.0,640.0,D:\projects\illegal_parking_project\data\images\0010_top_20250630_t1.jpg,True,True,0.0,313.0,103.0,327.0,51.5,476.5,1219.1436301523413,758.9311802718399,OK,False,0010_top_20250630_t1,D:\projects\illegal_parking_project\align\polygons\0010_top_20250630_t1.geojson,D:\projects\illegal_parking_project\align\H\0010_top_20250630_t1.npy
576,b,0010_top_20250707_t0,0010_top_20250707_t1,273.0,420.0,301.0,525.0,28.0,105.0,254.0,400.0,293.0,537.0,39,137,18.742,87.664,112.071,1.278,9,0.214,Yes,254.0,400.0,293.0,537.0,D:\projects\illegal_parking_project\data\images\0010_top_20250707_t1.png,True,True,254.0,400.0,39.0,137.0,273.5,468.5,915.7101924355733,840.6597331983797,OK,False,0010_top_20250707_t1,D:\projects\illegal_parking_project\align\polygons\0010_top_20250707_t1.geojson,D:\projects\illegal_parking_project\align\H\0010_top_20250707_t1.npy
579,b,0010_top_20250708_t0,0010_top_20250708_t1,354.0,173.0,410.0,383.0,56.0,210.0,317.0,176.0,363.0,335.0,46,159,30.336,126.115,179.003,1.419,10,0.241,Yes,317.0,176.0,363.0,335.0,D:\projects\illegal_parking_project\data\images\0010_top_20250708_t1.jpg,True,True,317.0,176.0,46.0,159.0,340.0,255.5,1259.910294393782,900.9433353589562,OK,False,0010_top_20250708_t1,D:\projects\illegal_parking_project\align\polygons\0010_top_20250708_t1.geojson,D:\projects\illegal_parking_project\align\H\0010_top_20250708_t1.npy
583,c,0011_top_20250623_t0,0011_top_20250623_t1,67.0,332.0,151.0,403.0,84.0,71.0,49.0,388.0,131.0,456.0,82,68,0.5,106.212,109.809,1.034,6,0.005,Yes,49.0,388.0,131.0,456.0,D:\projects\illegal_parking_project\data\images\0011_top_20250623_t1.jpg,True,True,49.0,388.0,82.0,68.0,90.0,422.0,1190.6153267923096,427.0262059252074,OK,False,0011_top_20250623_t1,D:\projects\illegal_parking_project\align\polygons\0011_top_20250623_t1.geojson,D:\projects\illegal_parking_project\align\H\0011_top_20250623_t1.npy
584,c,0011_top_20250623_t0,0011_top_20250623_t1,55.0,555.0,152.0,630.0,97.0,75.0,38.0,600.0,129.0,639.0,91,39,13.124,131.552,113.23,0.861,6,0.1,Yes,38.0,600.0,129.0,639.0,D:\projects\illegal_parking_project\data\images\0011_top_20250623_t1.jpg,True,True,38.0,600.0,91.0,39.0,83.5,619.5,1182.6822868703566,428.46026962732225,OK,False,0011_top_20250623_t1,D:\projects\illegal_parking_project\align\polygons\0011_top_20250623_t1.geojson,D:\projects\illegal_parking_project\align\H\0011_top_20250623_t1.npy
585,c,0011_top_20250623_t0,0011_top_20250623_t1,72.0,225.0,147.0,309.0,75.0,84.0,51.0,286.0,128.0,368.0,77,82,1.414,100.424,109.202,1.087,6,0.014,Yes,51.0,286.0,128.0,368.0,D:\projects\illegal_parking_project\data\images\0011_top_20250623_t1.jpg,True,True,51.0,286.0,77.0,82.0,89.5,327.0,1187.1817309411858,427.18313855259703,OK,False,0011_top_20250623_t1,D:\projects\illegal_parking_project\align\polygons\0011_top_20250623_t1.geojson,D:\projects\illegal_parking_project\align\H\0011_top_20250623_t1.npy
586,c,0011_top_20250623_t0,0011_top_20250623_t1,51.0,449.0,161.0,521.0,110.0,72.0,34.0,496.0,140.0,569.0,106,73,2.55,136.499,139.463,1.022,6,0.019,Yes,34.0,496.0,140.0,569.0,D:\projects\illegal_parking_project\data\images\0011_top_20250623_t1.jpg,True,True,34.0,496.0,106.0,73.0,87.0,532.5,1208.4895417093715,425.61478067464304,OK,False,0011_top_20250623_t1,D:\projects\illegal_parking_project\align\polygons\0011_top_20250623_t1.geojson,D:\projects\illegal_parking_project\align\H\0011_top_20250623_t1.npy
587,c,0011_top_20250623_t0,0011_top_20250623_t1,376.0,19.0,429.0,248.0,53.0,229.0,334.0,108.0,385.0,323.0,51,215,4.61,94.626,97.082,1.026,6,0.049,Yes,334.0,108.0,385.0,323.0,D:\projects\illegal_parking_project\data\images\0011_top_20250623_t1.jpg,True,True,334.0,108.0,51.0,215.0,359.5,215.5,1223.2029896325087,430.2076949724035,OK,False,0011_top_20250623_t1,D:\projects\illegal_parking_project\align\polygons\0011_top_20250623_t1.geojson,D:\projects\illegal_parking_project\align\H\0011_top_20250623_t1.npy
588,c,0011_top_20250623_t0,0011_top_20250623_t1,363.0,340.0,415.0,538.0,52.0,198.0,321.0,407.0,374.0,591.0,53,184,3.0,93.744,93.744,1.0,6,0.032,Yes,321.0,407.0,374.0,591.0,D:\projects\illegal_parking_project\data\images\0011_top_20250623_t1.jpg,True,True,321.0,407.0,53.0,184.0,347.5,499.0,1290.1739215080238,418.9024451228907,OK,False,0011_top_20250623_t1,D:\projects\illegal_parking_project\align\polygons\0011_top_20250623_t1.geojson,D:\projects\illegal_parking_project\align\H\0011_top_20250623_t1.npy
589,b,0011_top_20250626_t0,0011_top_20250626_t1,284.0,243.0,322.0,382.0,38.0,139.0,436.0,439.0,486.0,538.0,50,99,16.568,99.905,115.313,1.154,9,0.166,Yes,436.0,439.0,486.0,538.0,D:\projects\illegal_parking_project\data\images\0011_top_20250626_t1.jpg,True,True,436.0,439.0,50.0,99.0,461.0,488.5,2019.9600406300303,658.7354497155561,OK,False,0011_top_20250626_t1,D:\projects\illegal_parking_project\align\polygons\0011_top_20250626_t1.geojson,D:\projects\illegal_parking_project\align\H\0011_top_20250626_t1.npy
597,b,0011_top_20250630_t0,0011_top_20250630_t1,382.0,419.0,447.0,471.0,65.0,52.0,374.0,361.0,436.0,410.0,62,49,2.55,90.338,92.59,1.025,8,0.028,Yes,374.0,361.0,436.0,410.0,D:\projects\illegal_parking_project\data\images\0011_top_20250630_t1.jpg,True,True,374.0,361.0,62.0,49.0,405.0,385.5,1311.6442731693771,521.9322056099454,OK,False,0011_top_20250630_t1,D:\projects\illegal_parking_project\align\polygons\0011_top_20250630_t1.geojson,D:\projects\illegal_parking_project\align\H\0011_top_20250630_t1.npy
598,b,0011_top_20250630_t0,0011_top_20250630_t1,379.0,296.0,446.0,352.0,67.0,56.0,374.0,240.0,438.0,293.0,64,53,2.5,93.022,94.414,1.015,8,0.027,Yes,374.0,240.0,438.0,293.0,D:\projects\illegal_parking_project\data\images\0011_top_20250630_t1.jpg,True,True,374.0,240.0,64.0,53.0,406.0,266.5,1309.917748510708,513.3156965814958,OK,False,0011_top_20250630_t1,D:\projects\illegal_parking_project\align\polygons\0011_top_20250630_t1.geojson,D:\projects\illegal_parking_project\align\H\0011_top_20250630_t1.npy
599,b,0011_top_20250630_t0,0011_top_20250630_t1,211.0,327.0,279.0,376.0,68.0,49.0,210.0,259.0,277.0,304.0,67,45,1.5,91.788,91.706,0.999,8,0.016,Yes,210.0,259.0,277.0,304.0,D:\projects\illegal_parking_project\data\images\0011_top_20250630_t1.jpg,True,True,210.0,259.0,67.0,45.0,243.5,281.5,1319.2955221172551,511.1962060456027,OK,False,0011_top_20250630_t1,D:\projects\illegal_parking_project\align\polygons\0011_top_20250630_t1.geojson,D:\projects\illegal_parking_project\align\H\0011_top_20250630_t1.npy
600,b,0011_top_20250630_t0,0011_top_20250630_t1,380.0,66.0,438.0,119.0,58.0,53.0,381.0,17.0,438.0,70.0,57,53,0.5,78.715,82.492,1.048,8,0.006,Yes,381.0,17.0,438.0,70.0,D:\projects\illegal_parking_project\data\images\0011_top_20250630_t1.jpg,True,True,381.0,17.0,57.0,53.0,409.5,43.5,1310.4421899066024,492.23360172242565,OK,False,0011_top_20250630_t1,D:\projects\illegal_parking_project\align\polygons\0011_top_20250630_t1.geojson,D:\projects\illegal_parking_project\align\H\0011_top_20250630_t1.npy
603,d,0011_top_20250708_t0,0011_top_20250708_t1,141.0,306.0,181.0,415.0,40.0,109.0,55.0,344.0,98.0,452.0,43,108,1.803,73.817,75.802,1.027,9,0.024,Yes,55.0,344.0,98.0,452.0,D:\projects\illegal_parking_project\data\images\0011_top_20250708_t1.png,True,True,55.0,344.0,43.0,108.0,76.5,398.0,75.79403954137408,740.2637359610857,OK,False,0011_top_20250708_t1,D:\projects\illegal_parking_project\align\polygons\0011_top_20250708_t1.geojson,D:\projects\illegal_parking_project\align\H\0011_top_20250708_t1.npy
604,d,0011_top_20250708_t0,0011_top_20250708_t1,177.0,28.0,213.0,156.0,36.0,128.0,90.0,76.0,132.0,207.0,42,131,21.783,68.6,90.554,1.32,9,0.318,Yes,90.0,76.0,132.0,207.0,D:\projects\illegal_parking_project\data\images\0011_top_20250708_t1.png,True,True,90.0,76.0,42.0,131.0,111.0,141.5,35.75628646646789,741.4959441786485,OK,False,0011_top_20250708_t1,D:\projects\illegal_parking_project\align\polygons\0011_top_20250708_t1.geojson,D:\projects\illegal_parking_project\align\H\0011_top_20250708_t1.npy
605,d,0011_top_20250708_t0,0011_top_20250708_t1,523.0,299.0,567.0,432.0,44.0,133.0,443.0,297.0,487.0,429.0,44,132,24.187,86.833,93.231,1.074,9,0.279,Yes,443.0,297.0,487.0,429.0,D:\projects\illegal_parking_project\data\images\0011_top_20250708_t1.png,True,True,443.0,297.0,44.0,132.0,465.0,363.0,83.31904756066265,756.9187356303071,OK,False,0011_top_20250708_t1,D:\projects\illegal_parking_project\align\polygons\0011_top_20250708_t1.geojson,D:\projects\illegal_parking_project\align\H\0011_top_20250708_t1.npy
606,d,0011_top_20250708_t0,0011_top_20250708_t1,71.0,284.0,112.0,423.0,41.0,139.0,0.0,331.0,26.0,468.0,26,137,10.308,89.889,81.933,0.911,9,0.115,Yes,0.0,331.0,26.0,468.0,D:\projects\illegal_parking_project\data\images\0011_top_20250708_t1.png,True,True,0.0,331.0,26.0,137.0,13.0,399.5,95.14370913990275,737.4404318415379,OK,False,0011_top_20250708_t1,D:\projects\illegal_parking_project\align\polygons\0011_top_20250708_t1.geojson,D:\projects\illegal_parking_project\align\H\0011_top_20250708_t1.npy
607,c,0011_top_20250711_t0,0011_top_20250711_t1,380.0,147.0,426.0,287.0,46.0,140.0,380.0,147.0,426.0,287.0,46,140,7.81,101.828,107.075,1.052,8,0.077,Yes,380.0,147.0,426.0,287.0,D:\projects\illegal_parking_project\data\images\0011_top_20250711_t1.jpg,True,True,380.0,147.0,46.0,140.0,403.0,217.0,1938.224031765451,248.9238111321725,OK,False,0011_top_20250711_t1,D:\projects\illegal_parking_project\align\polygons\0011_top_20250711_t1.geojson,D:\projects\illegal_parking_project\align\H\0011_top_20250711_t1.npy
608,c,0011_top_20250711_t0,0011_top_20250711_t1,486.0,205.0,531.0,332.0,45.0,127.0,486.0,205.0,531.0,332.0,45,127,2.236,96.83,94.34,0.974,8,0.023,Yes,486.0,205.0,531.0,332.0,D:\projects\illegal_parking_project\data\images\0011_top_20250711_t1.jpg,True,True,486.0,205.0,45.0,127.0,508.5,268.5,1937.8436101751358,257.0316727352479,OK,False,0011_top_20250711_t1,D:\projects\illegal_parking_project\align\polygons\0011_top_20250711_t1.geojson,D:\projects\illegal_parking_project\align\H\0011_top_20250711_t1.npy
609,c,0011_top_20250711_t0,0011_top_20250711_t1,90.0,279.0,145.0,470.0,55.0,191.0,90.0,279.0,145.0,470.0,55,191,6.185,116.103,125.176,1.078,8,0.053,Yes,90.0,279.0,145.0,470.0,D:\projects\illegal_parking_project\data\images\0011_top_20250711_t1.jpg,True,True,90.0,279.0,55.0,191.0,117.5,374.5,1980.8081955728692,295.59878967746926,OK,False,0011_top_20250711_t1,D:\projects\illegal_parking_project\align\polygons\0011_top_20250711_t1.geojson,D:\projects\illegal_parking_project\align\H\0011_top_20250711_t1.npy
610,c,0011_top_20250711_t0,0011_top_20250711_t1,330.0,142.0,375.0,272.0,45.0,130.0,330.0,142.0,375.0,272.0,45,130,7.382,94.493,103.407,1.094,8,0.078,Yes,330.0,142.0,375.0,272.0,D:\projects\illegal_parking_project\data\images\0011_top_20250711_t1.jpg,True,True,330.0,142.0,45.0,130.0,352.5,207.0,1937.518412197944,242.3106699303784,OK,False,0011_top_20250711_t1,D:\projects\illegal_parking_project\align\polygons\0011_top_20250711_t1.geojson,D:\projects\illegal_parking_project\align\H\0011_top_20250711_t1.npy
611,c,0011_top_20250711_t0,0011_top_20250711_t1,1.0,348.0,51.0,514.0,50.0,166.0,1.0,348.0,51.0,514.0,50,166,9.862,99.035,105.759,1.068,8,0.1,Yes,1.0,348.0,51.0,514.0,D:\projects\illegal_parking_project\data\images\0011_top_20250711_t1.jpg,True,True,1.0,348.0,50.0,166.0,26.0,431.0,1985.1211124987653,292.04527260854,OK,False,0011_top_20250711_t1,D:\projects\illegal_parking_project\align\polygons\0011_top_20250711_t1.geojson,D:\projects\illegal_parking_project\align\H\0011_top_20250711_t1.npy
612,c,0011_top_20250711_t0,0011_top_20250711_t1,43.0,294.0,92.0,424.0,49.0,130.0,43.0,294.0,92.0,424.0,49,130,10.062,87.0,95.016,1.092,8,0.116,Yes,43.0,294.0,92.0,424.0,D:\projects\illegal_parking_project\data\images\0011_top_20250711_t1.jpg,True,True,43.0,294.0,49.0,130.0,67.5,359.0,1963.3328816576818,259.69430290070267,OK,False,0011_top_20250711_t1,D:\projects\illegal_parking_project\align\polygons\0011_top_20250711_t1.geojson,D:\projects\illegal_parking_project\align\H\0011_top_20250711_t1.npy
613,b,0012_top_20250630_t0,0012_top_20250630_t1,227.0,336.0,295.0,383.0,68.0,47.0,205.0,310.0,277.0,359.0,72,49,6.519,95.273,99.925,1.049,8,0.068,Yes,205.0,310.0,277.0,359.0,D:\projects\illegal_parking_project\data\images\0012_top_20250630_t1.jpg,True,True,205.0,310.0,72.0,49.0,241.0,334.5,1746.887866935868,441.3457862989137,OK,False,0012_top_20250630_t1,D:\projects\illegal_parking_project\align\polygons\0012_top_20250630_t1.geojson,D:\projects\illegal_parking_project\align\H\0012_top_20250630_t1.npy
614,b,0012_top_20250630_t0,0012_top_20250630_t1,221.0,268.0,288.0,310.0,67.0,42.0,200.0,238.0,271.0,280.0,71,42,4.123,93.92,96.462,1.027,8,0.044,Yes,200.0,238.0,271.0,280.0,D:\projects\illegal_parking_project\data\images\0012_top_20250630_t1.jpg,True,True,200.0,238.0,71.0,42.0,235.5,259.0,1748.0521985988958,426.7176307795689,OK,False,0012_top_20250630_t1,D:\projects\illegal_parking_project\align\polygons\0012_top_20250630_t1.geojson,D:\projects\illegal_parking_project\align\H\0012_top_20250630_t1.npy
615,b,0012_top_20250630_t0,0012_top_20250630_t1,223.0,71.0,289.0,120.0,66.0,49.0,210.0,35.0,277.0,81.0,67,46,6.946,98.899,93.048,0.941,8,0.07,Yes,210.0,35.0,277.0,81.0,D:\projects\illegal_parking_project\data\images\0012_top_20250630_t1.jpg,True,True,210.0,35.0,67.0,46.0,243.5,58.0,1749.1540617999894,404.66787775068946,OK,False,0012_top_20250630_t1,D:\projects\illegal_parking_project\align\polygons\0012_top_20250630_t1.geojson,D:\projects\illegal_parking_project\align\H\0012_top_20250630_t1.npy
616,b,0012_top_20250630_t0,0012_top_20250630_t1,221.0,134.0,287.0,185.0,66.0,51.0,205.0,93.0,274.0,146.0,69,53,3.64,97.576,96.933,0.993,8,0.037,Yes,205.0,93.0,274.0,146.0,D:\projects\illegal_parking_project\data\images\0012_top_20250630_t1.jpg,True,True,205.0,93.0,69.0,53.0,239.5,119.5,1748.6231997750765,414.56479356489587,OK,False,0012_top_20250630_t1,D:\projects\illegal_parking_project\align\polygons\0012_top_20250630_t1.geojson,D:\projects\illegal_parking_project\align\H\0012_top_20250630_t1.npy
617,b,0012_top_20250630_t0,0012_top_20250630_t1,226.0,196.0,293.0,246.0,67.0,50.0,207.0,162.0,278.0,212.0,71,50,3.808,96.773,98.433,1.017,8,0.039,Yes,207.0,162.0,278.0,212.0,D:\projects\illegal_parking_project\data\images\0012_top_20250630_t1.jpg,True,True,207.0,162.0,71.0,50.0,242.5,187.0,1747.555732321997,422.7127639598295,OK,False,0012_top_20250630_t1,D:\projects\illegal_parking_project\align\polygons\0012_top_20250630_t1.geojson,D:\projects\illegal_parking_project\align\H\0012_top_20250630_t1.npy
618,b,0012_top_20250630_t0,0012_top_20250630_t1,388.0,334.0,464.0,388.0,76.0,54.0,376.0,320.0,458.0,382.0,82,62,3.606,95.462,96.151,1.007,8,0.038,Yes,376.0,320.0,458.0,382.0,D:\projects\illegal_parking_project\data\images\0012_top_20250630_t1.jpg,True,True,376.0,320.0,82.0,62.0,417.0,351.0,1726.2296598615276,457.30442541557903,OK,False,0012_top_20250630_t1,D:\projects\illegal_parking_project\align\polygons\0012_top_20250630_t1.geojson,D:\projects\illegal_parking_project\align\H\0012_top_20250630_t1.npy
619,b,0012_top_20250630_t0,0012_top_20250630_t1,0.0,0.0,89.0,174.0,89.0,174.0,0.0,0.0,71.0,107.0,71,107,25.87,213.565,150.602,0.705,8,0.121,Yes,0.0,0.0,71.0,107.0,D:\projects\illegal_parking_project\data\images\0012_top_20250630_t1.jpg,True,True,0.0,0.0,71.0,107.0,35.5,53.5,1765.8870928901076,411.21561103621207,OK,False,0012_top_20250630_t1,D:\projects\illegal_parking_project\align\polygons\0012_top_20250630_t1.geojson,D:\projects\illegal_parking_project\align\H\0012_top_20250630_t1.npy
620,b,0012_top_20250630_t0,0012_top_20250630_t1,389.0,471.0,427.0,523.0,38.0,52.0,375.0,474.0,413.0,522.0,38,48,8.016,56.4,52.631,0.933,8,0.142,Yes,375.0,474.0,413.0,522.0,D:\projects\illegal_parking_project\data\images\0012_top_20250630_t1.jpg,True,True,375.0,474.0,38.0,48.0,394.0,498.0,1749.2239868429922,460.6323222495497,OK,False,0012_top_20250630_t1,D:\projects\illegal_parking_project\align\polygons\0012_top_20250630_t1.geojson,D:\projects\illegal_parking_project\align\H\0012_top_20250630_t1.npy
621,b,0012_top_20250630_t0,0012_top_20250630_t1,401.0,608.0,463.0,640.0,62.0,32.0,385.0,616.0,449.0,640.0,64,24,12.349,73.682,69.289,0.94,8,0.168,Yes,385.0,616.0,449.0,640.0,D:\projects\illegal_parking_project\data\images\0012_top_20250630_t1.jpg,True,True,385.0,616.0,64.0,24.0,417.0,628.0,1735.6498916255318,438.98420424680535,OK,False,0012_top_20250630_t1,D:\projects\illegal_parking_project\align\polygons\0012_top_20250630_t1.geojson,D:\projects\illegal_parking_project\align\H\0012_top_20250630_t1.npy
623,d,0012_top_20250703_t0,0012_top_20250703_t1,355.0,475.0,415.0,531.0,60.0,56.0,298.0,408.0,353.0,459.0,55,51,3.202,71.868,76.942,1.071,7,0.045,Yes,298.0,408.0,353.0,459.0,D:\projects\illegal_parking_project\data\images\0012_top_20250703_t1.png,True,True,298.0,408.0,55.0,51.0,325.5,433.5,726.4504169274439,356.92763534348967,OK,False,0012_top_20250703_t1,D:\projects\illegal_parking_project\align\polygons\0012_top_20250703_t1.geojson,D:\projects\illegal_parking_project\align\H\0012_top_20250703_t1.npy
624,d,0012_top_20250703_t0,0012_top_20250703_t1,233.0,267.0,266.0,375.0,33.0,108.0,192.0,248.0,223.0,337.0,31,89,6.519,79.076,79.404,1.004,7,0.082,Yes,192.0,248.0,223.0,337.0,D:\projects\illegal_parking_project\data\images\0012_top_20250703_t1.png,True,True,192.0,248.0,31.0,89.0,207.5,292.5,731.9717641628364,342.02039800022186,OK,False,0012_top_20250703_t1,D:\projects\illegal_parking_project\align\polygons\0012_top_20250703_t1.geojson,D:\projects\illegal_parking_project\align\H\0012_top_20250703_t1.npy
625,d,0012_top_20250703_t0,0012_top_20250703_t1,492.0,409.0,565.0,469.0,73.0,60.0,411.0,338.0,475.0,396.0,64,58,2.0,84.22,87.71,1.041,7,0.024,Yes,411.0,338.0,475.0,396.0,D:\projects\illegal_parking_project\data\images\0012_top_20250703_t1.png,True,True,411.0,338.0,64.0,58.0,443.0,367.0,727.470732962349,370.1824085228861,OK,False,0012_top_20250703_t1,D:\projects\illegal_parking_project\align\polygons\0012_top_20250703_t1.geojson,D:\projects\illegal_parking_project\align\H\0012_top_20250703_t1.npy
626,d,0012_top_20250703_t0,0012_top_20250703_t1,347.0,601.0,413.0,639.0,66.0,38.0,293.0,508.0,358.0,562.0,65,54,7.28,70.774,85.866,1.213,7,0.103,Yes,293.0,508.0,358.0,562.0,D:\projects\illegal_parking_project\data\images\0012_top_20250703_t1.png,True,True,293.0,508.0,65.0,54.0,325.5,535.0,742.1538456925265,360.54954317611424,OK,False,0012_top_20250703_t1,D:\projects\illegal_parking_project\align\polygons\0012_top_20250703_t1.geojson,D:\projects\illegal_parking_project\align\H\0012_top_20250703_t1.npy
627,d,0012_top_20250703_t0,0012_top_20250703_t1,485.0,285.0,568.0,334.0,83.0,49.0,405.0,235.0,470.0,289.0,65,54,2.062,93.52,89.894,0.961,7,0.022,Yes,405.0,235.0,470.0,289.0,D:\projects\illegal_parking_project\data\images\0012_top_20250703_t1.png,True,True,405.0,235.0,65.0,54.0,437.5,262.0,711.9076558362248,370.82657523904714,OK,False,0012_top_20250703_t1,D:\projects\illegal_parking_project\align\polygons\0012_top_20250703_t1.geojson,D:\projects\illegal_parking_project\align\H\0012_top_20250703_t1.npy
629,d,0012_top_20250704_t0,0012_top_20250704_t1,195.0,265.0,253.0,313.0,58.0,48.0,230.0,4.0,311.0,75.0,81,71,5.831,82.735,96.566,1.167,6,0.07,Yes,230.0,4.0,311.0,75.0,D:\projects\illegal_parking_project\data\images\0012_top_20250704_t1.jpg,True,True,230.0,4.0,81.0,71.0,270.5,39.5,896.6089272719964,721.0671350860915,OK,False,0012_top_20250704_t1,D:\projects\illegal_parking_project\align\polygons\0012_top_20250704_t1.geojson,D:\projects\illegal_parking_project\align\H\0012_top_20250704_t1.npy
630,c,0012_top_20250708_t0,0012_top_20250708_t1,383.0,437.0,420.0,558.0,37.0,121.0,348.0,386.0,387.0,519.0,39,133,23.195,105.688,125.801,1.19,7,0.219,Yes,348.0,386.0,387.0,519.0,D:\projects\illegal_parking_project\data\images\0012_top_20250708_t1.png,True,True,348.0,386.0,39.0,133.0,367.5,452.5,581.4563791065749,376.4992218228772,OK,False,0012_top_20250708_t1,D:\projects\illegal_parking_project\align\polygons\0012_top_20250708_t1.geojson,D:\projects\illegal_parking_project\align\H\0012_top_20250708_t1.npy
631,c,0012_top_20250708_t0,0012_top_20250708_t1,346.0,431.0,382.0,555.0,36.0,124.0,309.0,385.0,349.0,520.0,40,135,14.08,110.136,122.642,1.114,7,0.128,Yes,309.0,385.0,349.0,520.0,D:\projects\illegal_parking_project\data\images\0012_top_20250708_t1.png,True,True,309.0,385.0,40.0,135.0,329.0,452.5,582.4022470975691,375.19103764018814,OK,False,0012_top_20250708_t1,D:\projects\illegal_parking_project\align\polygons\0012_top_20250708_t1.geojson,D:\projects\illegal_parking_project\align\H\0012_top_20250708_t1.npy
632,c,0012_top_20250708_t0,0012_top_20250708_t1,351.0,192.0,377.0,278.0,26.0,86.0,305.0,147.0,332.0,233.0,27,86,4.243,77.104,75.452,0.979,7,0.055,Yes,305.0,147.0,332.0,233.0,D:\projects\illegal_parking_project\data\images\0012_top_20250708_t1.png,True,True,305.0,147.0,27.0,86.0,318.5,190.0,530.6073360808313,390.5053490604382,OK,False,0012_top_20250708_t1,D:\projects\illegal_parking_project\align\polygons\0012_top_20250708_t1.geojson,D:\projects\illegal_parking_project\align\H\0012_top_20250708_t1.npy
633,c,0012_top_20250708_t0,0012_top_20250708_t1,307.0,425.0,342.0,546.0,35.0,121.0,270.0,385.0,306.0,512.0,36,127,12.104,110.136,108.167,0.982,7,0.11,Yes,270.0,385.0,306.0,512.0,D:\projects\illegal_parking_project\data\images\0012_top_20250708_t1.png,True,True,270.0,385.0,36.0,127.0,288.0,448.5,577.1228530455768,374.8321451735989,OK,False,0012_top_20250708_t1,D:\projects\illegal_parking_project\align\polygons\0012_top_20250708_t1.geojson,D:\projects\illegal_parking_project\align\H\0012_top_20250708_t1.npy
634,c,0012_top_20250708_t0,0012_top_20250708_t1,232.0,412.0,270.0,544.0,38.0,132.0,190.0,382.0,231.0,521.0,41,139,23.717,125.642,108.757,0.866,7,0.189,Yes,190.0,382.0,231.0,521.0,D:\projects\illegal_parking_project\data\images\0012_top_20250708_t1.png,True,True,190.0,382.0,41.0,139.0,210.5,451.5,583.863829047717,370.93097393797194,OK,False,0012_top_20250708_t1,D:\projects\illegal_parking_project\align\polygons\0012_top_20250708_t1.geojson,D:\projects\illegal_parking_project\align\H\0012_top_20250708_t1.npy
635,c,0012_top_20250708_t0,0012_top_20250708_t1,321.0,184.0,347.0,269.0,26.0,85.0,275.0,141.0,301.0,226.0,26,85,3.808,77.666,70.725,0.911,7,0.049,Yes,275.0,141.0,301.0,226.0,D:\projects\illegal_parking_project\data\images\0012_top_20250708_t1.png,True,True,275.0,141.0,26.0,85.0,288.0,183.5,529.6817710429108,389.9772406649569,OK,False,0012_top_20250708_t1,D:\projects\illegal_parking_project\align\polygons\0012_top_20250708_t1.geojson,D:\projects\illegal_parking_project\align\H\0012_top_20250708_t1.npy
636,c,0012_top_20250708_t0,0012_top_20250708_t1,254.0,153.0,284.0,266.0,30.0,113.0,204.0,119.0,235.0,235.0,31,116,15.042,102.626,85.586,0.834,7,0.147,Yes,204.0,119.0,235.0,235.0,D:\projects\illegal_parking_project\data\images\0012_top_20250708_t1.png,True,True,204.0,119.0,31.0,116.0,219.5,177.0,535.01248380712,387.47408893372267,OK,False,0012_top_20250708_t1,D:\projects\illegal_parking_project\align\polygons\0012_top_20250708_t1.geojson,D:\projects\illegal_parking_project\align\H\0012_top_20250708_t1.npy
637,c,0012_top_20250708_t0,0012_top_20250708_t1,270.0,416.0,307.0,553.0,37.0,137.0,230.0,381.0,269.0,522.0,39,141,16.125,124.868,113.208,0.907,7,0.129,Yes,230.0,381.0,269.0,522.0,D:\projects\illegal_parking_project\data\images\0012_top_20250708_t1.png,True,True,230.0,381.0,39.0,141.0,249.5,451.5,585.0884701583446,371.3861077168115,OK,False,0012_top_20250708_t1,D:\projects\illegal_parking_project\align\polygons\0012_top_20250708_t1.geojson,D:\projects\illegal_parking_project\align\H\0012_top_20250708_t1.npy
638,c,0012_top_20250708_t0,0012_top_20250708_t1,184.0,145.0,215.0,259.0,31.0,114.0,56.0,121.0,98.0,243.0,42,122,28.504,109.554,83.355,0.761,7,0.26,Yes,56.0,121.0,98.0,243.0,D:\projects\illegal_parking_project\data\images\0012_top_20250708_t1.png,True,True,56.0,121.0,42.0,122.0,77.0,182.0,536.4757706479668,384.12663062225323,OK,False,0012_top_20250708_t1,D:\projects\illegal_parking_project\align\polygons\0012_top_20250708_t1.geojson,D:\projects\illegal_parking_project\align\H\0012_top_20250708_t1.npy
639,c,0012_top_20250708_t0,0012_top_20250708_t1,287.0,170.0,316.0,277.0,29.0,107.0,240.0,129.0,269.0,239.0,29,110,8.016,96.255,83.355,0.866,7,0.083,Yes,240.0,129.0,269.0,239.0,D:\projects\illegal_parking_project\data\images\0012_top_20250708_t1.png,True,True,240.0,129.0,29.0,110.0,254.5,184.0,534.7521978853703,388.02252682010464,OK,False,0012_top_20250708_t1,D:\projects\illegal_parking_project\align\polygons\0012_top_20250708_t1.geojson,D:\projects\illegal_parking_project\align\H\0012_top_20250708_t1.npy
640,c,0012_top_20250708_t0,0012_top_20250708_t1,215.0,141.0,249.0,262.0,34.0,121.0,130.0,121.0,165.0,241.0,35,120,17.678,114.547,84.599,0.739,7,0.154,Yes,130.0,121.0,165.0,241.0,D:\projects\illegal_parking_project\data\images\0012_top_20250708_t1.png,True,True,130.0,121.0,35.0,120.0,147.5,181.0,536.1469337041583,385.7643063958535,OK,False,0012_top_20250708_t1,D:\projects\illegal_parking_project\align\polygons\0012_top_20250708_t1.geojson,D:\projects\illegal_parking_project\align\H\0012_top_20250708_t1.npy
654,b,0012_top_20250709_t0,0012_top_20250709_t1,417.0,410.0,523.0,495.0,106.0,85.0,457.0,467.0,639.0,605.0,182,138,5.852,112.361,121.235,1.079,6,0.052,Yes,457.0,467.0,639.0,605.0,D:\projects\illegal_parking_project\data\images\0012_top_20250709_t1.jpg,True,True,457.0,467.0,182.0,138.0,548.0,536.0,2033.2731377044217,762.6509277684474,OK,False,0012_top_20250709_t1,D:\projects\illegal_parking_project\align\polygons\0012_top_20250709_t1.geojson,D:\projects\illegal_parking_project\align\H\0012_top_20250709_t1.npy
655,b,0012_top_20250709_t0,0012_top_20250709_t1,418.0,237.0,522.0,329.0,104.0,92.0,426.0,256.0,564.0,360.0,138,104,21.506,122.413,127.581,1.042,6,0.176,Yes,426.0,256.0,564.0,360.0,D:\projects\illegal_parking_project\data\images\0012_top_20250709_t1.jpg,True,True,426.0,256.0,138.0,104.0,495.0,308.0,1951.961301773762,711.2397584114344,OK,False,0012_top_20250709_t1,D:\projects\illegal_parking_project\align\polygons\0012_top_20250709_t1.geojson,D:\projects\illegal_parking_project\align\H\0012_top_20250709_t1.npy
656,b,0012_top_20250709_t0,0012_top_20250709_t1,416.0,141.0,521.0,231.0,105.0,90.0,410.0,170.0,543.0,267.0,133,97,28.853,129.035,143.22,1.11,6,0.224,Yes,410.0,170.0,543.0,267.0,D:\projects\illegal_parking_project\data\images\0012_top_20250709_t1.jpg,True,True,410.0,170.0,133.0,97.0,476.5,218.5,1931.049077550188,702.4338083856268,OK,False,0012_top_20250709_t1,D:\projects\illegal_parking_project\align\polygons\0012_top_20250709_t1.geojson,D:\projects\illegal_parking_project\align\H\0012_top_20250709_t1.npy
657,b,0012_top_20250709_t0,0012_top_20250709_t1,154.0,380.0,213.0,553.0,59.0,173.0,0.0,534.0,108.0,640.0,108,106,21.645,117.004,77.897,0.666,6,0.185,Yes,0.0,534.0,108.0,640.0,D:\projects\illegal_parking_project\data\images\0012_top_20250709_t1.jpg,True,True,0.0,534.0,108.0,106.0,54.0,587.0,1945.8438517498198,564.9571771285198,OK,False,0012_top_20250709_t1,D:\projects\illegal_parking_project\align\polygons\0012_top_20250709_t1.geojson,D:\projects\illegal_parking_project\align\H\0012_top_20250709_t1.npy
664,b,0013_top_20250630_t0,0013_top_20250630_t1,202.0,531.0,258.0,593.0,56.0,62.0,201.0,73.0,271.0,139.0,70,66,28.935,69.656,120.934,1.736,8,0.415,No,201.0,73.0,271.0,139.0,D:\projects\illegal_parking_project\data\images\0013_top_20250630_t1.jpg,False,False,201.0,73.0,70.0,66.0,236.0,106.0,1956.7959927227191,208.28350531957105,OK,False,0013_top_20250630_t1,D:\projects\illegal_parking_project\align\polygons\0013_top_20250630_t1.geojson,D:\projects\illegal_parking_project\align\H\0013_top_20250630_t1.npy
676,d,0013_top_20250704_t0,0013_top_20250704_t1,496.0,1.0,560.0,52.0,64.0,51.0,507.0,216.0,580.0,266.0,73,50,6.576,75.664,80.957,1.07,11,0.087,Yes,507.0,216.0,580.0,266.0,D:\projects\illegal_parking_project\data\images\0013_top_20250704_t1.jpg,True,True,507.0,216.0,73.0,50.0,543.5,241.0,792.5940433449886,456.1957274043296,OK,False,0013_top_20250704_t1,D:\projects\illegal_parking_project\align\polygons\0013_top_20250704_t1.geojson,D:\projects\illegal_parking_project\align\H\0013_top_20250704_t1.npy
677,d,0013_top_20250704_t0,0013_top_20250704_t1,502.0,128.0,561.0,178.0,59.0,50.0,513.0,356.0,589.0,421.0,76,65,7.159,68.476,82.765,1.209,11,0.105,Yes,513.0,356.0,589.0,421.0,D:\projects\illegal_parking_project\data\images\0013_top_20250704_t1.jpg,True,True,513.0,356.0,76.0,65.0,551.0,388.5,810.8720748121584,456.00157043449326,OK,False,0013_top_20250704_t1,D:\projects\illegal_parking_project\align\polygons\0013_top_20250704_t1.geojson,D:\projects\illegal_parking_project\align\H\0013_top_20250704_t1.npy
678,d,0013_top_20250704_t0,0013_top_20250704_t1,357.0,330.0,434.0,394.0,77.0,64.0,368.0,588.0,440.0,639.0,72,51,1.118,77.369,66.31,0.857,11,0.014,Yes,368.0,588.0,440.0,639.0,D:\projects\illegal_parking_project\data\images\0013_top_20250704_t1.jpg,True,True,368.0,588.0,72.0,51.0,404.0,613.5,816.9938244662014,443.8337516577154,OK,False,0013_top_20250704_t1,D:\projects\illegal_parking_project\align\polygons\0013_top_20250704_t1.geojson,D:\projects\illegal_parking_project\align\H\0013_top_20250704_t1.npy
679,d,0013_top_20250704_t0,0013_top_20250704_t1,209.0,136.0,254.0,273.0,45.0,137.0,211.0,363.0,255.0,519.0,44,156,5.148,84.22,87.321,1.037,11,0.061,Yes,211.0,363.0,255.0,519.0,D:\projects\illegal_parking_project\data\images\0013_top_20250704_t1.jpg,True,True,211.0,363.0,44.0,156.0,233.0,441.0,866.2251765200054,420.66567943047795,OK,False,0013_top_20250704_t1,D:\projects\illegal_parking_project\align\polygons\0013_top_20250704_t1.geojson,D:\projects\illegal_parking_project\align\H\0013_top_20250704_t1.npy
680,d,0013_top_20250708_t0,0013_top_20250708_t1,132.0,284.0,171.0,406.0,39.0,122.0,570.0,415.0,610.0,543.0,40,128,4.61,89.045,89.588,1.006,13,0.052,Yes,570.0,415.0,610.0,543.0,D:\projects\illegal_parking_project\data\images\0013_top_20250708_t1.png,True,True,570.0,415.0,40.0,128.0,590.0,479.0,1782.056417930411,1364.5609866996733,OK,False,0013_top_20250708_t1,D:\projects\illegal_parking_project\align\polygons\0013_top_20250708_t1.geojson,D:\projects\illegal_parking_project\align\H\0013_top_20250708_t1.npy
681,d,0013_top_20250708_t0,0013_top_20250708_t1,582.0,289.0,619.0,406.0,37.0,117.0,111.0,488.0,150.0,613.0,39,125,0.707,81.884,82.492,1.007,13,0.009,Yes,111.0,488.0,150.0,613.0,D:\projects\illegal_parking_project\data\images\0013_top_20250708_t1.png,True,True,111.0,488.0,39.0,125.0,130.5,550.5,1770.3115916908898,1383.4971049072892,OK,False,0013_top_20250708_t1,D:\projects\illegal_parking_project\align\polygons\0013_top_20250708_t1.geojson,D:\projects\illegal_parking_project\align\H\0013_top_20250708_t1.npy
686,c,0013_top_20250711_t0,0013_top_20250711_t1,273.0,361.0,322.0,474.0,49.0,113.0,273.0,361.0,322.0,474.0,49,113,21.966,137.877,120.283,0.872,7,0.159,Yes,273.0,361.0,322.0,474.0,D:\projects\illegal_parking_project\data\images\0013_top_20250711_t1.jpg,True,True,273.0,361.0,49.0,113.0,297.5,417.5,1499.7849175125987,307.03968900690586,OK,False,0013_top_20250711_t1,D:\projects\illegal_parking_project\align\polygons\0013_top_20250711_t1.geojson,D:\projects\illegal_parking_project\align\H\0013_top_20250711_t1.npy
687,c,0013_top_20250711_t0,0013_top_20250711_t1,229.0,364.0,274.0,481.0,45.0,117.0,229.0,364.0,274.0,481.0,45,117,20.718,138.13,118.343,0.857,7,0.15,Yes,229.0,364.0,274.0,481.0,D:\projects\illegal_parking_project\data\images\0013_top_20250711_t1.jpg,True,True,229.0,364.0,45.0,117.0,251.5,422.5,1504.5743018251742,309.7188116592729,OK,False,0013_top_20250711_t1,D:\projects\illegal_parking_project\align\polygons\0013_top_20250711_t1.geojson,D:\projects\illegal_parking_project\align\H\0013_top_20250711_t1.npy
688,c,0013_top_20250711_t0,0013_top_20250711_t1,190.0,385.0,238.0,491.0,48.0,106.0,190.0,385.0,238.0,491.0,48,106,16.621,129.808,113.864,0.877,7,0.128,Yes,190.0,385.0,238.0,491.0,D:\projects\illegal_parking_project\data\images\0013_top_20250711_t1.jpg,True,True,190.0,385.0,48.0,106.0,214.0,438.0,1503.842396671244,303.868816658352,OK,False,0013_top_20250711_t1,D:\projects\illegal_parking_project\align\polygons\0013_top_20250711_t1.geojson,D:\projects\illegal_parking_project\align\H\0013_top_20250711_t1.npy
695,d,0014_top_20250704_t0,0014_top_20250704_t1,360.0,454.0,436.0,519.0,76.0,65.0,357.0,183.0,430.0,239.0,73,56,2.55,73.43,75.591,1.029,8,0.035,Yes,357.0,183.0,430.0,239.0,D:\projects\illegal_parking_project\data\images\0014_top_20250704_t1.jpg,True,True,357.0,183.0,73.0,56.0,393.5,211.0,800.9760264730072,625.9032716809546,OK,False,0014_top_20250704_t1,D:\projects\illegal_parking_project\align\polygons\0014_top_20250704_t1.geojson,D:\projects\illegal_parking_project\align\H\0014_top_20250704_t1.npy
696,d,0014_top_20250704_t0,0014_top_20250704_t1,508.0,238.0,576.0,297.0,68.0,59.0,495.0,0.0,542.0,47.0,47,47,6.708,68.096,59.641,0.876,8,0.099,Yes,495.0,0.0,542.0,47.0,D:\projects\illegal_parking_project\data\images\0014_top_20250704_t1.jpg,True,True,495.0,0.0,47.0,47.0,518.5,23.5,785.0330272174003,623.0240844475064,OK,False,0014_top_20250704_t1,D:\projects\illegal_parking_project\align\polygons\0014_top_20250704_t1.geojson,D:\projects\illegal_parking_project\align\H\0014_top_20250704_t1.npy
697,d,0014_top_20250704_t0,0014_top_20250704_t1,208.0,243.0,253.0,387.0,45.0,144.0,219.0,6.0,260.0,129.0,41,123,9.513,94.578,88.323,0.934,8,0.101,Yes,219.0,6.0,260.0,129.0,D:\projects\illegal_parking_project\data\images\0014_top_20250704_t1.jpg,True,True,219.0,6.0,41.0,123.0,239.5,67.5,792.0211636893678,608.6511941453552,OK,False,0014_top_20250704_t1,D:\projects\illegal_parking_project\align\polygons\0014_top_20250704_t1.geojson,D:\projects\illegal_parking_project\align\H\0014_top_20250704_t1.npy
698,c,0014_top_20250707_t0,0014_top_20250707_t1,546.0,68.0,597.0,111.0,51.0,43.0,542.0,72.0,589.0,127.0,47,55,5.852,102.416,111.732,1.091,7,0.057,Yes,542.0,72.0,589.0,127.0,D:\projects\illegal_parking_project\data\images\0014_top_20250707_t1.png,True,True,542.0,72.0,47.0,55.0,565.5,99.5,802.497102929947,1302.388770754241,OK,False,0014_top_20250707_t1,D:\projects\illegal_parking_project\align\polygons\0014_top_20250707_t1.geojson,D:\projects\illegal_parking_project\align\H\0014_top_20250707_t1.npy
699,c,0014_top_20250707_t0,0014_top_20250707_t1,503.0,260.0,556.0,314.0,53.0,54.0,480.0,251.0,533.0,326.0,53,75,6.185,109.481,130.832,1.195,7,0.056,Yes,480.0,251.0,533.0,326.0,D:\projects\illegal_parking_project\data\images\0014_top_20250707_t1.png,True,True,480.0,251.0,53.0,75.0,506.5,288.5,785.5598677717539,1255.0354636025645,OK,False,0014_top_20250707_t1,D:\projects\illegal_parking_project\align\polygons\0014_top_20250707_t1.geojson,D:\projects\illegal_parking_project\align\H\0014_top_20250707_t1.npy
700,c,0014_top_20250707_t0,0014_top_20250707_t1,391.0,204.0,437.0,255.0,46.0,51.0,371.0,173.0,416.0,237.0,45,64,5.22,105.891,120.216,1.135,7,0.049,Yes,371.0,173.0,416.0,237.0,D:\projects\illegal_parking_project\data\images\0014_top_20250707_t1.png,True,True,371.0,173.0,45.0,64.0,393.5,205.0,779.9686975722562,1288.9198570994633,OK,False,0014_top_20250707_t1,D:\projects\illegal_parking_project\align\polygons\0014_top_20250707_t1.geojson,D:\projects\illegal_parking_project\align\H\0014_top_20250707_t1.npy
701,c,0014_top_20250707_t0,0014_top_20250707_t1,388.0,252.0,436.0,298.0,48.0,46.0,366.0,226.0,412.0,280.0,46,54,4.301,103.6,112.61,1.087,7,0.042,Yes,366.0,226.0,412.0,280.0,D:\projects\illegal_parking_project\data\images\0014_top_20250707_t1.png,True,True,366.0,226.0,46.0,54.0,389.0,253.0,779.6884668365107,1287.1430112894116,OK,False,0014_top_20250707_t1,D:\projects\illegal_parking_project\align\polygons\0014_top_20250707_t1.geojson,D:\projects\illegal_parking_project\align\H\0014_top_20250707_t1.npy
702,c,0014_top_20250707_t0,0014_top_20250707_t1,337.0,327.0,383.0,379.0,46.0,52.0,307.0,279.0,353.0,347.0,46,68,5.408,105.262,123.762,1.176,7,0.051,Yes,307.0,279.0,353.0,347.0,D:\projects\illegal_parking_project\data\images\0014_top_20250707_t1.png,True,True,307.0,279.0,46.0,68.0,330.0,313.0,767.1321916625542,1267.5611602043366,OK,False,0014_top_20250707_t1,D:\projects\illegal_parking_project\align\polygons\0014_top_20250707_t1.geojson,D:\projects\illegal_parking_project\align\H\0014_top_20250707_t1.npy
704,b,0014_top_20250708_t0,0014_top_20250708_t1,414.0,105.0,452.0,271.0,38.0,166.0,353.0,0.0,410.0,152.0,57,152,22.051,119.407,120.254,1.007,7,0.185,Yes,353.0,0.0,410.0,152.0,D:\projects\illegal_parking_project\data\images\0014_top_20250708_t1.png,True,True,353.0,0.0,57.0,152.0,381.5,76.0,1812.1743905380547,565.4209804757324,OK,False,0014_top_20250708_t1,D:\projects\illegal_parking_project\align\polygons\0014_top_20250708_t1.geojson,D:\projects\illegal_parking_project\align\H\0014_top_20250708_t1.npy
705,b,0014_top_20250708_t0,0014_top_20250708_t1,360.0,111.0,398.0,265.0,38.0,154.0,297.0,9.0,354.0,175.0,57,166,19.455,113.649,128.226,1.128,7,0.171,Yes,297.0,9.0,354.0,175.0,D:\projects\illegal_parking_project\data\images\0014_top_20250708_t1.png,True,True,297.0,9.0,57.0,166.0,325.5,92.0,1812.25629978732,571.0350460026644,OK,False,0014_top_20250708_t1,D:\projects\illegal_parking_project\align\polygons\0014_top_20250708_t1.geojson,D:\projects\illegal_parking_project\align\H\0014_top_20250708_t1.npy
706,b,0014_top_20250708_t0,0014_top_20250708_t1,259.0,124.0,306.0,293.0,47.0,169.0,197.0,87.0,262.0,251.0,65,164,18.901,129.139,140.663,1.089,7,0.146,Yes,197.0,87.0,262.0,251.0,D:\projects\illegal_parking_project\data\images\0014_top_20250708_t1.png,True,True,197.0,87.0,65.0,164.0,229.5,169.0,1809.5167199882571,585.6694495548513,OK,False,0014_top_20250708_t1,D:\projects\illegal_parking_project\align\polygons\0014_top_20250708_t1.geojson,D:\projects\illegal_parking_project\align\H\0014_top_20250708_t1.npy
707,b,0014_top_20250708_t0,0014_top_20250708_t1,157.0,104.0,205.0,281.0,48.0,177.0,91.0,132.0,156.0,291.0,65,159,32.65,135.484,140.357,1.036,7,0.241,Yes,91.0,132.0,156.0,291.0,D:\projects\illegal_parking_project\data\images\0014_top_20250708_t1.png,True,True,91.0,132.0,65.0,159.0,123.5,211.5,1810.429205288169,595.6504277258333,OK,False,0014_top_20250708_t1,D:\projects\illegal_parking_project\align\polygons\0014_top_20250708_t1.geojson,D:\projects\illegal_parking_project\align\H\0014_top_20250708_t1.npy
708,b,0014_top_20250708_t0,0014_top_20250708_t1,200.0,118.0,249.0,292.0,49.0,174.0,144.0,115.0,200.0,276.0,56,161,26.315,134.629,132.88,0.987,7,0.195,Yes,144.0,115.0,200.0,276.0,D:\projects\illegal_parking_project\data\images\0014_top_20250708_t1.png,True,True,144.0,115.0,56.0,161.0,172.0,195.5,1810.485297959673,592.5453443164325,OK,False,0014_top_20250708_t1,D:\projects\illegal_parking_project\align\polygons\0014_top_20250708_t1.geojson,D:\projects\illegal_parking_project\align\H\0014_top_20250708_t1.npy
709,b,0014_top_20250708_t0,0014_top_20250708_t1,613.0,337.0,639.0,418.0,26.0,81.0,590.0,113.0,640.0,195.0,50,82,11.0,63.285,95.588,1.51,7,0.174,No,590.0,113.0,640.0,195.0,D:\projects\illegal_parking_project\data\images\0014_top_20250708_t1.png,False,False,590.0,113.0,50.0,82.0,615.0,154.0,1807.9287091968888,561.0566339132085,OK,False,0014_top_20250708_t1,D:\projects\illegal_parking_project\align\polygons\0014_top_20250708_t1.geojson,D:\projects\illegal_parking_project\align\H\0014_top_20250708_t1.npy
710,b,0014_top_20250708_t0,0014_top_20250708_t1,621.0,245.0,639.0,333.0,18.0,88.0,588.0,15.0,640.0,90.0,52,75,21.101,62.241,84.646,1.36,7,0.339,Yes,588.0,15.0,640.0,90.0,D:\projects\illegal_parking_project\data\images\0014_top_20250708_t1.png,True,True,588.0,15.0,52.0,75.0,614.0,52.5,1810.4426218251624,551.6800312025163,OK,False,0014_top_20250708_t1,D:\projects\illegal_parking_project\align\polygons\0014_top_20250708_t1.geojson,D:\projects\illegal_parking_project\align\H\0014_top_20250708_t1.npy
712,b,0014_top_20250709_t0,0014_top_20250709_t1,456.0,1.0,505.0,146.0,49.0,145.0,339.0,97.0,374.0,252.0,35,155,6.727,78.816,68.447,0.868,6,0.085,Yes,339.0,97.0,374.0,252.0,D:\projects\illegal_parking_project\data\images\0014_top_20250709_t1.jpg,True,True,339.0,97.0,35.0,155.0,356.5,174.5,613.6037288777368,448.51828104704487,OK,False,0014_top_20250709_t1,D:\projects\illegal_parking_project\align\polygons\0014_top_20250709_t1.geojson,D:\projects\illegal_parking_project\align\H\0014_top_20250709_t1.npy
713,b,0014_top_20250709_t0,0014_top_20250709_t1,561.0,0.0,614.0,114.0,53.0,114.0,442.0,153.0,479.0,305.0,37,152,6.185,70.093,64.885,0.926,6,0.088,Yes,442.0,153.0,479.0,305.0,D:\projects\illegal_parking_project\data\images\0014_top_20250709_t1.jpg,True,True,442.0,153.0,37.0,152.0,460.5,229.0,623.2065930572048,450.9371401965753,OK,False,0014_top_20250709_t1,D:\projects\illegal_parking_project\align\polygons\0014_top_20250709_t1.geojson,D:\projects\illegal_parking_project\align\H\0014_top_20250709_t1.npy
714,b,0014_top_20250709_t0,0014_top_20250709_t1,207.0,476.0,278.0,590.0,71.0,114.0,0.0,387.0,69.0,521.0,69,134,6.576,65.054,77.156,1.186,6,0.101,Yes,0.0,387.0,69.0,521.0,D:\projects\illegal_parking_project\data\images\0014_top_20250709_t1.jpg,True,True,0.0,387.0,69.0,134.0,34.5,454.0,649.5259602987093,438.4955338974157,OK,False,0014_top_20250709_t1,D:\projects\illegal_parking_project\align\polygons\0014_top_20250709_t1.geojson,D:\projects\illegal_parking_project\align\H\0014_top_20250709_t1.npy
715,b,0014_top_20250709_t0,0014_top_20250709_t1,362.0,26.0,410.0,180.0,48.0,154.0,244.0,94.0,280.0,231.0,36,137,4.272,80.156,64.498,0.805,6,0.053,Yes,244.0,94.0,280.0,231.0,D:\projects\illegal_parking_project\data\images\0014_top_20250709_t1.jpg,True,True,244.0,94.0,36.0,137.0,262.0,162.5,607.5924193831304,446.8541995094042,OK,False,0014_top_20250709_t1,D:\projects\illegal_parking_project\align\polygons\0014_top_20250709_t1.geojson,D:\projects\illegal_parking_project\align\H\0014_top_20250709_t1.npy
721,d,0015_top_20250624_t0,0015_top_20250624_t1,214.0,420.0,308.0,482.0,94.0,62.0,184.0,122.0,209.0,224.0,25,102,8.732,74.303,89.443,1.204,6,0.118,Yes,184.0,122.0,209.0,224.0,D:\projects\illegal_parking_project\data\images\0015_top_20250624_t1.jpg,True,True,184.0,122.0,25.0,102.0,196.5,173.0,1290.0953398727609,816.9303079037292,OK,False,0015_top_20250624_t1,D:\projects\illegal_parking_project\align\polygons\0015_top_20250624_t1.geojson,D:\projects\illegal_parking_project\align\H\0015_top_20250624_t1.npy
751,b,0015_top_20250626_t0,0015_top_20250626_t1,191.0,514.0,261.0,566.0,70.0,52.0,191.0,512.0,269.0,568.0,78,56,0.707,65.742,63.561,0.967,10,0.011,Yes,191.0,512.0,269.0,568.0,D:\projects\illegal_parking_project\data\images\0015_top_20250626_t1.jpg,True,True,191.0,512.0,78.0,56.0,230.0,540.0,1019.914473444004,385.4474779858013,OK,False,0015_top_20250626_t1,D:\projects\illegal_parking_project\align\polygons\0015_top_20250626_t1.geojson,D:\projects\illegal_parking_project\align\H\0015_top_20250626_t1.npy
752,b,0015_top_20250626_t0,0015_top_20250626_t1,208.0,580.0,277.0,633.0,69.0,53.0,212.0,587.0,287.0,639.0,75,52,1.803,65.742,60.539,0.921,10,0.027,Yes,212.0,587.0,287.0,639.0,D:\projects\illegal_parking_project\data\images\0015_top_20250626_t1.jpg,True,True,212.0,587.0,75.0,52.0,249.5,613.0,1019.1889667787643,387.32834216582756,OK,False,0015_top_20250626_t1,D:\projects\illegal_parking_project\align\polygons\0015_top_20250626_t1.geojson,D:\projects\illegal_parking_project\align\H\0015_top_20250626_t1.npy
753,b,0015_top_20250626_t0,0015_top_20250626_t1,173.0,158.0,251.0,216.0,78.0,58.0,179.0,106.0,265.0,171.0,86,65,1.581,75.133,73.79,0.982,10,0.021,Yes,179.0,106.0,265.0,171.0,D:\projects\illegal_parking_project\data\images\0015_top_20250626_t1.jpg,True,True,179.0,106.0,86.0,65.0,222.0,138.5,1022.1981974629442,359.9377045732613,OK,False,0015_top_20250626_t1,D:\projects\illegal_parking_project\align\polygons\0015_top_20250626_t1.geojson,D:\projects\illegal_parking_project\align\H\0015_top_20250626_t1.npy
754,b,0015_top_20250626_t0,0015_top_20250626_t1,269.0,281.0,302.0,409.0,33.0,128.0,282.0,252.0,318.0,393.0,36,141,0.0,69.642,65.863,0.946,10,0.0,Yes,282.0,252.0,318.0,393.0,D:\projects\illegal_parking_project\data\images\0015_top_20250626_t1.jpg,True,True,282.0,252.0,36.0,141.0,300.0,322.5,1022.3149313228348,404.14143109468483,OK,False,0015_top_20250626_t1,D:\projects\illegal_parking_project\align\polygons\0015_top_20250626_t1.geojson,D:\projects\illegal_parking_project\align\H\0015_top_20250626_t1.npy
755,b,0015_top_20250626_t0,0015_top_20250626_t1,177.0,452.0,255.0,505.0,78.0,53.0,177.0,438.0,264.0,498.0,87,60,0.5,72.498,70.774,0.976,10,0.007,Yes,177.0,438.0,264.0,498.0,D:\projects\illegal_parking_project\data\images\0015_top_20250626_t1.jpg,True,True,177.0,438.0,87.0,60.0,220.5,468.0,1019.4251337354559,382.76789249554287,OK,False,0015_top_20250626_t1,D:\projects\illegal_parking_project\align\polygons\0015_top_20250626_t1.geojson,D:\projects\illegal_parking_project\align\H\0015_top_20250626_t1.npy
756,b,0015_top_20250626_t0,0015_top_20250626_t1,383.0,78.0,444.0,124.0,61.0,46.0,415.0,18.0,487.0,77.0,72,59,0.5,58.592,60.415,1.031,10,0.009,Yes,415.0,18.0,487.0,77.0,D:\projects\illegal_parking_project\data\images\0015_top_20250626_t1.jpg,True,True,415.0,18.0,72.0,59.0,451.0,47.5,1014.4809285336538,351.3546534640622,OK,False,0015_top_20250626_t1,D:\projects\illegal_parking_project\align\polygons\0015_top_20250626_t1.geojson,D:\projects\illegal_parking_project\align\H\0015_top_20250626_t1.npy
757,b,0015_top_20250626_t0,0015_top_20250626_t1,379.0,144.0,453.0,187.0,74.0,43.0,411.0,90.0,495.0,147.0,84,57,1.581,67.624,67.119,0.993,10,0.023,Yes,411.0,90.0,495.0,147.0,D:\projects\illegal_parking_project\data\images\0015_top_20250626_t1.jpg,True,True,411.0,90.0,84.0,57.0,453.0,118.5,1010.3442627533674,355.64517187781297,OK,False,0015_top_20250626_t1,D:\projects\illegal_parking_project\align\polygons\0015_top_20250626_t1.geojson,D:\projects\illegal_parking_project\align\H\0015_top_20250626_t1.npy
758,b,0015_top_20250626_t0,0015_top_20250626_t1,172.0,92.0,234.0,148.0,62.0,56.0,176.0,30.0,245.0,92.0,69,62,1.0,62.769,61.774,0.984,10,0.016,Yes,176.0,30.0,245.0,92.0,D:\projects\illegal_parking_project\data\images\0015_top_20250626_t1.jpg,True,True,176.0,30.0,69.0,62.0,210.5,61.0,1025.8862694726092,354.0347174013241,OK,False,0015_top_20250626_t1,D:\projects\illegal_parking_project\align\polygons\0015_top_20250626_t1.geojson,D:\projects\illegal_parking_project\align\H\0015_top_20250626_t1.npy
759,b,0015_top_20250626_t0,0015_top_20250626_t1,182.0,380.0,261.0,432.0,79.0,52.0,186.0,358.0,271.0,414.0,85,56,1.118,72.498,69.462,0.958,10,0.015,Yes,186.0,358.0,271.0,414.0,D:\projects\illegal_parking_project\data\images\0015_top_20250626_t1.jpg,True,True,186.0,358.0,85.0,56.0,228.5,386.0,1020.1889503151024,375.03224504873396,OK,False,0015_top_20250626_t1,D:\projects\illegal_parking_project\align\polygons\0015_top_20250626_t1.geojson,D:\projects\illegal_parking_project\align\H\0015_top_20250626_t1.npy
760,b,0015_top_20250626_t0,0015_top_20250626_t1,274.0,426.0,307.0,544.0,33.0,118.0,285.0,417.0,323.0,545.0,38,128,0.5,64.351,60.465,0.94,10,0.008,Yes,285.0,417.0,323.0,545.0,D:\projects\illegal_parking_project\data\images\0015_top_20250626_t1.jpg,True,True,285.0,417.0,38.0,128.0,304.0,481.0,1019.5628147780205,423.0420562400541,OK,False,0015_top_20250626_t1,D:\projects\illegal_parking_project\align\polygons\0015_top_20250626_t1.geojson,D:\projects\illegal_parking_project\align\H\0015_top_20250626_t1.npy
761,b,0015_top_20250626_t0,0015_top_20250626_t1,184.0,225.0,261.0,284.0,77.0,59.0,190.0,182.0,275.0,246.0,85,64,1.803,75.133,71.554,0.952,10,0.024,Yes,190.0,182.0,275.0,246.0,D:\projects\illegal_parking_project\data\images\0015_top_20250626_t1.jpg,True,True,190.0,182.0,85.0,64.0,232.5,214.0,1021.0976452494006,365.5186839651163,OK,False,0015_top_20250626_t1,D:\projects\illegal_parking_project\align\polygons\0015_top_20250626_t1.geojson,D:\projects\illegal_parking_project\align\H\0015_top_20250626_t1.npy
762,b,0015_top_20250626_t0,0015_top_20250626_t1,164.0,13.0,240.0,77.0,76.0,64.0,160.0,0.0,255.0,15.0,95,15,12.349,77.026,71.589,0.929,10,0.16,Yes,160.0,0.0,255.0,15.0,D:\projects\illegal_parking_project\data\images\0015_top_20250626_t1.jpg,True,True,160.0,0.0,95.0,15.0,207.5,7.5,1023.0717207723648,349.1737108533892,OK,False,0015_top_20250626_t1,D:\projects\illegal_parking_project\align\polygons\0015_top_20250626_t1.geojson,D:\projects\illegal_parking_project\align\H\0015_top_20250626_t1.npy
763,b,0015_top_20250626_t0,0015_top_20250626_t1,196.0,310.0,255.0,356.0,59.0,46.0,201.0,277.0,269.0,329.0,68,52,1.581,56.356,56.798,1.008,10,0.028,Yes,201.0,277.0,269.0,329.0,D:\projects\illegal_parking_project\data\images\0015_top_20250626_t1.jpg,True,True,201.0,277.0,68.0,52.0,235.0,303.0,1023.2319934265005,368.30910545000177,OK,False,0015_top_20250626_t1,D:\projects\illegal_parking_project\align\polygons\0015_top_20250626_t1.geojson,D:\projects\illegal_parking_project\align\H\0015_top_20250626_t1.npy
765,c,0015_top_20250707_t0,0015_top_20250707_t1,314.0,251.0,393.0,320.0,79.0,69.0,265.0,229.0,351.0,306.0,86,77,6.021,103.465,100.21,0.969,9,0.058,Yes,265.0,229.0,351.0,306.0,D:\projects\illegal_parking_project\data\images\0015_top_20250707_t1.png,True,True,265.0,229.0,86.0,77.0,308.0,267.5,660.4553243725262,851.6200116718123,OK,False,0015_top_20250707_t1,D:\projects\illegal_parking_project\align\polygons\0015_top_20250707_t1.geojson,D:\projects\illegal_parking_project\align\H\0015_top_20250707_t1.npy
766,c,0015_top_20250707_t0,0015_top_20250707_t1,313.0,323.0,393.0,394.0,80.0,71.0,259.0,313.0,346.0,394.0,87,81,1.581,104.01,102.801,0.988,9,0.015,Yes,259.0,313.0,346.0,394.0,D:\projects\illegal_parking_project\data\images\0015_top_20250707_t1.png,True,True,259.0,313.0,87.0,81.0,302.5,353.5,657.4683080215154,839.7273865038525,OK,False,0015_top_20250707_t1,D:\projects\illegal_parking_project\align\polygons\0015_top_20250707_t1.geojson,D:\projects\illegal_parking_project\align\H\0015_top_20250707_t1.npy
767,c,0015_top_20250707_t0,0015_top_20250707_t1,543.0,3.0,619.0,70.0,76.0,67.0,541.0,5.0,626.0,56.0,85,51,26.0,103.812,85.586,0.824,9,0.25,Yes,541.0,5.0,626.0,56.0,D:\projects\illegal_parking_project\data\images\0015_top_20250707_t1.png,True,True,541.0,5.0,85.0,51.0,583.5,30.5,686.900486995615,877.7302314866721,OK,False,0015_top_20250707_t1,D:\projects\illegal_parking_project\align\polygons\0015_top_20250707_t1.geojson,D:\projects\illegal_parking_project\align\H\0015_top_20250707_t1.npy
768,c,0015_top_20250707_t0,0015_top_20250707_t1,237.0,467.0,315.0,545.0,78.0,78.0,163.0,468.0,247.0,552.0,84,84,19.039,100.955,103.856,1.029,9,0.189,Yes,163.0,468.0,247.0,552.0,D:\projects\illegal_parking_project\data\images\0015_top_20250707_t1.png,True,True,163.0,468.0,84.0,84.0,205.0,510.0,644.7699317479069,819.6291715936486,OK,False,0015_top_20250707_t1,D:\projects\illegal_parking_project\align\polygons\0015_top_20250707_t1.geojson,D:\projects\illegal_parking_project\align\H\0015_top_20250707_t1.npy
769,c,0015_top_20250707_t0,0015_top_20250707_t1,497.0,319.0,585.0,393.0,88.0,74.0,465.0,340.0,563.0,420.0,98,80,0.5,106.78,108.227,1.014,9,0.005,Yes,465.0,340.0,563.0,420.0,D:\projects\illegal_parking_project\data\images\0015_top_20250707_t1.png,True,True,465.0,340.0,98.0,80.0,514.0,380.0,677.2232211173081,834.7995453741996,OK,False,0015_top_20250707_t1,D:\projects\illegal_parking_project\align\polygons\0015_top_20250707_t1.geojson,D:\projects\illegal_parking_project\align\H\0015_top_20250707_t1.npy
770,b,0015_top_20250709_t0,0015_top_20250709_t1,239.0,202.0,354.0,350.0,115.0,148.0,61.0,203.0,163.0,339.0,102,136,10.595,202.312,178.832,0.884,9,0.052,Yes,61.0,203.0,163.0,339.0,D:\projects\illegal_parking_project\data\images\0015_top_20250709_t1.jpg,True,True,61.0,203.0,102.0,136.0,112.0,271.0,1339.2898764991467,66.50717509510307,OK,False,0015_top_20250709_t1,D:\projects\illegal_parking_project\align\polygons\0015_top_20250709_t1.geojson,D:\projects\illegal_parking_project\align\H\0015_top_20250709_t1.npy
771,b,0015_top_20250709_t0,0015_top_20250709_t1,33.0,329.0,205.0,481.0,172.0,152.0,0.0,378.0,70.0,547.0,70,169,36.912,190.066,113.23,0.596,9,0.194,Yes,0.0,378.0,70.0,547.0,D:\projects\illegal_parking_project\data\images\0015_top_20250709_t1.jpg,True,True,0.0,378.0,70.0,169.0,35.0,462.5,1440.2318606324473,45.390251418776245,OK,False,0015_top_20250709_t1,D:\projects\illegal_parking_project\align\polygons\0015_top_20250709_t1.geojson,D:\projects\illegal_parking_project\align\H\0015_top_20250709_t1.npy
772,b,0015_top_20250709_t0,0015_top_20250709_t1,515.0,247.0,640.0,350.0,125.0,103.0,300.0,124.0,421.0,199.0,121,75,31.536,153.942,178.393,1.159,9,0.205,Yes,300.0,124.0,421.0,199.0,D:\projects\illegal_parking_project\data\images\0015_top_20250709_t1.jpg,True,True,300.0,124.0,121.0,75.0,360.5,161.5,1334.73207185789,219.43950524023057,OK,False,0015_top_20250709_t1,D:\projects\illegal_parking_project\align\polygons\0015_top_20250709_t1.geojson,D:\projects\illegal_parking_project\align\H\0015_top_20250709_t1.npy
773,b,0015_top_20250709_t0,0015_top_20250709_t1,374.0,77.0,426.0,194.0,52.0,117.0,137.0,84.0,200.0,171.0,63,87,11.402,217.313,191.888,0.883,9,0.052,Yes,137.0,84.0,200.0,171.0,D:\projects\illegal_parking_project\data\images\0015_top_20250709_t1.jpg,True,True,137.0,84.0,63.0,87.0,168.5,127.5,1263.6992917892348,37.6224065694374,OK,False,0015_top_20250709_t1,D:\projects\illegal_parking_project\align\polygons\0015_top_20250709_t1.geojson,D:\projects\illegal_parking_project\align\H\0015_top_20250709_t1.npy
774,b,0015_top_20250709_t0,0015_top_20250709_t1,445.0,549.0,630.0,640.0,185.0,91.0,330.0,301.0,499.0,417.0,169,116,24.52,110.535,149.215,1.35,9,0.222,Yes,330.0,301.0,499.0,417.0,D:\projects\illegal_parking_project\data\images\0015_top_20250709_t1.jpg,True,True,330.0,301.0,169.0,116.0,414.5,359.0,1431.632017165113,336.5991886963813,OK,False,0015_top_20250709_t1,D:\projects\illegal_parking_project\align\polygons\0015_top_20250709_t1.geojson,D:\projects\illegal_parking_project\align\H\0015_top_20250709_t1.npy
775,b,0015_top_20250709_t0,0015_top_20250709_t1,485.0,316.0,639.0,435.0,154.0,119.0,319.0,221.0,470.0,303.0,151,82,58.6,154.457,154.768,1.002,9,0.379,Yes,319.0,221.0,470.0,303.0,D:\projects\illegal_parking_project\data\images\0015_top_20250709_t1.jpg,True,True,319.0,221.0,151.0,82.0,394.5,262.0,1379.0571094136533,289.77555268232976,OK,False,0015_top_20250709_t1,D:\projects\illegal_parking_project\align\polygons\0015_top_20250709_t1.geojson,D:\projects\illegal_parking_project\align\H\0015_top_20250709_t1.npy
778,b,0015_top_20250711_t0,0015_top_20250711_t1,149.0,81.0,235.0,396.0,86.0,315.0,149.0,81.0,235.0,396.0,86,315,0.5,131.229,132.401,1.009,10,0.004,Yes,149.0,81.0,235.0,396.0,D:\projects\illegal_parking_project\data\images\0015_top_20250711_t1.jpg,True,True,149.0,81.0,86.0,315.0,192.0,238.5,1655.8299516911643,1143.2091033432164,OK,False,0015_top_20250711_t1,D:\projects\illegal_parking_project\align\polygons\0015_top_20250711_t1.geojson,D:\projects\illegal_parking_project\align\H\0015_top_20250711_t1.npy
779,b,0015_top_20250711_t0,0015_top_20250711_t1,584.0,0.0,639.0,139.0,55.0,139.0,584.0,0.0,639.0,139.0,55,139,5.523,77.078,82.735,1.073,10,0.072,Yes,584.0,0.0,639.0,139.0,D:\projects\illegal_parking_project\data\images\0015_top_20250711_t1.jpg,True,True,584.0,0.0,55.0,139.0,611.5,69.5,1711.5017059158185,1150.7245338380578,OK,False,0015_top_20250711_t1,D:\projects\illegal_parking_project\align\polygons\0015_top_20250711_t1.geojson,D:\projects\illegal_parking_project\align\H\0015_top_20250711_t1.npy
780,b,0016_top_20250626_t0,0016_top_20250626_t1,378.0,189.0,454.0,245.0,76.0,56.0,387.0,253.0,473.0,315.0,86,62,4.61,67.119,65.924,0.982,7,0.069,Yes,387.0,253.0,473.0,315.0,D:\projects\illegal_parking_project\data\images\0016_top_20250626_t1.jpg,True,True,387.0,253.0,86.0,62.0,430.0,284.0,1147.168096901565,378.2259430185091,OK,False,0016_top_20250626_t1,D:\projects\illegal_parking_project\align\polygons\0016_top_20250626_t1.geojson,D:\projects\illegal_parking_project\align\H\0016_top_20250626_t1.npy
781,b,0016_top_20250626_t0,0016_top_20250626_t1,164.0,22.0,241.0,83.0,77.0,61.0,146.0,58.0,234.0,128.0,88,70,4.743,68.425,68.029,0.994,7,0.069,Yes,146.0,58.0,234.0,128.0,D:\projects\illegal_parking_project\data\images\0016_top_20250626_t1.jpg,True,True,146.0,58.0,88.0,70.0,190.0,93.0,1159.3487638312383,365.8113810712112,OK,False,0016_top_20250626_t1,D:\projects\illegal_parking_project\align\polygons\0016_top_20250626_t1.geojson,D:\projects\illegal_parking_project\align\H\0016_top_20250626_t1.npy
782,b,0016_top_20250626_t0,0016_top_20250626_t1,161.0,97.0,245.0,157.0,84.0,60.0,143.0,143.0,236.0,210.0,93,67,2.062,72.498,70.774,0.976,7,0.028,Yes,143.0,143.0,236.0,210.0,D:\projects\illegal_parking_project\data\images\0016_top_20250626_t1.jpg,True,True,143.0,143.0,93.0,67.0,189.5,176.5,1158.908039545594,371.5611776015609,OK,False,0016_top_20250626_t1,D:\projects\illegal_parking_project\align\polygons\0016_top_20250626_t1.geojson,D:\projects\illegal_parking_project\align\H\0016_top_20250626_t1.npy
783,b,0016_top_20250626_t0,0016_top_20250626_t1,182.0,425.0,258.0,478.0,76.0,53.0,162.0,518.0,246.0,571.0,84,53,7.159,61.847,62.626,1.013,7,0.116,Yes,162.0,518.0,246.0,571.0,D:\projects\illegal_parking_project\data\images\0016_top_20250626_t1.jpg,True,True,162.0,518.0,84.0,53.0,204.0,544.5,1159.56950316625,389.9297026121445,OK,False,0016_top_20250626_t1,D:\projects\illegal_parking_project\align\polygons\0016_top_20250626_t1.geojson,D:\projects\illegal_parking_project\align\H\0016_top_20250626_t1.npy
784,b,0016_top_20250626_t0,0016_top_20250626_t1,357.0,13.0,390.0,142.0,33.0,129.0,367.0,50.0,401.0,192.0,34,142,7.211,68.942,62.65,0.909,7,0.105,Yes,367.0,50.0,401.0,192.0,D:\projects\illegal_parking_project\data\images\0016_top_20250626_t1.jpg,True,True,367.0,50.0,34.0,142.0,384.0,121.0,1161.8227439234313,377.2365885831173,OK,False,0016_top_20250626_t1,D:\projects\illegal_parking_project\align\polygons\0016_top_20250626_t1.geojson,D:\projects\illegal_parking_project\align\H\0016_top_20250626_t1.npy
785,b,0016_top_20250626_t0,0016_top_20250626_t1,269.0,147.0,302.0,268.0,33.0,121.0,264.0,197.0,301.0,337.0,37,140,1.118,63.506,61.27,0.965,7,0.018,Yes,264.0,197.0,301.0,337.0,D:\projects\illegal_parking_project\data\images\0016_top_20250626_t1.jpg,True,True,264.0,197.0,37.0,140.0,282.5,267.0,1163.8537889346164,398.9911500417769,OK,False,0016_top_20250626_t1,D:\projects\illegal_parking_project\align\polygons\0016_top_20250626_t1.geojson,D:\projects\illegal_parking_project\align\H\0016_top_20250626_t1.npy
786,b,0016_top_20250626_t0,0016_top_20250626_t1,188.0,352.0,247.0,408.0,59.0,56.0,168.0,436.0,235.0,490.0,67,54,6.185,51.478,51.894,1.008,7,0.12,Yes,168.0,436.0,235.0,490.0,D:\projects\illegal_parking_project\data\images\0016_top_20250626_t1.jpg,True,True,168.0,436.0,67.0,54.0,201.5,463.0,1161.7174895087314,385.68588770151314,OK,False,0016_top_20250626_t1,D:\projects\illegal_parking_project\align\polygons\0016_top_20250626_t1.geojson,D:\projects\illegal_parking_project\align\H\0016_top_20250626_t1.npy
787,b,0016_top_20250626_t0,0016_top_20250626_t1,394.0,392.0,461.0,445.0,67.0,53.0,407.0,485.0,480.0,545.0,73,60,3.808,58.6,57.271,0.977,7,0.065,Yes,407.0,485.0,480.0,545.0,D:\projects\illegal_parking_project\data\images\0016_top_20250626_t1.jpg,True,True,407.0,485.0,73.0,60.0,443.5,515.0,1150.2661348881552,392.46700173262764,OK,False,0016_top_20250626_t1,D:\projects\illegal_parking_project\align\polygons\0016_top_20250626_t1.geojson,D:\projects\illegal_parking_project\align\H\0016_top_20250626_t1.npy
788,b,0016_top_20250626_t0,0016_top_20250626_t1,402.0,324.0,462.0,372.0,60.0,48.0,412.0,409.0,485.0,463.0,73,54,4.301,52.326,56.462,1.079,7,0.082,Yes,412.0,409.0,485.0,463.0,D:\projects\illegal_parking_project\data\images\0016_top_20250626_t1.jpg,True,True,412.0,409.0,73.0,54.0,448.5,436.0,1149.8890357009411,384.5351701025992,OK,False,0016_top_20250626_t1,D:\projects\illegal_parking_project\align\polygons\0016_top_20250626_t1.geojson,D:\projects\illegal_parking_project\align\H\0016_top_20250626_t1.npy
789,b,0016_top_20250626_t0,0016_top_20250626_t1,382.0,454.0,466.0,510.0,84.0,56.0,397.0,557.0,489.0,617.0,92,60,6.083,70.007,69.289,0.99,7,0.087,Yes,397.0,557.0,489.0,617.0,D:\projects\illegal_parking_project\data\images\0016_top_20250626_t1.jpg,True,True,397.0,557.0,92.0,60.0,443.0,587.0,1145.2180827476698,397.3142768496415,OK,False,0016_top_20250626_t1,D:\projects\illegal_parking_project\align\polygons\0016_top_20250626_t1.geojson,D:\projects\illegal_parking_project\align\H\0016_top_20250626_t1.npy
790,b,0016_top_20250626_t0,0016_top_20250626_t1,180.0,279.0,263.0,335.0,83.0,56.0,163.0,351.0,254.0,412.0,91,61,4.031,69.462,68.352,0.984,7,0.058,Yes,163.0,351.0,254.0,412.0,D:\projects\illegal_parking_project\data\images\0016_top_20250626_t1.jpg,True,True,163.0,351.0,91.0,61.0,208.5,381.5,1158.3235463264296,383.9382444675556,OK,False,0016_top_20250626_t1,D:\projects\illegal_parking_project\align\polygons\0016_top_20250626_t1.geojson,D:\projects\illegal_parking_project\align\H\0016_top_20250626_t1.npy
791,b,0016_top_20250626_t0,0016_top_20250626_t1,373.0,258.0,455.0,310.0,82.0,52.0,384.0,331.0,473.0,384.0,89,53,3.162,70.007,66.731,0.953,7,0.045,Yes,384.0,331.0,473.0,384.0,D:\projects\illegal_parking_project\data\images\0016_top_20250626_t1.jpg,True,True,384.0,331.0,89.0,53.0,428.5,357.5,1146.4873492891961,379.69593857369875,OK,False,0016_top_20250626_t1,D:\projects\illegal_parking_project\align\polygons\0016_top_20250626_t1.geojson,D:\projects\illegal_parking_project\align\H\0016_top_20250626_t1.npy
810,d,0016_top_20250704_t0,0016_top_20250704_t1,344.0,135.0,462.0,217.0,118.0,82.0,336.0,177.0,490.0,284.0,154,107,5.025,79.605,83.259,1.046,9,0.063,Yes,336.0,177.0,490.0,284.0,D:\projects\illegal_parking_project\data\images\0016_top_20250704_t1.png,True,True,336.0,177.0,154.0,107.0,413.0,230.5,767.5771152326048,1173.9018155366914,OK,False,0016_top_20250704_t1,D:\projects\illegal_parking_project\align\polygons\0016_top_20250704_t1.geojson,D:\projects\illegal_parking_project\align\H\0016_top_20250704_t1.npy
811,d,0016_top_20250704_t0,0016_top_20250704_t1,337.0,332.0,452.0,411.0,115.0,79.0,326.0,433.0,476.0,533.0,150,100,6.5,77.389,76.485,0.988,9,0.084,Yes,326.0,433.0,476.0,533.0,D:\projects\illegal_parking_project\data\images\0016_top_20250704_t1.png,True,True,326.0,433.0,150.0,100.0,401.0,483.0,766.2042637682124,1160.8123956069753,OK,False,0016_top_20250704_t1,D:\projects\illegal_parking_project\align\polygons\0016_top_20250704_t1.geojson,D:\projects\illegal_parking_project\align\H\0016_top_20250704_t1.npy
812,d,0016_top_20250704_t0,0016_top_20250704_t1,341.0,20.0,457.0,104.0,116.0,84.0,339.0,19.0,487.0,132.0,148,113,5.148,79.649,84.581,1.062,9,0.065,Yes,339.0,19.0,487.0,132.0,D:\projects\illegal_parking_project\data\images\0016_top_20250704_t1.png,True,True,339.0,19.0,148.0,113.0,413.0,75.5,766.5893514573057,1182.5995288843358,OK,False,0016_top_20250704_t1,D:\projects\illegal_parking_project\align\polygons\0016_top_20250704_t1.geojson,D:\projects\illegal_parking_project\align\H\0016_top_20250704_t1.npy
813,c,0017_top_20250623_t0,0017_top_20250623_t1,375.0,145.0,503.0,233.0,128.0,88.0,429.0,168.0,534.0,253.0,105,85,10.308,107.168,94.763,0.884,7,0.096,Yes,429.0,168.0,534.0,253.0,D:\projects\illegal_parking_project\data\images\0017_top_20250623_t1.jpg,True,True,429.0,168.0,105.0,85.0,481.5,210.5,1597.0983501355042,609.3803144173871,OK,False,0017_top_20250623_t1,D:\projects\illegal_parking_project\align\polygons\0017_top_20250623_t1.geojson,D:\projects\illegal_parking_project\align\H\0017_top_20250623_t1.npy
814,c,0017_top_20250623_t0,0017_top_20250623_t1,8.0,244.0,94.0,440.0,86.0,196.0,149.0,348.0,210.0,498.0,61,150,8.746,118.406,113.358,0.957,7,0.074,Yes,149.0,348.0,210.0,498.0,D:\projects\illegal_parking_project\data\images\0017_top_20250623_t1.jpg,True,True,149.0,348.0,61.0,150.0,179.5,423.0,1615.9499490459125,553.2041541680734,OK,False,0017_top_20250623_t1,D:\projects\illegal_parking_project\align\polygons\0017_top_20250623_t1.geojson,D:\projects\illegal_parking_project\align\H\0017_top_20250623_t1.npy
815,c,0017_top_20250623_t0,0017_top_20250623_t1,197.0,315.0,261.0,522.0,64.0,207.0,301.0,353.0,341.0,522.0,40,169,8.322,104.484,101.863,0.975,7,0.08,Yes,301.0,353.0,341.0,522.0,D:\projects\illegal_parking_project\data\images\0017_top_20250623_t1.jpg,True,True,301.0,353.0,40.0,169.0,321.0,437.5,1624.782356660468,546.0587362567917,OK,False,0017_top_20250623_t1,D:\projects\illegal_parking_project\align\polygons\0017_top_20250623_t1.geojson,D:\projects\illegal_parking_project\align\H\0017_top_20250623_t1.npy
816,c,0017_top_20250623_t0,0017_top_20250623_t1,157.0,103.0,222.0,304.0,65.0,201.0,258.0,192.0,302.0,365.0,44,173,11.673,116.211,103.276,0.889,7,0.1,Yes,258.0,192.0,302.0,365.0,D:\projects\illegal_parking_project\data\images\0017_top_20250623_t1.jpg,True,True,258.0,192.0,44.0,173.0,280.0,278.5,1604.703589866693,565.748170276618,OK,False,0017_top_20250623_t1,D:\projects\illegal_parking_project\align\polygons\0017_top_20250623_t1.geojson,D:\projects\illegal_parking_project\align\H\0017_top_20250623_t1.npy
818,d,0017_top_20250624_t0,0017_top_20250624_t1,267.0,240.0,366.0,315.0,99.0,75.0,147.0,105.0,172.0,198.0,25,93,10.308,85.428,81.492,0.954,6,0.121,Yes,147.0,105.0,172.0,198.0,D:\projects\illegal_parking_project\data\images\0017_top_20250624_t1.jpg,True,True,147.0,105.0,25.0,93.0,159.5,151.5,-63.60723026004742,719.2981890726063,OK,False,0017_top_20250624_t1,D:\projects\illegal_parking_project\align\polygons\0017_top_20250624_t1.geojson,D:\projects\illegal_parking_project\align\H\0017_top_20250624_t1.npy
830,c,0017_top_20250708_t0,0017_top_20250708_t1,336.0,61.0,375.0,195.0,39.0,134.0,328.0,88.0,368.0,216.0,40,128,28.844,143.544,118.072,0.823,10,0.201,Yes,328.0,88.0,368.0,216.0,D:\projects\illegal_parking_project\data\images\0017_top_20250708_t1.jpg,True,True,328.0,88.0,40.0,128.0,348.0,152.0,1161.6219994720489,1272.8037798867633,OK,False,0017_top_20250708_t1,D:\projects\illegal_parking_project\align\polygons\0017_top_20250708_t1.geojson,D:\projects\illegal_parking_project\align\H\0017_top_20250708_t1.npy
831,c,0018_top_20250703_t0,0018_top_20250703_t1,47.0,488.0,120.0,568.0,73.0,80.0,86.0,233.0,162.0,293.0,76,60,7.159,71.847,95.901,1.335,7,0.1,Yes,86.0,233.0,162.0,293.0,D:\projects\illegal_parking_project\data\images\0018_top_20250703_t1.png,True,True,86.0,233.0,76.0,60.0,124.0,263.0,1736.1079725913062,784.8802680619702,OK,False,0018_top_20250703_t1,D:\projects\illegal_parking_project\align\polygons\0018_top_20250703_t1.geojson,D:\projects\illegal_parking_project\align\H\0018_top_20250703_t1.npy
832,c,0018_top_20250703_t0,0018_top_20250703_t1,524.0,96.0,617.0,232.0,93.0,136.0,567.0,245.0,625.0,385.0,58,140,8.846,93.338,108.467,1.162,7,0.095,Yes,567.0,245.0,625.0,385.0,D:\projects\illegal_parking_project\data\images\0018_top_20250703_t1.png,True,True,567.0,245.0,58.0,140.0,596.0,315.0,1731.4123800901566,739.1980068228897,OK,False,0018_top_20250703_t1,D:\projects\illegal_parking_project\align\polygons\0018_top_20250703_t1.geojson,D:\projects\illegal_parking_project\align\H\0018_top_20250703_t1.npy
833,c,0018_top_20250703_t0,0018_top_20250703_t1,344.0,558.0,426.0,639.0,82.0,81.0,317.0,505.0,378.0,639.0,61,134,14.422,71.028,109.713,1.545,7,0.203,No,317.0,505.0,378.0,639.0,D:\projects\illegal_parking_project\data\images\0018_top_20250703_t1.png,False,False,317.0,505.0,61.0,134.0,347.5,572.0,1698.3427379335546,703.2278577737968,OK,False,0018_top_20250703_t1,D:\projects\illegal_parking_project\align\polygons\0018_top_20250703_t1.geojson,D:\projects\illegal_parking_project\align\H\0018_top_20250703_t1.npy
834,c,0018_top_20250703_t0,0018_top_20250703_t1,32.0,382.0,119.0,456.0,87.0,74.0,99.0,142.0,181.0,204.0,82,62,4.123,81.988,102.303,1.248,7,0.05,Yes,99.0,142.0,181.0,204.0,D:\projects\illegal_parking_project\data\images\0018_top_20250703_t1.png,True,True,99.0,142.0,82.0,62.0,140.0,173.0,1741.2892320189214,790.563563686883,OK,False,0018_top_20250703_t1,D:\projects\illegal_parking_project\align\polygons\0018_top_20250703_t1.geojson,D:\projects\illegal_parking_project\align\H\0018_top_20250703_t1.npy
835,c,0018_top_20250703_t0,0018_top_20250703_t1,462.0,291.0,544.0,439.0,82.0,148.0,466.0,376.0,526.0,500.0,60,124,10.062,90.907,104.062,1.145,7,0.111,Yes,466.0,376.0,526.0,500.0,D:\projects\illegal_parking_project\data\images\0018_top_20250703_t1.png,True,True,466.0,376.0,60.0,124.0,496.0,438.0,1720.6046326712058,728.1134827252341,OK,False,0018_top_20250703_t1,D:\projects\illegal_parking_project\align\polygons\0018_top_20250703_t1.geojson,D:\projects\illegal_parking_project\align\H\0018_top_20250703_t1.npy
836,c,0018_top_20250703_t0,0018_top_20250703_t1,0.0,213.0,78.0,296.0,78.0,83.0,99.0,0.0,181.0,53.0,82,53,8.559,79.322,99.02,1.248,7,0.108,Yes,99.0,0.0,181.0,53.0,D:\projects\illegal_parking_project\data\images\0018_top_20250703_t1.png,True,True,99.0,0.0,82.0,53.0,140.0,26.5,1748.3495360604682,802.5355527262653,OK,False,0018_top_20250703_t1,D:\projects\illegal_parking_project\align\polygons\0018_top_20250703_t1.geojson,D:\projects\illegal_parking_project\align\H\0018_top_20250703_t1.npy
837,d,0018_top_20250704_t0,0018_top_20250704_t1,287.0,114.0,365.0,172.0,78.0,58.0,332.0,22.0,404.0,77.0,72,55,6.185,135.104,111.759,0.827,8,0.046,Yes,332.0,22.0,404.0,77.0,D:\projects\illegal_parking_project\data\images\0018_top_20250704_t1.png,True,True,332.0,22.0,72.0,55.0,368.0,49.5,964.9579262753606,932.5180554912964,OK,False,0018_top_20250704_t1,D:\projects\illegal_parking_project\align\polygons\0018_top_20250704_t1.geojson,D:\projects\illegal_parking_project\align\H\0018_top_20250704_t1.npy
838,d,0018_top_20250704_t0,0018_top_20250704_t1,357.0,386.0,431.0,439.0,74.0,53.0,410.0,273.0,484.0,330.0,74,57,35.892,133.795,99.086,0.741,8,0.268,Yes,410.0,273.0,484.0,330.0,D:\projects\illegal_parking_project\data\images\0018_top_20250704_t1.png,True,True,410.0,273.0,74.0,57.0,447.0,301.5,954.0114818000505,907.2748651149439,OK,False,0018_top_20250704_t1,D:\projects\illegal_parking_project\align\polygons\0018_top_20250704_t1.geojson,D:\projects\illegal_parking_project\align\H\0018_top_20250704_t1.npy
841,b,0018_top_20250711_t0,0018_top_20250711_t1,318.0,91.0,393.0,315.0,75.0,224.0,318.0,91.0,393.0,315.0,75,224,5.59,66.37,73.062,1.101,6,0.084,Yes,318.0,91.0,393.0,315.0,D:\projects\illegal_parking_project\data\images\0018_top_20250711_t1.jpg,True,True,318.0,91.0,75.0,224.0,355.5,203.0,877.4135682531157,455.4490728110103,OK,False,0018_top_20250711_t1,D:\projects\illegal_parking_project\align\polygons\0018_top_20250711_t1.geojson,D:\projects\illegal_parking_project\align\H\0018_top_20250711_t1.npy
842,c,0019_top_20250707_t0,0019_top_20250707_t1,297.0,148.0,344.0,297.0,47.0,149.0,291.0,190.0,332.0,323.0,41,133,16.5,150.712,185.551,1.231,7,0.109,Yes,291.0,190.0,332.0,323.0,D:\projects\illegal_parking_project\data\images\0019_top_20250707_t1.jpg,True,True,291.0,190.0,41.0,133.0,311.5,256.5,3631.5659581734058,-841.3476133558156,OK,False,0019_top_20250707_t1,D:\projects\illegal_parking_project\align\polygons\0019_top_20250707_t1.geojson,D:\projects\illegal_parking_project\align\H\0019_top_20250707_t1.npy
843,c,0019_top_20250707_t0,0019_top_20250707_t1,247.0,139.0,294.0,290.0,47.0,151.0,247.0,180.0,287.0,313.0,40,133,15.207,151.03,192.263,1.273,7,0.101,Yes,247.0,180.0,287.0,313.0,D:\projects\illegal_parking_project\data\images\0019_top_20250707_t1.jpg,True,True,247.0,180.0,40.0,133.0,267.0,246.5,4148.569419684335,-1159.7447196929722,OK,False,0019_top_20250707_t1,D:\projects\illegal_parking_project\align\polygons\0019_top_20250707_t1.geojson,D:\projects\illegal_parking_project\align\H\0019_top_20250707_t1.npy
844,c,0019_top_20250707_t0,0019_top_20250707_t1,204.0,148.0,241.0,262.0,37.0,114.0,208.0,188.0,238.0,287.0,30,99,24.839,114.634,145.344,1.268,7,0.217,Yes,208.0,188.0,238.0,287.0,D:\projects\illegal_parking_project\data\images\0019_top_20250707_t1.jpg,True,True,208.0,188.0,30.0,99.0,223.0,237.5,8114.619839469035,-4138.826098500924,OK,False,0019_top_20250707_t1,D:\projects\illegal_parking_project\align\polygons\0019_top_20250707_t1.geojson,D:\projects\illegal_parking_project\align\H\0019_top_20250707_t1.npy
845,c,0019_top_20250707_t0,0019_top_20250707_t1,159.0,152.0,199.0,261.0,40.0,109.0,169.0,187.0,202.0,285.0,33,98,33.264,114.477,144.586,1.263,7,0.291,Yes,169.0,187.0,202.0,285.0,D:\projects\illegal_parking_project\data\images\0019_top_20250707_t1.jpg,True,True,169.0,187.0,33.0,98.0,185.5,236.0,9198.509570500508,-4891.430600884395,OK,False,0019_top_20250707_t1,D:\projects\illegal_parking_project\align\polygons\0019_top_20250707_t1.geojson,D:\projects\illegal_parking_project\align\H\0019_top_20250707_t1.npy
846,b,0019_top_20250711_t0,0019_top_20250711_t1,278.0,88.0,317.0,194.0,39.0,106.0,278.0,88.0,317.0,194.0,39,106,1.5,64.07,64.9,1.013,9,0.023,Yes,278.0,88.0,317.0,194.0,D:\projects\illegal_parking_project\data\images\0019_top_20250711_t1.jpg,True,True,278.0,88.0,39.0,106.0,297.5,141.0,773.0087363951278,442.291492433391,OK,False,0019_top_20250711_t1,D:\projects\illegal_parking_project\align\polygons\0019_top_20250711_t1.geojson,D:\projects\illegal_parking_project\align\H\0019_top_20250711_t1.npy
847,b,0019_top_20250711_t0,0019_top_20250711_t1,29.0,53.0,64.0,161.0,35.0,108.0,29.0,53.0,64.0,161.0,35,108,2.915,62.769,64.14,1.022,9,0.046,Yes,29.0,53.0,64.0,161.0,D:\projects\illegal_parking_project\data\images\0019_top_20250711_t1.jpg,True,True,29.0,53.0,35.0,108.0,46.5,107.0,768.32949483956,434.4959518685923,OK,False,0019_top_20250711_t1,D:\projects\illegal_parking_project\align\polygons\0019_top_20250711_t1.geojson,D:\projects\illegal_parking_project\align\H\0019_top_20250711_t1.npy
848,c,0020_top_20250703_t0,0020_top_20250703_t1,279.0,126.0,319.0,239.0,40.0,113.0,305.0,288.0,338.0,407.0,33,119,7.762,108.812,106.532,0.979,8,0.071,Yes,305.0,288.0,338.0,407.0,D:\projects\illegal_parking_project\data\images\0020_top_20250703_t1.png,True,True,305.0,288.0,33.0,119.0,321.5,347.5,94.26996518541361,321.8687499068798,OK,False,0020_top_20250703_t1,D:\projects\illegal_parking_project\align\polygons\0020_top_20250703_t1.geojson,D:\projects\illegal_parking_project\align\H\0020_top_20250703_t1.npy
849,c,0020_top_20250703_t0,0020_top_20250703_t1,278.0,257.0,318.0,373.0,40.0,116.0,305.0,158.0,337.0,274.0,32,116,10.05,106.607,102.083,0.958,8,0.094,Yes,305.0,158.0,337.0,274.0,D:\projects\illegal_parking_project\data\images\0020_top_20250703_t1.png,True,True,305.0,158.0,32.0,116.0,321.0,216.0,63.6500633863236,328.30484316104275,OK,False,0020_top_20250703_t1,D:\projects\illegal_parking_project\align\polygons\0020_top_20250703_t1.geojson,D:\projects\illegal_parking_project\align\H\0020_top_20250703_t1.npy
850,c,0020_top_20250703_t0,0020_top_20250703_t1,142.0,132.0,182.0,249.0,40.0,117.0,438.0,282.0,469.0,401.0,31,119,8.276,108.005,106.532,0.986,8,0.077,Yes,438.0,282.0,469.0,401.0,D:\projects\illegal_parking_project\data\images\0020_top_20250703_t1.png,True,True,438.0,282.0,31.0,119.0,453.5,341.5,93.52525113103898,325.67495903490624,OK,False,0020_top_20250703_t1,D:\projects\illegal_parking_project\align\polygons\0020_top_20250703_t1.geojson,D:\projects\illegal_parking_project\align\H\0020_top_20250703_t1.npy
851,c,0020_top_20250703_t0,0020_top_20250703_t1,39.0,118.0,79.0,239.0,40.0,121.0,542.0,289.0,572.0,406.0,30,117,5.0,108.812,104.307,0.959,8,0.046,Yes,542.0,289.0,572.0,406.0,D:\projects\illegal_parking_project\data\images\0020_top_20250703_t1.png,True,True,542.0,289.0,30.0,117.0,557.0,347.5,94.01902795823383,328.3661793008494,OK,False,0020_top_20250703_t1,D:\projects\illegal_parking_project\align\polygons\0020_top_20250703_t1.geojson,D:\projects\illegal_parking_project\align\H\0020_top_20250703_t1.npy
852,c,0020_top_20250703_t0,0020_top_20250703_t1,106.0,118.0,148.0,244.0,42.0,126.0,473.0,281.0,505.0,407.0,32,126,4.924,114.621,112.361,0.98,8,0.043,Yes,473.0,281.0,505.0,407.0,D:\projects\illegal_parking_project\data\images\0020_top_20250703_t1.png,True,True,473.0,281.0,32.0,126.0,489.0,344.0,98.8814503258435,326.16650073690107,OK,False,0020_top_20250703_t1,D:\projects\illegal_parking_project\align\polygons\0020_top_20250703_t1.geojson,D:\projects\illegal_parking_project\align\H\0020_top_20250703_t1.npy
853,c,0020_top_20250703_t0,0020_top_20250703_t1,74.0,118.0,115.0,240.0,41.0,122.0,506.0,284.0,538.0,406.0,32,122,3.5,110.802,109.836,0.991,8,0.032,Yes,506.0,284.0,538.0,406.0,D:\projects\illegal_parking_project\data\images\0020_top_20250703_t1.png,True,True,506.0,284.0,32.0,122.0,522.0,345.0,96.70868197996016,327.76376618599005,OK,False,0020_top_20250703_t1,D:\projects\illegal_parking_project\align\polygons\0020_top_20250703_t1.geojson,D:\projects\illegal_parking_project\align\H\0020_top_20250703_t1.npy
854,c,0020_top_20250703_t0,0020_top_20250703_t1,175.0,251.0,217.0,370.0,42.0,119.0,406.0,161.0,439.0,275.0,33,114,7.433,109.202,103.73,0.95,8,0.068,Yes,406.0,161.0,439.0,275.0,D:\projects\illegal_parking_project\data\images\0020_top_20250703_t1.png,True,True,406.0,161.0,33.0,114.0,422.5,218.0,63.89073391872112,332.12263495349373,OK,False,0020_top_20250703_t1,D:\projects\illegal_parking_project\align\polygons\0020_top_20250703_t1.geojson,D:\projects\illegal_parking_project\align\H\0020_top_20250703_t1.npy
855,c,0020_top_20250703_t0,0020_top_20250703_t1,244.0,253.0,287.0,374.0,43.0,121.0,339.0,157.0,373.0,274.0,34,117,7.071,111.4,105.119,0.944,8,0.063,Yes,339.0,157.0,373.0,274.0,D:\projects\illegal_parking_project\data\images\0020_top_20250703_t1.png,True,True,339.0,157.0,34.0,117.0,356.0,215.5,64.25611460889388,330.1022709104632,OK,False,0020_top_20250703_t1,D:\projects\illegal_parking_project\align\polygons\0020_top_20250703_t1.geojson,D:\projects\illegal_parking_project\align\H\0020_top_20250703_t1.npy
856,c,0020_top_20250703_t0,0020_top_20250703_t1,10.0,119.0,46.0,226.0,36.0,107.0,574.0,312.0,599.0,401.0,25,89,7.018,96.4,82.098,0.852,8,0.073,Yes,574.0,312.0,599.0,401.0,D:\projects\illegal_parking_project\data\images\0020_top_20250703_t1.png,True,True,574.0,312.0,25.0,89.0,586.5,356.5,76.90717126184185,329.9967701881075,OK,False,0020_top_20250703_t1,D:\projects\illegal_parking_project\align\polygons\0020_top_20250703_t1.geojson,D:\projects\illegal_parking_project\align\H\0020_top_20250703_t1.npy
857,c,0020_top_20250703_t0,0020_top_20250703_t1,204.0,252.0,251.0,374.0,47.0,122.0,372.0,154.0,407.0,276.0,35,122,10.607,115.256,109.554,0.951,8,0.092,Yes,372.0,154.0,407.0,276.0,D:\projects\illegal_parking_project\data\images\0020_top_20250703_t1.png,True,True,372.0,154.0,35.0,122.0,389.5,215.0,66.420931778075,331.2346006876828,OK,False,0020_top_20250703_t1,D:\projects\illegal_parking_project\align\polygons\0020_top_20250703_t1.geojson,D:\projects\illegal_parking_project\align\H\0020_top_20250703_t1.npy
858,c,0020_top_20250703_t0,0020_top_20250703_t1,0.0,124.0,16.0,221.0,16.0,97.0,601.0,309.0,626.0,394.0,25,85,19.609,73.79,79.63,1.079,8,0.266,Yes,601.0,309.0,626.0,394.0,D:\projects\illegal_parking_project\data\images\0020_top_20250703_t1.png,True,True,601.0,309.0,25.0,85.0,613.5,351.5,73.55058280349708,331.45335439113705,OK,False,0020_top_20250703_t1,D:\projects\illegal_parking_project\align\polygons\0020_top_20250703_t1.geojson,D:\projects\illegal_parking_project\align\H\0020_top_20250703_t1.npy
861,b,0020_top_20250707_t0,0020_top_20250707_t1,227.0,209.0,283.0,250.0,56.0,41.0,405.0,84.0,430.0,180.0,25,96,3.536,63.561,62.241,0.979,7,0.056,Yes,405.0,84.0,430.0,180.0,D:\projects\illegal_parking_project\data\images\0020_top_20250707_t1.jpg,True,True,405.0,84.0,25.0,96.0,417.5,132.0,617.1439402161036,422.8762088648214,OK,False,0020_top_20250707_t1,D:\projects\illegal_parking_project\align\polygons\0020_top_20250707_t1.geojson,D:\projects\illegal_parking_project\align\H\0020_top_20250707_t1.npy
862,b,0020_top_20250707_t0,0020_top_20250707_t1,218.0,556.0,289.0,603.0,71.0,47.0,210.0,71.0,237.0,180.0,27,109,7.566,73.055,71.694,0.981,7,0.104,Yes,210.0,71.0,237.0,180.0,D:\projects\illegal_parking_project\data\images\0020_top_20250707_t1.jpg,True,True,210.0,71.0,27.0,109.0,223.5,125.5,618.8042206608385,418.57214701694835,OK,False,0020_top_20250707_t1,D:\projects\illegal_parking_project\align\polygons\0020_top_20250707_t1.geojson,D:\projects\illegal_parking_project\align\H\0020_top_20250707_t1.npy
863,b,0020_top_20250707_t0,0020_top_20250707_t1,220.0,484.0,287.0,536.0,67.0,52.0,245.0,83.0,271.0,179.0,26,96,4.031,71.694,63.977,0.892,7,0.056,Yes,245.0,83.0,271.0,179.0,D:\projects\illegal_parking_project\data\images\0020_top_20250707_t1.jpg,True,True,245.0,83.0,26.0,96.0,258.0,131.0,616.925709565727,419.2069566317206,OK,False,0020_top_20250707_t1,D:\projects\illegal_parking_project\align\polygons\0020_top_20250707_t1.geojson,D:\projects\illegal_parking_project\align\H\0020_top_20250707_t1.npy
864,b,0020_top_20250707_t0,0020_top_20250707_t1,211.0,16.0,273.0,69.0,62.0,53.0,520.0,62.0,553.0,165.0,33,103,2.0,77.414,68.476,0.885,7,0.026,Yes,520.0,62.0,553.0,165.0,D:\projects\illegal_parking_project\data\images\0020_top_20250707_t1.jpg,True,True,520.0,62.0,33.0,103.0,536.5,113.5,615.5703158551421,429.9928588032866,OK,False,0020_top_20250707_t1,D:\projects\illegal_parking_project\align\polygons\0020_top_20250707_t1.geojson,D:\projects\illegal_parking_project\align\H\0020_top_20250707_t1.npy
865,b,0020_top_20250707_t0,0020_top_20250707_t1,394.0,177.0,446.0,224.0,52.0,47.0,414.0,386.0,441.0,477.0,27,91,5.523,61.294,59.034,0.963,7,0.09,Yes,414.0,386.0,441.0,477.0,D:\projects\illegal_parking_project\data\images\0020_top_20250707_t1.jpg,True,True,414.0,386.0,27.0,91.0,427.5,431.5,662.3794911467907,424.59094709020565,OK,False,0020_top_20250707_t1,D:\projects\illegal_parking_project\align\polygons\0020_top_20250707_t1.geojson,D:\projects\illegal_parking_project\align\H\0020_top_20250707_t1.npy
866,b,0020_top_20250707_t0,0020_top_20250707_t1,364.0,11.0,389.0,108.0,25.0,97.0,487.0,341.0,548.0,383.0,61,42,7.018,68.029,63.159,0.928,7,0.103,Yes,487.0,341.0,548.0,383.0,D:\projects\illegal_parking_project\data\images\0020_top_20250707_t1.jpg,True,True,487.0,341.0,61.0,42.0,517.5,362.0,621.7708120675156,443.65845654338085,OK,False,0020_top_20250707_t1,D:\projects\illegal_parking_project\align\polygons\0020_top_20250707_t1.geojson,D:\projects\illegal_parking_project\align\H\0020_top_20250707_t1.npy
867,b,0020_top_20250707_t0,0020_top_20250707_t1,369.0,535.0,400.0,640.0,31.0,105.0,180.0,331.0,248.0,375.0,68,44,7.211,61.4,74.095,1.207,7,0.117,Yes,180.0,331.0,248.0,375.0,D:\projects\illegal_parking_project\data\images\0020_top_20250707_t1.jpg,True,True,180.0,331.0,68.0,44.0,214.0,353.0,622.0916838747838,426.9850713644439,OK,False,0020_top_20250707_t1,D:\projects\illegal_parking_project\align\polygons\0020_top_20250707_t1.geojson,D:\projects\illegal_parking_project\align\H\0020_top_20250707_t1.npy
871,c,0021_top_20250626_t0,0021_top_20250626_t1,392.0,142.0,434.0,305.0,42.0,163.0,200.0,303.0,243.0,469.0,43,166,6.946,100.419,108.19,1.077,7,0.069,Yes,200.0,303.0,243.0,469.0,D:\projects\illegal_parking_project\data\images\0021_top_20250626_t1.jpg,True,True,200.0,303.0,43.0,166.0,221.5,386.0,1241.5591156702792,1356.594644460272,OK,False,0021_top_20250626_t1,D:\projects\illegal_parking_project\align\polygons\0021_top_20250626_t1.geojson,D:\projects\illegal_parking_project\align\H\0021_top_20250626_t1.npy
872,c,0022_top_20250626_t0,0022_top_20250626_t1,261.0,4.0,294.0,132.0,33.0,128.0,268.0,20.0,302.0,158.0,34,138,6.0,102.474,103.446,1.009,7,0.059,Yes,268.0,20.0,302.0,158.0,D:\projects\illegal_parking_project\data\images\0022_top_20250626_t1.jpg,True,True,268.0,20.0,34.0,138.0,285.0,89.0,702.5686075513277,476.59460809015076,OK,False,0022_top_20250626_t1,D:\projects\illegal_parking_project\align\polygons\0022_top_20250626_t1.geojson,D:\projects\illegal_parking_project\align\H\0022_top_20250626_t1.npy
873,c,0022_top_20250626_t0,0022_top_20250626_t1,183.0,28.0,215.0,147.0,32.0,119.0,185.0,39.0,217.0,164.0,32,125,1.581,95.525,94.154,0.986,7,0.017,Yes,185.0,39.0,217.0,164.0,D:\projects\illegal_parking_project\data\images\0022_top_20250626_t1.jpg,True,True,185.0,39.0,32.0,125.0,201.0,101.5,702.6511291754605,479.7690960231833,OK,False,0022_top_20250626_t1,D:\projects\illegal_parking_project\align\polygons\0022_top_20250626_t1.geojson,D:\projects\illegal_parking_project\align\H\0022_top_20250626_t1.npy
874,c,0022_top_20250626_t0,0022_top_20250626_t1,379.0,490.0,467.0,558.0,88.0,68.0,388.0,513.0,474.0,574.0,86,61,4.61,107.782,103.315,0.959,7,0.043,Yes,388.0,513.0,474.0,574.0,D:\projects\illegal_parking_project\data\images\0022_top_20250626_t1.jpg,True,True,388.0,513.0,86.0,61.0,431.0,543.5,661.9683713599517,456.6762130012822,OK,False,0022_top_20250626_t1,D:\projects\illegal_parking_project\align\polygons\0022_top_20250626_t1.geojson,D:\projects\illegal_parking_project\align\H\0022_top_20250626_t1.npy
875,c,0022_top_20250626_t0,0022_top_20250626_t1,70.0,24.0,104.0,152.0,34.0,128.0,72.0,39.0,109.0,163.0,37,124,5.385,101.789,96.835,0.951,7,0.053,Yes,72.0,39.0,109.0,163.0,D:\projects\illegal_parking_project\data\images\0022_top_20250626_t1.jpg,True,True,72.0,39.0,37.0,124.0,90.5,101.0,703.6348606030406,482.6285216714602,OK,False,0022_top_20250626_t1,D:\projects\illegal_parking_project\align\polygons\0022_top_20250626_t1.geojson,D:\projects\illegal_parking_project\align\H\0022_top_20250626_t1.npy
876,c,0022_top_20250626_t0,0022_top_20250626_t1,264.0,161.0,294.0,278.0,30.0,117.0,272.0,182.0,298.0,286.0,26,104,2.5,86.452,73.926,0.855,7,0.029,Yes,272.0,182.0,298.0,286.0,D:\projects\illegal_parking_project\data\images\0022_top_20250626_t1.jpg,True,True,272.0,182.0,26.0,104.0,285.0,234.0,683.1481291503156,482.0413734839664,OK,False,0022_top_20250626_t1,D:\projects\illegal_parking_project\align\polygons\0022_top_20250626_t1.geojson,D:\projects\illegal_parking_project\align\H\0022_top_20250626_t1.npy
880,c,0022_top_20250630_t0,0022_top_20250630_t1,285.0,440.0,325.0,488.0,40.0,48.0,290.0,472.0,328.0,521.0,38,49,19.704,105.0,107.564,1.024,6,0.188,Yes,290.0,472.0,328.0,521.0,D:\projects\illegal_parking_project\data\images\0022_top_20250630_t1.jpg,True,True,290.0,472.0,38.0,49.0,309.0,496.5,1946.7174634215478,965.5771593596785,OK,False,0022_top_20250630_t1,D:\projects\illegal_parking_project\align\polygons\0022_top_20250630_t1.geojson,D:\projects\illegal_parking_project\align\H\0022_top_20250630_t1.npy
881,c,0022_top_20250630_t0,0022_top_20250630_t1,278.0,327.0,321.0,380.0,43.0,53.0,281.0,366.0,323.0,414.0,42,48,18.822,116.825,118.343,1.013,6,0.161,Yes,281.0,366.0,323.0,414.0,D:\projects\illegal_parking_project\data\images\0022_top_20250630_t1.jpg,True,True,281.0,366.0,42.0,48.0,302.0,390.0,1962.1112782300095,958.0163804242961,OK,False,0022_top_20250630_t1,D:\projects\illegal_parking_project\align\polygons\0022_top_20250630_t1.geojson,D:\projects\illegal_parking_project\align\H\0022_top_20250630_t1.npy
882,c,0022_top_20250630_t0,0022_top_20250630_t1,252.0,76.0,276.0,163.0,24.0,87.0,264.0,133.0,283.0,211.0,19,78,6.5,126.57,127.941,1.011,6,0.051,Yes,264.0,133.0,283.0,211.0,D:\projects\illegal_parking_project\data\images\0022_top_20250630_t1.jpg,True,True,264.0,133.0,19.0,78.0,273.5,172.0,1982.658241342676,968.0708080760597,OK,False,0022_top_20250630_t1,D:\projects\illegal_parking_project\align\polygons\0022_top_20250630_t1.geojson,D:\projects\illegal_parking_project\align\H\0022_top_20250630_t1.npy
883,c,0022_top_20250630_t0,0022_top_20250630_t1,279.0,390.0,322.0,433.0,43.0,43.0,284.0,424.0,325.0,463.0,41,39,16.971,107.075,106.212,0.992,6,0.158,Yes,284.0,424.0,325.0,463.0,D:\projects\illegal_parking_project\data\images\0022_top_20250630_t1.jpg,True,True,284.0,424.0,41.0,39.0,304.5,443.5,1966.3215843288342,957.0005536008306,OK,False,0022_top_20250630_t1,D:\projects\illegal_parking_project\align\polygons\0022_top_20250630_t1.geojson,D:\projects\illegal_parking_project\align\H\0022_top_20250630_t1.npy
888,b,0022_top_20250711_t0,0022_top_20250711_t1,435.0,509.0,575.0,555.0,140.0,46.0,435.0,509.0,575.0,555.0,140,46,12.54,81.271,96.385,1.186,8,0.154,Yes,435.0,509.0,575.0,555.0,D:\projects\illegal_parking_project\data\images\0022_top_20250711_t1.png,True,True,435.0,509.0,140.0,46.0,505.0,532.0,1772.8096542772514,984.494658402502,OK,False,0022_top_20250711_t1,D:\projects\illegal_parking_project\align\polygons\0022_top_20250711_t1.geojson,D:\projects\illegal_parking_project\align\H\0022_top_20250711_t1.npy
889,b,0022_top_20250711_t0,0022_top_20250711_t1,463.0,197.0,606.0,247.0,143.0,50.0,463.0,197.0,606.0,247.0,143,50,3.162,84.758,104.403,1.232,8,0.037,Yes,463.0,197.0,606.0,247.0,D:\projects\illegal_parking_project\data\images\0022_top_20250711_t1.png,True,True,463.0,197.0,143.0,50.0,534.5,222.0,1777.6360171672306,990.7451721886365,OK,False,0022_top_20250711_t1,D:\projects\illegal_parking_project\align\polygons\0022_top_20250711_t1.geojson,D:\projects\illegal_parking_project\align\H\0022_top_20250711_t1.npy
890,b,0022_top_20250711_t0,0022_top_20250711_t1,445.0,502.0,598.0,552.0,153.0,50.0,445.0,502.0,598.0,552.0,153,50,16.0,89.493,107.541,1.202,8,0.179,Yes,445.0,502.0,598.0,552.0,D:\projects\illegal_parking_project\data\images\0022_top_20250711_t1.png,True,True,445.0,502.0,153.0,50.0,521.5,527.0,1779.5865494109357,982.9517463195389,OK,False,0022_top_20250711_t1,D:\projects\illegal_parking_project\align\polygons\0022_top_20250711_t1.geojson,D:\projects\illegal_parking_project\align\H\0022_top_20250711_t1.npy
891,b,0022_top_20250711_t0,0022_top_20250711_t1,428.0,271.0,576.0,315.0,148.0,44.0,428.0,271.0,576.0,315.0,148,44,4.031,86.683,100.305,1.157,8,0.047,Yes,428.0,271.0,576.0,315.0,D:\projects\illegal_parking_project\data\images\0022_top_20250711_t1.png,True,True,428.0,271.0,148.0,44.0,502.0,293.0,1775.97882281898,990.0102356577933,OK,False,0022_top_20250711_t1,D:\projects\illegal_parking_project\align\polygons\0022_top_20250711_t1.geojson,D:\projects\illegal_parking_project\align\H\0022_top_20250711_t1.npy
897,b,0023_top_20250711_t0,0023_top_20250711_t1,206.0,58.0,307.0,109.0,101.0,51.0,206.0,58.0,307.0,109.0,101,51,2.121,90.802,94.81,1.044,9,0.023,Yes,206.0,58.0,307.0,109.0,D:\projects\illegal_parking_project\data\images\0023_top_20250711_t1.png,True,True,206.0,58.0,101.0,51.0,256.5,83.5,1226.0007268072125,1192.9220175247635,OK,False,0023_top_20250711_t1,D:\projects\illegal_parking_project\align\polygons\0023_top_20250711_t1.geojson,D:\projects\illegal_parking_project\align\H\0023_top_20250711_t1.npy
898,b,0023_top_20250711_t0,0023_top_20250711_t1,446.0,0.0,605.0,68.0,159.0,68.0,446.0,0.0,605.0,68.0,159,68,16.978,174.244,139.205,0.799,9,0.097,Yes,446.0,0.0,605.0,68.0,D:\projects\illegal_parking_project\data\images\0023_top_20250711_t1.png,True,True,446.0,0.0,159.0,68.0,525.5,34.0,1289.0806756342874,1183.3867318540729,OK,False,0023_top_20250711_t1,D:\projects\illegal_parking_project\align\polygons\0023_top_20250711_t1.geojson,D:\projects\illegal_parking_project\align\H\0023_top_20250711_t1.npy
899,b,0023_top_20250711_t0,0023_top_20250711_t1,47.0,131.0,196.0,199.0,149.0,68.0,47.0,131.0,196.0,199.0,149,68,21.541,115.879,137.084,1.183,9,0.186,Yes,47.0,131.0,196.0,199.0,D:\projects\illegal_parking_project\data\images\0023_top_20250711_t1.png,True,True,47.0,131.0,149.0,68.0,121.5,165.0,1216.5656373931229,1185.4732387360573,OK,False,0023_top_20250711_t1,D:\projects\illegal_parking_project\align\polygons\0023_top_20250711_t1.geojson,D:\projects\illegal_parking_project\align\H\0023_top_20250711_t1.npy
900,b,0023_top_20250711_t0,0023_top_20250711_t1,426.0,159.0,589.0,223.0,163.0,64.0,426.0,159.0,589.0,223.0,163,64,7.382,147.054,135.385,0.921,9,0.05,Yes,426.0,159.0,589.0,223.0,D:\projects\illegal_parking_project\data\images\0023_top_20250711_t1.png,True,True,426.0,159.0,163.0,64.0,507.5,191.0,1287.2008595263412,1170.94003213165,OK,False,0023_top_20250711_t1,D:\projects\illegal_parking_project\align\polygons\0023_top_20250711_t1.geojson,D:\projects\illegal_parking_project\align\H\0023_top_20250711_t1.npy
901,b,0023_top_20250711_t0,0023_top_20250711_t1,416.0,256.0,593.0,317.0,177.0,61.0,416.0,256.0,593.0,317.0,177,61,3.041,146.014,140.801,0.964,9,0.021,Yes,416.0,256.0,593.0,317.0,D:\projects\illegal_parking_project\data\images\0023_top_20250711_t1.png,True,True,416.0,256.0,177.0,61.0,504.5,286.5,1293.649046362857,1162.9783669316998,OK,False,0023_top_20250711_t1,D:\projects\illegal_parking_project\align\polygons\0023_top_20250711_t1.geojson,D:\projects\illegal_parking_project\align\H\0023_top_20250711_t1.npy
902,b,0023_top_20250711_t0,0023_top_20250711_t1,430.0,305.0,593.0,373.0,163.0,68.0,430.0,305.0,593.0,373.0,163,68,3.808,132.004,130.388,0.988,9,0.029,Yes,430.0,305.0,593.0,373.0,D:\projects\illegal_parking_project\data\images\0023_top_20250711_t1.png,True,True,430.0,305.0,163.0,68.0,511.5,339.0,1286.8097583008137,1157.0553073706699,OK,False,0023_top_20250711_t1,D:\projects\illegal_parking_project\align\polygons\0023_top_20250711_t1.geojson,D:\projects\illegal_parking_project\align\H\0023_top_20250711_t1.npy
903,b,0023_top_20250711_t0,0023_top_20250711_t1,462.0,245.0,640.0,310.0,178.0,65.0,462.0,245.0,640.0,310.0,178,65,7.616,153.769,142.804,0.929,9,0.05,Yes,462.0,245.0,640.0,310.0,D:\projects\illegal_parking_project\data\images\0023_top_20250711_t1.png,True,True,462.0,245.0,178.0,65.0,551.0,277.5,1302.8477519702976,1160.5660894033942,OK,False,0023_top_20250711_t1,D:\projects\illegal_parking_project\align\polygons\0023_top_20250711_t1.geojson,D:\projects\illegal_parking_project\align\H\0023_top_20250711_t1.npy
904,b,0023_top_20250711_t0,0023_top_20250711_t1,462.0,321.0,640.0,386.0,178.0,65.0,462.0,321.0,640.0,386.0,178,65,3.606,145.279,140.577,0.968,9,0.025,Yes,462.0,321.0,640.0,386.0,D:\projects\illegal_parking_project\data\images\0023_top_20250711_t1.png,True,True,462.0,321.0,178.0,65.0,551.0,353.5,1302.3499073171997,1154.3342297823542,OK,False,0023_top_20250711_t1,D:\projects\illegal_parking_project\align\polygons\0023_top_20250711_t1.geojson,D:\projects\illegal_parking_project\align\H\0023_top_20250711_t1.npy
910,b,0024_top_20250711_t0,0024_top_20250711_t1,144.0,49.0,263.0,107.0,119.0,58.0,144.0,49.0,263.0,107.0,119,58,1.803,83.187,82.298,0.989,9,0.022,Yes,144.0,49.0,263.0,107.0,D:\projects\illegal_parking_project\data\images\0024_top_20250711_t1.png,True,True,144.0,49.0,119.0,58.0,203.5,78.0,1214.8722774375274,1090.4167513500063,OK,False,0024_top_20250711_t1,D:\projects\illegal_parking_project\align\polygons\0024_top_20250711_t1.geojson,D:\projects\illegal_parking_project\align\H\0024_top_20250711_t1.npy
911,b,0024_top_20250711_t0,0024_top_20250711_t1,130.0,562.0,269.0,614.0,139.0,52.0,130.0,562.0,269.0,614.0,139,52,1.803,92.849,91.924,0.99,9,0.019,Yes,130.0,562.0,269.0,614.0,D:\projects\illegal_parking_project\data\images\0024_top_20250711_t1.png,True,True,130.0,562.0,139.0,52.0,199.5,588.0,1217.1202515792615,1065.7525875538847,OK,False,0024_top_20250711_t1,D:\projects\illegal_parking_project\align\polygons\0024_top_20250711_t1.geojson,D:\projects\illegal_parking_project\align\H\0024_top_20250711_t1.npy
912,b,0024_top_20250711_t0,0024_top_20250711_t1,413.0,262.0,585.0,334.0,172.0,72.0,413.0,262.0,585.0,334.0,172,72,0.5,116.778,116.362,0.996,9,0.004,Yes,413.0,262.0,585.0,334.0,D:\projects\illegal_parking_project\data\images\0024_top_20250711_t1.png,True,True,413.0,262.0,172.0,72.0,499.0,298.0,1272.1749985199035,1071.9738554323822,OK,False,0024_top_20250711_t1,D:\projects\illegal_parking_project\align\polygons\0024_top_20250711_t1.geojson,D:\projects\illegal_parking_project\align\H\0024_top_20250711_t1.npy
913,b,0024_top_20250711_t0,0024_top_20250711_t1,404.0,332.0,592.0,401.0,188.0,69.0,404.0,332.0,592.0,401.0,188,69,0.5,125.16,124.234,0.993,9,0.004,Yes,404.0,332.0,592.0,401.0,D:\projects\illegal_parking_project\data\images\0024_top_20250711_t1.png,True,True,404.0,332.0,188.0,69.0,498.0,366.5,1279.3570540615406,1068.0494755570178,OK,False,0024_top_20250711_t1,D:\projects\illegal_parking_project\align\polygons\0024_top_20250711_t1.geojson,D:\projects\illegal_parking_project\align\H\0024_top_20250711_t1.npy
914,b,0024_top_20250711_t0,0024_top_20250711_t1,29.0,245.0,204.0,316.0,175.0,71.0,29.0,245.0,204.0,316.0,175,71,2.062,119.101,116.867,0.981,9,0.017,Yes,29.0,245.0,204.0,316.0,D:\projects\illegal_parking_project\data\images\0024_top_20250711_t1.png,True,True,29.0,245.0,175.0,71.0,116.5,280.5,1210.6422780185083,1076.0853467707698,OK,False,0024_top_20250711_t1,D:\projects\illegal_parking_project\align\polygons\0024_top_20250711_t1.geojson,D:\projects\illegal_parking_project\align\H\0024_top_20250711_t1.npy
915,b,0024_top_20250711_t0,0024_top_20250711_t1,398.0,338.0,538.0,408.0,140.0,70.0,398.0,338.0,538.0,408.0,140,70,0.0,98.412,98.412,1.0,9,0.0,Yes,398.0,338.0,538.0,408.0,D:\projects\illegal_parking_project\data\images\0024_top_20250711_t1.png,True,True,398.0,338.0,140.0,70.0,468.0,373.0,1252.870966563995,1068.4192527575615,OK,False,0024_top_20250711_t1,D:\projects\illegal_parking_project\align\polygons\0024_top_20250711_t1.geojson,D:\projects\illegal_parking_project\align\H\0024_top_20250711_t1.npy
916,b,0024_top_20250711_t0,0024_top_20250711_t1,140.0,331.0,283.0,387.0,143.0,56.0,140.0,331.0,283.0,387.0,143,56,1.581,95.854,94.541,0.986,9,0.016,Yes,140.0,331.0,283.0,387.0,D:\projects\illegal_parking_project\data\images\0024_top_20250711_t1.png,True,True,140.0,331.0,143.0,56.0,211.5,359.0,1219.9124379919149,1075.5070320192326,OK,False,0024_top_20250711_t1,D:\projects\illegal_parking_project\align\polygons\0024_top_20250711_t1.geojson,D:\projects\illegal_parking_project\align\H\0024_top_20250711_t1.npy
917,b,0024_top_20250711_t0,0024_top_20250711_t1,35.0,464.0,205.0,528.0,170.0,64.0,35.0,464.0,205.0,528.0,170,64,1.581,113.846,112.539,0.989,9,0.014,Yes,35.0,464.0,205.0,528.0,D:\projects\illegal_parking_project\data\images\0024_top_20250711_t1.png,True,True,35.0,464.0,170.0,64.0,120.0,496.0,1210.1729708117718,1064.951352595229,OK,False,0024_top_20250711_t1,D:\projects\illegal_parking_project\align\polygons\0024_top_20250711_t1.geojson,D:\projects\illegal_parking_project\align\H\0024_top_20250711_t1.npy
918,b,0024_top_20250711_t0,0024_top_20250711_t1,52.0,2.0,196.0,64.0,144.0,62.0,52.0,2.0,196.0,64.0,144,62,2.828,97.99,97.99,1.0,9,0.029,Yes,52.0,2.0,196.0,64.0,D:\projects\illegal_parking_project\data\images\0024_top_20250711_t1.png,True,True,52.0,2.0,144.0,62.0,124.0,33.0,1208.9862869787903,1093.0078356748295,OK,False,0024_top_20250711_t1,D:\projects\illegal_parking_project\align\polygons\0024_top_20250711_t1.geojson,D:\projects\illegal_parking_project\align\H\0024_top_20250711_t1.npy
919,b,0024_top_20250711_t0,0024_top_20250711_t1,19.0,159.0,207.0,221.0,188.0,62.0,19.0,159.0,207.0,221.0,188,62,1.803,123.369,122.43,0.992,9,0.015,Yes,19.0,159.0,207.0,221.0,D:\projects\illegal_parking_project\data\images\0024_top_20250711_t1.png,True,True,19.0,159.0,188.0,62.0,113.0,190.0,1211.779328179688,1083.7079899516907,OK,False,0024_top_20250711_t1,D:\projects\illegal_parking_project\align\polygons\0024_top_20250711_t1.geojson,D:\projects\illegal_parking_project\align\H\0024_top_20250711_t1.npy
920,b,0024_top_20250711_t0,0024_top_20250711_t1,0.0,245.0,155.0,314.0,155.0,69.0,0.0,245.0,155.0,314.0,155,69,1.803,106.452,105.551,0.992,9,0.017,Yes,0.0,245.0,155.0,314.0,D:\projects\illegal_parking_project\data\images\0024_top_20250711_t1.png,True,True,0.0,245.0,155.0,69.0,77.5,279.5,1202.7849953801597,1077.0189461468517,OK,False,0024_top_20250711_t1,D:\projects\illegal_parking_project\align\polygons\0024_top_20250711_t1.geojson,D:\projects\illegal_parking_project\align\H\0024_top_20250711_t1.npy
921,b,0024_top_20250711_t0,0024_top_20250711_t1,0.0,34.0,143.0,103.0,143.0,69.0,0.0,34.0,143.0,103.0,143,69,3.202,99.73,98.838,0.991,9,0.032,Yes,0.0,34.0,143.0,103.0,D:\projects\illegal_parking_project\data\images\0024_top_20250711_t1.png,True,True,0.0,34.0,143.0,69.0,71.5,68.5,1201.6941778951195,1090.7952134424431,OK,False,0024_top_20250711_t1,D:\projects\illegal_parking_project\align\polygons\0024_top_20250711_t1.geojson,D:\projects\illegal_parking_project\align\H\0024_top_20250711_t1.npy
922,b,0024_top_20250711_t0,0024_top_20250711_t1,453.0,0.0,615.0,59.0,162.0,59.0,453.0,0.0,615.0,59.0,162,59,2.062,107.703,106.775,0.991,9,0.019,Yes,453.0,0.0,615.0,59.0,D:\projects\illegal_parking_project\data\images\0024_top_20250711_t1.png,True,True,453.0,0.0,162.0,59.0,534.0,29.5,1273.616885477788,1090.50326403705,OK,False,0024_top_20250711_t1,D:\projects\illegal_parking_project\align\polygons\0024_top_20250711_t1.geojson,D:\projects\illegal_parking_project\align\H\0024_top_20250711_t1.npy
923,b,0024_top_20250711_t0,0024_top_20250711_t1,453.0,583.0,581.0,631.0,128.0,48.0,453.0,583.0,581.0,631.0,128,48,1.118,85.235,84.309,0.989,9,0.013,Yes,453.0,583.0,581.0,631.0,D:\projects\illegal_parking_project\data\images\0024_top_20250711_t1.png,True,True,453.0,583.0,128.0,48.0,517.0,607.0,1253.3653522070003,1065.5443732949634,OK,False,0024_top_20250711_t1,D:\projects\illegal_parking_project\align\polygons\0024_top_20250711_t1.geojson,D:\projects\illegal_parking_project\align\H\0024_top_20250711_t1.npy
924,c,0025_top_20250626_t0,0025_top_20250626_t1,469.0,527.0,539.0,576.0,70.0,49.0,494.0,86.0,571.0,138.0,77,52,4.123,106.438,99.282,0.933,7,0.039,Yes,494.0,86.0,571.0,138.0,D:\projects\illegal_parking_project\data\images\0025_top_20250626_t1.jpg,True,True,494.0,86.0,77.0,52.0,532.5,112.0,678.6545796094954,671.001288334967,OK,False,0025_top_20250626_t1,D:\projects\illegal_parking_project\align\polygons\0025_top_20250626_t1.geojson,D:\projects\illegal_parking_project\align\H\0025_top_20250626_t1.npy
926,d,0025_top_20250630_t0,0025_top_20250630_t1,233.0,514.0,272.0,572.0,39.0,58.0,127.0,210.0,200.0,486.0,73,276,8.544,106.151,84.971,0.8,6,0.08,Yes,127.0,210.0,200.0,486.0,D:\projects\illegal_parking_project\data\images\0025_top_20250630_t1.jpg,True,True,127.0,210.0,73.0,276.0,163.5,348.0,890.3808859615189,534.5751132583817,OK,False,0025_top_20250630_t1,D:\projects\illegal_parking_project\align\polygons\0025_top_20250630_t1.geojson,D:\projects\illegal_parking_project\align\H\0025_top_20250630_t1.npy
927,d,0025_top_20250630_t0,0025_top_20250630_t1,269.0,396.0,307.0,450.0,38.0,54.0,377.0,124.0,441.0,363.0,64,239,7.81,111.866,90.785,0.812,6,0.07,Yes,377.0,124.0,441.0,363.0,D:\projects\illegal_parking_project\data\images\0025_top_20250630_t1.jpg,True,True,377.0,124.0,64.0,239.0,409.0,243.5,901.1873547747873,560.5388155159869,OK,False,0025_top_20250630_t1,D:\projects\illegal_parking_project\align\polygons\0025_top_20250630_t1.geojson,D:\projects\illegal_parking_project\align\H\0025_top_20250630_t1.npy
928,c,0026_top_20250623_t0,0026_top_20250623_t1,299.0,253.0,332.0,369.0,33.0,116.0,297.0,218.0,332.0,333.0,35,115,5.831,98.27,104.848,1.067,7,0.059,Yes,297.0,218.0,332.0,333.0,D:\projects\illegal_parking_project\data\images\0026_top_20250623_t1.jpg,True,True,297.0,218.0,35.0,115.0,314.5,275.5,866.2741075401398,1087.7539863611419,OK,False,0026_top_20250623_t1,D:\projects\illegal_parking_project\align\polygons\0026_top_20250623_t1.geojson,D:\projects\illegal_parking_project\align\H\0026_top_20250623_t1.npy
929,c,0026_top_20250623_t0,0026_top_20250623_t1,264.0,391.0,297.0,503.0,33.0,112.0,259.0,357.0,293.0,469.0,34,112,13.829,90.427,101.242,1.12,7,0.153,Yes,259.0,357.0,293.0,469.0,D:\projects\illegal_parking_project\data\images\0026_top_20250623_t1.jpg,True,True,259.0,357.0,34.0,112.0,276.0,413.0,836.0741349662318,1097.1857293070095,OK,False,0026_top_20250623_t1,D:\projects\illegal_parking_project\align\polygons\0026_top_20250623_t1.geojson,D:\projects\illegal_parking_project\align\H\0026_top_20250623_t1.npy
957,d,0027_top_20250709_t0,0027_top_20250709_t1,159.0,317.0,215.0,381.0,56.0,64.0,159.0,317.0,215.0,381.0,56,64,5.0,105.646,119.017,1.127,6,0.047,Yes,159.0,317.0,215.0,381.0,D:\projects\illegal_parking_project\data\images\0027_top_20250709_t1.jpg,True,True,159.0,317.0,56.0,64.0,187.0,349.0,696.6598818530302,-159.82724286765804,OK,False,0027_top_20250709_t1,D:\projects\illegal_parking_project\align\polygons\0027_top_20250709_t1.geojson,D:\projects\illegal_parking_project\align\H\0027_top_20250709_t1.npy
958,c,0028_top_20250704_t0,0028_top_20250704_t1,320.0,116.0,375.0,268.0,55.0,152.0,320.0,116.0,375.0,268.0,55,152,1.803,112.071,109.0,0.973,14,0.016,Yes,320.0,116.0,375.0,268.0,D:\projects\illegal_parking_project\data\images\0028_top_20250704_t1.jpg,True,True,320.0,116.0,55.0,152.0,347.5,192.0,110.7301057212076,275.7584320474601,OK,False,0028_top_20250704_t1,D:\projects\illegal_parking_project\align\polygons\0028_top_20250704_t1.geojson,D:\projects\illegal_parking_project\align\H\0028_top_20250704_t1.npy
959,b,0028_top_20250707_t0,0028_top_20250707_t1,492.0,188.0,575.0,248.0,83.0,60.0,491.0,191.0,571.0,250.0,80,59,1.803,128.129,125.539,0.98,7,0.014,Yes,491.0,191.0,571.0,250.0,D:\projects\illegal_parking_project\data\images\0028_top_20250707_t1.png,True,True,491.0,191.0,80.0,59.0,531.0,220.5,1862.2689869121148,456.5224902292729,OK,False,0028_top_20250707_t1,D:\projects\illegal_parking_project\align\polygons\0028_top_20250707_t1.geojson,D:\projects\illegal_parking_project\align\H\0028_top_20250707_t1.npy
960,b,0028_top_20250707_t0,0028_top_20250707_t1,232.0,419.0,315.0,499.0,83.0,80.0,232.0,422.0,316.0,502.0,84,80,3.64,123.146,126.491,1.027,7,0.03,Yes,232.0,422.0,316.0,502.0,D:\projects\illegal_parking_project\data\images\0028_top_20250707_t1.png,True,True,232.0,422.0,84.0,80.0,274.0,462.0,1873.7892920524343,506.03746799608905,OK,False,0028_top_20250707_t1,D:\projects\illegal_parking_project\align\polygons\0028_top_20250707_t1.geojson,D:\projects\illegal_parking_project\align\H\0028_top_20250707_t1.npy
961,b,0028_top_20250707_t0,0028_top_20250707_t1,334.0,432.0,435.0,517.0,101.0,85.0,334.0,438.0,433.0,520.0,99,82,4.61,144.062,142.888,0.992,7,0.032,Yes,334.0,438.0,433.0,520.0,D:\projects\illegal_parking_project\data\images\0028_top_20250707_t1.png,True,True,334.0,438.0,99.0,82.0,383.5,479.0,1854.035397378075,508.19705785508523,OK,False,0028_top_20250707_t1,D:\projects\illegal_parking_project\align\polygons\0028_top_20250707_t1.geojson,D:\projects\illegal_parking_project\align\H\0028_top_20250707_t1.npy
962,b,0028_top_20250707_t0,0028_top_20250707_t1,491.0,111.0,572.0,170.0,81.0,59.0,491.0,118.0,573.0,175.0,82,57,2.121,130.0,130.361,1.003,7,0.016,Yes,491.0,118.0,573.0,175.0,D:\projects\illegal_parking_project\data\images\0028_top_20250707_t1.png,True,True,491.0,118.0,82.0,57.0,532.0,146.5,1863.3035676273726,447.3293540939374,OK,False,0028_top_20250707_t1,D:\projects\illegal_parking_project\align\polygons\0028_top_20250707_t1.geojson,D:\projects\illegal_parking_project\align\H\0028_top_20250707_t1.npy
963,b,0028_top_20250707_t0,0028_top_20250707_t1,21.0,146.0,65.0,291.0,44.0,145.0,22.0,150.0,67.0,296.0,45,146,11.885,133.765,135.204,1.011,7,0.089,Yes,22.0,150.0,67.0,296.0,D:\projects\illegal_parking_project\data\images\0028_top_20250707_t1.png,True,True,22.0,150.0,45.0,146.0,44.5,223.0,1902.6932442515274,500.67981093094096,OK,False,0028_top_20250707_t1,D:\projects\illegal_parking_project\align\polygons\0028_top_20250707_t1.geojson,D:\projects\illegal_parking_project\align\H\0028_top_20250707_t1.npy
964,b,0028_top_20250707_t0,0028_top_20250707_t1,154.0,90.0,202.0,229.0,48.0,139.0,155.0,95.0,202.0,236.0,47,141,6.5,139.23,138.975,0.998,7,0.047,Yes,155.0,95.0,202.0,236.0,D:\projects\illegal_parking_project\data\images\0028_top_20250707_t1.png,True,True,155.0,95.0,47.0,141.0,178.5,165.5,1899.4888459306396,481.47521174929375,OK,False,0028_top_20250707_t1,D:\projects\illegal_parking_project\align\polygons\0028_top_20250707_t1.geojson,D:\projects\illegal_parking_project\align\H\0028_top_20250707_t1.npy
965,d,0028_top_20250709_t0,0028_top_20250709_t1,253.0,399.0,297.0,564.0,44.0,165.0,372.0,229.0,390.0,289.0,18,60,2.062,79.259,82.855,1.045,8,0.026,Yes,372.0,229.0,390.0,289.0,D:\projects\illegal_parking_project\data\images\0028_top_20250709_t1.png,True,True,372.0,229.0,18.0,60.0,381.0,259.0,1393.340177311885,88.61980171994112,OK,False,0028_top_20250709_t1,D:\projects\illegal_parking_project\align\polygons\0028_top_20250709_t1.geojson,D:\projects\illegal_parking_project\align\H\0028_top_20250709_t1.npy
966,d,0028_top_20250709_t0,0028_top_20250709_t1,166.0,397.0,208.0,568.0,42.0,171.0,403.0,226.0,421.0,293.0,18,67,2.236,82.855,89.894,1.085,8,0.027,Yes,403.0,226.0,421.0,293.0,D:\projects\illegal_parking_project\data\images\0028_top_20250709_t1.png,True,True,403.0,226.0,18.0,67.0,412.0,259.5,1392.7041741808675,94.06816118797907,OK,False,0028_top_20250709_t1,D:\projects\illegal_parking_project\align\polygons\0028_top_20250709_t1.geojson,D:\projects\illegal_parking_project\align\H\0028_top_20250709_t1.npy
967,d,0028_top_20250709_t0,0028_top_20250709_t1,69.0,386.0,116.0,546.0,47.0,160.0,435.0,232.0,456.0,296.0,21,64,1.803,83.235,90.736,1.09,8,0.022,Yes,435.0,232.0,456.0,296.0,D:\projects\illegal_parking_project\data\images\0028_top_20250709_t1.png,True,True,435.0,232.0,21.0,64.0,445.5,264.0,1389.2330872376308,92.82838257525174,OK,False,0028_top_20250709_t1,D:\projects\illegal_parking_project\align\polygons\0028_top_20250709_t1.geojson,D:\projects\illegal_parking_project\align\H\0028_top_20250709_t1.npy
975,d,0029_top_20250704_t0,0029_top_20250704_t1,284.0,396.0,312.0,447.0,28.0,51.0,285.0,391.0,314.0,441.0,29,50,13.01,138.033,132.28,0.958,10,0.094,Yes,285.0,391.0,314.0,441.0,D:\projects\illegal_parking_project\data\images\0029_top_20250704_t1.png,True,True,285.0,391.0,29.0,50.0,299.5,416.0,6326.83431563641,18860.87532707886,OK,False,0029_top_20250704_t1,D:\projects\illegal_parking_project\align\polygons\0029_top_20250704_t1.geojson,D:\projects\illegal_parking_project\align\H\0029_top_20250704_t1.npy
976,d,0029_top_20250704_t0,0029_top_20250704_t1,374.0,220.0,407.0,268.0,33.0,48.0,374.0,217.0,407.0,263.0,33,46,20.025,155.666,123.434,0.793,10,0.129,Yes,374.0,217.0,407.0,263.0,D:\projects\illegal_parking_project\data\images\0029_top_20250704_t1.png,True,True,374.0,217.0,33.0,46.0,390.5,240.0,20157.090650488663,57831.91800389035,OK,False,0029_top_20250704_t1,D:\projects\illegal_parking_project\align\polygons\0029_top_20250704_t1.geojson,D:\projects\illegal_parking_project\align\H\0029_top_20250704_t1.npy
977,d,0029_top_20250704_t0,0029_top_20250704_t1,345.0,275.0,375.0,323.0,30.0,48.0,328.0,298.0,363.0,343.0,35,45,44.947,145.041,134.826,0.93,10,0.31,Yes,328.0,298.0,363.0,343.0,D:\projects\illegal_parking_project\data\images\0029_top_20250704_t1.png,True,True,328.0,298.0,35.0,45.0,345.5,320.5,11176.893502281593,32274.124899092694,OK,False,0029_top_20250704_t1,D:\projects\illegal_parking_project\align\polygons\0029_top_20250704_t1.geojson,D:\projects\illegal_parking_project\align\H\0029_top_20250704_t1.npy
978,d,0029_top_20250704_t0,0029_top_20250704_t1,317.0,333.0,347.0,376.0,30.0,43.0,319.0,325.0,348.0,371.0,29,46,18.344,135.281,122.919,0.909,10,0.136,Yes,319.0,325.0,348.0,371.0,D:\projects\illegal_parking_project\data\images\0029_top_20250704_t1.png,True,True,319.0,325.0,29.0,46.0,333.5,348.0,10071.767035179815,29793.541624617064,OK,False,0029_top_20250704_t1,D:\projects\illegal_parking_project\align\polygons\0029_top_20250704_t1.geojson,D:\projects\illegal_parking_project\align\H\0029_top_20250704_t1.npy
979,d,0029_top_20250704_t0,0029_top_20250704_t1,327.0,306.0,357.0,347.0,30.0,41.0,327.0,302.0,356.0,341.0,29,39,12.748,133.869,115.624,0.864,10,0.095,Yes,327.0,302.0,356.0,341.0,D:\projects\illegal_parking_project\data\images\0029_top_20250704_t1.png,True,True,327.0,302.0,29.0,39.0,341.5,321.5,18341.868634052957,54225.935434145744,OK,False,0029_top_20250704_t1,D:\projects\illegal_parking_project\align\polygons\0029_top_20250704_t1.geojson,D:\projects\illegal_parking_project\align\H\0029_top_20250704_t1.npy
980,d,0029_top_20250704_t0,0029_top_20250704_t1,362.0,239.0,386.0,280.0,24.0,41.0,362.0,234.0,390.0,278.0,28,44,10.124,121.655,113.569,0.934,10,0.083,Yes,362.0,234.0,390.0,278.0,D:\projects\illegal_parking_project\data\images\0029_top_20250704_t1.png,True,True,362.0,234.0,28.0,44.0,376.0,256.0,24532.566316732296,72104.88980809475,OK,False,0029_top_20250704_t1,D:\projects\illegal_parking_project\align\polygons\0029_top_20250704_t1.geojson,D:\projects\illegal_parking_project\align\H\0029_top_20250704_t1.npy
991,b,0029_top_20250707_t0,0029_top_20250707_t1,481.0,359.0,528.0,549.0,47.0,190.0,485.0,353.0,532.0,550.0,47,197,7.566,134.034,143.694,1.072,12,0.056,Yes,485.0,353.0,532.0,550.0,D:\projects\illegal_parking_project\data\images\0029_top_20250707_t1.png,True,True,485.0,353.0,47.0,197.0,508.5,451.5,1688.3085889047643,1139.5405028349196,OK,False,0029_top_20250707_t1,D:\projects\illegal_parking_project\align\polygons\0029_top_20250707_t1.geojson,D:\projects\illegal_parking_project\align\H\0029_top_20250707_t1.npy
992,b,0029_top_20250707_t0,0029_top_20250707_t1,267.0,64.0,318.0,235.0,51.0,171.0,273.0,65.0,322.0,234.0,49,169,2.121,125.252,124.201,0.992,12,0.017,Yes,273.0,65.0,322.0,234.0,D:\projects\illegal_parking_project\data\images\0029_top_20250707_t1.png,True,True,273.0,65.0,49.0,169.0,297.5,149.5,1765.8701064128097,1177.6225335249264,OK,False,0029_top_20250707_t1,D:\projects\illegal_parking_project\align\polygons\0029_top_20250707_t1.geojson,D:\projects\illegal_parking_project\align\H\0029_top_20250707_t1.npy
993,b,0029_top_20250707_t0,0029_top_20250707_t1,469.0,115.0,515.0,319.0,46.0,204.0,472.0,116.0,522.0,320.0,50,204,5.701,137.306,147.054,1.071,12,0.042,Yes,472.0,116.0,522.0,320.0,D:\projects\illegal_parking_project\data\images\0029_top_20250707_t1.png,True,True,472.0,116.0,50.0,204.0,497.0,218.0,1744.9942178573722,1160.7485118993256,OK,False,0029_top_20250707_t1,D:\projects\illegal_parking_project\align\polygons\0029_top_20250707_t1.geojson,D:\projects\illegal_parking_project\align\H\0029_top_20250707_t1.npy
994,b,0029_top_20250707_t0,0029_top_20250707_t1,201.0,71.0,248.0,242.0,47.0,171.0,205.0,67.0,253.0,240.0,48,173,2.693,122.613,123.6,1.008,12,0.022,Yes,205.0,67.0,253.0,240.0,D:\projects\illegal_parking_project\data\images\0029_top_20250707_t1.png,True,True,205.0,67.0,48.0,173.0,229.0,153.5,1763.1273943733568,1179.615339698486,OK,False,0029_top_20250707_t1,D:\projects\illegal_parking_project\align\polygons\0029_top_20250707_t1.geojson,D:\projects\illegal_parking_project\align\H\0029_top_20250707_t1.npy
995,b,0029_top_20250707_t0,0029_top_20250707_t1,479.0,600.0,529.0,639.0,50.0,39.0,483.0,604.0,533.0,639.0,50,35,12.093,63.008,63.82,1.013,12,0.192,Yes,483.0,604.0,533.0,639.0,D:\projects\illegal_parking_project\data\images\0029_top_20250707_t1.png,True,True,483.0,604.0,50.0,35.0,508.0,621.5,1773.67183565051,1171.4231132031957,OK,False,0029_top_20250707_t1,D:\projects\illegal_parking_project\align\polygons\0029_top_20250707_t1.geojson,D:\projects\illegal_parking_project\align\H\0029_top_20250707_t1.npy
996,b,0029_top_20250707_t0,0029_top_20250707_t1,238.0,597.0,296.0,639.0,58.0,42.0,226.0,602.0,300.0,639.0,74,37,5.408,73.498,83.217,1.132,12,0.074,Yes,226.0,602.0,300.0,639.0,D:\projects\illegal_parking_project\data\images\0029_top_20250707_t1.png,True,True,226.0,602.0,74.0,37.0,263.0,620.5,1770.293676970321,1175.1746606457614,OK,False,0029_top_20250707_t1,D:\projects\illegal_parking_project\align\polygons\0029_top_20250707_t1.geojson,D:\projects\illegal_parking_project\align\H\0029_top_20250707_t1.npy
997,c,0034_top_20250704_t0,0034_top_20250704_t1,318.0,470.0,361.0,620.0,43.0,150.0,318.0,470.0,361.0,620.0,43,150,20.5,124.403,100.125,0.805,10,0.165,Yes,318.0,470.0,361.0,620.0,D:\projects\illegal_parking_project\data\images\0034_top_20250704_t1.jpg,True,True,318.0,470.0,43.0,150.0,339.5,545.0,1211.4614008671265,1208.8164246386727,OK,False,0034_top_20250704_t1,D:\projects\illegal_parking_project\align\polygons\0034_top_20250704_t1.geojson,D:\projects\illegal_parking_project\align\H\0034_top_20250704_t1.npy
998,c,0034_top_20250704_t0,0034_top_20250704_t1,298.0,118.0,351.0,241.0,53.0,123.0,298.0,118.0,351.0,241.0,53,123,6.708,116.932,129.449,1.107,10,0.057,Yes,298.0,118.0,351.0,241.0,D:\projects\illegal_parking_project\data\images\0034_top_20250704_t1.jpg,True,True,298.0,118.0,53.0,123.0,324.5,179.5,1237.596563576402,1130.911709335549,OK,False,0034_top_20250704_t1,D:\projects\illegal_parking_project\align\polygons\0034_top_20250704_t1.geojson,D:\projects\illegal_parking_project\align\H\0034_top_20250704_t1.npy
999,d,0037_top_20250703_t0,0037_top_20250703_t1,443.0,205.0,522.0,268.0,79.0,63.0,443.0,205.0,522.0,268.0,79,63,22.472,77.698,105.646,1.36,6,0.289,Yes,443.0,205.0,522.0,268.0,D:\projects\illegal_parking_project\data\images\0037_top_20250703_t1.jpg,True,True,443.0,205.0,79.0,63.0,482.5,236.5,730.5939768743696,766.7364224000532,OK,False,0037_top_20250703_t1,D:\projects\illegal_parking_project\align\polygons\0037_top_20250703_t1.geojson,D:\projects\illegal_parking_project\align\H\0037_top_20250703_t1.npy
1000,d,0037_top_20250703_t0,0037_top_20250703_t1,133.0,291.0,176.0,426.0,43.0,135.0,133.0,291.0,176.0,426.0,43,135,22.522,98.234,139.989,1.425,6,0.229,Yes,133.0,291.0,176.0,426.0,D:\projects\illegal_parking_project\data\images\0037_top_20250703_t1.jpg,True,True,133.0,291.0,43.0,135.0,154.5,358.5,784.9871685304914,732.5107126103363,OK,False,0037_top_20250703_t1,D:\projects\illegal_parking_project\align\polygons\0037_top_20250703_t1.geojson,D:\projects\illegal_parking_project\align\H\0037_top_20250703_t1.npy
1001,d,0037_top_20250703_t0,0037_top_20250703_t1,442.0,285.0,523.0,341.0,81.0,56.0,442.0,285.0,523.0,341.0,81,56,12.369,78.39,101.828,1.299,6,0.158,Yes,442.0,285.0,523.0,341.0,D:\projects\illegal_parking_project\data\images\0037_top_20250703_t1.jpg,True,True,442.0,285.0,81.0,56.0,482.5,313.0,733.9427641644162,768.7642116093438,OK,False,0037_top_20250703_t1,D:\projects\illegal_parking_project\align\polygons\0037_top_20250703_t1.geojson,D:\projects\illegal_parking_project\align\H\0037_top_20250703_t1.npy
1002,d,0037_top_20250703_t0,0037_top_20250703_t1,208.0,288.0,252.0,420.0,44.0,132.0,208.0,288.0,252.0,420.0,44,132,23.049,93.408,137.295,1.47,6,0.247,Yes,208.0,288.0,252.0,420.0,D:\projects\illegal_parking_project\data\images\0037_top_20250703_t1.jpg,True,True,208.0,288.0,44.0,132.0,230.0,354.0,781.7656289157313,736.834642858455,OK,False,0037_top_20250703_t1,D:\projects\illegal_parking_project\align\polygons\0037_top_20250703_t1.geojson,D:\projects\illegal_parking_project\align\H\0037_top_20250703_t1.npy
1003,d,0037_top_20250703_t0,0037_top_20250703_t1,398.0,262.0,441.0,398.0,43.0,136.0,398.0,262.0,441.0,398.0,43,136,16.279,85.755,140.89,1.643,6,0.19,No,398.0,262.0,441.0,398.0,D:\projects\illegal_parking_project\data\images\0037_top_20250703_t1.jpg,False,False,398.0,262.0,43.0,136.0,419.5,330.0,777.1102196761344,747.2065232517122,OK,False,0037_top_20250703_t1,D:\projects\illegal_parking_project\align\polygons\0037_top_20250703_t1.geojson,D:\projects\illegal_parking_project\align\H\0037_top_20250703_t1.npy
1004,d,0037_top_20250703_t0,0037_top_20250703_t1,362.0,269.0,404.0,406.0,42.0,137.0,362.0,269.0,404.0,406.0,42,137,19.164,86.822,141.792,1.633,6,0.221,No,362.0,269.0,404.0,406.0,D:\projects\illegal_parking_project\data\images\0037_top_20250703_t1.jpg,False,False,362.0,269.0,42.0,137.0,383.0,337.5,779.4957004222894,744.8904600018573,OK,False,0037_top_20250703_t1,D:\projects\illegal_parking_project\align\polygons\0037_top_20250703_t1.geojson,D:\projects\illegal_parking_project\align\H\0037_top_20250703_t1.npy
1005,d,0037_top_20250703_t0,0037_top_20250703_t1,321.0,277.0,362.0,409.0,41.0,132.0,321.0,277.0,362.0,409.0,41,132,20.402,86.533,135.989,1.572,6,0.236,No,321.0,277.0,362.0,409.0,D:\projects\illegal_parking_project\data\images\0037_top_20250703_t1.jpg,False,False,321.0,277.0,41.0,132.0,341.5,343.0,778.7341635380361,741.7725663980791,OK,False,0037_top_20250703_t1,D:\projects\illegal_parking_project\align\polygons\0037_top_20250703_t1.geojson,D:\projects\illegal_parking_project\align\H\0037_top_20250703_t1.npy
1006,d,0037_top_20250703_t0,0037_top_20250703_t1,279.0,290.0,320.0,423.0,41.0,133.0,279.0,290.0,320.0,423.0,41,133,24.668,88.482,137.321,1.552,6,0.279,No,279.0,290.0,320.0,423.0,D:\projects\illegal_parking_project\data\images\0037_top_20250703_t1.jpg,False,False,279.0,290.0,41.0,133.0,299.5,356.5,782.1297111937079,739.9818538330742,OK,False,0037_top_20250703_t1,D:\projects\illegal_parking_project\align\polygons\0037_top_20250703_t1.geojson,D:\projects\illegal_parking_project\align\H\0037_top_20250703_t1.npy
1007,d,0037_top_20250703_t0,0037_top_20250703_t1,89.0,300.0,129.0,433.0,40.0,133.0,89.0,300.0,129.0,433.0,40,133,25.622,97.453,135.989,1.395,6,0.263,Yes,89.0,300.0,129.0,433.0,D:\projects\illegal_parking_project\data\images\0037_top_20250703_t1.jpg,True,True,89.0,300.0,40.0,133.0,109.0,366.5,786.074540227732,729.469956814622,OK,False,0037_top_20250703_t1,D:\projects\illegal_parking_project\align\polygons\0037_top_20250703_t1.geojson,D:\projects\illegal_parking_project\align\H\0037_top_20250703_t1.npy
1008,d,0038_top_20250703_t0,0038_top_20250703_t1,444.0,293.0,507.0,334.0,63.0,41.0,444.0,293.0,507.0,334.0,63,41,8.322,77.389,73.824,0.954,8,0.108,Yes,444.0,293.0,507.0,334.0,D:\projects\illegal_parking_project\data\images\0038_top_20250703_t1.jpg,True,True,444.0,293.0,63.0,41.0,475.5,313.5,687.2885813311524,873.8561763906811,OK,False,0038_top_20250703_t1,D:\projects\illegal_parking_project\align\polygons\0038_top_20250703_t1.geojson,D:\projects\illegal_parking_project\align\H\0038_top_20250703_t1.npy
1009,d,0038_top_20250703_t0,0038_top_20250703_t1,442.0,355.0,505.0,394.0,63.0,39.0,442.0,355.0,505.0,394.0,63,39,7.433,76.968,72.45,0.941,8,0.097,Yes,442.0,355.0,505.0,394.0,D:\projects\illegal_parking_project\data\images\0038_top_20250703_t1.jpg,True,True,442.0,355.0,63.0,39.0,473.5,374.5,688.2859830452052,869.0983667114408,OK,False,0038_top_20250703_t1,D:\projects\illegal_parking_project\align\polygons\0038_top_20250703_t1.geojson,D:\projects\illegal_parking_project\align\H\0038_top_20250703_t1.npy
1010,d,0038_top_20250703_t0,0038_top_20250703_t1,457.0,484.0,517.0,523.0,60.0,39.0,457.0,484.0,517.0,523.0,60,39,9.22,74.25,67.119,0.904,8,0.124,Yes,457.0,484.0,517.0,523.0,D:\projects\illegal_parking_project\data\images\0038_top_20250703_t1.jpg,True,True,457.0,484.0,60.0,39.0,487.0,503.5,690.7984828567554,855.5264452044997,OK,False,0038_top_20250703_t1,D:\projects\illegal_parking_project\align\polygons\0038_top_20250703_t1.geojson,D:\projects\illegal_parking_project\align\H\0038_top_20250703_t1.npy
1011,d,0038_top_20250703_t0,0038_top_20250703_t1,353.0,141.0,376.0,241.0,23.0,100.0,353.0,141.0,376.0,241.0,23,100,2.693,71.589,78.791,1.101,8,0.038,Yes,353.0,141.0,376.0,241.0,D:\projects\illegal_parking_project\data\images\0038_top_20250703_t1.jpg,True,True,353.0,141.0,23.0,100.0,364.5,191.0,662.5799098102534,856.3184973604485,OK,False,0038_top_20250703_t1,D:\projects\illegal_parking_project\align\polygons\0038_top_20250703_t1.geojson,D:\projects\illegal_parking_project\align\H\0038_top_20250703_t1.npy
1012,d,0038_top_20250703_t0,0038_top_20250703_t1,449.0,428.0,506.0,463.0,57.0,35.0,449.0,428.0,506.0,463.0,57,35,7.28,70.264,63.977,0.911,8,0.104,Yes,449.0,428.0,506.0,463.0,D:\projects\illegal_parking_project\data\images\0038_top_20250703_t1.jpg,True,True,449.0,428.0,57.0,35.0,477.5,445.5,685.4453711471054,866.3515829528808,OK,False,0038_top_20250703_t1,D:\projects\illegal_parking_project\align\polygons\0038_top_20250703_t1.geojson,D:\projects\illegal_parking_project\align\H\0038_top_20250703_t1.npy
1014,c,0038_top_20250704_t0,0038_top_20250704_t1,299.0,294.0,340.0,378.0,41.0,84.0,269.0,316.0,327.0,359.0,58,43,14.009,121.918,132.231,1.085,8,0.115,Yes,269.0,316.0,327.0,359.0,D:\projects\illegal_parking_project\data\images\0038_top_20250704_t1.jpg,True,True,269.0,316.0,58.0,43.0,298.0,337.5,2277.7317662935825,533.7076856276999,OK,False,0038_top_20250704_t1,D:\projects\illegal_parking_project\align\polygons\0038_top_20250704_t1.geojson,D:\projects\illegal_parking_project\align\H\0038_top_20250704_t1.npy
1015,c,0038_top_20250704_t0,0038_top_20250704_t1,319.0,359.0,355.0,436.0,36.0,77.0,268.0,383.0,316.0,423.0,48,40,7.433,107.815,111.126,1.031,8,0.069,Yes,268.0,383.0,316.0,423.0,D:\projects\illegal_parking_project\data\images\0038_top_20250704_t1.jpg,True,True,268.0,383.0,48.0,40.0,292.0,403.0,2275.144388515909,546.949677255063,OK,False,0038_top_20250704_t1,D:\projects\illegal_parking_project\align\polygons\0038_top_20250704_t1.geojson,D:\projects\illegal_parking_project\align\H\0038_top_20250704_t1.npy
1016,c,0039_top_20250704_t0,0039_top_20250704_t1,388.0,177.0,438.0,297.0,50.0,120.0,388.0,177.0,438.0,297.0,50,120,6.103,138.6,145.207,1.048,8,0.044,Yes,388.0,177.0,438.0,297.0,D:\projects\illegal_parking_project\data\images\0039_top_20250704_t1.jpg,True,True,388.0,177.0,50.0,120.0,413.0,237.0,1233.9962150853958,544.5528564496169,OK,False,0039_top_20250704_t1,D:\projects\illegal_parking_project\align\polygons\0039_top_20250704_t1.geojson,D:\projects\illegal_parking_project\align\H\0039_top_20250704_t1.npy
1017,c,0040_top_20250704_t0,0040_top_20250704_t1,202.0,82.0,226.0,153.0,24.0,71.0,431.0,369.0,459.0,416.0,28,47,9.014,110.982,135.794,1.224,10,0.081,Yes,431.0,369.0,459.0,416.0,D:\projects\illegal_parking_project\data\images\0040_top_20250704_t1.jpg,True,True,431.0,369.0,28.0,47.0,445.0,392.5,1002.199492552552,1597.7706084165725,OK,False,0040_top_20250704_t1,D:\projects\illegal_parking_project\align\polygons\0040_top_20250704_t1.geojson,D:\projects\illegal_parking_project\align\H\0040_top_20250704_t1.npy
1018,c,0040_top_20250704_t0,0040_top_20250704_t1,478.0,240.0,494.0,295.0,16.0,55.0,198.0,552.0,220.0,593.0,22,41,4.61,81.884,108.931,1.33,10,0.056,Yes,198.0,552.0,220.0,593.0,D:\projects\illegal_parking_project\data\images\0040_top_20250704_t1.jpg,True,True,198.0,552.0,22.0,41.0,209.0,572.5,972.0479741797021,1604.6555104063173,OK,False,0040_top_20250704_t1,D:\projects\illegal_parking_project\align\polygons\0040_top_20250704_t1.geojson,D:\projects\illegal_parking_project\align\H\0040_top_20250704_t1.npy
1019,d,0041_top_20250704_t0,0041_top_20250704_t1,327.0,582.0,350.0,632.0,23.0,50.0,327.0,582.0,350.0,632.0,23,50,8.746,131.552,132.936,1.011,7,0.066,Yes,327.0,582.0,350.0,632.0,D:\projects\illegal_parking_project\data\images\0041_top_20250704_t1.jpg,True,True,327.0,582.0,23.0,50.0,338.5,607.0,-269.4158362441452,1099.813201122447,OK,False,0041_top_20250704_t1,D:\projects\illegal_parking_project\align\polygons\0041_top_20250704_t1.geojson,D:\projects\illegal_parking_project\align\H\0041_top_20250704_t1.npy
1020,d,0041_top_20250704_t0,0041_top_20250704_t1,351.0,552.0,372.0,593.0,21.0,41.0,351.0,552.0,372.0,593.0,21,41,7.826,114.586,116.675,1.018,7,0.068,Yes,351.0,552.0,372.0,593.0,D:\projects\illegal_parking_project\data\images\0041_top_20250704_t1.jpg,True,True,351.0,552.0,21.0,41.0,361.5,572.5,-293.39512200118133,1128.9096659273973,OK,False,0041_top_20250704_t1,D:\projects\illegal_parking_project\align\polygons\0041_top_20250704_t1.geojson,D:\projects\illegal_parking_project\align\H\0041_top_20250704_t1.npy
1021,d,0041_top_20250704_t0,0041_top_20250704_t1,216.0,285.0,240.0,331.0,24.0,46.0,216.0,285.0,240.0,331.0,24,46,9.487,153.522,149.335,0.973,7,0.062,Yes,216.0,285.0,240.0,331.0,D:\projects\illegal_parking_project\data\images\0041_top_20250704_t1.jpg,True,True,216.0,285.0,24.0,46.0,228.0,308.0,-331.5394364761232,1165.5583417543178,OK,False,0041_top_20250704_t1,D:\projects\illegal_parking_project\align\polygons\0041_top_20250704_t1.geojson,D:\projects\illegal_parking_project\align\H\0041_top_20250704_t1.npy
1022,d,0041_top_20250704_t0,0041_top_20250704_t1,394.0,560.0,437.0,639.0,43.0,79.0,394.0,560.0,437.0,639.0,43,79,13.124,222.991,226.314,1.015,7,0.059,Yes,394.0,560.0,437.0,639.0,D:\projects\illegal_parking_project\data\images\0041_top_20250704_t1.jpg,True,True,394.0,560.0,43.0,79.0,415.5,599.5,-182.63329846153368,1043.628247292852,OK,False,0041_top_20250704_t1,D:\projects\illegal_parking_project\align\polygons\0041_top_20250704_t1.geojson,D:\projects\illegal_parking_project\align\H\0041_top_20250704_t1.npy
1023,d,0043_top_20250623_t0,0043_top_20250623_t1,156.0,276.0,233.0,333.0,77.0,57.0,132.0,350.0,191.0,396.0,59,46,19.164,111.485,92.195,0.827,7,0.172,Yes,132.0,350.0,191.0,396.0,D:\projects\illegal_parking_project\data\images\0043_top_20250623_t1.jpg,True,True,132.0,350.0,59.0,46.0,161.5,373.0,806.8978673523145,563.2585468927791,OK,False,0043_top_20250623_t1,D:\projects\illegal_parking_project\align\polygons\0043_top_20250623_t1.geojson,D:\projects\illegal_parking_project\align\H\0043_top_20250623_t1.npy
1024,d,0043_top_20250623_t0,0043_top_20250623_t1,151.0,134.0,227.0,202.0,76.0,68.0,126.0,259.0,180.0,301.0,54,42,22.327,110.494,84.172,0.762,7,0.202,Yes,126.0,259.0,180.0,301.0,D:\projects\illegal_parking_project\data\images\0043_top_20250623_t1.jpg,True,True,126.0,259.0,54.0,42.0,153.0,280.0,795.6368104541422,561.9711316724033,OK,False,0043_top_20250623_t1,D:\projects\illegal_parking_project\align\polygons\0043_top_20250623_t1.geojson,D:\projects\illegal_parking_project\align\H\0043_top_20250623_t1.npy
1025,d,0043_top_20250623_t0,0043_top_20250623_t1,156.0,452.0,223.0,508.0,67.0,56.0,143.0,481.0,193.0,522.0,50,41,29.262,105.19,79.624,0.757,7,0.278,Yes,143.0,481.0,193.0,522.0,D:\projects\illegal_parking_project\data\images\0043_top_20250623_t1.jpg,True,True,143.0,481.0,50.0,41.0,168.0,501.5,814.1291403547858,561.7506861411003,OK,False,0043_top_20250623_t1,D:\projects\illegal_parking_project\align\polygons\0043_top_20250623_t1.geojson,D:\projects\illegal_parking_project\align\H\0043_top_20250623_t1.npy
1026,d,0043_top_20250623_t0,0043_top_20250623_t1,308.0,459.0,383.0,527.0,75.0,68.0,255.0,467.0,306.0,511.0,51,44,3.808,101.548,83.63,0.824,7,0.037,Yes,255.0,467.0,306.0,511.0,D:\projects\illegal_parking_project\data\images\0043_top_20250623_t1.jpg,True,True,255.0,467.0,51.0,44.0,280.5,489.0,815.7698934868522,568.8242535390659,OK,False,0043_top_20250623_t1,D:\projects\illegal_parking_project\align\polygons\0043_top_20250623_t1.geojson,D:\projects\illegal_parking_project\align\H\0043_top_20250623_t1.npy
1027,d,0043_top_20250623_t0,0043_top_20250623_t1,310.0,344.0,384.0,407.0,74.0,63.0,251.0,378.0,302.0,425.0,51,47,5.025,94.895,84.534,0.891,7,0.053,Yes,251.0,378.0,302.0,425.0,D:\projects\illegal_parking_project\data\images\0043_top_20250623_t1.jpg,True,True,251.0,378.0,51.0,47.0,276.5,401.5,810.212476477883,568.6919735601497,OK,False,0043_top_20250623_t1,D:\projects\illegal_parking_project\align\polygons\0043_top_20250623_t1.geojson,D:\projects\illegal_parking_project\align\H\0043_top_20250623_t1.npy
1028,d,0043_top_20250623_t0,0043_top_20250623_t1,493.0,449.0,520.0,561.0,27.0,112.0,387.0,429.0,406.0,512.0,19,83,5.22,72.918,76.158,1.044,7,0.072,Yes,387.0,429.0,406.0,512.0,D:\projects\illegal_parking_project\data\images\0043_top_20250623_t1.jpg,True,True,387.0,429.0,19.0,83.0,396.5,470.5,853.2054348066106,559.8895239701342,OK,False,0043_top_20250623_t1,D:\projects\illegal_parking_project\align\polygons\0043_top_20250623_t1.geojson,D:\projects\illegal_parking_project\align\H\0043_top_20250623_t1.npy
1040,d,0045_top_20250623_t0,0045_top_20250623_t1,277.0,387.0,342.0,441.0,65.0,54.0,255.0,263.0,305.0,310.0,50,47,1.118,80.951,83.187,1.028,8,0.014,Yes,255.0,263.0,305.0,310.0,D:\projects\illegal_parking_project\data\images\0045_top_20250623_t1.jpg,True,True,255.0,263.0,50.0,47.0,280.0,286.5,795.3588135612293,430.2513008464011,OK,False,0045_top_20250623_t1,D:\projects\illegal_parking_project\align\polygons\0045_top_20250623_t1.geojson,D:\projects\illegal_parking_project\align\H\0045_top_20250623_t1.npy
1041,d,0045_top_20250623_t0,0045_top_20250623_t1,270.0,506.0,333.0,557.0,63.0,51.0,256.0,353.0,303.0,392.0,47,39,3.5,76.479,76.485,1.0,8,0.046,Yes,256.0,353.0,303.0,392.0,D:\projects\illegal_parking_project\data\images\0045_top_20250623_t1.jpg,True,True,256.0,353.0,47.0,39.0,279.5,372.5,797.4727542325046,429.1975819641357,OK,False,0045_top_20250623_t1,D:\projects\illegal_parking_project\align\polygons\0045_top_20250623_t1.geojson,D:\projects\illegal_parking_project\align\H\0045_top_20250623_t1.npy
1042,d,0045_top_20250623_t0,0045_top_20250623_t1,418.0,194.0,485.0,242.0,67.0,48.0,346.0,102.0,397.0,145.0,51,43,1.581,85.428,87.727,1.027,8,0.019,Yes,346.0,102.0,397.0,145.0,D:\projects\illegal_parking_project\data\images\0045_top_20250623_t1.jpg,True,True,346.0,102.0,51.0,43.0,371.5,123.5,779.2520727511937,436.36758905339406,OK,False,0045_top_20250623_t1,D:\projects\illegal_parking_project\align\polygons\0045_top_20250623_t1.geojson,D:\projects\illegal_parking_project\align\H\0045_top_20250623_t1.npy
1043,d,0045_top_20250623_t0,0045_top_20250623_t1,102.0,598.0,167.0,639.0,65.0,41.0,138.0,440.0,189.0,486.0,51,46,4.031,72.236,78.772,1.09,8,0.056,Yes,138.0,440.0,189.0,486.0,D:\projects\illegal_parking_project\data\images\0045_top_20250623_t1.jpg,True,True,138.0,440.0,51.0,46.0,163.5,463.0,810.970253544144,423.27797899884854,OK,False,0045_top_20250623_t1,D:\projects\illegal_parking_project\align\polygons\0045_top_20250623_t1.geojson,D:\projects\illegal_parking_project\align\H\0045_top_20250623_t1.npy
1044,d,0045_top_20250623_t0,0045_top_20250623_t1,368.0,46.0,397.0,161.0,29.0,115.0,307.0,11.0,327.0,98.0,20,87,3.354,79.649,77.878,0.978,8,0.042,Yes,307.0,11.0,327.0,98.0,D:\projects\illegal_parking_project\data\images\0045_top_20250623_t1.jpg,True,True,307.0,11.0,20.0,87.0,317.0,54.5,778.597117217632,421.85546091802945,OK,False,0045_top_20250623_t1,D:\projects\illegal_parking_project\align\polygons\0045_top_20250623_t1.geojson,D:\projects\illegal_parking_project\align\H\0045_top_20250623_t1.npy
1045,d,0045_top_20250623_t0,0045_top_20250623_t1,166.0,316.0,196.0,443.0,30.0,127.0,172.0,237.0,200.0,326.0,28,89,0.5,83.187,81.123,0.975,8,0.006,Yes,172.0,237.0,200.0,326.0,D:\projects\illegal_parking_project\data\images\0045_top_20250623_t1.jpg,True,True,172.0,237.0,28.0,89.0,186.0,281.5,818.5091247855222,419.4333573730736,OK,False,0045_top_20250623_t1,D:\projects\illegal_parking_project\align\polygons\0045_top_20250623_t1.geojson,D:\projects\illegal_parking_project\align\H\0045_top_20250623_t1.npy
1046,d,0045_top_20250623_t0,0045_top_20250623_t1,295.0,59.0,324.0,169.0,29.0,110.0,255.0,31.0,276.0,114.0,21,83,2.693,75.664,73.348,0.969,8,0.036,Yes,255.0,31.0,276.0,114.0,D:\projects\illegal_parking_project\data\images\0045_top_20250623_t1.jpg,True,True,255.0,31.0,21.0,83.0,265.5,72.5,781.1090245250953,420.90421540265174,OK,False,0045_top_20250623_t1,D:\projects\illegal_parking_project\align\polygons\0045_top_20250623_t1.geojson,D:\projects\illegal_parking_project\align\H\0045_top_20250623_t1.npy
1047,d,0045_top_20250623_t0,0045_top_20250623_t1,259.0,58.0,285.0,168.0,26.0,110.0,229.0,38.0,248.0,118.0,19,80,3.905,73.79,69.354,0.94,8,0.053,Yes,229.0,38.0,248.0,118.0,D:\projects\illegal_parking_project\data\images\0045_top_20250623_t1.jpg,True,True,229.0,38.0,19.0,80.0,238.5,78.0,781.5800639742913,419.68696534342524,OK,False,0045_top_20250623_t1,D:\projects\illegal_parking_project\align\polygons\0045_top_20250623_t1.geojson,D:\projects\illegal_parking_project\align\H\0045_top_20250623_t1.npy
1052,d,0047_top_20250623_t0,0047_top_20250623_t1,359.0,158.0,389.0,304.0,30.0,146.0,326.0,178.0,347.0,270.0,21,92,3.606,84.095,85.884,1.021,8,0.043,Yes,326.0,178.0,347.0,270.0,D:\projects\illegal_parking_project\data\images\0047_top_20250623_t1.jpg,True,True,326.0,178.0,21.0,92.0,336.5,224.0,1441.8861994236483,908.5905207010579,OK,False,0047_top_20250623_t1,D:\projects\illegal_parking_project\align\polygons\0047_top_20250623_t1.geojson,D:\projects\illegal_parking_project\align\H\0047_top_20250623_t1.npy
1053,d,0047_top_20250623_t0,0047_top_20250623_t1,55.0,151.0,96.0,285.0,41.0,134.0,141.0,171.0,162.0,256.0,21,85,4.123,82.377,78.294,0.95,8,0.05,Yes,141.0,171.0,162.0,256.0,D:\projects\illegal_parking_project\data\images\0047_top_20250623_t1.jpg,True,True,141.0,171.0,21.0,85.0,151.5,213.5,1436.3371768001714,904.4595458133939,OK,False,0047_top_20250623_t1,D:\projects\illegal_parking_project\align\polygons\0047_top_20250623_t1.geojson,D:\projects\illegal_parking_project\align\H\0047_top_20250623_t1.npy
1054,d,0047_top_20250623_t0,0047_top_20250623_t1,226.0,171.0,263.0,328.0,37.0,157.0,246.0,182.0,271.0,281.0,25,99,2.5,91.706,93.536,1.02,8,0.027,Yes,246.0,182.0,271.0,281.0,D:\projects\illegal_parking_project\data\images\0047_top_20250623_t1.jpg,True,True,246.0,182.0,25.0,99.0,258.5,231.5,1446.503732209154,907.4159818010849,OK,False,0047_top_20250623_t1,D:\projects\illegal_parking_project\align\polygons\0047_top_20250623_t1.geojson,D:\projects\illegal_parking_project\align\H\0047_top_20250623_t1.npy
1055,d,0047_top_20250623_t0,0047_top_20250623_t1,614.0,185.0,639.0,330.0,25.0,145.0,491.0,194.0,512.0,287.0,21,93,8.515,81.541,89.067,1.092,8,0.104,Yes,491.0,194.0,512.0,287.0,D:\projects\illegal_parking_project\data\images\0047_top_20250623_t1.jpg,True,True,491.0,194.0,21.0,93.0,501.5,240.5,1445.9538452599522,912.3655896314725,OK,False,0047_top_20250623_t1,D:\projects\illegal_parking_project\align\polygons\0047_top_20250623_t1.geojson,D:\projects\illegal_parking_project\align\H\0047_top_20250623_t1.npy
1056,d,0047_top_20250623_t0,0047_top_20250623_t1,49.0,327.0,94.0,479.0,45.0,152.0,136.0,279.0,160.0,368.0,24,89,5.148,93.493,84.599,0.905,8,0.055,Yes,136.0,279.0,160.0,368.0,D:\projects\illegal_parking_project\data\images\0047_top_20250623_t1.jpg,True,True,136.0,279.0,24.0,89.0,148.0,323.5,1458.0563273033972,902.791646292065,OK,False,0047_top_20250623_t1,D:\projects\illegal_parking_project\align\polygons\0047_top_20250623_t1.geojson,D:\projects\illegal_parking_project\align\H\0047_top_20250623_t1.npy
1065,d,0048_top_20250704_t0,0048_top_20250704_t1,397.0,289.0,420.0,332.0,23.0,43.0,397.0,289.0,420.0,332.0,23,43,27.336,124.964,148.273,1.187,6,0.219,Yes,397.0,289.0,420.0,332.0,D:\projects\illegal_parking_project\data\images\0048_top_20250704_t1.jpg,True,True,397.0,289.0,23.0,43.0,408.5,310.5,1630.1066827485777,1320.0543921048957,OK,False,0048_top_20250704_t1,D:\projects\illegal_parking_project\align\polygons\0048_top_20250704_t1.geojson,D:\projects\illegal_parking_project\align\H\0048_top_20250704_t1.npy
1066,c,0049_top_20250704_t0,0049_top_20250704_t1,59.0,10.0,122.0,109.0,63.0,99.0,59.0,10.0,122.0,109.0,63,99,6.083,106.405,107.935,1.014,8,0.057,Yes,59.0,10.0,122.0,109.0,D:\projects\illegal_parking_project\data\images\0049_top_20250704_t1.png,True,True,59.0,10.0,63.0,99.0,90.5,59.5,1500.6753377561574,481.73579048153715,OK,False,0049_top_20250704_t1,D:\projects\illegal_parking_project\align\polygons\0049_top_20250704_t1.geojson,D:\projects\illegal_parking_project\align\H\0049_top_20250704_t1.npy
1067,c,0049_top_20250704_t0,0049_top_20250704_t1,472.0,144.0,543.0,257.0,71.0,113.0,472.0,144.0,543.0,257.0,71,113,3.041,95.525,99.035,1.037,8,0.032,Yes,472.0,144.0,543.0,257.0,D:\projects\illegal_parking_project\data\images\0049_top_20250704_t1.png,True,True,472.0,144.0,71.0,113.0,507.5,200.5,1538.8201174022465,504.8048783515102,OK,False,0049_top_20250704_t1,D:\projects\illegal_parking_project\align\polygons\0049_top_20250704_t1.geojson,D:\projects\illegal_parking_project\align\H\0049_top_20250704_t1.npy
1068,c,0049_top_20250704_t0,0049_top_20250704_t1,24.0,48.0,92.0,145.0,68.0,97.0,24.0,48.0,92.0,145.0,68,97,7.211,107.448,109.018,1.015,8,0.067,Yes,24.0,48.0,92.0,145.0,D:\projects\illegal_parking_project\data\images\0049_top_20250704_t1.png,True,True,24.0,48.0,68.0,97.0,58.0,96.5,1504.7668048989635,479.0414334436121,OK,False,0049_top_20250704_t1,D:\projects\illegal_parking_project\align\polygons\0049_top_20250704_t1.geojson,D:\projects\illegal_parking_project\align\H\0049_top_20250704_t1.npy
1069,c,0049_top_20250704_t0,0049_top_20250704_t1,521.0,509.0,610.0,619.0,89.0,110.0,521.0,509.0,610.0,619.0,89,110,7.632,89.275,90.028,1.008,8,0.085,Yes,521.0,509.0,610.0,619.0,D:\projects\illegal_parking_project\data\images\0049_top_20250704_t1.png,True,True,521.0,509.0,89.0,110.0,565.5,564.0,1599.480968158052,506.17750645900236,OK,False,0049_top_20250704_t1,D:\projects\illegal_parking_project\align\polygons\0049_top_20250704_t1.geojson,D:\projects\illegal_parking_project\align\H\0049_top_20250704_t1.npy
1070,c,0049_top_20250704_t0,0049_top_20250704_t1,526.0,313.0,599.0,420.0,73.0,107.0,526.0,313.0,599.0,420.0,73,107,5.315,85.563,87.681,1.025,8,0.062,Yes,526.0,313.0,599.0,420.0,D:\projects\illegal_parking_project\data\images\0049_top_20250704_t1.png,True,True,526.0,313.0,73.0,107.0,562.5,366.5,1564.0893190710294,504.50233218381385,OK,False,0049_top_20250704_t1,D:\projects\illegal_parking_project\align\polygons\0049_top_20250704_t1.geojson,D:\projects\illegal_parking_project\align\H\0049_top_20250704_t1.npy
1071,c,0049_top_20250704_t0,0049_top_20250704_t1,378.0,42.0,443.0,114.0,65.0,72.0,378.0,42.0,443.0,114.0,65,72,3.808,81.056,85.276,1.052,8,0.047,Yes,378.0,42.0,443.0,114.0,D:\projects\illegal_parking_project\data\images\0049_top_20250704_t1.png,True,True,378.0,42.0,65.0,72.0,410.5,78.0,1510.5499893635726,501.30955845500773,OK,False,0049_top_20250704_t1,D:\projects\illegal_parking_project\align\polygons\0049_top_20250704_t1.geojson,D:\projects\illegal_parking_project\align\H\0049_top_20250704_t1.npy
1072,c,0049_top_20250704_t0,0049_top_20250704_t1,348.0,4.0,407.0,73.0,59.0,69.0,348.0,4.0,407.0,73.0,59,69,5.385,77.337,81.688,1.056,8,0.07,Yes,348.0,4.0,407.0,73.0,D:\projects\illegal_parking_project\data\images\0049_top_20250704_t1.png,True,True,348.0,4.0,59.0,69.0,377.5,38.5,1504.2365270867058,498.1365359371925,OK,False,0049_top_20250704_t1,D:\projects\illegal_parking_project\align\polygons\0049_top_20250704_t1.geojson,D:\projects\illegal_parking_project\align\H\0049_top_20250704_t1.npy
1073,c,0049_top_20250704_t0,0049_top_20250704_t1,0.0,89.0,63.0,195.0,63.0,106.0,0.0,89.0,63.0,195.0,63,106,9.301,107.168,107.299,1.001,8,0.087,Yes,0.0,89.0,63.0,195.0,D:\projects\illegal_parking_project\data\images\0049_top_20250704_t1.png,True,True,0.0,89.0,63.0,106.0,31.5,142.0,1511.9462545331205,475.48780073767347,OK,False,0049_top_20250704_t1,D:\projects\illegal_parking_project\align\polygons\0049_top_20250704_t1.geojson,D:\projects\illegal_parking_project\align\H\0049_top_20250704_t1.npy
1074,c,0049_top_20250704_t0,0049_top_20250704_t1,178.0,328.0,215.0,475.0,37.0,147.0,178.0,328.0,215.0,475.0,37,147,9.014,89.872,88.6,0.986,8,0.1,Yes,178.0,328.0,215.0,475.0,D:\projects\illegal_parking_project\data\images\0049_top_20250704_t1.png,True,True,178.0,328.0,37.0,147.0,196.5,401.5,1576.9572295648677,467.4534773901561,OK,False,0049_top_20250704_t1,D:\projects\illegal_parking_project\align\polygons\0049_top_20250704_t1.geojson,D:\projects\illegal_parking_project\align\H\0049_top_20250704_t1.npy
1075,c,0049_top_20250704_t0,0049_top_20250704_t1,116.0,352.0,155.0,496.0,39.0,144.0,116.0,352.0,155.0,496.0,39,144,12.01,90.604,89.499,0.988,8,0.133,Yes,116.0,352.0,155.0,496.0,D:\projects\illegal_parking_project\data\images\0049_top_20250704_t1.png,True,True,116.0,352.0,39.0,144.0,135.5,424.0,1578.9654308349814,464.9677451511997,OK,False,0049_top_20250704_t1,D:\projects\illegal_parking_project\align\polygons\0049_top_20250704_t1.geojson,D:\projects\illegal_parking_project\align\H\0049_top_20250704_t1.npy
1076,c,0049_top_20250704_t0,0049_top_20250704_t1,418.0,74.0,474.0,143.0,56.0,69.0,418.0,74.0,474.0,143.0,56,69,3.536,70.838,75.073,1.06,8,0.05,Yes,418.0,74.0,474.0,143.0,D:\projects\illegal_parking_project\data\images\0049_top_20250704_t1.png,True,True,418.0,74.0,56.0,69.0,446.0,108.5,1512.3620099793116,499.19235235924657,OK,False,0049_top_20250704_t1,D:\projects\illegal_parking_project\align\polygons\0049_top_20250704_t1.geojson,D:\projects\illegal_parking_project\align\H\0049_top_20250704_t1.npy
1077,c,0049_top_20250704_t0,0049_top_20250704_t1,64.0,356.0,104.0,498.0,40.0,142.0,64.0,356.0,104.0,498.0,40,142,14.509,91.049,90.686,0.996,8,0.159,Yes,64.0,356.0,104.0,498.0,D:\projects\illegal_parking_project\data\images\0049_top_20250704_t1.png,True,True,64.0,356.0,40.0,142.0,84.0,427.0,1577.5209963360994,463.26100977352763,OK,False,0049_top_20250704_t1,D:\projects\illegal_parking_project\align\polygons\0049_top_20250704_t1.geojson,D:\projects\illegal_parking_project\align\H\0049_top_20250704_t1.npy
1078,c,0049_top_20250704_t0,0049_top_20250704_t1,503.0,234.0,582.0,336.0,79.0,102.0,503.0,234.0,582.0,336.0,79,102,3.606,91.285,94.112,1.031,8,0.039,Yes,503.0,234.0,582.0,336.0,D:\projects\illegal_parking_project\data\images\0049_top_20250704_t1.png,True,True,503.0,234.0,79.0,102.0,542.5,285.0,1550.8295261485569,509.0819574402248,OK,False,0049_top_20250704_t1,D:\projects\illegal_parking_project\align\polygons\0049_top_20250704_t1.geojson,D:\projects\illegal_parking_project\align\H\0049_top_20250704_t1.npy
1079,c,0049_top_20250704_t0,0049_top_20250704_t1,236.0,305.0,276.0,450.0,40.0,145.0,236.0,305.0,276.0,450.0,40,145,7.018,89.308,90.802,1.017,8,0.079,Yes,236.0,305.0,276.0,450.0,D:\projects\illegal_parking_project\data\images\0049_top_20250704_t1.png,True,True,236.0,305.0,40.0,145.0,256.0,377.5,1572.2130090182447,471.5246459842956,OK,False,0049_top_20250704_t1,D:\projects\illegal_parking_project\align\polygons\0049_top_20250704_t1.geojson,D:\projects\illegal_parking_project\align\H\0049_top_20250704_t1.npy
1080,c,0049_top_20250704_t0,0049_top_20250704_t1,323.0,1.0,359.0,43.0,36.0,42.0,323.0,1.0,359.0,43.0,36,42,5.523,49.041,50.448,1.029,8,0.113,Yes,323.0,1.0,359.0,43.0,D:\projects\illegal_parking_project\data\images\0049_top_20250704_t1.png,True,True,323.0,1.0,36.0,42.0,341.0,22.0,1496.8555161990332,489.3833320308976,OK,False,0049_top_20250704_t1,D:\projects\illegal_parking_project\align\polygons\0049_top_20250704_t1.geojson,D:\projects\illegal_parking_project\align\H\0049_top_20250704_t1.npy
1081,c,0049_top_20250704_t0,0049_top_20250704_t1,483.0,601.0,574.0,639.0,91.0,38.0,483.0,601.0,574.0,639.0,91,38,9.014,70.264,71.176,1.013,8,0.128,Yes,483.0,601.0,574.0,639.0,D:\projects\illegal_parking_project\data\images\0049_top_20250704_t1.png,True,True,483.0,601.0,91.0,38.0,528.5,620.0,1545.557111786967,515.3754493677761,OK,False,0049_top_20250704_t1,D:\projects\illegal_parking_project\align\polygons\0049_top_20250704_t1.geojson,D:\projects\illegal_parking_project\align\H\0049_top_20250704_t1.npy
1082,c,0049_top_20250704_t0,0049_top_20250704_t1,0.0,180.0,18.0,241.0,18.0,61.0,0.0,180.0,18.0,241.0,18,61,12.54,46.098,46.755,1.014,8,0.272,Yes,0.0,180.0,18.0,241.0,D:\projects\illegal_parking_project\data\images\0049_top_20250704_t1.png,True,True,0.0,180.0,18.0,61.0,9.0,210.5,1507.8839346244765,474.4161601375577,OK,False,0049_top_20250704_t1,D:\projects\illegal_parking_project\align\polygons\0049_top_20250704_t1.geojson,D:\projects\illegal_parking_project\align\H\0049_top_20250704_t1.npy
1083,c,0049_top_20250704_t0,0049_top_20250704_t1,482.0,598.0,543.0,639.0,61.0,41.0,482.0,598.0,543.0,639.0,61,41,8.902,51.971,51.478,0.991,8,0.171,Yes,482.0,598.0,543.0,639.0,D:\projects\illegal_parking_project\data\images\0049_top_20250704_t1.png,True,True,482.0,598.0,61.0,41.0,512.5,618.5,1540.4031385121273,499.6755152637568,OK,False,0049_top_20250704_t1,D:\projects\illegal_parking_project\align\polygons\0049_top_20250704_t1.geojson,D:\projects\illegal_parking_project\align\H\0049_top_20250704_t1.npy
1084,c,0049_top_20250704_t0,0049_top_20250704_t1,484.0,614.0,593.0,639.0,109.0,25.0,484.0,614.0,593.0,639.0,109,25,8.902,79.379,79.712,1.004,8,0.112,Yes,484.0,614.0,593.0,639.0,D:\projects\illegal_parking_project\data\images\0049_top_20250704_t1.png,True,True,484.0,614.0,109.0,25.0,538.5,626.5,1539.4593870715885,527.0512322110561,OK,False,0049_top_20250704_t1,D:\projects\illegal_parking_project\align\polygons\0049_top_20250704_t1.geojson,D:\projects\illegal_parking_project\align\H\0049_top_20250704_t1.npy
1085,c,0049_top_20250704_t0,0049_top_20250704_t1,0.0,477.0,30.0,557.0,30.0,80.0,0.0,477.0,30.0,557.0,30,80,20.718,54.452,53.759,0.987,8,0.38,Yes,0.0,477.0,30.0,557.0,D:\projects\illegal_parking_project\data\images\0049_top_20250704_t1.png,True,True,0.0,477.0,30.0,80.0,15.0,517.0,1548.797202303801,466.19766533688085,OK,False,0049_top_20250704_t1,D:\projects\illegal_parking_project\align\polygons\0049_top_20250704_t1.geojson,D:\projects\illegal_parking_project\align\H\0049_top_20250704_t1.npy
1086,b,0050_top_20250704_t0,0050_top_20250704_t1,510.0,135.0,619.0,236.0,109.0,101.0,510.0,135.0,619.0,236.0,109,101,2.5,108.046,102.083,0.945,7,0.023,Yes,510.0,135.0,619.0,236.0,D:\projects\illegal_parking_project\data\images\0050_top_20250704_t1.png,True,True,510.0,135.0,109.0,101.0,564.5,185.5,2161.4881383624597,1138.709971610417,OK,False,0050_top_20250704_t1,D:\projects\illegal_parking_project\align\polygons\0050_top_20250704_t1.geojson,D:\projects\illegal_parking_project\align\H\0050_top_20250704_t1.npy
1087,b,0050_top_20250704_t0,0050_top_20250704_t1,245.0,410.0,297.0,617.0,52.0,207.0,245.0,410.0,297.0,617.0,52,207,5.523,102.416,101.119,0.987,7,0.054,Yes,245.0,410.0,297.0,617.0,D:\projects\illegal_parking_project\data\images\0050_top_20250704_t1.png,True,True,245.0,410.0,52.0,207.0,271.0,513.5,2116.587038468242,1043.6188419725188,OK,False,0050_top_20250704_t1,D:\projects\illegal_parking_project\align\polygons\0050_top_20250704_t1.geojson,D:\projects\illegal_parking_project\align\H\0050_top_20250704_t1.npy
1088,b,0050_top_20250704_t0,0050_top_20250704_t1,312.0,427.0,368.0,640.0,56.0,213.0,312.0,427.0,368.0,640.0,56,213,3.536,109.59,104.709,0.955,7,0.032,Yes,312.0,427.0,368.0,640.0,D:\projects\illegal_parking_project\data\images\0050_top_20250704_t1.png,True,True,312.0,427.0,56.0,213.0,340.0,533.5,2119.1074628779033,1034.663233138196,OK,False,0050_top_20250704_t1,D:\projects\illegal_parking_project\align\polygons\0050_top_20250704_t1.geojson,D:\projects\illegal_parking_project\align\H\0050_top_20250704_t1.npy
1089,b,0050_top_20250704_t0,0050_top_20250704_t1,502.0,0.0,606.0,22.0,104.0,22.0,500.0,0.0,607.0,32.0,107,32,2.915,86.128,87.361,1.014,7,0.034,Yes,500.0,0.0,607.0,32.0,D:\projects\illegal_parking_project\data\images\0050_top_20250704_t1.png,True,True,500.0,0.0,107.0,32.0,553.5,16.0,2162.2556252299114,1159.5318757789241,OK,False,0050_top_20250704_t1,D:\projects\illegal_parking_project\align\polygons\0050_top_20250704_t1.geojson,D:\projects\illegal_parking_project\align\H\0050_top_20250704_t1.npy
1090,b,0050_top_20250704_t0,0050_top_20250704_t1,500.0,0.0,607.0,32.0,107.0,32.0,502.0,0.0,606.0,22.0,104,22,6.5,90.139,83.199,0.923,7,0.072,Yes,502.0,0.0,606.0,22.0,D:\projects\illegal_parking_project\data\images\0050_top_20250704_t1.png,True,True,502.0,0.0,104.0,22.0,554.0,11.0,2161.1774429585025,1160.019519768791,OK,False,0050_top_20250704_t1,D:\projects\illegal_parking_project\align\polygons\0050_top_20250704_t1.geojson,D:\projects\illegal_parking_project\align\H\0050_top_20250704_t1.npy
1091,d,0052_top_20250619_t0,0052_top_20250619_t1,131.0,516.0,196.0,567.0,65.0,51.0,355.0,171.0,437.0,244.0,82,73,4.743,74.706,81.492,1.091,6,0.063,Yes,355.0,171.0,437.0,244.0,D:\projects\illegal_parking_project\data\images\0052_top_20250619_t1.jpg,True,True,355.0,171.0,82.0,73.0,396.0,207.5,1055.701929407465,1257.7765177714996,OK,False,0052_top_20250619_t1,D:\projects\illegal_parking_project\align\polygons\0052_top_20250619_t1.geojson,D:\projects\illegal_parking_project\align\H\0052_top_20250619_t1.npy
1092,d,0052_top_20250619_t0,0052_top_20250619_t1,403.0,305.0,474.0,359.0,71.0,54.0,0.0,542.0,67.0,611.0,67,69,8.322,88.549,60.216,0.68,6,0.094,Yes,0.0,542.0,67.0,611.0,D:\projects\illegal_parking_project\data\images\0052_top_20250619_t1.jpg,True,True,0.0,542.0,67.0,69.0,33.5,576.5,1026.634238234591,1271.9087974819095,OK,False,0052_top_20250619_t1,D:\projects\illegal_parking_project\align\polygons\0052_top_20250619_t1.geojson,D:\projects\illegal_parking_project\align\H\0052_top_20250619_t1.npy
1093,d,0052_top_20250619_t0,0052_top_20250619_t1,295.0,273.0,327.0,385.0,32.0,112.0,191.0,461.0,227.0,615.0,36,154,5.099,79.649,76.158,0.956,6,0.064,Yes,191.0,461.0,227.0,615.0,D:\projects\illegal_parking_project\data\images\0052_top_20250619_t1.jpg,True,True,191.0,461.0,36.0,154.0,209.0,538.0,981.9319120495131,1262.8609610736025,OK,False,0052_top_20250619_t1,D:\projects\illegal_parking_project\align\polygons\0052_top_20250619_t1.geojson,D:\projects\illegal_parking_project\align\H\0052_top_20250619_t1.npy
1094,d,0052_top_20250619_t0,0052_top_20250619_t1,363.0,271.0,397.0,385.0,34.0,114.0,90.0,483.0,130.0,639.0,40,156,3.041,82.492,77.175,0.936,6,0.037,Yes,90.0,483.0,130.0,639.0,D:\projects\illegal_parking_project\data\images\0052_top_20250619_t1.jpg,True,True,90.0,483.0,40.0,156.0,110.0,561.0,976.5288094351395,1264.0546449143608,OK,False,0052_top_20250619_t1,D:\projects\illegal_parking_project\align\polygons\0052_top_20250619_t1.geojson,D:\projects\illegal_parking_project\align\H\0052_top_20250619_t1.npy
1095,d,0052_top_20250619_t0,0052_top_20250619_t1,132.0,265.0,163.0,368.0,31.0,103.0,422.0,455.0,455.0,589.0,33,134,4.243,73.355,71.868,0.98,6,0.058,Yes,422.0,455.0,455.0,589.0,D:\projects\illegal_parking_project\data\images\0052_top_20250619_t1.jpg,True,True,422.0,455.0,33.0,134.0,438.5,522.0,996.5667290115008,1260.5800951186009,OK,False,0052_top_20250619_t1,D:\projects\illegal_parking_project\align\polygons\0052_top_20250619_t1.geojson,D:\projects\illegal_parking_project\align\H\0052_top_20250619_t1.npy
1096,d,0052_top_20250619_t0,0052_top_20250619_t1,328.0,269.0,360.0,386.0,32.0,117.0,141.0,479.0,181.0,633.0,40,154,5.701,83.241,77.698,0.933,6,0.068,Yes,141.0,479.0,181.0,633.0,D:\projects\illegal_parking_project\data\images\0052_top_20250619_t1.jpg,True,True,141.0,479.0,40.0,154.0,161.0,556.0,978.8211249577871,1263.111901099882,OK,False,0052_top_20250619_t1,D:\projects\illegal_parking_project\align\polygons\0052_top_20250619_t1.geojson,D:\projects\illegal_parking_project\align\H\0052_top_20250619_t1.npy
1097,d,0052_top_20250619_t0,0052_top_20250619_t1,263.0,277.0,294.0,384.0,31.0,107.0,235.0,453.0,271.0,600.0,36,147,7.159,76.538,74.947,0.979,6,0.094,Yes,235.0,453.0,271.0,600.0,D:\projects\illegal_parking_project\data\images\0052_top_20250619_t1.jpg,True,True,235.0,453.0,36.0,147.0,253.0,526.5,987.9660699223193,1262.6934173835111,OK,False,0052_top_20250619_t1,D:\projects\illegal_parking_project\align\polygons\0052_top_20250619_t1.geojson,D:\projects\illegal_parking_project\align\H\0052_top_20250619_t1.npy
1098,d,0052_top_20250619_t0,0052_top_20250619_t1,101.0,267.0,131.0,361.0,30.0,94.0,464.0,442.0,498.0,577.0,34,135,1.118,68.0,74.626,1.097,6,0.016,Yes,464.0,442.0,498.0,577.0,D:\projects\illegal_parking_project\data\images\0052_top_20250619_t1.jpg,True,True,464.0,442.0,34.0,135.0,481.0,509.5,998.0407907674736,1259.6353084002085,OK,False,0052_top_20250619_t1,D:\projects\illegal_parking_project\align\polygons\0052_top_20250619_t1.geojson,D:\projects\illegal_parking_project\align\H\0052_top_20250619_t1.npy
1100,d,0053_top_20250619_t0,0053_top_20250619_t1,311.0,222.0,365.0,264.0,54.0,42.0,208.0,351.0,291.0,410.0,83,59,9.513,82.976,64.413,0.776,6,0.115,Yes,208.0,351.0,291.0,410.0,D:\projects\illegal_parking_project\data\images\0053_top_20250619_t1.jpg,True,True,208.0,351.0,83.0,59.0,249.5,380.5,903.6771212914477,588.6969378185406,OK,False,0053_top_20250619_t1,D:\projects\illegal_parking_project\align\polygons\0053_top_20250619_t1.geojson,D:\projects\illegal_parking_project\align\H\0053_top_20250619_t1.npy
1101,d,0053_top_20250619_t0,0053_top_20250619_t1,314.0,352.0,334.0,431.0,20.0,79.0,261.0,72.0,292.0,208.0,31,136,3.64,67.624,62.241,0.92,6,0.054,Yes,261.0,72.0,292.0,208.0,D:\projects\illegal_parking_project\data\images\0053_top_20250619_t1.jpg,True,True,261.0,72.0,31.0,136.0,276.5,140.0,900.4038957551596,581.0782948608315,OK,False,0053_top_20250619_t1,D:\projects\illegal_parking_project\align\polygons\0053_top_20250619_t1.geojson,D:\projects\illegal_parking_project\align\H\0053_top_20250619_t1.npy
1102,d,0053_top_20250619_t0,0053_top_20250619_t1,255.0,383.0,276.0,456.0,21.0,73.0,359.0,45.0,390.0,161.0,31,116,14.23,80.529,56.824,0.706,6,0.177,Yes,359.0,45.0,390.0,161.0,D:\projects\illegal_parking_project\data\images\0053_top_20250619_t1.jpg,True,True,359.0,45.0,31.0,116.0,374.5,103.0,893.3451598783403,582.3350934475982,OK,False,0053_top_20250619_t1,D:\projects\illegal_parking_project\align\polygons\0053_top_20250619_t1.geojson,D:\projects\illegal_parking_project\align\H\0053_top_20250619_t1.npy
