vehicle_id,t0_image,t1_image,t0_x1,t0_y1,t0_x2,t0_y2,t1_x1,t1_y1,t1_x2,t1_y2,t0_orig_x1,t0_orig_y1,t0_orig_x2,t0_orig_y2,t1_orig_x1,t1_orig_y1,t1_orig_x2,t1_orig_y2,iou,reid_similarity,final_score,note,is_matched
1,0001_top_20250619_t0.jpg_detect.csv,0001_top_20250619_t1.jpg_detect.csv,997,473,1049,531,1017,472,1046,529,201,196,254,345,183,486,330,587,0.5333333333333333,0.42533135414123535,0.5333333333333333,hungarian,1
2,0001_top_20250619_t0.jpg_detect.csv,0001_top_20250619_t1.jpg_detect.csv,1002,525,1069,585,1012,540,1077,572,246,332,337,458,369,401,444,640,0.42656688493919553,0.6257508993148804,0.42656688493919553,hungarian,1
3,0001_top_20250619_t0.jpg_detect.csv,0001_top_20250619_t1.jpg_detect.csv,1147,509,1204,560,1166,514,1216,560,448,109,516,217,339,149,408,206,0.5053483665799364,0.7204596400260925,0.5053483665799364,hungarian,1
4,0001_top_20250619_t0.jpg_detect.csv,0001_top_20250619_t1.jpg_detect.csv,1065,475,1119,535,1084,465,1118,534,307,116,362,265,223,292,358,355,0.5603351955307263,0.8288206458091736,0.5603351955307263,hungarian,1
5,0001_top_20250619_t0.jpg_detect.csv,0001_top_20250619_t1.jpg_detect.csv,1027,471,1092,539,1046,462,1091,535,250,149,321,313,197,353,355,467,0.5968911917098445,0.6638022661209106,0.5968911917098445,hungarian,1
6,0001_top_20250619_t0.jpg_detect.csv,0001_top_20250619_t1.jpg_detect.csv,1095,461,1150,521,1116,456,1154,523,340,44,396,191,225,226,340,282,0.535995796111403,0.4296382963657379,0.535995796111403,hungarian,1
7,0001_top_20250619_t0.jpg_detect.csv,0001_top_20250619_t1.jpg_detect.csv,1091,605,1160,659,1097,616,1171,665,442,432,543,528,536,227,588,361,0.5834589704932156,0.4389721751213074,0.5834589704932156,hungarian,1
8,0001_top_20250619_t0.jpg_detect.csv,0001_top_20250619_t1.jpg_detect.csv,1079,519,1145,579,1085,538,1159,566,359,217,444,343,372,227,422,370,0.3860294117647059,0.40860670804977417,0.3860294117647059,hungarian,1
9,,0001_top_20250619_t1.jpg_detect.csv,,,,,1073,579,1134,616,,,,,463,280,518,416,0.0,0.0,0.0,new,0
10,,0001_top_20250619_t1.jpg_detect.csv,,,,,1006,477,1014,524,,,,,165,621,312,640,0.0,0.0,0.0,new,0
11,,0001_top_20250619_t1.jpg_detect.csv,,,,,1006,472,1016,529,,,,,148,615,327,640,0.0,0.0,0.0,new,0
12,0001_top_20250702_t0.jpg_detect.csv,0001_top_20250702_t1.jpg_detect.csv,726,722,788,760,727,723,788,761,359,113,458,433,359,113,458,433,0.9338022341745966,1.0000001192092896,0.9338022341745966,hungarian,1
13,0001_top_20250702_t0.jpg_detect.csv,0001_top_20250702_t1.jpg_detect.csv,724,629,762,676,724,631,762,677,61,195,200,395,61,195,200,395,0.9375,0.9999998807907104,0.9375,hungarian,1
14,0001_top_20250702_t0.jpg_detect.csv,0001_top_20250702_t1.jpg_detect.csv,724,768,785,805,724,769,785,806,487,160,583,471,487,160,583,471,0.9473684210526315,1.0,0.9473684210526315,hungarian,1
15,0001_top_20250703_t0.JPG_detect.csv,0001_top_20250703_t1.JPG_detect.csv,1059,1032,1137,1072,1059,1034,1135,1074,536,232,616,293,438,421,516,482,0.882640586797066,0.8205761313438416,0.882640586797066,hungarian,1
16,0001_top_20250703_t0.JPG_detect.csv,0001_top_20250703_t1.JPG_detect.csv,780,984,818,1063,774,988,821,1065,232,182,273,319,121,416,164,561,0.7557677008750995,0.7207036018371582,0.7557677008750995,hungarian,1
17,0001_top_20250703_t0.JPG_detect.csv,0001_top_20250703_t1.JPG_detect.csv,846,995,889,1071,842,1001,892,1075,305,194,349,324,199,420,243,559,0.7604850934815564,0.8689122200012207,0.7604850934815564,hungarian,1
18,0001_top_20250703_t0.JPG_detect.csv,0001_top_20250703_t1.JPG_detect.csv,1067,986,1150,1028,1066,993,1143,1035,540,151,623,214,435,341,513,402,0.6551724137931034,0.7549769282341003,0.6551724137931034,hungarian,1
19,0001_top_20250703_t0.JPG_detect.csv,0001_top_20250703_t1.JPG_detect.csv,740,983,773,1061,731,988,776,1062,189,186,224,320,73,430,115,567,0.6892703862660944,0.8324564695358276,0.6892703862660944,hungarian,1
20,0001_top_20250703_t0.JPG_detect.csv,0001_top_20250703_t1.JPG_detect.csv,985,1007,1030,1087,981,1013,1034,1087,457,197,500,335,356,401,399,542,0.7943702290076335,0.9230147004127502,0.7943702290076335,hungarian,1
21,0001_top_20250703_t0.JPG_detect.csv,0001_top_20250703_t1.JPG_detect.csv,910,1006,951,1084,904,1012,955,1085,375,205,416,339,270,423,313,560,0.7437641723356009,0.9001799821853638,0.7437641723356009,hungarian,1
22,0001_top_20250703_t0.JPG_detect.csv,0001_top_20250703_t1.JPG_detect.csv,1018,1010,1065,1089,1014,1017,1067,1089,493,199,537,333,393,399,436,536,0.8164053075995175,0.8476841449737549,0.8164053075995175,hungarian,1
23,0001_top_20250703_t0.JPG_detect.csv,0001_top_20250703_t1.JPG_detect.csv,948,1005,991,1084,944,1011,994,1085,417,198,458,334,314,409,356,549,0.7930773117736231,0.7731097340583801,0.7930773117736231,hungarian,1
24,0001_top_20250705_t0.png_detect.csv,0001_top_20250705_t1.JPG_detect.csv,273,984,371,1059,273,983,373,1059,401,12,436,49,369,118,396,150,0.9671052631578947,0.7573265433311462,0.9671052631578947,hungarian,1
25,0001_top_20250705_t0.png_detect.csv,0001_top_20250705_t1.JPG_detect.csv,1069,1056,1124,1141,1045,1045,1138,1148,74,70,96,118,139,154,161,202,0.48804676897379684,0.6341915130615234,0.48804676897379684,hungarian,1
26,0001_top_20250705_t0.png_detect.csv,0001_top_20250705_t1.JPG_detect.csv,878,870,937,952,874,863,949,959,167,165,190,216,207,232,224,279,0.6719444444444445,0.5645754337310791,0.6719444444444445,hungarian,1
27,0001_top_20250705_t0.png_detect.csv,0001_top_20250705_t1.JPG_detect.csv,541,937,611,1015,572,930,649,1023,306,73,330,118,291,166,309,211,0.3175696836830567,0.7046253085136414,0.3175696836830567,hungarian,1
28,0001_top_20250705_t0.png_detect.csv,0001_top_20250705_t1.JPG_detect.csv,749,634,821,706,748,631,826,712,241,327,271,377,260,350,279,389,0.8205128205128205,0.7757177352905273,0.8205128205128205,hungarian,1
29,0001_top_20250705_t0.png_detect.csv,0001_top_20250705_t1.JPG_detect.csv,939,1110,1004,1202,919,1103,1011,1207,124,16,148,65,172,110,194,158,0.625,0.7330288887023926,0.625,hungarian,1
30,0001_top_20250705_t0.png_detect.csv,0001_top_20250705_t1.JPG_detect.csv,358,438,445,509,364,415,453,520,453,419,488,473,389,413,410,466,0.5885784464230888,0.8397900462150574,0.5885784464230888,hungarian,1
31,0001_top_20250705_t0.png_detect.csv,0001_top_20250705_t1.JPG_detect.csv,494,694,559,769,493,665,571,761,359,232,381,284,334,296,352,344,0.5438311688311688,0.6835001707077026,0.5438311688311688,hungarian,1
32,0001_top_20250705_t0.png_detect.csv,0001_top_20250705_t1.JPG_detect.csv,620,658,695,730,619,659,692,734,299,285,329,334,298,324,316,360,0.8870380010411244,0.5238925218582153,0.8870380010411244,hungarian,1
33,0001_top_20250705_t0.png_detect.csv,0001_top_20250705_t1.JPG_detect.csv,1079,568,1143,638,1085,554,1162,647,83,445,114,497,165,420,183,466,0.5355493998153278,0.49234721064567566,0.5355493998153278,hungarian,1
34,0001_top_20250705_t0.png_detect.csv,0001_top_20250705_t1.JPG_detect.csv,576,662,648,733,585,658,653,739,321,275,349,323,310,317,326,357,0.7276720351390923,0.6930795907974243,0.7276720351390923,hungarian,1
35,0001_top_20250705_t0.png_detect.csv,0001_top_20250705_t1.JPG_detect.csv,393,599,472,679,394,606,480,696,413,284,441,342,366,321,387,365,0.6806120009562515,0.8061539530754089,0.6806120009562515,hungarian,1
36,0001_top_20250705_t0.png_detect.csv,0001_top_20250705_t1.JPG_detect.csv,405,429,492,499,409,414,495,511,431,437,467,490,376,423,397,471,0.6738575736488054,0.574439525604248,0.6738575736488054,hungarian,1
37,0001_top_20250705_t0.png_detect.csv,0001_top_20250705_t1.JPG_detect.csv,575,400,647,469,580,382,658,478,357,496,387,553,329,458,347,507,0.590195327460743,0.7715921998023987,0.590195327460743,hungarian,1
38,0001_top_20250705_t0.png_detect.csv,0001_top_20250705_t1.JPG_detect.csv,179,254,268,331,177,250,265,328,582,543,615,614,460,499,483,537,0.8654970760233918,0.7311394810676575,0.8654970760233918,hungarian,1
39,0001_top_20250705_t0.png_detect.csv,0001_top_20250705_t1.JPG_detect.csv,1070,747,1139,829,1065,736,1151,853,78,288,109,342,156,309,175,367,0.5623136553369111,0.6882257461547852,0.5623136553369111,hungarian,1
40,0001_top_20250705_t0.png_detect.csv,0001_top_20250705_t1.JPG_detect.csv,556,332,636,398,559,321,637,409,373,561,409,616,340,494,359,538,0.719626168224299,0.5144510865211487,0.719626168224299,hungarian,1
41,0001_top_20250705_t0.png_detect.csv,0001_top_20250705_t1.JPG_detect.csv,824,608,895,684,825,598,910,700,207,358,237,413,237,365,257,415,0.6082780699748457,0.6804930567741394,0.6082780699748457,hungarian,1
42,0001_top_20250705_t0.png_detect.csv,0001_top_20250705_t1.JPG_detect.csv,685,821,762,905,652,829,724,915,251,169,280,221,276,231,293,273,0.3056930693069307,0.6139196157455444,0.3056930693069307,hungarian,1
43,0001_top_20250705_t0.png_detect.csv,0001_top_20250705_t1.JPG_detect.csv,472,335,559,404,482,319,559,413,413,538,451,595,364,483,382,531,0.6701564076690212,0.571017861366272,0.6701564076690212,hungarian,1
44,0001_top_20250705_t0.png_detect.csv,0001_top_20250705_t1.JPG_detect.csv,525,408,608,479,535,398,614,490,376,478,411,535,341,447,360,493,0.6496615693156179,0.715468168258667,0.6496615693156179,hungarian,1
45,0001_top_20250705_t0.png_detect.csv,0001_top_20250705_t1.JPG_detect.csv,607,839,680,915,614,836,679,918,286,149,313,195,289,225,304,265,0.8319299427416639,0.7205833792686462,0.8319299427416639,hungarian,1
46,0001_top_20250705_t0.png_detect.csv,0001_top_20250705_t1.JPG_detect.csv,728,810,801,894,729,812,805,902,234,183,262,236,253,247,271,290,0.8353140916808149,0.6441100239753723,0.8353140916808149,hungarian,1
47,0001_top_20250705_t0.png_detect.csv,0001_top_20250705_t1.JPG_detect.csv,555,577,639,652,565,573,640,660,336,336,370,389,320,358,338,401,0.7628865979381443,0.7519835233688354,0.7628865979381443,hungarian,1
48,0001_top_20250705_t0.png_detect.csv,0001_top_20250705_t1.JPG_detect.csv,1064,491,1127,564,1063,471,1151,583,95,509,126,567,174,453,194,509,0.4666193181818182,0.6482985615730286,0.4666193181818182,hungarian,1
49,0001_top_20250705_t0.png_detect.csv,0001_top_20250705_t1.JPG_detect.csv,684,553,765,624,691,549,772,634,277,383,312,434,282,386,302,427,0.7117312381468437,0.6196867227554321,0.7117312381468437,hungarian,1
50,0001_top_20250705_t0.png_detect.csv,0001_top_20250705_t1.JPG_detect.csv,1071,492,1121,558,1073,473,1144,567,98,513,122,568,176,461,192,509,0.46547164266823393,0.7232925295829773,0.46547164266823393,hungarian,1
51,0001_top_20250705_t0.png_detect.csv,0001_top_20250705_t1.JPG_detect.csv,1027,755,1099,839,1027,752,1103,842,97,273,129,328,169,310,187,354,0.8842105263157894,0.7221106290817261,0.8842105263157894,hungarian,1
52,,0001_top_20250705_t1.JPG_detect.csv,,,,,303,1119,400,1193,,,,,351,51,377,82,0.0,0.0,0.0,new,0
53,,0001_top_20250705_t1.JPG_detect.csv,,,,,290,1074,387,1152,,,,,358,71,384,104,0.0,0.0,0.0,new,0
54,,0001_top_20250705_t1.JPG_detect.csv,,,,,332,723,423,812,,,,,374,253,397,295,0.0,0.0,0.0,new,0
55,,0001_top_20250705_t1.JPG_detect.csv,,,,,283,1025,380,1096,,,,,364,99,390,129,0.0,0.0,0.0,new,0
56,,0001_top_20250705_t1.JPG_detect.csv,,,,,450,1139,537,1233,,,,,309,45,330,88,0.0,0.0,0.0,new,0
57,,0001_top_20250705_t1.JPG_detect.csv,,,,,244,165,342,270,,,,,443,539,467,592,0.0,0.0,0.0,new,0
58,,0001_top_20250705_t1.JPG_detect.csv,,,,,667,1155,760,1273,,,,,242,48,263,104,0.0,0.0,0.0,new,0
59,,0001_top_20250705_t1.JPG_detect.csv,,,,,432,863,505,953,,,,,339,187,356,231,0.0,0.0,0.0,new,0
60,,0001_top_20250705_t1.JPG_detect.csv,,,,,403,677,485,777,,,,,359,278,378,328,0.0,0.0,0.0,new,0
61,,0001_top_20250705_t1.JPG_detect.csv,,,,,273,991,378,1073,,,,,367,111,395,146,0.0,0.0,0.0,new,0
62,,0001_top_20250705_t1.JPG_detect.csv,,,,,523,860,590,936,,,,,314,206,330,242,0.0,0.0,0.0,new,0
63,,0001_top_20250705_t1.JPG_detect.csv,,,,,482,867,545,938,,,,,327,200,342,234,0.0,0.0,0.0,new,0
64,,0001_top_20250705_t1.JPG_detect.csv,,,,,565,847,636,928,,,,,301,215,318,254,0.0,0.0,0.0,new,0
65,,0001_top_20250705_t1.JPG_detect.csv,,,,,455,942,526,1032,,,,,327,148,343,192,0.0,0.0,0.0,new,0
66,,0001_top_20250705_t1.JPG_detect.csv,,,,,1234,359,1411,544,,,,,103,500,147,589,0.0,0.0,0.0,new,0
67,,0001_top_20250705_t1.JPG_detect.csv,,,,,495,942,563,1021,,,,,316,158,332,196,0.0,0.0,0.0,new,0
68,,0001_top_20250705_t1.JPG_detect.csv,,,,,720,800,808,912,,,,,253,241,273,296,0.0,0.0,0.0,new,0
69,,0001_top_20250705_t1.JPG_detect.csv,,,,,543,929,610,1017,,,,,303,165,318,208,0.0,0.0,0.0,new,0
70,,0001_top_20250705_t1.JPG_detect.csv,,,,,936,759,1020,870,,,,,193,286,212,341,0.0,0.0,0.0,new,0
71,0001_top_20250707_t0.png_detect.csv,0001_top_20250707_t1.png_detect.csv,909,475,940,541,910,476,944,543,375,231,459,296,354,381,444,454,0.8213984835720304,0.6680725812911987,0.8213984835720304,hungarian,1
72,0001_top_20250707_t0.png_detect.csv,0001_top_20250707_t1.png_detect.csv,879,482,911,542,881,481,916,542,375,165,451,232,356,312,438,386,0.7982261640798226,0.6982604265213013,0.7982261640798226,hungarian,1
73,0001_top_20250707_t0.png_detect.csv,0001_top_20250707_t1.png_detect.csv,942,474,975,537,940,475,976,541,378,305,458,375,355,455,444,532,0.8493150684931506,0.7457249164581299,0.8493150684931506,hungarian,1
74,0001_top_20250707_t0.png_detect.csv,0001_top_20250707_t1.png_detect.csv,844,475,879,537,846,473,881,538,384,86,463,159,363,227,450,303,0.8528553563984994,0.8186824917793274,0.8528553563984994,hungarian,1
75,0001_top_20250707_t0.png_detect.csv,0001_top_20250707_t1.png_detect.csv,990,639,1019,701,987,639,1023,704,165,399,243,457,131,545,218,623,0.7683760683760684,0.6704888939857483,0.7683760683760684,hungarian,1
76,0001_top_20250707_t0.png_detect.csv,0001_top_20250707_t1.png_detect.csv,975,471,1004,534,973,474,1008,538,380,381,460,439,358,534,444,611,0.7477438762354963,0.5771725177764893,0.7477438762354963,hungarian,1
77,0001_top_20250707_t0.png_detect.csv,0001_top_20250707_t1.png_detect.csv,1008,469,1036,530,1008,477,1020,536,384,454,461,511,359,618,440,639,0.35730337078651686,0.2778419852256775,0.35730337078651686,hungarian,1
78,0001_top_20250707_t0.png_detect.csv,0001_top_20250707_t1.png_detect.csv,930,641,961,709,930,641,963,710,158,265,243,328,125,405,218,477,0.9257795344751867,0.7651301622390747,0.9257795344751867,hungarian,1
79,0001_top_20250707_t0.png_detect.csv,0001_top_20250707_t1.png_detect.csv,978,541,1035,570,976,545,1022,577,334,381,368,505,305,531,347,639,0.5432098765432098,0.5497705340385437,0.5432098765432098,hungarian,1
80,,0001_top_20250707_t1.png_detect.csv,,,,,815,470,849,534,,,,,369,153,455,225,0.0,0.0,0.0,new,0
81,,0001_top_20250707_t1.png_detect.csv,,,,,786,459,820,524,,,,,384,86,470,158,0.0,0.0,0.0,new,0
82,,0001_top_20250707_t1.png_detect.csv,,,,,1022,641,1029,705,,,,,127,629,216,639,0.0,0.0,0.0,new,0
83,,0001_top_20250707_t1.png_detect.csv,,,,,1003,476,1020,538,,,,,357,607,441,639,0.0,0.0,0.0,new,0
84,0001_top_20250708_t0.jpg_detect.csv,0001_top_20250708_t1.jpg_detect.csv,948,1010,993,1087,960,1015,988,1080,398,236,469,524,585,320,639,558,0.5252525252525253,0.7247065901756287,0.5252525252525253,hungarian,1
85,0001_top_20250708_t0.jpg_detect.csv,0001_top_20250708_t1.jpg_detect.csv,880,1000,922,1077,888,1005,923,1072,240,259,307,543,443,292,510,541,0.69009391093608,0.8448776006698608,0.69009391093608,hungarian,1
86,0001_top_20250708_t0.jpg_detect.csv,0001_top_20250708_t1.jpg_detect.csv,845,998,887,1074,854,1001,888,1071,159,282,230,561,376,284,440,544,0.7081545064377682,0.8947622776031494,0.7081545064377682,hungarian,1
87,0001_top_20250708_t0.jpg_detect.csv,0001_top_20250708_t1.jpg_detect.csv,913,1012,955,1087,922,1014,958,1083,318,277,386,557,512,320,580,575,0.67828418230563,0.9012045860290527,0.67828418230563,hungarian,1
88,0001_top_20250708_t0.jpg_detect.csv,0001_top_20250708_t1.jpg_detect.csv,776,989,817,1065,781,992,815,1060,0,308,73,584,229,265,292,520,0.7419768934531451,0.6825886964797974,0.7419768934531451,hungarian,1
89,0001_top_20250708_t0.jpg_detect.csv,0001_top_20250708_t1.jpg_detect.csv,810,994,852,1071,819,1001,854,1067,78,297,150,577,306,290,372,537,0.6470588235294118,0.815007746219635,0.6470588235294118,hungarian,1
90,,0001_top_20250708_t1.jpg_detect.csv,,,,,737,992,774,1059,,,,,141,273,209,523,0.0,0.0,0.0,new,0
91,0001_top_20250711_t0.jpg_detect.csv,0001_top_20250711_t1.jpg_detect.csv,1288,622,1378,703,1288,625,1377,703,258,172,312,284,258,172,312,284,0.9522633744855967,1.0,0.9522633744855967,hungarian,1
92,0001_top_20250711_t0.jpg_detect.csv,0001_top_20250711_t1.jpg_detect.csv,1271,573,1355,645,1271,577,1354,646,214,187,262,293,214,187,262,293,0.9205676072418855,1.0,0.9205676072418855,hungarian,1
93,0001_top_20250711_t0.jpg_detect.csv,0001_top_20250711_t1.jpg_detect.csv,1247,530,1333,613,1246,534,1332,613,174,209,232,314,174,209,232,314,0.9304420119163087,1.0000001192092896,0.9304420119163087,hungarian,1
94,0001_top_20250711_t0.jpg_detect.csv,0001_top_20250711_t1.jpg_detect.csv,1256,531,1333,600,1255,535,1331,601,175,206,223,301,175,206,223,301,0.8938393839383938,1.0000001192092896,0.8938393839383938,hungarian,1
95,0002_top_20250630_t0.jpg_detect.csv,0002_top_20250630_t1.jpg_detect.csv,392,472,425,505,391,444,425,504,163,31,186,79,235,51,257,155,0.5094066570188133,0.6855304837226868,0.5094066570188133,hungarian,1
96,,0002_top_20250630_t1.jpg_detect.csv,,,,,349,240,402,325,,,,,218,335,250,405,0.0,0.0,0.0,new,0
97,0002_top_20250703_t0.JPG_detect.csv,0002_top_20250703_t1.JPG_detect.csv,1020,252,1048,323,1020,262,1053,329,558,358,622,399,441,354,503,393,0.6856684062625452,0.7014757394790649,0.6856684062625452,hungarian,1
98,0002_top_20250703_t0.JPG_detect.csv,0002_top_20250703_t1.JPG_detect.csv,981,245,1010,317,980,255,1016,323,565,297,630,340,443,292,506,334,0.6566837107377648,0.5899502038955688,0.6566837107377648,hungarian,1
99,0002_top_20250703_t0.JPG_detect.csv,0002_top_20250703_t1.JPG_detect.csv,1104,244,1134,312,1103,257,1135,321,566,489,627,532,456,482,516,522,0.6767842493847416,0.7042073011398315,0.6767842493847416,hungarian,1
100,0002_top_20250703_t0.JPG_detect.csv,0002_top_20250703_t1.JPG_detect.csv,1067,257,1093,318,1066,263,1096,325,561,431,617,469,448,425,506,462,0.7093253968253969,0.7019582390785217,0.7093253968253969,hungarian,1
101,0002_top_20250703_t0.JPG_detect.csv,0002_top_20250703_t1.JPG_detect.csv,869,382,937,415,868,385,937,416,480,121,507,225,351,141,374,240,0.8706786171574904,0.7512574791908264,0.8706786171574904,hungarian,1
102,0002_top_20250703_t0.JPG_detect.csv,0002_top_20250703_t1.JPG_detect.csv,1010,728,1071,762,1002,730,1071,771,163,325,190,418,46,413,78,510,0.6614706879024059,0.6235976219177246,0.6614706879024059,hungarian,1
103,0002_top_20250704_t0.JPG_detect.csv,0002_top_20250704_t1.JPG_detect.csv,59,940,91,1008,65,938,96,1006,63,293,98,427,216,298,251,434,0.6682242990654206,0.7544397115707397,0.6682242990654206,hungarian,1
104,,0002_top_20250704_t1.JPG_detect.csv,,,,,-113,937,-85,1009,,,,,0,264,29,414,0.0,0.0,0.0,new,0
105,0002_top_20250705_t0.png_detect.csv,0002_top_20250705_t1.png_detect.csv,856,848,929,923,867,873,947,956,230,60,262,119,307,100,339,156,0.343871325568497,0.734646737575531,0.343871325568497,hungarian,1
106,0002_top_20250705_t0.png_detect.csv,0002_top_20250705_t1.png_detect.csv,398,687,491,760,391,681,483,761,474,128,511,181,557,165,594,221,0.7810926485397784,0.7832098603248596,0.7810926485397784,hungarian,1
107,0002_top_20250705_t0.png_detect.csv,0002_top_20250705_t1.png_detect.csv,433,854,520,920,424,861,506,945,436,0,471,46,518,26,548,83,0.517481677279827,0.7220141887664795,0.517481677279827,hungarian,1
108,0002_top_20250705_t0.png_detect.csv,0002_top_20250705_t1.png_detect.csv,358,435,449,508,389,437,449,507,533,341,570,396,618,373,639,433,0.6322444678609063,0.738244891166687,0.6322444678609063,hungarian,1
109,0002_top_20250705_t0.png_detect.csv,0002_top_20250705_t1.png_detect.csv,920,586,1001,662,929,591,1018,672,222,313,261,374,304,345,343,404,0.6194111232279171,0.8942569494247437,0.6194111232279171,hungarian,1
110,0002_top_20250705_t0.png_detect.csv,0002_top_20250705_t1.png_detect.csv,481,669,570,745,477,673,564,750,438,154,474,211,519,190,554,244,0.7981835180980366,0.9006478786468506,0.7981835180980366,hungarian,1
111,0002_top_20250705_t0.png_detect.csv,0002_top_20250705_t1.png_detect.csv,1028,724,1109,804,1013,756,1103,845,144,200,184,265,244,217,282,279,0.3305785123966942,0.6240277290344238,0.3305785123966942,hungarian,1
112,0002_top_20250705_t0.png_detect.csv,0002_top_20250705_t1.png_detect.csv,388,602,474,679,392,603,463,671,495,194,528,253,581,235,608,286,0.7290848686197523,0.8587320446968079,0.7290848686197523,hungarian,1
113,0002_top_20250705_t0.png_detect.csv,0002_top_20250705_t1.png_detect.csv,555,331,637,404,552,332,636,405,456,479,491,539,539,506,575,566,0.9277760101813554,0.8103963732719421,0.9277760101813554,hungarian,1
114,0002_top_20250705_t0.png_detect.csv,0002_top_20250705_t1.png_detect.csv,648,375,735,451,643,375,734,451,397,456,436,518,480,484,520,544,0.9347826086956522,0.7929676175117493,0.9347826086956522,hungarian,1
115,0002_top_20250705_t0.png_detect.csv,0002_top_20250705_t1.png_detect.csv,573,398,653,472,567,399,647,470,437,418,471,478,522,448,556,505,0.8279231011660889,0.9022831916809082,0.8279231011660889,hungarian,1
116,0002_top_20250705_t0.png_detect.csv,0002_top_20250705_t1.png_detect.csv,809,601,886,677,809,608,891,685,284,274,319,336,366,308,401,365,0.7752808988764045,0.8286260962486267,0.7752808988764045,hungarian,1
117,0002_top_20250705_t0.png_detect.csv,0002_top_20250705_t1.png_detect.csv,616,651,699,721,610,655,693,732,376,198,412,251,458,230,492,285,0.7138643067846607,0.8398720622062683,0.7138643067846607,hungarian,1
118,0002_top_20250705_t0.png_detect.csv,0002_top_20250705_t1.png_detect.csv,847,594,928,666,854,599,935,675,262,293,300,351,345,326,380,382,0.7052631578947368,0.5381409525871277,0.7052631578947368,hungarian,1
119,0002_top_20250705_t0.png_detect.csv,0002_top_20250705_t1.png_detect.csv,577,659,652,728,570,666,644,734,399,184,430,237,481,219,511,268,0.6862712704444077,0.9047192335128784,0.6862712704444077,hungarian,1
120,0002_top_20250705_t0.png_detect.csv,0002_top_20250705_t1.png_detect.csv,449,421,528,492,447,426,524,492,497,372,529,429,581,403,613,455,0.8622191255878767,0.7898540496826172,0.8622191255878767,hungarian,1
121,0002_top_20250705_t0.png_detect.csv,0002_top_20250705_t1.png_detect.csv,515,322,602,398,513,325,597,400,475,476,512,539,561,502,596,565,0.8642795264221773,0.8587422370910645,0.8642795264221773,hungarian,1
122,0002_top_20250705_t0.png_detect.csv,0002_top_20250705_t1.png_detect.csv,601,384,693,460,598,387,688,459,418,438,459,498,502,467,542,523,0.8690344062153164,0.7011178731918335,0.8690344062153164,hungarian,1
123,0002_top_20250705_t0.png_detect.csv,0002_top_20250705_t1.png_detect.csv,1040,558,1116,630,1059,563,1146,643,159,369,198,429,242,396,281,456,0.4433995123650296,0.9228171110153198,0.4433995123650296,hungarian,1
124,0002_top_20250705_t0.png_detect.csv,0002_top_20250705_t1.png_detect.csv,508,839,606,920,501,849,599,936,396,12,436,70,475,50,514,107,0.6459062281315605,0.9337056875228882,0.6459062281315605,hungarian,1
125,0002_top_20250705_t0.png_detect.csv,0002_top_20250705_t1.png_detect.csv,598,826,691,903,637,827,726,912,356,39,395,95,418,92,453,149,0.38636791564677087,0.693270206451416,0.38636791564677087,hungarian,1
126,0002_top_20250705_t0.png_detect.csv,0002_top_20250705_t1.png_detect.csv,471,852,560,927,462,858,550,940,417,0,452,54,497,38,531,92,0.6458530805687204,0.9230008125305176,0.6458530805687204,hungarian,1
127,0002_top_20250705_t0.png_detect.csv,0002_top_20250705_t1.png_detect.csv,554,831,643,911,591,837,685,919,379,25,415,84,436,79,474,133,0.3504553734061931,0.7291135191917419,0.3504553734061931,hungarian,1
128,0002_top_20250705_t0.png_detect.csv,0002_top_20250705_t1.png_detect.csv,535,665,597,729,528,670,593,734,426,173,450,224,506,209,531,256,0.727156821079473,0.7643923759460449,0.727156821079473,hungarian,1
129,0002_top_20250705_t0.png_detect.csv,0002_top_20250705_t1.png_detect.csv,482,415,573,487,485,420,568,488,475,386,514,441,559,416,595,468,0.8381311228334589,0.8690609931945801,0.8381311228334589,hungarian,1
130,0002_top_20250705_t0.png_detect.csv,0002_top_20250705_t1.png_detect.csv,527,409,613,480,520,409,606,483,456,401,493,457,541,428,578,486,0.8175193120536365,0.8721169829368591,0.8175193120536365,hungarian,1
131,0002_top_20250705_t0.png_detect.csv,0002_top_20250705_t1.png_detect.csv,873,762,957,845,880,780,970,869,225,134,263,200,306,172,343,233,0.5016538037486218,0.7746305465698242,0.5016538037486218,hungarian,1
132,0002_top_20250705_t0.png_detect.csv,0002_top_20250705_t1.png_detect.csv,427,341,517,414,427,346,520,418,515,442,553,499,597,469,638,526,0.8564231738035264,0.8362287282943726,0.8564231738035264,hungarian,1
133,0002_top_20250705_t0.png_detect.csv,0002_top_20250705_t1.png_detect.csv,471,333,565,407,468,335,562,411,492,459,533,517,577,485,618,546,0.8680445151033387,0.9073244333267212,0.8680445151033387,hungarian,1
134,0002_top_20250705_t0.png_detect.csv,0002_top_20250705_t1.png_detect.csv,681,808,757,882,680,825,751,900,325,68,357,124,407,106,434,159,0.5733582411265986,0.8425483107566833,0.5733582411265986,hungarian,1
135,0002_top_20250705_t0.png_detect.csv,0002_top_20250705_t1.png_detect.csv,384,352,477,426,417,361,481,434,533,422,572,479,616,446,639,510,0.5095374967337339,0.6599724292755127,0.5095374967337339,hungarian,1
136,0002_top_20250705_t0.png_detect.csv,0002_top_20250705_t1.png_detect.csv,1022,486,1103,561,1000,485,1087,567,175,435,217,498,281,452,320,515,0.5849532037437005,0.6623337864875793,0.5849532037437005,hungarian,1
137,0002_top_20250705_t0.png_detect.csv,0002_top_20250705_t1.png_detect.csv,983,486,1065,561,1007,492,1073,560,197,426,239,488,288,456,317,510,0.5891843441888258,0.6252444982528687,0.5891843441888258,hungarian,1
138,0002_top_20250705_t0.png_detect.csv,0002_top_20250705_t1.png_detect.csv,510,580,606,657,548,577,633,654,433,238,474,295,500,283,535,340,0.4449974079834111,0.47242844104766846,0.4449974079834111,hungarian,1
139,0002_top_20250705_t0.png_detect.csv,0002_top_20250705_t1.png_detect.csv,530,658,610,729,523,663,608,735,420,175,453,229,499,211,534,261,0.7739025856885148,0.8752627372741699,0.7739025856885148,hungarian,1
140,0002_top_20250705_t0.png_detect.csv,0002_top_20250705_t1.png_detect.csv,640,815,726,893,670,822,765,909,340,53,376,112,400,102,438,160,0.36155315085932527,0.6606555581092834,0.36155315085932527,hungarian,1
141,0002_top_20250705_t0.png_detect.csv,0002_top_20250705_t1.png_detect.csv,880,517,950,583,882,518,961,591,260,378,293,433,342,405,377,460,0.7407407407407407,0.7729012966156006,0.7407407407407407,hungarian,1
142,0002_top_20250705_t0.png_detect.csv,0002_top_20250705_t1.png_detect.csv,766,377,845,452,764,378,848,448,337,482,374,545,420,511,458,567,0.8812749003984064,0.6770387887954712,0.8812749003984064,hungarian,1
143,0002_top_20250705_t0.png_detect.csv,0002_top_20250705_t1.png_detect.csv,594,566,683,639,631,554,721,632,396,269,435,325,459,319,497,377,0.34030738720872583,0.6361494660377502,0.34030738720872583,hungarian,1
144,0002_top_20250705_t0.png_detect.csv,0002_top_20250705_t1.png_detect.csv,691,378,770,450,681,376,766,448,378,466,414,525,463,494,501,551,0.8005489478499542,0.8814377188682556,0.8005489478499542,hungarian,1
145,0002_top_20250705_t0.png_detect.csv,0002_top_20250705_t1.png_detect.csv,718,797,804,872,715,809,806,892,302,84,340,140,382,123,419,178,0.631100757134537,0.8910160660743713,0.631100757134537,hungarian,1
146,0002_top_20250705_t0.png_detect.csv,0002_top_20250705_t1.png_detect.csv,469,589,562,665,466,593,553,667,454,222,492,280,537,256,573,310,0.8109412711182623,0.8334552049636841,0.8109412711182623,hungarian,1
147,0002_top_20250705_t0.png_detect.csv,0002_top_20250705_t1.png_detect.csv,679,547,767,621,681,553,754,622,355,302,395,360,443,335,473,388,0.7538344722854974,0.7072373032569885,0.7538344722854974,hungarian,1
148,0002_top_20250705_t0.png_detect.csv,0002_top_20250705_t1.png_detect.csv,518,847,591,918,508,856,584,934,403,12,431,65,482,49,510,102,0.5829890297763214,0.8669773936271667,0.5829890297763214,hungarian,1
149,0002_top_20250705_t0.png_detect.csv,0002_top_20250705_t1.png_detect.csv,909,505,990,580,918,504,1005,581,238,390,278,451,321,422,360,481,0.7323026851098454,0.8411382436752319,0.7323026851098454,hungarian,1
150,0002_top_20250705_t0.png_detect.csv,0002_top_20250705_t1.png_detect.csv,640,557,721,630,640,560,712,633,378,285,413,342,463,317,492,373,0.8223201174743024,0.8144671320915222,0.8223201174743024,hungarian,1
151,0002_top_20250705_t0.png_detect.csv,0002_top_20250705_t1.png_detect.csv,836,518,920,589,838,517,926,592,276,365,317,421,360,396,399,452,0.8635419756748739,0.8296569585800171,0.8635419756748739,hungarian,1
152,0002_top_20250705_t0.png_detect.csv,0002_top_20250705_t1.png_detect.csv,605,830,675,898,597,840,671,915,364,41,392,93,443,80,471,131,0.5905584696081456,0.8818245530128479,0.5905584696081456,hungarian,1
153,0002_top_20250705_t0.png_detect.csv,0002_top_20250705_t1.png_detect.csv,554,575,644,651,587,565,678,644,415,250,453,309,479,300,517,359,0.3895602218700475,0.551291823387146,0.3895602218700475,hungarian,1
154,0002_top_20250705_t0.png_detect.csv,0002_top_20250705_t1.png_detect.csv,437,348,510,412,437,350,509,412,518,443,548,494,603,473,633,524,0.9554794520547946,0.7088898420333862,0.9554794520547946,hungarian,1
155,0002_top_20250705_t0.png_detect.csv,0002_top_20250705_t1.png_detect.csv,522,585,588,652,516,590,582,654,442,239,468,293,524,273,550,322,0.7551766138855055,0.6150225400924683,0.7551766138855055,hungarian,1
156,0002_top_20250705_t0.png_detect.csv,0002_top_20250705_t1.png_detect.csv,800,524,876,595,798,525,879,600,300,350,335,408,383,380,418,437,0.8649000162575191,0.83567214012146,0.8649000162575191,hungarian,1
157,0002_top_20250705_t0.png_detect.csv,0002_top_20250705_t1.png_detect.csv,482,860,550,923,473,871,542,943,421,2,447,48,500,35,525,84,0.5088062622309197,0.9131991267204285,0.5088062622309197,hungarian,1
158,0002_top_20250705_t0.png_detect.csv,0002_top_20250705_t1.png_detect.csv,760,529,845,603,756,530,846,609,316,335,355,394,399,365,438,424,0.862404447533009,0.857738196849823,0.862404447533009,hungarian,1
159,0002_top_20250705_t0.png_detect.csv,0002_top_20250705_t1.png_detect.csv,808,776,894,853,802,789,894,875,257,116,296,175,342,153,380,211,0.6095238095238096,0.6870529651641846,0.6095238095238096,hungarian,1
160,0002_top_20250705_t0.png_detect.csv,0002_top_20250705_t1.png_detect.csv,433,600,510,670,421,595,510,670,478,209,508,263,558,245,595,299,0.8074906367041198,0.7647017240524292,0.8074906367041198,hungarian,1
161,0002_top_20250705_t0.png_detect.csv,0002_top_20250705_t1.png_detect.csv,422,593,523,670,387,595,473,676,472,211,514,267,577,232,610,293,0.3503388899065763,0.7706797122955322,0.3503388899065763,hungarian,1
162,0002_top_20250705_t0.png_detect.csv,0002_top_20250705_t1.png_detect.csv,993,736,1070,815,978,764,1060,852,165,182,202,246,264,203,298,265,0.34578020643594415,0.6953616142272949,0.34578020643594415,hungarian,1
163,0002_top_20250705_t0.png_detect.csv,0002_top_20250705_t1.png_detect.csv,648,823,716,888,643,841,713,910,344,56,372,106,423,92,450,139,0.49313962873284906,0.8086408376693726,0.49313962873284906,hungarian,1
164,0002_top_20250705_t0.png_detect.csv,0002_top_20250705_t1.png_detect.csv,730,380,800,443,725,378,806,447,362,480,394,533,442,503,478,559,0.789049919484702,0.8707965612411499,0.789049919484702,hungarian,1
165,0002_top_20250705_t0.png_detect.csv,0002_top_20250705_t1.png_detect.csv,729,544,799,609,719,543,804,620,339,320,370,373,419,347,455,405,0.6951871657754011,0.6570829749107361,0.6951871657754011,hungarian,1
166,0002_top_20250705_t0.png_detect.csv,0002_top_20250705_t1.png_detect.csv,562,838,634,911,543,839,638,928,383,24,411,79,458,63,495,123,0.6079512137914859,0.7409922480583191,0.6079512137914859,hungarian,1
167,0002_top_20250705_t0.png_detect.csv,0002_top_20250705_t1.png_detect.csv,411,429,487,494,403,430,489,503,516,362,547,413,598,385,634,442,0.7655020459553038,0.9091319441795349,0.7655020459553038,hungarian,1
168,0002_top_20250705_t0.png_detect.csv,0002_top_20250705_t1.png_detect.csv,760,781,848,860,756,792,851,881,281,102,320,162,362,140,401,200,0.6350419187095405,0.660123348236084,0.6350419187095405,hungarian,1
169,0002_top_20250705_t0.png_detect.csv,0002_top_20250705_t1.png_detect.csv,950,498,1032,574,955,497,1049,577,215,405,256,468,299,435,342,495,0.7407594936708861,0.8904420733451843,0.7407594936708861,hungarian,1
170,0002_top_20250705_t0.png_detect.csv,0002_top_20250705_t1.png_detect.csv,480,593,552,660,508,585,596,660,459,225,487,278,517,271,554,325,0.3478055686644644,0.6886913180351257,0.3478055686644644,hungarian,1
171,0002_top_20250705_t0.png_detect.csv,0002_top_20250705_t1.png_detect.csv,567,579,638,644,595,571,669,641,418,256,447,307,483,302,513,355,0.37396549305652965,0.49825042486190796,0.37396549305652965,hungarian,1
172,0002_top_20250705_t0.png_detect.csv,0002_top_20250705_t1.png_detect.csv,957,503,1018,570,963,503,1035,573,223,406,252,464,306,436,338,490,0.677140757074605,0.7916164994239807,0.677140757074605,hungarian,1
173,0002_top_20250705_t0.png_detect.csv,0002_top_20250705_t1.png_detect.csv,740,627,817,697,740,632,819,705,318,242,352,298,399,277,432,330,0.813556566970091,0.872462809085846,0.813556566970091,reid_assist,1
174,,0002_top_20250705_t1.png_detect.csv,,,,,532,938,607,990,,,,,459,13,491,42,0.0,0.0,0.0,new,0
175,,0002_top_20250705_t1.png_detect.csv,,,,,1061,1056,1134,1118,,,,,201,14,232,50,0.0,0.0,0.0,new,0
176,,0002_top_20250705_t1.png_detect.csv,,,,,502,948,544,977,,,,,488,12,506,28,0.0,0.0,0.0,new,0
177,,0002_top_20250705_t1.png_detect.csv,,,,,1052,735,1147,835,,,,,224,233,264,304,0.0,0.0,0.0,new,0
178,,0002_top_20250705_t1.png_detect.csv,,,,,1038,481,1127,564,,,,,261,463,301,527,0.0,0.0,0.0,new,0
179,,0002_top_20250705_t1.png_detect.csv,,,,,674,549,766,626,,,,,437,334,477,390,0.0,0.0,0.0,new,0
180,,0002_top_20250705_t1.png_detect.csv,,,,,537,328,627,405,,,,,544,504,583,567,0.0,0.0,0.0,new,0
181,,0002_top_20250705_t1.png_detect.csv,,,,,1068,740,1135,823,,,,,230,241,257,303,0.0,0.0,0.0,new,0
182,,0002_top_20250705_t1.png_detect.csv,,,,,1052,484,1121,558,,,,,264,467,294,527,0.0,0.0,0.0,new,0
183,,0002_top_20250705_t1.png_detect.csv,,,,,515,669,588,737,,,,,508,205,537,254,0.0,0.0,0.0,new,0
184,,0002_top_20250705_t1.png_detect.csv,,,,,522,323,587,389,,,,,567,511,593,568,0.0,0.0,0.0,new,0
185,,0002_top_20250705_t1.png_detect.csv,,,,,923,766,1016,858,,,,,285,190,324,253,0.0,0.0,0.0,new,0
186,,0002_top_20250705_t1.png_detect.csv,,,,,765,800,838,874,,,,,368,143,397,195,0.0,0.0,0.0,new,0
187,0002_top_20250707_t0.png_detect.csv,0002_top_20250707_t1.png_detect.csv,788,454,822,521,789,447,825,522,401,438,489,513,378,486,470,568,0.7990603541741959,0.857953667640686,0.7990603541741959,hungarian,1
188,0002_top_20250707_t0.png_detect.csv,0002_top_20250707_t1.png_detect.csv,633,583,672,628,632,585,673,631,273,83,327,169,245,112,302,202,0.8538696537678208,0.954321563243866,0.8538696537678208,hungarian,1
189,,0002_top_20250707_t1.png_detect.csv,,,,,822,459,853,535,,,,,361,563,455,635,0.0,0.0,0.0,new,0
190,0002_top_20250708_t0.jpg_detect.csv,0002_top_20250708_t1.jpg_detect.csv,718,758,785,797,724,743,789,810,290,346,430,473,326,321,398,493,0.5184135977337111,0.47802650928497314,0.5184135977337111,hungarian,1
191,0002_top_20250708_t0.jpg_detect.csv,0002_top_20250708_t1.jpg_detect.csv,722,719,787,750,724,701,788,769,309,220,436,313,274,239,345,399,0.44245582238332576,0.3759043216705322,0.44245582238332576,hungarian,1
192,0002_top_20250708_t0.jpg_detect.csv,0002_top_20250708_t1.jpg_detect.csv,688,676,731,723,691,676,738,730,257,101,325,228,197,268,237,417,0.7017543859649122,0.5406870245933533,0.7017543859649122,hungarian,1
193,0002_top_20250708_t0.jpg_detect.csv,0002_top_20250708_t1.jpg_detect.csv,750,655,782,706,744,660,790,710,373,47,428,181,240,144,291,246,0.5983739837398374,0.6543793082237244,0.5983739837398374,hungarian,1
194,0002_top_20250711_t0.JPG_detect.csv,0002_top_20250711_t1.JPG_detect.csv,1807,382,1891,474,1806,385,1887,475,80,164,131,201,80,164,131,201,0.9014940491263611,1.0,0.9014940491263611,hungarian,1
195,0002_top_20250711_t0.JPG_detect.csv,0002_top_20250711_t1.JPG_detect.csv,1751,349,1825,428,1749,351,1822,430,82,235,127,271,82,235,127,271,0.8895216400911162,0.9999998807907104,0.8895216400911162,hungarian,1
196,0002_top_20250711_t0.JPG_detect.csv,0002_top_20250711_t1.JPG_detect.csv,1638,284,1708,359,1631,281,1703,358,82,377,129,412,82,377,129,412,0.8038101604278075,1.0,0.8038101604278075,hungarian,1
197,0002_top_20250711_t0.JPG_detect.csv,0002_top_20250711_t1.JPG_detect.csv,1568,462,1649,539,1563,463,1648,540,206,300,233,371,206,300,233,371,0.907191883019994,1.0,0.907191883019994,hungarian,1
198,0002_top_20250711_t0.JPG_detect.csv,0002_top_20250711_t1.JPG_detect.csv,1339,653,1413,736,1327,660,1409,739,381,375,404,450,381,375,404,450,0.7287671232876712,1.0,0.7287671232876712,hungarian,1
199,0002_top_20250711_t0.JPG_detect.csv,0002_top_20250711_t1.JPG_detect.csv,1973,503,2044,585,1962,503,2028,579,95,0,135,28,95,0,135,28,0.6278161610093121,1.0000001192092896,0.6278161610093121,hungarian,1
200,0002_top_20250711_t0.JPG_detect.csv,0002_top_20250711_t1.JPG_detect.csv,1289,708,1370,804,1277,715,1367,807,421,374,449,452,421,374,449,452,0.761685319289006,1.0,0.761685319289006,hungarian,1
201,0002_top_20250711_t0.JPG_detect.csv,0002_top_20250711_t1.JPG_detect.csv,1361,621,1434,703,1348,626,1429,706,357,381,384,449,357,381,384,449,0.7242047026279391,1.0000001192092896,0.7242047026279391,hungarian,1
202,0002_top_20250711_t0.JPG_detect.csv,0002_top_20250711_t1.JPG_detect.csv,1742,601,1823,683,1744,598,1821,673,211,97,239,151,211,97,239,151,0.8066346573548668,1.0,0.8066346573548668,hungarian,1
203,0002_top_20250711_t0.JPG_detect.csv,0002_top_20250711_t1.JPG_detect.csv,1637,648,1716,731,1641,645,1719,721,266,148,293,205,266,148,293,205,0.7810271041369472,1.0,0.7810271041369472,hungarian,1
204,0002_top_20250711_t0.JPG_detect.csv,0002_top_20250711_t1.JPG_detect.csv,1714,624,1786,700,1717,621,1787,690,231,113,257,161,231,113,257,161,0.7922755741127349,1.0000001192092896,0.7922755741127349,hungarian,1
205,0002_top_20250711_t0.JPG_detect.csv,0002_top_20250711_t1.JPG_detect.csv,1667,627,1756,719,1671,624,1758,709,246,128,276,191,246,128,276,191,0.8092418437246024,1.0,0.8092418437246024,hungarian,1
206,0002_top_20250711_t0.JPG_detect.csv,0002_top_20250711_t1.JPG_detect.csv,1678,641,1752,716,1682,638,1754,706,251,127,274,181,251,127,274,181,0.7717096336499322,1.0,0.7717096336499322,hungarian,1
207,0003_top_20250626_t0.jpg_detect.csv,0003_top_20250626_t1.jpg_detect.csv,383,434,419,491,384,424,422,492,253,285,279,380,245,248,273,367,0.7553956834532374,0.6907737851142883,0.7553956834532374,hungarian,1
208,0003_top_20250626_t0.jpg_detect.csv,0003_top_20250626_t1.jpg_detect.csv,263,544,303,617,260,549,293,626,391,110,420,226,398,79,426,197,0.5963168664133295,0.9019011855125427,0.5963168664133295,hungarian,1
209,0003_top_20250626_t0.jpg_detect.csv,0003_top_20250626_t1.jpg_detect.csv,406,549,448,622,404,551,451,640,250,59,279,175,248,6,278,134,0.6988516522146707,0.943928599357605,0.6988516522146707,hungarian,1
210,0003_top_20250626_t0.jpg_detect.csv,0003_top_20250626_t1.jpg_detect.csv,253,469,286,527,261,474,287,529,392,265,416,360,393,241,418,335,0.6562654779593858,0.7491304874420166,0.6562654779593858,hungarian,1
211,,0003_top_20250626_t1.jpg_detect.csv,,,,,262,648,291,680,,,,,405,0,433,38,0.0,0.0,0.0,new,0
212,0003_top_20250703_t0.JPG_detect.csv,0003_top_20250703_t1.JPG_detect.csv,802,555,864,595,803,551,867,593,403,356,426,458,154,280,183,400,0.8133333333333334,0.8913341760635376,0.8133333333333334,hungarian,1
213,0003_top_20250703_t0.JPG_detect.csv,0003_top_20250703_t1.JPG_detect.csv,714,717,780,784,717,714,784,778,557,422,601,508,356,345,404,452,0.7896034518183686,0.6689189672470093,0.7896034518183686,hungarian,1
214,0003_top_20250703_t0.JPG_detect.csv,0003_top_20250703_t1.JPG_detect.csv,724,768,784,822,725,765,783,820,595,392,627,474,404,320,442,412,0.8834212067955477,0.6561325192451477,0.8834212067955477,hungarian,1
215,0003_top_20250707_t0.png_detect.csv,0003_top_20250707_t1.png_detect.csv,420,604,458,655,422,607,450,653,265,81,333,132,256,0,310,56,0.6646026831785345,0.8590839505195618,0.6646026831785345,hungarian,1
216,0003_top_20250707_t0.png_detect.csv,0003_top_20250707_t1.png_detect.csv,626,572,680,623,635,581,674,625,447,522,500,640,279,456,331,540,0.5783898305084746,0.7418503165245056,0.5783898305084746,hungarian,1
217,0003_top_20250707_t0.png_detect.csv,0003_top_20250707_t1.png_detect.csv,419,537,470,598,422,540,460,589,345,12,420,90,333,5,391,80,0.5985213757634201,0.6168866753578186,0.5985213757634201,hungarian,1
218,0003_top_20250707_t0.png_detect.csv,0003_top_20250707_t1.png_detect.csv,493,729,560,785,504,733,551,786,154,385,209,535,86,164,150,264,0.643327191366149,0.6883083581924438,0.643327191366149,hungarian,1
219,,0003_top_20250707_t1.png_detect.csv,,,,,431,471,470,536,,,,,396,28,473,105,0.0,0.0,0.0,new,0
220,,0003_top_20250707_t1.png_detect.csv,,,,,444,390,486,458,,,,,489,61,568,145,0.0,0.0,0.0,new,0
221,,0003_top_20250707_t1.png_detect.csv,,,,,457,329,489,372,,,,,590,93,640,156,0.0,0.0,0.0,new,0
222,0003_top_20250711_t0.JPG_detect.csv,0003_top_20250711_t1.JPG_detect.csv,1571,450,1651,537,1573,447,1649,540,74,198,124,362,74,198,124,362,0.8915857605177994,1.0,0.8915857605177994,hungarian,1
223,0003_top_20250711_t0.JPG_detect.csv,0003_top_20250711_t1.JPG_detect.csv,1322,660,1405,739,1320,658,1405,739,456,384,505,524,456,384,505,524,0.9523602033405955,1.0,0.9523602033405955,hungarian,1
224,0003_top_20250711_t0.JPG_detect.csv,0003_top_20250711_t1.JPG_detect.csv,1345,620,1425,700,1343,617,1425,699,403,399,456,529,403,399,456,529,0.9288653733098178,1.0,0.9288653733098178,hungarian,1
225,0003_top_20250711_t0.JPG_detect.csv,0003_top_20250711_t1.JPG_detect.csv,1268,728,1351,804,1264,727,1351,805,553,400,603,533,553,400,603,533,0.9295608605953434,1.0,0.9295608605953434,hungarian,1
226,0004_top_20250703_t0.JPG_detect.csv,0004_top_20250703_t1.JPG_detect.csv,1257,546,1349,607,1271,528,1400,604,311,272,353,365,311,272,353,365,0.41535071612192437,1.0,0.41535071612192437,hungarian,1
227,0004_top_20250703_t0.JPG_detect.csv,0004_top_20250703_t1.JPG_detect.csv,1271,595,1362,652,1285,579,1413,650,351,268,390,361,351,268,390,361,0.4218127490039841,0.9999999403953552,0.4218127490039841,hungarian,1
228,,0004_top_20250703_t1.JPG_detect.csv,,,,,847,205,895,248,,,,,0,607,28,640,0.0,0.0,0.0,new,0
229,0004_top_20250705_t0.JPG_detect.csv,0004_top_20250705_t1.JPG_detect.csv,1313,647,1412,726,1331,666,1395,717,188,573,249,621,72,579,127,640,0.4173379363252781,0.4322429299354553,0.4173379363252781,hungarian,1
230,0004_top_20250705_t0.JPG_detect.csv,0004_top_20250705_t1.JPG_detect.csv,1335,607,1431,684,1359,626,1424,680,194,516,251,559,96,515,150,577,0.47483766233766234,0.6170806288719177,0.47483766233766234,hungarian,1
231,0004_top_20250705_t0.JPG_detect.csv,0004_top_20250705_t1.JPG_detect.csv,1535,465,1631,559,1546,488,1622,552,275,282,327,325,245,285,302,351,0.5390070921985816,0.5360279679298401,0.5390070921985816,hungarian,1
232,0004_top_20250705_t0.JPG_detect.csv,0004_top_20250705_t1.JPG_detect.csv,1457,599,1555,681,1467,609,1543,674,262,437,321,483,187,464,248,538,0.6147336983573918,0.599014401435852,0.6147336983573918,hungarian,1
233,0004_top_20250705_t0.JPG_detect.csv,0004_top_20250705_t1.JPG_detect.csv,1552,416,1657,524,1572,460,1633,518,275,237,329,285,263,244,308,305,0.31199294532627864,0.6142904162406921,0.31199294532627864,hungarian,1
234,0004_top_20250705_t0.JPG_detect.csv,0004_top_20250705_t1.JPG_detect.csv,1433,634,1529,712,1444,644,1516,708,256,487,316,532,169,518,228,595,0.6153846153846154,0.6846216320991516,0.6153846153846154,hungarian,1
235,0004_top_20250705_t0.JPG_detect.csv,0004_top_20250705_t1.JPG_detect.csv,1584,681,1664,760,1590,698,1663,761,368,435,409,514,298,559,357,638,0.7079618332551227,0.8359602689743042,0.7079618332551227,hungarian,1
236,0004_top_20250705_t0.JPG_detect.csv,0004_top_20250705_t1.JPG_detect.csv,1891,432,1981,535,1902,447,1953,521,457,63,488,133,522,153,550,238,0.4071197411003236,0.759078323841095,0.4071197411003236,hungarian,1
237,0004_top_20250705_t0.JPG_detect.csv,0004_top_20250705_t1.JPG_detect.csv,1739,590,1814,663,1759,595,1815,660,423,261,462,315,429,372,468,453,0.6453068592057761,0.8149987459182739,0.6453068592057761,hungarian,1
238,0004_top_20250705_t0.JPG_detect.csv,0004_top_20250705_t1.JPG_detect.csv,1849,379,1936,485,1847,408,1896,476,417,58,447,123,472,121,501,195,0.3415259670869844,0.834500253200531,0.3415259670869844,hungarian,1
239,0004_top_20250705_t0.JPG_detect.csv,0004_top_20250705_t1.JPG_detect.csv,1498,530,1595,619,1512,549,1578,610,270,352,325,397,221,371,272,439,0.4663500521255647,0.6375819444656372,0.4663500521255647,hungarian,1
240,0004_top_20250705_t0.JPG_detect.csv,0004_top_20250705_t1.JPG_detect.csv,1923,512,2007,601,1954,513,2008,576,501,95,536,159,572,221,605,294,0.4428969359331476,0.8366826176643372,0.4428969359331476,hungarian,1
241,0004_top_20250705_t0.JPG_detect.csv,0004_top_20250705_t1.JPG_detect.csv,1636,633,1719,713,1651,645,1712,709,381,357,425,423,345,468,391,548,0.5879518072289157,0.7832024693489075,0.5879518072289157,hungarian,1
242,0004_top_20250705_t0.JPG_detect.csv,0004_top_20250705_t1.JPG_detect.csv,1706,602,1786,681,1724,612,1778,679,411,288,451,351,403,403,440,489,0.5724683544303798,0.7715009450912476,0.5724683544303798,hungarian,1
243,0004_top_20250705_t0.JPG_detect.csv,0004_top_20250705_t1.JPG_detect.csv,1672,617,1752,695,1691,633,1746,692,396,322,438,384,377,441,417,515,0.5200320512820513,0.7078660726547241,0.5200320512820513,hungarian,1
244,,0004_top_20250705_t1.JPG_detect.csv,,,,,1668,501,1714,572,,,,,345,272,375,357,0.0,0.0,0.0,new,0
245,,0004_top_20250705_t1.JPG_detect.csv,,,,,1756,346,1806,424,,,,,396,70,426,153,0.0,0.0,0.0,new,0
246,,0004_top_20250705_t1.JPG_detect.csv,,,,,1708,306,1754,377,,,,,355,37,383,110,0.0,0.0,0.0,new,0
247,,0004_top_20250705_t1.JPG_detect.csv,,,,,1551,241,1604,284,,,,,232,0,269,37,0.0,0.0,0.0,new,0
248,,0004_top_20250705_t1.JPG_detect.csv,,,,,1813,392,1857,458,,,,,444,109,469,182,0.0,0.0,0.0,new,0
249,,0004_top_20250705_t1.JPG_detect.csv,,,,,1678,292,1719,357,,,,,331,28,356,94,0.0,0.0,0.0,new,0
250,,0004_top_20250705_t1.JPG_detect.csv,,,,,1985,598,2029,643,,,,,611,323,639,377,0.0,0.0,0.0,new,0
251,,0004_top_20250705_t1.JPG_detect.csv,,,,,1614,253,1656,315,,,,,280,0,307,60,0.0,0.0,0.0,new,0
252,,0004_top_20250705_t1.JPG_detect.csv,,,,,1642,269,1686,334,,,,,302,11,330,75,0.0,0.0,0.0,new,0
253,0004_top_20250707_t0.png_detect.csv,0004_top_20250707_t1.png_detect.csv,419,605,453,653,422,604,456,656,265,37,325,109,228,97,290,144,0.7782426778242678,0.7335236668586731,0.7782426778242678,hungarian,1
254,0004_top_20250707_t0.png_detect.csv,0004_top_20250707_t1.png_detect.csv,433,468,473,531,430,467,476,536,420,77,500,164,383,27,465,93,0.7939508506616257,0.845819890499115,0.7939508506616257,hungarian,1
255,0004_top_20250707_t0.png_detect.csv,0004_top_20250707_t1.png_detect.csv,507,732,553,789,494,732,559,793,81,229,152,334,99,351,160,478,0.6612862547288777,0.7903724312782288,0.6612862547288777,hungarian,1
256,0004_top_20250707_t0.png_detect.csv,0004_top_20250707_t1.png_detect.csv,633,579,671,625,624,575,680,627,290,542,350,635,355,527,407,637,0.6002747252747253,0.7663354277610779,0.6002747252747253,hungarian,1
257,0004_top_20250707_t0.png_detect.csv,0004_top_20250707_t1.png_detect.csv,426,536,465,587,424,540,464,595,349,56,413,141,306,56,371,118,0.743237619642114,0.48345643281936646,0.743237619642114,hungarian,1
258,0004_top_20250707_t0.png_detect.csv,0004_top_20250707_t1.png_detect.csv,449,385,489,452,446,393,487,461,520,119,605,205,480,8,564,61,0.6949783013019218,0.6676187515258789,0.6949783013019218,hungarian,1
259,,0004_top_20250707_t1.png_detect.csv,,,,,469,337,493,378,,,,,588,3,639,33,0.0,0.0,0.0,new,0
260,0005_top_20250626_t0.jpg_detect.csv,0005_top_20250626_t1.jpg_detect.csv,415,559,455,617,408,545,452,620,243,546,272,639,219,373,251,508,0.6177317213586644,0.7241429686546326,0.6177317213586644,hungarian,1
261,0005_top_20250626_t0.jpg_detect.csv,0005_top_20250626_t1.jpg_detect.csv,457,724,502,801,455,719,500,802,236,216,265,338,222,36,253,163,0.8513756749807149,0.8869857788085938,0.8513756749807149,hungarian,1
262,0005_top_20250626_t0.jpg_detect.csv,0005_top_20250626_t1.jpg_detect.csv,437,637,483,713,436,636,480,714,236,371,267,493,217,193,249,322,0.892896174863388,0.8429680466651917,0.892896174863388,hungarian,1
263,0005_top_20250626_t0.jpg_detect.csv,0005_top_20250626_t1.jpg_detect.csv,284,646,315,697,272,652,313,717,395,466,420,553,383,305,409,396,0.4437266235974158,0.8086373805999756,0.4437266235974158,hungarian,1
264,,0005_top_20250626_t1.jpg_detect.csv,,,,,257,546,305,627,,,,,372,450,401,579,0.0,0.0,0.0,new,0
265,,0005_top_20250626_t1.jpg_detect.csv,,,,,478,805,501,823,,,,,228,0,254,9,0.0,0.0,0.0,new,0
266,,0005_top_20250704_t1.JPG_detect.csv,,,,,2052,995,2096,1072,,,,,558,293,594,426,0.0,0.0,0.0,new,0
267,,0005_top_20250704_t1.JPG_detect.csv,,,,,1846,1000,1896,1084,,,,,338,252,377,399,0.0,0.0,0.0,new,0
268,,0005_top_20250704_t1.JPG_detect.csv,,,,,1774,1016,1823,1081,,,,,258,262,298,375,0.0,0.0,0.0,new,0
269,0005_top_20250705_t0.JPG_detect.csv,0005_top_20250705_t1.JPG_detect.csv,1192,979,1272,1065,1194,999,1275,1102,370,87,387,133,370,87,387,133,0.5109677419354839,1.0,0.5109677419354839,hungarian,1
270,0005_top_20250705_t0.JPG_detect.csv,0005_top_20250705_t1.JPG_detect.csv,1005,1036,1129,1097,1055,1026,1139,1091,406,78,428,103,406,78,428,103,0.45454545454545453,1.0,0.45454545454545453,hungarian,1
271,,0005_top_20250705_t1.JPG_detect.csv,,,,,1227,539,1322,647,,,,,391,317,412,370,0.0,0.0,0.0,new,0
272,,0005_top_20250705_t1.JPG_detect.csv,,,,,897,1032,966,1108,,,,,457,48,474,82,0.0,0.0,0.0,new,0
273,,0005_top_20250705_t1.JPG_detect.csv,,,,,833,1026,900,1097,,,,,478,45,495,77,0.0,0.0,0.0,new,0
274,,0005_top_20250705_t1.JPG_detect.csv,,,,,777,1017,845,1096,,,,,496,38,513,75,0.0,0.0,0.0,new,0
275,,0005_top_20250705_t1.JPG_detect.csv,,,,,899,1037,958,1099,,,,,459,52,474,79,0.0,0.0,0.0,new,0
276,,0005_top_20250705_t1.JPG_detect.csv,,,,,747,1014,812,1092,,,,,507,36,523,73,0.0,0.0,0.0,new,0
277,,0005_top_20250705_t1.JPG_detect.csv,,,,,797,1018,870,1102,,,,,488,38,506,77,0.0,0.0,0.0,new,0
278,,0005_top_20250705_t1.JPG_detect.csv,,,,,790,1020,854,1093,,,,,493,41,509,75,0.0,0.0,0.0,new,0
279,,0005_top_20250705_t1.JPG_detect.csv,,,,,971,1020,1036,1099,,,,,437,61,452,97,0.0,0.0,0.0,new,0
280,,0005_top_20250705_t1.JPG_detect.csv,,,,,766,1016,836,1092,,,,,499,39,517,74,0.0,0.0,0.0,new,0
281,0005_top_20250707_t0.png_detect.csv,0005_top_20250707_t1.png_detect.csv,477,808,519,875,480,810,520,875,214,367,251,507,276,340,301,440,0.8805140673845085,0.8661552667617798,0.8805140673845085,hungarian,1
282,,0005_top_20250707_t1.png_detect.csv,,,,,448,698,478,714,,,,,281,614,307,640,0.0,0.0,0.0,new,0
283,0005_top_20250709_t0.png_detect.csv,0005_top_20250709_t1.png_detect.csv,981,497,1036,573,975,483,1031,564,103,402,150,443,181,465,229,507,0.6243011554230339,0.6874207854270935,0.6243011554230339,hungarian,1
284,0005_top_20250709_t0.png_detect.csv,0005_top_20250709_t1.png_detect.csv,999,597,1052,660,984,598,1039,668,173,431,215,479,255,498,295,544,0.5266510936504566,0.9441321492195129,0.5266510936504566,hungarian,1
285,0005_top_20250709_t0.png_detect.csv,0005_top_20250709_t1.png_detect.csv,1230,542,1304,599,1238,542,1311,600,215,122,236,193,287,176,311,245,0.8021321961620469,0.7004920840263367,0.8021321961620469,hungarian,1
286,,0005_top_20250709_t1.png_detect.csv,,,,,1225,1044,1298,1123,,,,,580,391,624,449,0.0,0.0,0.0,new,0
287,0006_top_20250707_t0.JPG_detect.csv,0006_top_20250707_t1.JPG_detect.csv,1167,926,1221,1013,1170,926,1218,1001,9,182,48,302,293,164,328,271,0.7662835249042146,0.7739019393920898,0.7662835249042146,hungarian,1
288,,0006_top_20250707_t1.JPG_detect.csv,,,,,1440,727,1574,863,,,,,0,361,109,547,0.0,0.0,0.0,new,0
289,,0006_top_20250707_t1.JPG_detect.csv,,,,,1334,918,1377,992,,,,,161,170,197,280,0.0,0.0,0.0,new,0
290,,0006_top_20250707_t1.JPG_detect.csv,,,,,1411,921,1451,989,,,,,97,171,130,275,0.0,0.0,0.0,new,0
291,,0006_top_20250707_t1.JPG_detect.csv,,,,,1220,928,1264,1005,,,,,255,156,289,268,0.0,0.0,0.0,new,0
292,,0006_top_20250707_t1.JPG_detect.csv,,,,,1265,928,1308,1003,,,,,219,157,253,267,0.0,0.0,0.0,new,0
293,,0006_top_20250707_t1.JPG_detect.csv,,,,,1374,921,1414,988,,,,,129,174,162,276,0.0,0.0,0.0,new,0
294,,0006_top_20250707_t1.JPG_detect.csv,,,,,1518,918,1558,994,,,,,0,158,32,277,0.0,0.0,0.0,new,0
295,,0006_top_20250707_t1.JPG_detect.csv,,,,,1453,920,1493,994,,,,,60,162,92,276,0.0,0.0,0.0,new,0
296,,0006_top_20250707_t1.JPG_detect.csv,,,,,1484,919,1526,995,,,,,30,159,64,276,0.0,0.0,0.0,new,0
297,,0006_top_20250707_t1.JPG_detect.csv,,,,,1476,919,1518,996,,,,,37,158,71,276,0.0,0.0,0.0,new,0
298,0006_top_20250708_t0.jpg_detect.csv,0006_top_20250708_t1.jpg_detect.csv,761,982,830,1061,780,993,817,1062,222,266,294,548,138,259,212,529,0.4584548104956268,0.8274701237678528,0.4584548104956268,hungarian,1
299,0006_top_20250708_t0.jpg_detect.csv,0006_top_20250708_t1.jpg_detect.csv,774,999,859,1064,819,1002,854,1071,311,290,382,567,227,281,297,554,0.37608318890814557,0.8097702264785767,0.37608318890814557,hungarian,1
300,0006_top_20250708_t0.jpg_detect.csv,0006_top_20250708_t1.jpg_detect.csv,746,987,781,1060,737,990,777,1060,125,273,200,549,40,261,121,535,0.6813186813186813,0.9142090082168579,0.6813186813186813,hungarian,1
301,,0006_top_20250708_t1.jpg_detect.csv,,,,,852,1001,887,1074,,,,,304,269,373,554,0.0,0.0,0.0,new,0
302,,0006_top_20250708_t1.jpg_detect.csv,,,,,886,1004,922,1078,,,,,381,269,453,561,0.0,0.0,0.0,new,0
303,,0006_top_20250708_t1.jpg_detect.csv,,,,,918,1014,954,1086,,,,,457,297,528,584,0.0,0.0,0.0,new,0
304,,0006_top_20250708_t1.jpg_detect.csv,,,,,953,1015,991,1083,,,,,537,289,615,556,0.0,0.0,0.0,new,0
305,,0006_top_20250708_t1.jpg_detect.csv,,,,,986,1019,1001,1085,,,,,613,295,639,562,0.0,0.0,0.0,new,0
306,0006_top_20250711_t0.JPG_detect.csv,0006_top_20250711_t1.JPG_detect.csv,749,640,793,698,748,640,792,699,353,314,477,481,353,314,477,481,0.9397136397889977,1.0,0.9397136397889977,hungarian,1
307,0006_top_20250711_t0.JPG_detect.csv,0006_top_20250711_t1.JPG_detect.csv,728,719,788,765,727,720,785,763,205,246,296,477,205,246,296,477,0.8744202640028541,1.0000001192092896,0.8744202640028541,hungarian,1
308,0006_top_20250711_t0.JPG_detect.csv,0006_top_20250711_t1.JPG_detect.csv,725,748,787,787,725,748,783,784,156,244,232,479,156,244,232,479,0.8635235732009926,1.0,0.8635235732009926,hungarian,1
309,0006_top_20250711_t0.JPG_detect.csv,0006_top_20250711_t1.JPG_detect.csv,735,744,790,783,734,744,786,780,167,279,243,490,167,279,243,490,0.8418156808803301,1.0,0.8418156808803301,hungarian,1
310,0006_top_20250711_t0.JPG_detect.csv,0006_top_20250711_t1.JPG_detect.csv,747,677,785,717,747,678,783,717,310,313,392,455,310,313,392,455,0.9236842105263158,1.0,0.9236842105263158,hungarian,1
311,0007_top_20250626_t0.jpg_detect.csv,0007_top_20250626_t1.jpg_detect.csv,457,725,488,799,457,723,504,795,261,405,331,459,205,430,236,569,0.6185860889395667,0.6114097237586975,0.6185860889395667,hungarian,1
312,0007_top_20250626_t0.jpg_detect.csv,0007_top_20250626_t1.jpg_detect.csv,481,813,510,884,481,812,526,880,350,372,414,420,208,264,238,384,0.6117758186397985,0.40191686153411865,0.6117758186397985,hungarian,1
313,0007_top_20250626_t0.jpg_detect.csv,0007_top_20250626_t1.jpg_detect.csv,500,900,533,988,500,899,556,984,434,340,509,392,209,78,244,216,0.5666394112837285,0.6641948819160461,0.5666394112837285,hungarian,1
314,,0007_top_20250626_t1.jpg_detect.csv,,,,,321,885,359,945,,,,,391,221,418,320,0.0,0.0,0.0,new,0
315,,0007_top_20250626_t1.jpg_detect.csv,,,,,451,691,482,711,,,,,202,607,233,639,0.0,0.0,0.0,new,0
316,,0007_top_20250626_t1.jpg_detect.csv,,,,,306,812,346,867,,,,,386,367,418,461,0.0,0.0,0.0,new,0
317,,0007_top_20250702_t1.jpg_detect.csv,,,,,-82,-990,1116,772,,,,,284,118,319,266,0.0,0.0,0.0,new,0
318,,0007_top_20250702_t1.jpg_detect.csv,,,,,-1785,-524,1708,804,,,,,0,132,33,257,0.0,0.0,0.0,new,0
319,,0007_top_20250702_t1.jpg_detect.csv,,,,,-222956,-127557,23329,15298,,,,,140,150,172,264,0.0,0.0,0.0,new,0
320,,0007_top_20250702_t1.jpg_detect.csv,,,,,632,-545,2002,839,,,,,555,88,591,232,0.0,0.0,0.0,new,0
321,0007_top_20250703_t0.png_detect.csv,0007_top_20250703_t1.png_detect.csv,461,883,583,934,514,900,583,936,324,398,402,457,296,532,391,599,0.36886792452830186,0.636374831199646,0.36886792452830186,hungarian,1
322,,0007_top_20250703_t1.png_detect.csv,,,,,447,982,473,1018,,,,,318,267,407,331,0.0,0.0,0.0,new,0
323,,0007_top_20250703_t1.png_detect.csv,,,,,362,1035,406,1100,,,,,325,26,411,95,0.0,0.0,0.0,new,0
324,,0007_top_20250703_t1.png_detect.csv,,,,,-808,1217,384,4128,,,,,158,125,208,191,0.0,0.0,0.0,new,0
325,,0007_top_20250703_t1.png_detect.csv,,,,,489,936,539,960,,,,,307,437,399,503,0.0,0.0,0.0,new,0
326,,0007_top_20250703_t1.png_detect.csv,,,,,583,953,879,1078,,,,,173,392,210,452,0.0,0.0,0.0,new,0
327,0007_top_20250705_t0.JPG_detect.csv,0007_top_20250705_t1.JPG_detect.csv,1000,1311,1092,1410,1000,1311,1092,1410,226,478,257,547,226,478,257,547,1.0,0.9999999403953552,1.0,hungarian,1
328,0007_top_20250705_t0.JPG_detect.csv,0007_top_20250705_t1.JPG_detect.csv,840,1235,945,1343,840,1235,945,1343,188,318,225,398,188,318,225,398,1.0,1.0,1.0,hungarian,1
329,0007_top_20250705_t0.JPG_detect.csv,0007_top_20250705_t1.JPG_detect.csv,1171,1216,1251,1297,1171,1216,1251,1297,333,527,363,591,333,527,363,591,1.0,1.0,1.0,hungarian,1
330,0007_top_20250707_t0.JPG_detect.csv,0007_top_20250707_t1.JPG_detect.csv,1745,708,1804,806,1741,707,1798,807,61,447,97,564,197,398,232,517,0.8260178117048346,0.7633558511734009,0.8260178117048346,hungarian,1
331,0007_top_20250707_t0.JPG_detect.csv,0007_top_20250707_t1.JPG_detect.csv,1616,713,1662,809,1609,713,1659,808,161,447,193,564,294,400,329,515,0.803975595355245,0.9001489281654358,0.803975595355245,hungarian,1
332,0007_top_20250707_t0.JPG_detect.csv,0007_top_20250707_t1.JPG_detect.csv,1658,710,1711,809,1654,712,1704,806,127,445,161,566,262,401,296,515,0.7689845278321181,0.8264502882957458,0.7689845278321181,hungarian,1
333,0007_top_20250707_t0.JPG_detect.csv,0007_top_20250707_t1.JPG_detect.csv,1839,702,1893,791,1832,705,1889,795,0,462,29,568,135,411,167,517,0.7629524485450674,0.682540237903595,0.7629524485450674,hungarian,1
334,0007_top_20250707_t0.JPG_detect.csv,0007_top_20250707_t1.JPG_detect.csv,1237,935,1288,1008,1237,933,1285,1002,466,168,499,282,603,124,636,231,0.8421052631578947,0.7413449883460999,0.8421052631578947,hungarian,1
335,0007_top_20250707_t0.JPG_detect.csv,0007_top_20250707_t1.JPG_detect.csv,1795,702,1851,800,1789,703,1843,799,29,453,61,570,166,407,198,520,0.7598944591029023,0.766132652759552,0.7598944591029023,hungarian,1
336,0007_top_20250707_t0.JPG_detect.csv,0007_top_20250707_t1.JPG_detect.csv,1435,712,1618,866,1442,729,1617,862,193,376,325,566,324,331,453,498,0.8258817685047193,0.85257488489151,0.8258817685047193,hungarian,1
337,0007_top_20250707_t0.JPG_detect.csv,0007_top_20250707_t1.JPG_detect.csv,1702,712,1751,803,1694,712,1743,802,98,451,129,562,235,405,266,514,0.7124927592199266,0.7958140969276428,0.7124927592199266,hungarian,1
338,0007_top_20250707_t0.JPG_detect.csv,0007_top_20250707_t1.JPG_detect.csv,1550,922,1597,1002,1544,922,1593,1002,206,173,243,293,341,127,380,246,0.8113207547169812,0.7474557161331177,0.8113207547169812,hungarian,1
339,0007_top_20250707_t0.JPG_detect.csv,0007_top_20250707_t1.JPG_detect.csv,1510,924,1558,1001,1507,924,1553,1003,237,175,275,290,374,125,410,243,0.8238367753172431,0.7251319885253906,0.8238367753172431,hungarian,1
340,0007_top_20250707_t0.JPG_detect.csv,0007_top_20250707_t1.JPG_detect.csv,1592,919,1644,998,1589,921,1640,1000,169,178,209,295,304,131,344,247,0.832244989867147,0.7042139172554016,0.832244989867147,hungarian,1
341,0007_top_20250707_t0.JPG_detect.csv,0007_top_20250707_t1.JPG_detect.csv,1678,914,1727,992,1675,916,1727,987,104,185,139,301,237,151,275,253,0.8622057001239157,0.7975231409072876,0.8622057001239157,hungarian,1
342,0007_top_20250707_t0.JPG_detect.csv,0007_top_20250707_t1.JPG_detect.csv,1385,925,1429,1000,1391,877,1447,989,345,178,376,293,462,146,501,310,0.34061624649859945,0.5837154388427734,0.34061624649859945,hungarian,1
343,0007_top_20250707_t0.JPG_detect.csv,0007_top_20250707_t1.JPG_detect.csv,1636,917,1685,995,1633,921,1680,994,137,182,173,298,273,140,308,247,0.7948527592180153,0.8099502921104431,0.7948527592180153,hungarian,1
344,0007_top_20250707_t0.JPG_detect.csv,0007_top_20250707_t1.JPG_detect.csv,1472,924,1516,1004,1465,924,1513,1002,272,171,306,292,407,127,444,243,0.7865223807181505,0.4018332362174988,0.7865223807181505,hungarian,1
345,0007_top_20250707_t0.JPG_detect.csv,0007_top_20250707_t1.JPG_detect.csv,1426,926,1472,1001,1425,925,1473,997,309,177,343,290,440,134,477,241,0.8972527472527473,0.7182742953300476,0.8972527472527473,hungarian,1
346,0007_top_20250707_t0.JPG_detect.csv,0007_top_20250707_t1.JPG_detect.csv,1716,913,1763,994,1713,917,1766,994,76,182,108,301,207,140,244,251,0.8477395174513938,0.880470335483551,0.8477395174513938,hungarian,1
347,0007_top_20250707_t0.JPG_detect.csv,0007_top_20250707_t1.JPG_detect.csv,1756,911,1811,1002,1755,919,1816,997,39,169,75,303,170,137,211,249,0.7838479809976246,0.6348943710327148,0.7838479809976246,hungarian,1
348,,0007_top_20250707_t1.JPG_detect.csv,,,,,1345,920,1391,995,,,,,510,136,543,249,0.0,0.0,0.0,new,0
349,,0007_top_20250707_t1.JPG_detect.csv,,,,,1976,958,2039,1036,,,,,1,81,37,193,0.0,0.0,0.0,new,0
350,,0007_top_20250707_t1.JPG_detect.csv,,,,,1278,930,1325,1002,,,,,568,124,601,235,0.0,0.0,0.0,new,0
351,,0007_top_20250707_t1.JPG_detect.csv,,,,,1887,684,1950,791,,,,,96,415,129,538,0.0,0.0,0.0,new,0
352,,0007_top_20250707_t1.JPG_detect.csv,,,,,1925,943,1988,1024,,,,,40,98,77,214,0.0,0.0,0.0,new,0
353,,0007_top_20250707_t1.JPG_detect.csv,,,,,1883,940,1941,1014,,,,,75,112,110,219,0.0,0.0,0.0,new,0
354,,0007_top_20250707_t1.JPG_detect.csv,,,,,1799,925,1860,1004,,,,,136,127,176,240,0.0,0.0,0.0,new,0
355,,0007_top_20250707_t1.JPG_detect.csv,,,,,2024,684,2093,783,,,,,3,421,36,533,0.0,0.0,0.0,new,0
356,,0007_top_20250707_t1.JPG_detect.csv,,,,,1931,706,1989,792,,,,,68,412,98,512,0.0,0.0,0.0,new,0
357,,0007_top_20250707_t1.JPG_detect.csv,,,,,1844,926,1898,1007,,,,,108,123,141,238,0.0,0.0,0.0,new,0
358,,0007_top_20250707_t1.JPG_detect.csv,,,,,1974,708,2034,791,,,,,38,412,69,508,0.0,0.0,0.0,new,0
359,,0007_top_20250707_t1.JPG_detect.csv,,,,,1393,882,1441,953,,,,,465,200,500,303,0.0,0.0,0.0,new,0
360,,0007_top_20250707_t1.JPG_detect.csv,,,,,1889,677,1969,789,,,,,84,417,128,546,0.0,0.0,0.0,new,0
361,,0007_top_20250707_t1.JPG_detect.csv,,,,,2003,959,2041,1037,,,,,0,80,16,193,0.0,0.0,0.0,new,0
362,,0007_top_20250707_t1.JPG_detect.csv,,,,,1474,808,1616,856,,,,,324,338,432,399,0.0,0.0,0.0,new,0
363,0007_top_20250708_t0.jpg_detect.csv,0007_top_20250708_t1.jpg_detect.csv,1298,644,1447,756,1305,674,1400,756,449,121,563,440,0,93,49,408,0.4668024928092042,0.563431978225708,0.4668024928092042,hungarian,1
364,,0007_top_20250708_t1.jpg_detect.csv,,,,,1401,851,1495,973,,,,,323,114,539,281,0.0,0.0,0.0,new,0
365,,0007_top_20250708_t1.jpg_detect.csv,,,,,1316,785,1420,875,,,,,176,187,282,511,0.0,0.0,0.0,new,0
366,,0007_top_20250711_t1.jpg_detect.csv,,,,,1014,961,1053,1073,,,,,100,355,163,565,0.0,0.0,0.0,new,0
367,,0007_top_20250711_t1.jpg_detect.csv,,,,,948,964,983,1078,,,,,231,339,287,553,0.0,0.0,0.0,new,0
368,,0007_top_20250711_t1.jpg_detect.csv,,,,,882,960,917,1071,,,,,357,348,414,554,0.0,0.0,0.0,new,0
369,0008_top_20250623_t0.jpg_detect.csv,0008_top_20250623_t1.jpg_detect.csv,1333,787,1416,848,1337,789,1421,858,165,476,239,559,199,404,293,472,0.7520167796063246,0.7839785218238831,0.7520167796063246,hungarian,1
370,0008_top_20250623_t0.jpg_detect.csv,0008_top_20250623_t1.jpg_detect.csv,1425,851,1482,956,1409,851,1497,958,121,258,161,434,195,108,248,311,0.6356202209005948,0.5479429364204407,0.6356202209005948,hungarian,1
371,0008_top_20250623_t0.jpg_detect.csv,0008_top_20250623_t1.jpg_detect.csv,1370,865,1428,972,1356,864,1443,972,180,250,218,428,259,142,309,350,0.6604938271604939,0.7107442617416382,0.6604938271604939,hungarian,1
372,0008_top_20250623_t0.jpg_detect.csv,0008_top_20250623_t1.jpg_detect.csv,1306,739,1410,788,1310,728,1412,811,158,584,255,640,172,516,289,594,0.5656892172708381,0.7943094372749329,0.5656892172708381,hungarian,1
373,0008_top_20250623_t0.jpg_detect.csv,0008_top_20250623_t1.jpg_detect.csv,1192,883,1265,985,1198,887,1278,984,340,292,389,449,434,304,482,489,0.7464109337314804,0.6405251622200012,0.7464109337314804,hungarian,1
374,,0008_top_20250623_t1.jpg_detect.csv,,,,,1312,704,1394,759,,,,,159,626,271,640,0.0,0.0,0.0,new,0
375,,0008_top_20250623_t1.jpg_detect.csv,,,,,1315,703,1396,756,,,,,155,630,267,640,0.0,0.0,0.0,new,0
376,0008_top_20250624_t0.jpg_detect.csv,0008_top_20250624_t1.jpg_detect.csv,846,1008,889,1077,842,1012,883,1058,240,256,334,593,259,175,347,250,0.5401459854014599,0.7762880325317383,0.5401459854014599,hungarian,1
377,0008_top_20250624_t0.jpg_detect.csv,0008_top_20250624_t1.jpg_detect.csv,911,1005,961,1077,922,1014,959,1063,438,168,539,517,278,350,374,413,0.5036111111111111,0.6709273457527161,0.5036111111111111,hungarian,1
378,0008_top_20250624_t0.jpg_detect.csv,0008_top_20250624_t1.jpg_detect.csv,946,1009,996,1085,963,1019,1005,1071,550,147,640,523,277,440,380,514,0.4020618556701031,0.5245806574821472,0.4020618556701031,hungarian,1
379,,0008_top_20250624_t1.jpg_detect.csv,,,,,1016,1023,1062,1081,,,,,278,557,391,638,0.0,0.0,0.0,new,0
380,0008_top_20250707_t0.JPG_detect.csv,0008_top_20250707_t1.JPG_detect.csv,1728,723,1779,813,1729,725,1780,809,424,406,458,524,503,403,536,519,0.8985879332477535,0.8154336810112,0.8985879332477535,hungarian,1
381,0008_top_20250707_t0.JPG_detect.csv,0008_top_20250707_t1.JPG_detect.csv,2021,961,2061,1036,2025,965,2064,1045,199,83,225,193,279,85,304,192,0.7171717171717171,0.9032570123672485,0.7171717171717171,hungarian,1
382,0008_top_20250707_t0.JPG_detect.csv,0008_top_20250707_t1.JPG_detect.csv,2100,1015,2143,1087,2114,1027,2155,1108,129,2,158,109,210,1,236,110,0.3720333547145606,0.8092389106750488,0.3720333547145606,hungarian,1
383,0008_top_20250707_t0.JPG_detect.csv,0008_top_20250707_t1.JPG_detect.csv,2154,702,2202,781,2153,717,2195,782,111,445,141,552,194,444,222,535,0.6731657260133401,0.7864090800285339,0.6731657260133401,hungarian,1
384,0008_top_20250707_t0.JPG_detect.csv,0008_top_20250707_t1.JPG_detect.csv,2065,719,2110,791,2062,719,2103,791,180,432,209,529,262,431,289,531,0.7916666666666666,0.8038092851638794,0.7916666666666666,hungarian,1
385,0008_top_20250707_t0.JPG_detect.csv,0008_top_20250707_t1.JPG_detect.csv,2109,710,2154,787,2107,713,2149,788,147,437,175,542,228,435,256,539,0.8098495212038304,0.8887707591056824,0.8098495212038304,hungarian,1
386,0008_top_20250707_t0.JPG_detect.csv,0008_top_20250707_t1.JPG_detect.csv,1999,719,2044,790,1994,720,2035,790,230,434,259,529,313,432,340,529,0.7108603667136812,0.7685667872428894,0.7108603667136812,hungarian,1
387,0008_top_20250707_t0.JPG_detect.csv,0008_top_20250707_t1.JPG_detect.csv,1775,721,1824,806,1774,724,1819,803,392,414,424,527,474,411,503,522,0.819038642789821,0.7542799711227417,0.819038642789821,hungarian,1
388,0008_top_20250707_t0.JPG_detect.csv,0008_top_20250707_t1.JPG_detect.csv,1935,944,1973,1018,1931,946,1972,1022,269,113,294,219,348,114,374,216,0.8161764705882353,0.8590861558914185,0.8161764705882353,hungarian,1
389,0008_top_20250707_t0.JPG_detect.csv,0008_top_20250707_t1.JPG_detect.csv,1817,722,1865,803,1814,725,1859,798,362,418,394,526,444,419,473,520,0.7465303140978816,0.7320411801338196,0.7465303140978816,hungarian,1
390,0008_top_20250707_t0.JPG_detect.csv,0008_top_20250707_t1.JPG_detect.csv,1980,959,2018,1028,1979,960,2018,1037,233,96,258,197,313,95,338,198,0.8497204866820125,0.8136564493179321,0.8497204866820125,hungarian,1
391,0008_top_20250707_t0.JPG_detect.csv,0008_top_20250707_t1.JPG_detect.csv,2067,977,2108,1046,2074,981,2113,1057,161,66,188,168,243,69,268,171,0.6168015629360871,0.6947698593139648,0.6168015629360871,hungarian,1
392,0008_top_20250707_t0.JPG_detect.csv,0008_top_20250707_t1.JPG_detect.csv,1957,723,2001,801,1946,725,1991,800,262,419,290,524,345,418,375,522,0.5990133897110641,0.8304595351219177,0.5990133897110641,hungarian,1
393,0008_top_20250707_t0.JPG_detect.csv,0008_top_20250707_t1.JPG_detect.csv,1753,924,1802,1001,1748,923,1795,994,400,144,434,253,480,149,510,246,0.7050359712230215,0.8450989127159119,0.7050359712230215,hungarian,1
394,0008_top_20250707_t0.JPG_detect.csv,0008_top_20250707_t1.JPG_detect.csv,1637,731,1685,811,1641,730,1689,808,491,409,523,514,571,403,602,512,0.8074356530028599,0.8452299237251282,0.8074356530028599,hungarian,1
395,0008_top_20250707_t0.JPG_detect.csv,0008_top_20250707_t1.JPG_detect.csv,1890,940,1929,1008,1884,940,1925,1010,303,130,330,226,383,129,409,224,0.7574793125397836,0.8290678858757019,0.7574793125397836,hungarian,1
396,0008_top_20250707_t0.JPG_detect.csv,0008_top_20250707_t1.JPG_detect.csv,1681,728,1726,806,1681,730,1728,801,462,416,492,517,542,413,572,512,0.8748630887185104,0.873759388923645,0.8748630887185104,hungarian,1
397,0008_top_20250707_t0.JPG_detect.csv,0008_top_20250707_t1.JPG_detect.csv,1866,715,1913,801,1861,728,1904,797,327,421,358,534,410,421,438,516,0.5976749487121039,0.6485913395881653,0.5976749487121039,hungarian,1
398,0008_top_20250707_t0.JPG_detect.csv,0008_top_20250707_t1.JPG_detect.csv,1846,928,1887,998,1842,927,1882,997,336,145,364,244,415,147,441,241,0.7796610169491526,0.5952894687652588,0.7796610169491526,hungarian,1
399,0008_top_20250707_t0.JPG_detect.csv,0008_top_20250707_t1.JPG_detect.csv,1595,729,1642,812,1602,731,1648,805,521,408,553,516,602,407,631,510,0.6812428078250863,0.7228947281837463,0.6812428078250863,hungarian,1
400,0008_top_20250707_t0.JPG_detect.csv,0008_top_20250707_t1.JPG_detect.csv,1705,921,1757,1003,1699,919,1748,994,434,144,470,258,515,149,546,250,0.6539583333333333,0.7866727709770203,0.6539583333333333,hungarian,1
401,0008_top_20250707_t0.JPG_detect.csv,0008_top_20250707_t1.JPG_detect.csv,1800,928,1843,995,1793,926,1836,994,369,151,399,246,449,150,477,242,0.6929133858267716,0.6514183878898621,0.6929133858267716,hungarian,1
402,0008_top_20250707_t0.JPG_detect.csv,0008_top_20250707_t1.JPG_detect.csv,1909,728,1956,803,1903,728,1942,799,295,418,326,518,382,419,407,517,0.5930144267274108,0.790916919708252,0.5930144267274108,hungarian,1
403,0008_top_20250707_t0.JPG_detect.csv,0008_top_20250707_t1.JPG_detect.csv,1572,927,1624,1014,1573,920,1618,1001,531,132,568,253,611,137,639,248,0.6881587104773713,0.7408748269081116,0.6881587104773713,hungarian,1
404,0008_top_20250707_t0.JPG_detect.csv,0008_top_20250707_t1.JPG_detect.csv,1670,921,1712,1000,1656,918,1707,998,467,149,496,259,545,143,578,252,0.6262914926357441,0.7516226768493652,0.6262914926357441,hungarian,1
405,0008_top_20250707_t0.JPG_detect.csv,0008_top_20250707_t1.JPG_detect.csv,1618,925,1669,1010,1612,919,1660,1000,498,137,534,254,580,139,610,249,0.6209343583678297,0.8300725817680359,0.6209343583678297,hungarian,1
406,,0008_top_20250707_t1.JPG_detect.csv,,,,,2280,921,2376,957,,,,,53,207,122,255,0.0,0.0,0.0,new,0
407,,0008_top_20250707_t1.JPG_detect.csv,,,,,2278,962,2371,999,,,,,55,151,122,199,0.0,0.0,0.0,new,0
408,,0008_top_20250707_t1.JPG_detect.csv,,,,,1587,818,1602,859,,,,,630,332,639,389,0.0,0.0,0.0,new,0
409,0008_top_20250709_t0.png_detect.csv,0008_top_20250709_t1.png_detect.csv,1061,1042,1123,1078,1063,1043,1125,1079,124,530,199,581,124,530,199,581,0.8883248730964467,1.0,0.8883248730964467,hungarian,1
410,0008_top_20250709_t0.png_detect.csv,0008_top_20250709_t1.png_detect.csv,1019,1017,1059,1088,1019,1018,1061,1089,209,476,247,620,209,476,247,620,0.9265387160820648,1.0,0.9265387160820648,hungarian,1
411,0008_top_20250709_t0.png_detect.csv,0008_top_20250709_t1.png_detect.csv,980,1016,1024,1087,981,1016,1026,1088,252,462,292,606,252,462,292,606,0.922077922077922,1.0,0.922077922077922,hungarian,1
412,0008_top_20250709_t0.png_detect.csv,0008_top_20250709_t1.png_detect.csv,944,1010,990,1084,945,1010,993,1084,295,452,334,602,295,452,334,602,0.9183673469387755,1.0,0.9183673469387755,hungarian,1
413,0008_top_20250709_t0.png_detect.csv,0008_top_20250709_t1.png_detect.csv,767,992,825,1066,770,990,829,1065,497,414,536,564,497,414,536,564,0.8538919608677159,1.0,0.8538919608677159,hungarian,1
414,0008_top_20250709_t0.png_detect.csv,0008_top_20250709_t1.png_detect.csv,807,999,862,1072,809,998,865,1071,452,419,491,566,452,419,491,566,0.8901329601119664,1.0,0.8901329601119664,hungarian,1
415,0008_top_20250709_t0.png_detect.csv,0008_top_20250709_t1.png_detect.csv,722,991,784,1062,726,990,789,1060,544,404,586,544,544,404,586,544,0.832016632016632,1.0,0.832016632016632,hungarian,1
416,0008_top_20250709_t0.png_detect.csv,0008_top_20250709_t1.png_detect.csv,840,998,895,1072,842,997,898,1071,413,433,454,582,413,433,454,582,0.8904487917146146,1.0000001192092896,0.8904487917146146,hungarian,1
417,0008_top_20250709_t0.png_detect.csv,0008_top_20250709_t1.png_detect.csv,907,1007,959,1083,908,1007,961,1083,334,439,376,593,334,439,376,593,0.9444444444444444,1.0,0.9444444444444444,hungarian,1
418,0008_top_20250709_t0.png_detect.csv,0008_top_20250709_t1.png_detect.csv,875,1003,926,1074,876,1002,928,1073,375,444,415,587,375,444,415,587,0.917912404930501,1.0,0.917912404930501,hungarian,1
419,0008_top_20250709_t0.png_detect.csv,0008_top_20250709_t1.png_detect.csv,1059,1339,1193,1400,1055,1349,1193,1417,31,5,162,53,31,5,162,53,0.6372622155911973,1.0000001192092896,0.6372622155911973,hungarian,1
420,0008_top_20250709_t0.png_detect.csv,0008_top_20250709_t1.png_detect.csv,981,1317,1058,1369,975,1325,1054,1381,168,8,239,62,168,8,239,62,0.61579754601227,1.0,0.61579754601227,hungarian,1
421,0008_top_20250709_t0.png_detect.csv,0008_top_20250709_t1.png_detect.csv,1067,1018,1128,1039,1069,1018,1130,1040,121,619,198,639,121,619,198,639,0.8952312138728323,0.9999998807907104,0.8952312138728323,hungarian,1
422,0008_top_20250711_t0.JPG_detect.csv,0008_top_20250711_t1.JPG_detect.csv,1134,753,1173,827,1132,762,1175,846,532,89,633,171,532,89,633,171,0.639666919000757,1.0,0.639666919000757,hungarian,1
423,0009_top_20250623_t0.jpg_detect.csv,0009_top_20250623_t1.jpg_detect.csv,1570,1001,1678,1093,1580,994,1659,1096,57,454,159,624,199,11,270,234,0.677605817639381,0.5928716659545898,0.677605817639381,hungarian,1
424,,0009_top_20250623_t1.jpg_detect.csv,,,,,1642,1179,1706,1249,,,,,334,445,405,640,0.0,0.0,0.0,new,0
425,,0009_top_20250623_t1.jpg_detect.csv,,,,,1350,1124,1469,1201,,,,,0,366,93,521,0.0,0.0,0.0,new,0
426,0009_top_20250626_t0.jpg_detect.csv,0009_top_20250626_t1.jpg_detect.csv,1685,455,1821,544,1687,457,1800,512,397,352,480,429,195,491,275,548,0.5134666226040978,0.4037656784057617,0.5134666226040978,hungarian,1
427,0009_top_20250626_t0.jpg_detect.csv,0009_top_20250626_t1.jpg_detect.csv,1527,542,1577,596,1514,549,1569,642,297,567,331,639,355,303,391,415,0.3379558294812532,0.4842464327812195,0.3379558294812532,hungarian,1
428,0009_top_20250626_t0.jpg_detect.csv,0009_top_20250626_t1.jpg_detect.csv,1687,614,1809,693,1687,618,1792,667,438,579,519,639,197,290,271,344,0.5338244449055821,0.5675122141838074,0.5338244449055821,hungarian,1
429,0009_top_20250626_t0.jpg_detect.csv,0009_top_20250626_t1.jpg_detect.csv,1516,384,1602,482,1516,368,1586,466,256,326,311,452,347,525,393,639,0.6011730205278593,0.7978889346122742,0.6011730205278593,hungarian,1
430,0009_top_20250626_t0.jpg_detect.csv,0009_top_20250626_t1.jpg_detect.csv,1698,393,1835,476,1697,400,1809,450,389,265,471,334,190,572,269,622,0.4859469398476491,0.735511302947998,0.4859469398476491,hungarian,1
431,0009_top_20250626_t0.jpg_detect.csv,0009_top_20250626_t1.jpg_detect.csv,1687,570,1809,647,1687,572,1784,616,426,513,505,573,204,355,272,403,0.45433255269320844,0.4901340901851654,0.45433255269320844,hungarian,1
432,0009_top_20250626_t0.jpg_detect.csv,0009_top_20250626_t1.jpg_detect.csv,1691,515,1817,594,1688,512,1793,563,414,433,494,496,199,425,273,479,0.4701815038893691,0.6396238207817078,0.4701815038893691,hungarian,1
433,,0009_top_20250626_t1.jpg_detect.csv,,,,,1678,734,1786,778,,,,,198,145,275,195,0.0,0.0,0.0,new,0
434,,0009_top_20250626_t1.jpg_detect.csv,,,,,1686,786,1775,826,,,,,205,82,268,129,0.0,0.0,0.0,new,0
435,,0009_top_20250626_t1.jpg_detect.csv,,,,,1685,680,1783,724,,,,,202,215,271,265,0.0,0.0,0.0,new,0
436,,0009_top_20250626_t1.jpg_detect.csv,,,,,1510,743,1559,830,,,,,358,65,390,172,0.0,0.0,0.0,new,0
437,,0009_top_20250626_t1.jpg_detect.csv,,,,,1473,661,1531,758,,,,,379,154,416,272,0.0,0.0,0.0,new,0
438,,0009_top_20250626_t1.jpg_detect.csv,,,,,1446,777,1492,849,,,,,403,37,433,125,0.0,0.0,0.0,new,0
439,,0009_top_20250626_t1.jpg_detect.csv,,,,,1533,856,1583,882,,,,,339,0,373,31,0.0,0.0,0.0,new,0
440,,0009_top_20250703_t1.png_detect.csv,,,,,92,785,139,866,,,,,393,66,461,132,0.0,0.0,0.0,new,0
441,,0009_top_20250703_t1.png_detect.csv,,,,,160,784,206,856,,,,,398,166,459,233,0.0,0.0,0.0,new,0
442,0009_top_20250704_t0.png_detect.csv,0009_top_20250704_t1.png_detect.csv,-3,933,46,1006,-7,937,36,1019,14,327,52,443,77,272,113,398,0.6099274705349048,0.7605106234550476,0.6099274705349048,hungarian,1
443,0009_top_20250704_t0.png_detect.csv,0009_top_20250704_t1.png_detect.csv,63,933,106,1001,59,939,99,1010,76,332,108,438,138,279,171,388,0.6319365798414496,0.8293715119361877,0.6319365798414496,hungarian,1
444,,0009_top_20250704_t1.png_detect.csv,,,,,-103,1162,-80,1182,,,,,0,611,20,640,0.0,0.0,0.0,new,0
445,0009_top_20250705_t0.png_detect.csv,0009_top_20250705_t1.JPG_detect.csv,878,875,942,949,886,863,953,946,156,67,181,129,385,275,428,307,0.6290143964562569,0.6947744488716125,0.6290143964562569,hungarian,1
446,0009_top_20250705_t0.png_detect.csv,0009_top_20250705_t1.JPG_detect.csv,412,688,505,769,439,675,491,745,375,143,412,207,180,605,220,640,0.3610671214520648,0.6491934657096863,0.3610671214520648,hungarian,1
447,0009_top_20250705_t0.png_detect.csv,0009_top_20250705_t1.JPG_detect.csv,753,637,829,710,759,625,816,697,231,272,262,333,235,298,271,328,0.5487804878048781,0.6247923970222473,0.5487804878048781,hungarian,1
448,0009_top_20250705_t0.png_detect.csv,0009_top_20250705_t1.JPG_detect.csv,1068,752,1136,824,1079,736,1153,822,76,230,104,291,354,100,394,131,0.5488308115543329,0.618236780166626,0.5488308115543329,hungarian,1
449,0009_top_20250705_t0.png_detect.csv,0009_top_20250705_t1.JPG_detect.csv,943,596,1021,672,966,589,1030,671,144,354,177,418,262,137,300,165,0.5850234009360374,0.647861897945404,0.5850234009360374,hungarian,1
450,0009_top_20250705_t0.png_detect.csv,0009_top_20250705_t1.JPG_detect.csv,555,329,634,398,556,303,612,374,356,541,389,600,18,349,49,386,0.3648472564065441,0.5708332657814026,0.3648472564065441,hungarian,1
451,0009_top_20250705_t0.png_detect.csv,0009_top_20250705_t1.JPG_detect.csv,486,677,576,755,476,656,541,740,344,172,380,234,182,552,228,596,0.3843594009983361,0.8212235569953918,0.3843594009983361,hungarian,1
452,0009_top_20250705_t0.png_detect.csv,0009_top_20250705_t1.JPG_detect.csv,1078,575,1146,641,1092,564,1154,637,86,415,115,471,275,50,306,77,0.5908930462407342,0.6355912685394287,0.5908930462407342,hungarian,1
453,0009_top_20250705_t0.png_detect.csv,0009_top_20250705_t1.JPG_detect.csv,1013,494,1092,562,1035,489,1102,569,119,483,154,539,230,63,264,93,0.5653442240373395,0.5253736972808838,0.5653442240373395,hungarian,1
454,0009_top_20250705_t0.png_detect.csv,0009_top_20250705_t1.JPG_detect.csv,822,617,903,688,835,605,899,688,198,311,232,369,242,233,283,263,0.6970394232244209,0.5825368165969849,0.6970394232244209,hungarian,1
455,0009_top_20250705_t0.png_detect.csv,0009_top_20250705_t1.JPG_detect.csv,496,866,563,930,511,845,569,920,330,4,356,55,300,601,344,639,0.4816466552315609,0.7070329785346985,0.4816466552315609,hungarian,1
456,0009_top_20250705_t0.png_detect.csv,0009_top_20250705_t1.JPG_detect.csv,867,605,952,679,879,592,942,675,176,331,212,391,245,198,285,227,0.6203404135602757,0.5910372138023376,0.6203404135602757,hungarian,1
457,0009_top_20250705_t0.png_detect.csv,0009_top_20250705_t1.JPG_detect.csv,1017,761,1091,827,994,753,1064,834,96,218,128,270,348,161,386,194,0.41626409017713367,0.45440956950187683,0.41626409017713367,hungarian,1
458,0009_top_20250705_t0.png_detect.csv,0009_top_20250705_t1.JPG_detect.csv,1060,495,1121,560,1072,490,1138,567,105,492,131,550,238,41,270,70,0.5433299215284886,0.7947643399238586,0.5433299215284886,hungarian,1
459,0009_top_20250705_t0.png_detect.csv,0009_top_20250705_t1.JPG_detect.csv,525,407,615,476,523,383,584,466,356,457,394,512,48,405,88,444,0.44674024640657084,0.7826370596885681,0.44674024640657084,hungarian,1
460,0009_top_20250705_t0.png_detect.csv,0009_top_20250705_t1.JPG_detect.csv,505,681,569,744,523,656,576,719,347,181,372,233,194,510,226,548,0.3108660857193669,0.6008302569389343,0.3108660857193669,hungarian,1
461,0009_top_20250705_t0.png_detect.csv,0009_top_20250705_t1.JPG_detect.csv,475,595,569,671,465,571,527,650,356,252,395,311,131,528,172,572,0.3114789806142453,0.46531942486763,0.3114789806142453,hungarian,1
462,0009_top_20250705_t0.png_detect.csv,0009_top_20250705_t1.JPG_detect.csv,776,380,848,450,787,367,856,449,248,540,278,601,117,189,152,227,0.6486361534905224,0.4556112587451935,0.6486361534905224,hungarian,1
463,0009_top_20250705_t0.png_detect.csv,0009_top_20250705_t1.JPG_detect.csv,895,780,981,860,905,761,987,860,146,160,182,224,337,222,386,261,0.6817672123794573,0.5818904042243958,0.6817672123794573,hungarian,1
464,0009_top_20250705_t0.png_detect.csv,0009_top_20250705_t1.JPG_detect.csv,563,392,652,469,566,368,630,458,340,472,377,537,53,364,98,400,0.5035165097151031,0.6587081551551819,0.5035165097151031,hungarian,1
465,0009_top_20250705_t0.png_detect.csv,0009_top_20250705_t1.JPG_detect.csv,536,667,620,738,575,650,632,724,325,198,359,254,204,461,243,496,0.33674675068924775,0.6205568909645081,0.33674675068924775,hungarian,1
466,0009_top_20250705_t0.png_detect.csv,0009_top_20250705_t1.JPG_detect.csv,481,334,547,395,470,322,527,390,397,524,424,577,0,426,29,469,0.4836650394292152,0.6603863835334778,0.4836650394292152,hungarian,1
467,0009_top_20250705_t0.png_detect.csv,0009_top_20250705_t1.JPG_detect.csv,942,516,998,575,954,516,1007,586,163,448,186,499,223,129,256,151,0.5875961973743775,0.6269378066062927,0.5875961973743775,hungarian,1
468,0009_top_20250705_t0.png_detect.csv,0009_top_20250705_t1.JPG_detect.csv,519,589,607,665,508,567,572,651,339,266,375,327,141,486,185,528,0.3743449532923217,0.5894949436187744,0.3743449532923217,hungarian,1
469,0009_top_20250705_t0.png_detect.csv,0009_top_20250705_t1.JPG_detect.csv,603,571,693,645,600,550,667,637,301,306,339,364,158,397,202,437,0.511070780399274,0.42032814025878906,0.511070780399274,hungarian,1
470,0009_top_20250705_t0.png_detect.csv,0009_top_20250705_t1.JPG_detect.csv,944,766,1018,838,914,763,988,854,130,190,161,249,339,220,384,254,0.35619518776703396,0.641196608543396,0.35619518776703396,hungarian,1
471,0009_top_20250705_t0.png_detect.csv,0009_top_20250705_t1.JPG_detect.csv,557,578,651,656,559,560,620,639,320,285,359,347,151,439,192,477,0.44139976275207593,0.7435236573219299,0.44139976275207593,hungarian,1
472,0009_top_20250705_t0.png_detect.csv,0009_top_20250705_t1.JPG_detect.csv,568,842,660,921,554,833,621,915,288,33,325,94,304,547,351,590,0.4350612841560778,0.7011483907699585,0.4350612841560778,hungarian,1
473,0009_top_20250705_t0.png_detect.csv,0009_top_20250705_t1.JPG_detect.csv,645,563,728,636,648,543,710,624,286,322,320,382,166,357,207,392,0.5181531716673516,0.5833777785301208,0.5181531716673516,hungarian,1
474,0009_top_20250705_t0.png_detect.csv,0009_top_20250705_t1.JPG_detect.csv,934,513,1010,580,952,509,1017,585,157,445,190,501,222,121,255,152,0.6322811584770582,0.6974232792854309,0.6322811584770582,hungarian,1
475,0009_top_20250705_t0.png_detect.csv,0009_top_20250705_t1.JPG_detect.csv,452,420,537,493,477,391,542,478,391,421,426,482,38,446,81,489,0.4152744630071599,0.6406418681144714,0.4152744630071599,hungarian,1
476,0009_top_20250705_t0.png_detect.csv,0009_top_20250705_t1.JPG_detect.csv,950,599,1008,662,927,602,984,678,150,362,174,416,259,171,296,195,0.343087790110999,0.7755460143089294,0.343087790110999,hungarian,1
477,0009_top_20250705_t0.png_detect.csv,0009_top_20250705_t1.JPG_detect.csv,1031,764,1085,823,1038,755,1103,828,99,220,121,270,356,134,390,164,0.5376114773167895,0.6880320310592651,0.5376114773167895,hungarian,1
478,0009_top_20250705_t0.png_detect.csv,0009_top_20250705_t1.JPG_detect.csv,661,843,723,906,655,831,713,901,260,61,284,112,324,456,362,492,0.6092929292929293,0.740073025226593,0.6092929292929293,hungarian,1
479,0009_top_20250705_t0.png_detect.csv,0009_top_20250705_t1.JPG_detect.csv,695,827,761,893,691,815,759,898,244,81,270,135,323,414,368,453,0.7313019390581718,0.7254747748374939,0.7313019390581718,hungarian,1
480,0009_top_20250705_t0.png_detect.csv,0009_top_20250705_t1.JPG_detect.csv,615,389,689,457,610,359,680,456,323,494,354,552,63,322,110,361,0.5832328913887773,0.6209329962730408,0.5832328913887773,hungarian,1
481,0009_top_20250705_t0.png_detect.csv,0009_top_20250705_t1.JPG_detect.csv,894,519,975,590,912,516,974,593,173,427,208,485,216,152,251,181,0.7189286297566553,0.3936229348182678,0.7189286297566553,hungarian,1
482,0009_top_20250705_t0.png_detect.csv,0009_top_20250705_t1.JPG_detect.csv,616,845,685,911,607,834,668,905,277,48,304,101,316,499,355,538,0.5411968777103209,0.3602752089500427,0.5411968777103209,hungarian,1
483,0009_top_20250705_t0.png_detect.csv,0009_top_20250705_t1.JPG_detect.csv,853,524,934,595,873,516,933,582,192,412,227,470,208,176,236,209,0.5584978334135773,0.4461391568183899,0.5584978334135773,hungarian,1
484,0009_top_20250705_t0.png_detect.csv,0009_top_20250705_t1.JPG_detect.csv,523,326,591,388,511,297,572,379,377,542,405,596,0,384,39,422,0.39223682223229117,0.3253503739833832,0.39223682223229117,hungarian,1
485,0009_top_20250705_t0.png_detect.csv,0009_top_20250705_t1.JPG_detect.csv,693,557,759,624,692,536,756,619,272,342,299,399,174,318,215,353,0.6702127659574468,0.572218656539917,0.6702127659574468,hungarian,1
486,0009_top_20250705_t0.png_detect.csv,0009_top_20250705_t1.JPG_detect.csv,973,505,1055,573,993,504,1059,584,136,463,172,518,228,94,263,124,0.6349397590361445,0.31940725445747375,0.6349397590361445,hungarian,1
487,0009_top_20250705_t0.png_detect.csv,0009_top_20250705_t1.JPG_detect.csv,486,418,572,486,431,383,497,472,375,436,411,492,19,484,63,530,0.053378864126527675,0.8278748989105225,0.053378864126527675,reid_assist,1
488,,0009_top_20250705_t1.JPG_detect.csv,,,,,766,1149,838,1241,,,,,528,475,584,511,0.0,0.0,0.0,new,0
489,,0009_top_20250705_t1.JPG_detect.csv,,,,,574,923,638,1003,,,,,361,567,408,607,0.0,0.0,0.0,new,0
490,,0009_top_20250705_t1.JPG_detect.csv,,,,,749,899,820,986,,,,,381,394,429,433,0.0,0.0,0.0,new,0
491,,0009_top_20250705_t1.JPG_detect.csv,,,,,777,784,851,877,,,,,324,331,373,368,0.0,0.0,0.0,new,0
492,,0009_top_20250705_t1.JPG_detect.csv,,,,,338,408,400,489,,,,,0,584,40,633,0.0,0.0,0.0,new,0
493,,0009_top_20250705_t1.JPG_detect.csv,,,,,618,642,681,724,,,,,211,417,254,454,0.0,0.0,0.0,new,0
494,,0009_top_20250705_t1.JPG_detect.csv,,,,,825,775,896,862,,,,,328,291,373,326,0.0,0.0,0.0,new,0
495,,0009_top_20250705_t1.JPG_detect.csv,,,,,622,930,682,1002,,,,,374,525,416,561,0.0,0.0,0.0,new,0
496,,0009_top_20250705_t1.JPG_detect.csv,,,,,816,1135,883,1217,,,,,526,426,574,459,0.0,0.0,0.0,new,0
497,,0009_top_20250705_t1.JPG_detect.csv,,,,,411,574,474,657,,,,,116,583,161,627,0.0,0.0,0.0,new,0
498,,0009_top_20250705_t1.JPG_detect.csv,,,,,861,1129,927,1209,,,,,528,385,574,418,0.0,0.0,0.0,new,0
499,,0009_top_20250705_t1.JPG_detect.csv,,,,,383,390,448,484,,,,,5,536,55,579,0.0,0.0,0.0,new,0
500,,0009_top_20250705_t1.JPG_detect.csv,,,,,794,879,866,968,,,,,378,350,426,387,0.0,0.0,0.0,new,0
501,,0009_top_20250705_t1.JPG_detect.csv,,,,,677,1174,762,1260,,,,,534,552,586,609,0.0,0.0,0.0,new,0
502,,0009_top_20250705_t1.JPG_detect.csv,,,,,835,876,908,962,,,,,384,314,429,352,0.0,0.0,0.0,new,0
503,,0009_top_20250705_t1.JPG_detect.csv,,,,,659,901,732,991,,,,,366,473,417,516,0.0,0.0,0.0,new,0
504,,0009_top_20250705_t1.JPG_detect.csv,,,,,1064,1041,1129,1118,,,,,504,201,544,229,0.0,0.0,0.0,new,0
505,,0009_top_20250705_t1.JPG_detect.csv,,,,,736,800,806,889,,,,,324,372,372,408,0.0,0.0,0.0,new,0
506,,0009_top_20250705_t1.JPG_detect.csv,,,,,709,908,777,991,,,,,379,433,425,472,0.0,0.0,0.0,new,0
507,,0009_top_20250705_t1.JPG_detect.csv,,,,,663,629,726,712,,,,,215,375,258,410,0.0,0.0,0.0,new,0
508,,0009_top_20250705_t1.JPG_detect.csv,,,,,942,1100,1007,1180,,,,,521,311,566,340,0.0,0.0,0.0,new,0
509,,0009_top_20250705_t1.JPG_detect.csv,,,,,1024,1067,1089,1146,,,,,513,238,555,266,0.0,0.0,0.0,new,0
510,,0009_top_20250705_t1.JPG_detect.csv,,,,,779,522,843,606,,,,,188,248,229,279,0.0,0.0,0.0,new,0
511,,0009_top_20250705_t1.JPG_detect.csv,,,,,709,627,772,708,,,,,225,336,266,370,0.0,0.0,0.0,new,0
512,,0009_top_20250705_t1.JPG_detect.csv,,,,,637,1148,726,1240,,,,,513,579,569,639,0.0,0.0,0.0,new,0
513,,0009_top_20250705_t1.JPG_detect.csv,,,,,926,862,1001,952,,,,,392,241,438,276,0.0,0.0,0.0,new,0
514,,0009_top_20250705_t1.JPG_detect.csv,,,,,655,346,740,457,,,,,73,274,124,322,0.0,0.0,0.0,new,0
515,,0009_top_20250705_t1.JPG_detect.csv,,,,,1007,581,1075,663,,,,,267,106,304,136,0.0,0.0,0.0,new,0
516,,0009_top_20250705_t1.JPG_detect.csv,,,,,970,850,1039,934,,,,,392,209,435,239,0.0,0.0,0.0,new,0
517,,0009_top_20250705_t1.JPG_detect.csv,,,,,951,752,1021,843,,,,,339,194,385,223,0.0,0.0,0.0,new,0
518,,0009_top_20250705_t1.JPG_detect.csv,,,,,742,535,798,607,,,,,185,282,220,312,0.0,0.0,0.0,new,0
519,,0009_top_20250705_t1.JPG_detect.csv,,,,,1013,844,1081,925,,,,,396,177,436,207,0.0,0.0,0.0,new,0
520,,0009_top_20250705_t1.JPG_detect.csv,,,,,800,617,860,695,,,,,240,264,279,293,0.0,0.0,0.0,new,0
521,,0009_top_20250705_t1.JPG_detect.csv,,,,,824,516,887,597,,,,,196,213,234,244,0.0,0.0,0.0,new,0
522,,0009_top_20250705_t1.JPG_detect.csv,,,,,1059,847,1127,921,,,,,405,144,440,176,0.0,0.0,0.0,new,0
523,,0009_top_20250705_t1.JPG_detect.csv,,,,,1049,574,1117,654,,,,,272,77,307,107,0.0,0.0,0.0,new,0
524,,0009_top_20250705_t1.JPG_detect.csv,,,,,542,928,591,1004,,,,,354,617,403,640,0.0,0.0,0.0,new,0
525,,0009_top_20250705_t1.JPG_detect.csv,,,,,708,362,765,430,,,,,92,249,121,283,0.0,0.0,0.0,new,0
526,,0009_top_20250705_t1.JPG_detect.csv,,,,,752,359,821,444,,,,,104,212,141,250,0.0,0.0,0.0,new,0
527,,0009_top_20250705_t1.JPG_detect.csv,,,,,390,566,420,625,,,,,96,630,135,639,0.0,0.0,0.0,new,0
528,,0009_top_20250705_t1.JPG_detect.csv,,,,,434,350,471,383,,,,,0,475,9,512,0.0,0.0,0.0,new,0
529,0009_top_20250707_t0.png_detect.csv,0009_top_20250707_t1.png_detect.csv,1597,1000,1672,1140,1594,994,1674,1134,80,395,166,471,69,431,149,495,0.8626609442060086,0.6665154695510864,0.8626609442060086,hungarian,1
530,0009_top_20250707_t0.png_detect.csv,0009_top_20250707_t1.png_detect.csv,1389,864,1463,1001,1401,874,1480,1010,150,128,236,198,115,179,193,241,0.605319803198032,0.7235773801803589,0.605319803198032,hungarian,1
531,0009_top_20250707_t0.png_detect.csv,0009_top_20250707_t1.png_detect.csv,1540,976,1616,1110,1541,974,1622,1109,94,323,176,399,76,364,153,430,0.8951005025125628,0.8726696372032166,0.8951005025125628,hungarian,1
532,0009_top_20250707_t0.png_detect.csv,0009_top_20250707_t1.png_detect.csv,1426,752,1501,879,1435,757,1516,889,234,153,315,227,193,186,269,252,0.6618988902589396,0.6901859641075134,0.6618988902589396,hungarian,1
533,0009_top_20250707_t0.png_detect.csv,0009_top_20250707_t1.png_detect.csv,1522,523,1593,638,1518,515,1596,641,411,232,489,308,357,217,431,282,0.8307895807895808,0.7322436571121216,0.8307895807895808,hungarian,1
534,0009_top_20250707_t0.png_detect.csv,0009_top_20250707_t1.png_detect.csv,1481,631,1549,749,1478,635,1556,759,328,199,406,268,278,202,350,266,0.7795655671761866,0.6494048833847046,0.7795655671761866,hungarian,1
535,0009_top_20250707_t0.png_detect.csv,0009_top_20250707_t1.png_detect.csv,1685,933,1754,1067,1672,924,1757,1060,135,492,219,565,125,502,202,574,0.7276426139666197,0.48373061418533325,0.7276426139666197,hungarian,1
536,0009_top_20250707_t0.png_detect.csv,0009_top_20250707_t1.png_detect.csv,1534,376,1598,486,1527,366,1600,479,523,223,601,292,459,184,526,246,0.7579625158100495,0.742432713508606,0.7579625158100495,hungarian,1
537,0009_top_20250707_t0.png_detect.csv,0009_top_20250707_t1.png_detect.csv,1678,717,1781,786,1674,705,1775,785,329,448,367,576,297,434,335,543,0.767780235129787,0.6704681515693665,0.767780235129787,hungarian,1
538,0009_top_20250707_t0.png_detect.csv,0009_top_20250707_t1.png_detect.csv,1694,413,1787,475,1688,376,1787,460,558,428,594,548,502,366,544,473,0.45010812480692,0.7439037561416626,0.45010812480692,hungarian,1
539,0009_top_20250707_t0.png_detect.csv,0009_top_20250707_t1.png_detect.csv,1683,662,1783,731,1678,645,1786,732,368,448,407,572,331,425,373,541,0.7343550446998723,0.7096576690673828,0.7343550446998723,hungarian,1
540,0009_top_20250707_t0.png_detect.csv,0009_top_20250707_t1.png_detect.csv,1680,550,1784,625,1677,530,1788,625,445,430,489,560,398,396,445,514,0.7396870554765291,0.7087026834487915,0.7396870554765291,hungarian,1
541,0009_top_20250707_t0.png_detect.csv,0009_top_20250707_t1.png_detect.csv,1669,771,1774,841,1663,761,1768,843,290,444,328,573,260,436,299,548,0.7674418604651163,0.8912864923477173,0.7674418604651163,hungarian,1
542,0009_top_20250707_t0.png_detect.csv,0009_top_20250707_t1.png_detect.csv,1677,609,1780,679,1681,593,1782,678,405,434,445,562,364,415,406,522,0.7620481927710844,0.6502472758293152,0.7620481927710844,hungarian,1
543,0009_top_20250709_t0.JPG_detect.csv,0009_top_20250709_t1.JPG_detect.csv,1072,451,1126,514,1084,451,1118,515,446,0,500,116,463,85,497,216,0.6233993015133876,0.764724612236023,0.6233993015133876,hungarian,1
544,0009_top_20250709_t0.JPG_detect.csv,0009_top_20250709_t1.JPG_detect.csv,938,473,972,534,943,482,970,536,268,108,304,233,283,100,311,209,0.6597744360902256,0.8685216307640076,0.6597744360902256,hungarian,1
545,0009_top_20250709_t0.JPG_detect.csv,0009_top_20250709_t1.JPG_detect.csv,969,466,1004,532,975,475,1003,535,311,78,346,213,323,95,352,217,0.6666666666666666,0.7469843029975891,0.6666666666666666,hungarian,1
546,0009_top_20250709_t0.JPG_detect.csv,0009_top_20250709_t1.JPG_detect.csv,1122,463,1169,518,1124,458,1157,515,514,0,557,104,512,115,544,230,0.624,0.6464055180549622,0.624,hungarian,1
547,0009_top_20250709_t0.JPG_detect.csv,0009_top_20250709_t1.JPG_detect.csv,847,467,876,531,855,479,881,535,135,139,171,275,172,61,201,173,0.4918918918918919,0.7736907005310059,0.4918918918918919,hungarian,1
548,0009_top_20250709_t0.JPG_detect.csv,0009_top_20250709_t1.JPG_detect.csv,876,470,909,534,884,482,909,537,177,131,217,265,209,77,235,190,0.594421582075903,0.7517279386520386,0.594421582075903,hungarian,1
549,0009_top_20250709_t0.JPG_detect.csv,0009_top_20250709_t1.JPG_detect.csv,1033,459,1075,528,1041,463,1075,529,399,31,436,171,408,96,441,229,0.7537517053206003,0.3186412453651428,0.7537517053206003,hungarian,1
550,0009_top_20250709_t0.JPG_detect.csv,0009_top_20250709_t1.JPG_detect.csv,816,459,842,525,823,474,849,531,87,138,121,278,132,38,162,154,0.4347240915208614,0.7622315883636475,0.4347240915208614,hungarian,1
551,0009_top_20250709_t0.JPG_detect.csv,0009_top_20250709_t1.JPG_detect.csv,1001,469,1038,530,1008,474,1037,530,356,68,391,192,365,106,394,220,0.71953921134249,0.6308834552764893,0.71953921134249,hungarian,1
552,0009_top_20250709_t0.JPG_detect.csv,0009_top_20250709_t1.JPG_detect.csv,1016,645,1055,704,1013,652,1053,734,434,471,474,632,349,477,386,626,0.5261143013398961,0.6449699401855469,0.5261143013398961,hungarian,1
553,0009_top_20250709_t0.JPG_detect.csv,0009_top_20250709_t1.JPG_detect.csv,907,477,940,540,914,488,939,543,224,131,262,263,245,100,272,213,0.6035283194057567,0.8503255248069763,0.6035283194057567,hungarian,1
554,0009_top_20250709_t0.JPG_detect.csv,0009_top_20250709_t1.JPG_detect.csv,988,647,1022,699,981,658,1016,732,388,496,426,639,310,477,344,611,0.3576323987538941,0.7998431921005249,0.3576323987538941,hungarian,1
555,0009_top_20250709_t0.JPG_detect.csv,0009_top_20250709_t1.JPG_detect.csv,1048,646,1089,701,1052,652,1093,730,482,454,525,600,395,491,433,631,0.4980769230769231,0.6623221635818481,0.4980769230769231,hungarian,1
556,,0009_top_20250709_t1.JPG_detect.csv,,,,,906,657,939,737,,,,,221,450,254,594,0.0,0.0,0.0,new,0
557,,0009_top_20250709_t1.JPG_detect.csv,,,,,769,482,795,533,,,,,63,36,94,138,0.0,0.0,0.0,new,0
558,,0009_top_20250709_t1.JPG_detect.csv,,,,,943,654,979,734,,,,,265,456,301,602,0.0,0.0,0.0,new,0
559,0010_top_20250623_t0.jpg_detect.csv,0010_top_20250623_t1.jpg_detect.csv,1270,615,1370,698,1307,619,1368,672,39,10,133,105,0,1,53,92,0.38951807228915664,0.7346501350402832,0.38951807228915664,hungarian,1
560,0010_top_20250623_t0.jpg_detect.csv,0010_top_20250623_t1.jpg_detect.csv,1290,677,1384,754,1303,678,1379,749,49,114,137,209,0,105,66,228,0.7455098093395965,0.8074398040771484,0.7455098093395965,hungarian,1
561,0010_top_20250623_t0.jpg_detect.csv,0010_top_20250623_t1.jpg_detect.csv,1306,735,1402,812,1300,731,1395,809,55,216,145,318,0,196,83,329,0.8016066212268744,0.9137572646141052,0.8016066212268744,hungarian,1
562,0010_top_20250623_t0.jpg_detect.csv,0010_top_20250623_t1.jpg_detect.csv,1329,795,1411,854,1320,795,1404,854,69,321,147,401,19,310,93,407,0.8241758241758241,0.8876475095748901,0.8241758241758241,hungarian,1
563,0010_top_20250623_t0.jpg_detect.csv,0010_top_20250623_t1.jpg_detect.csv,1358,870,1413,973,1355,872,1408,982,87,451,128,638,55,443,100,624,0.7835531419705197,0.8195937275886536,0.7835531419705197,hungarian,1
564,0010_top_20250623_t0.jpg_detect.csv,0010_top_20250623_t1.jpg_detect.csv,1414,856,1472,959,1415,854,1473,960,146,445,190,624,109,418,161,595,0.939209726443769,0.7623926997184753,0.939209726443769,hungarian,1
565,,0010_top_20250623_t1.jpg_detect.csv,,,,,1583,629,1649,725,,,,,271,0,343,185,0.0,0.0,0.0,new,0
566,,0010_top_20250623_t1.jpg_detect.csv,,,,,1616,750,1685,866,,,,,309,233,386,451,0.0,0.0,0.0,new,0
567,0010_top_20250630_t0.jpg_detect.csv,0010_top_20250630_t1.jpg_detect.csv,1161,729,1201,814,1158,731,1201,819,253,26,316,73,223,33,287,83,0.8592132505175983,0.9398007988929749,0.8592132505175983,hungarian,1
568,0010_top_20250630_t0.jpg_detect.csv,0010_top_20250630_t1.jpg_detect.csv,1179,938,1221,1025,1175,942,1220,1024,408,14,470,63,379,19,441,73,0.844299347061778,0.8181255459785461,0.844299347061778,hungarian,1
569,0010_top_20250630_t0.jpg_detect.csv,0010_top_20250630_t1.jpg_detect.csv,1096,939,1139,1028,1094,940,1138,1024,407,120,470,171,377,125,441,177,0.8831038798498123,0.945409893989563,0.8831038798498123,hungarian,1
570,0010_top_20250630_t0.jpg_detect.csv,0010_top_20250630_t1.jpg_detect.csv,896,731,932,820,881,731,925,819,243,385,310,432,217,391,282,441,0.5641025641025641,0.8441250920295715,0.5641025641025641,hungarian,1
571,0010_top_20250630_t0.jpg_detect.csv,0010_top_20250630_t1.jpg_detect.csv,858,735,891,820,843,731,881,818,244,442,308,486,216,448,280,492,0.45430747263208,0.8882738947868347,0.45430747263208,hungarian,1
572,0010_top_20250630_t0.jpg_detect.csv,0010_top_20250630_t1.jpg_detect.csv,937,734,980,821,927,735,969,821,247,320,312,376,221,333,284,381,0.5981308411214953,0.7606559991836548,0.5981308411214953,hungarian,1
573,0010_top_20250630_t0.jpg_detect.csv,0010_top_20250630_t1.jpg_detect.csv,771,733,804,836,755,730,797,831,238,562,317,608,213,563,289,609,0.500294521892794,0.6999726295471191,0.500294521892794,hungarian,1
574,0010_top_20250630_t0.jpg_detect.csv,0010_top_20250630_t1.jpg_detect.csv,819,736,850,818,800,734,841,816,243,498,305,541,217,502,278,549,0.4247104247104247,0.7818940281867981,0.4247104247104247,hungarian,1
575,0010_top_20250630_t0.jpg_detect.csv,0010_top_20250630_t1.jpg_detect.csv,748,424,1003,616,709,427,970,583,0,279,142,640,0,313,103,640,0.6291693917593199,0.6930103898048401,0.6291693917593199,hungarian,1
576,0010_top_20250707_t0.png_detect.csv,0010_top_20250707_t1.png_detect.csv,368,426,415,500,373,404,437,496,273,420,301,525,254,400,293,537,0.45751633986928103,0.885901927947998,0.45751633986928103,hungarian,1
577,,0010_top_20250707_t1.png_detect.csv,,,,,441,673,522,773,,,,,247,0,286,119,0.0,0.0,0.0,new,0
578,,0010_top_20250707_t1.png_detect.csv,,,,,413,560,488,660,,,,,250,143,288,283,0.0,0.0,0.0,new,0
579,0010_top_20250708_t0.JPG_detect.csv,0010_top_20250708_t1.JPG_detect.csv,963,555,1019,668,957,557,1016,726,354,173,410,383,317,176,363,335,0.5648041474654378,0.8720735311508179,0.5648041474654378,hungarian,1
580,,0010_top_20250708_t1.JPG_detect.csv,,,,,1079,629,1141,802,,,,,193,111,242,274,0.0,0.0,0.0,new,0
581,,0010_top_20250708_t1.JPG_detect.csv,,,,,1136,643,1199,813,,,,,137,104,187,264,0.0,0.0,0.0,new,0
582,,0010_top_20250708_t1.JPG_detect.csv,,,,,1021,632,1082,808,,,,,249,101,297,267,0.0,0.0,0.0,new,0
583,0011_top_20250623_t0.jpg_detect.csv,0011_top_20250623_t1.jpg_detect.csv,1264,577,1348,642,1263,576,1350,643,67,332,151,403,49,388,131,456,0.9366958311888832,0.8212383389472961,0.9366958311888832,hungarian,1
584,0011_top_20250623_t0.jpg_detect.csv,0011_top_20250623_t1.jpg_detect.csv,1292,674,1387,765,1291,672,1380,742,55,555,152,630,38,600,129,639,0.6730401529636711,0.5929186940193176,0.6730401529636711,hungarian,1
585,0011_top_20250623_t0.jpg_detect.csv,0011_top_20250623_t1.jpg_detect.csv,1251,533,1330,595,1246,532,1333,598,72,225,147,309,51,286,128,368,0.8530128874956461,0.8306668400764465,0.8530128874956461,hungarian,1
586,0011_top_20250623_t0.jpg_detect.csv,0011_top_20250623_t1.jpg_detect.csv,1269,624,1375,710,1267,621,1376,708,51,449,161,521,34,496,140,569,0.9184115523465703,0.8557407259941101,0.9184115523465703,hungarian,1
587,0011_top_20250623_t0.jpg_detect.csv,0011_top_20250623_t1.jpg_detect.csv,1430,415,1485,492,1433,417,1488,497,376,19,429,248,334,108,385,323,0.8236536430834214,0.8118477463722229,0.8236536430834214,hungarian,1
588,0011_top_20250623_t0.jpg_detect.csv,0011_top_20250623_t1.jpg_detect.csv,1468,514,1520,592,1468,517,1520,595,363,340,415,538,321,407,374,591,0.9259259259259259,0.8935919404029846,0.9259259259259259,hungarian,1
589,0011_top_20250626_t0.jpg_detect.csv,0011_top_20250626_t1.jpg_detect.csv,1454,252,1520,327,1449,231,1528,315,284,243,322,382,436,439,486,538,0.5597738287560582,0.5468829274177551,0.5597738287560582,hungarian,1
590,,0011_top_20250626_t1.jpg_detect.csv,,,,,1685,574,1776,615,,,,,252,80,314,127,0.0,0.0,0.0,new,0
591,,0011_top_20250626_t1.jpg_detect.csv,,,,,1687,519,1781,563,,,,,251,145,315,196,0.0,0.0,0.0,new,0
592,,0011_top_20250626_t1.jpg_detect.csv,,,,,1684,623,1766,669,,,,,257,12,313,67,0.0,0.0,0.0,new,0
593,,0011_top_20250626_t1.jpg_detect.csv,,,,,1685,463,1791,512,,,,,246,210,318,266,0.0,0.0,0.0,new,0
594,,0011_top_20250626_t1.jpg_detect.csv,,,,,1694,410,1782,451,,,,,254,286,314,333,0.0,0.0,0.0,new,0
595,,0011_top_20250626_t1.jpg_detect.csv,,,,,1517,377,1583,472,,,,,393,248,434,363,0.0,0.0,0.0,new,0
596,,0011_top_20250626_t1.jpg_detect.csv,,,,,1512,553,1573,646,,,,,393,34,431,145,0.0,0.0,0.0,new,0
597,0011_top_20250630_t0.jpg_detect.csv,0011_top_20250630_t1.jpg_detect.csv,1098,941,1138,1022,1096,938,1139,1020,382,419,447,471,374,361,436,410,0.8763172490293955,0.7917777895927429,0.8763172490293955,hungarian,1
598,0011_top_20250630_t0.jpg_detect.csv,0011_top_20250630_t1.jpg_detect.csv,1180,936,1222,1019,1180,934,1225,1017,379,296,446,352,374,240,438,293,0.8908091123330715,0.8395830988883972,0.8908091123330715,hungarian,1
599,0011_top_20250630_t0.jpg_detect.csv,0011_top_20250630_t1.jpg_detect.csv,1155,730,1192,814,1154,732,1193,815,211,327,279,376,210,259,277,304,0.9163394744790093,0.8896192908287048,0.9163394744790093,hungarian,1
600,0011_top_20250630_t0.jpg_detect.csv,0011_top_20250630_t1.jpg_detect.csv,1335,935,1371,1005,1332,935,1374,1006,380,66,438,119,381,17,438,70,0.8450704225352113,0.8234309554100037,0.8450704225352113,hungarian,1
601,,0011_top_20250630_t1.jpg_detect.csv,,,,,909,720,960,813,,,,,200,577,271,633,0.0,0.0,0.0,new,0
602,,0011_top_20250630_t1.jpg_detect.csv,,,,,885,463,924,579,,,,,0,600,90,639,0.0,0.0,0.0,new,0
603,0011_top_20250708_t0.png_detect.csv,0011_top_20250708_t1.png_detect.csv,57,944,100,1004,55,942,100,1003,141,306,181,415,55,344,98,452,0.9099713055954088,0.9109963178634644,0.9099713055954088,hungarian,1
604,0011_top_20250708_t0.png_detect.csv,0011_top_20250708_t1.png_detect.csv,97,815,132,874,95,784,141,862,177,28,213,156,90,76,132,207,0.41042914171656686,0.8044131994247437,0.41042914171656686,hungarian,1
605,0011_top_20250708_t0.png_detect.csv,0011_top_20250708_t1.png_detect.csv,432,900,486,968,444,917,498,993,523,299,567,432,443,297,487,429,0.3801916932907348,0.8887937664985657,0.3801916932907348,hungarian,1
606,0011_top_20250708_t0.png_detect.csv,0011_top_20250708_t1.png_detect.csv,-18,941,30,1017,0,934,28,1011,71,284,112,423,0,331,26,468,0.5098855359001041,0.7495749592781067,0.5098855359001041,hungarian,1
607,0011_top_20250711_t0.jpg_detect.csv,0011_top_20250711_t1.jpg_detect.csv,1971,554,2051,617,1973,560,2061,621,380,147,426,287,380,147,426,287,0.7457229117745723,1.0,0.7457229117745723,hungarian,1
608,0011_top_20250711_t0.jpg_detect.csv,0011_top_20250711_t1.jpg_detect.csv,1999,644,2075,704,1998,651,2078,701,486,205,531,332,486,205,531,332,0.7983193277310925,1.0000001192092896,0.7983193277310925,hungarian,1
609,0011_top_20250711_t0.jpg_detect.csv,0011_top_20250711_t1.jpg_detect.csv,1791,390,1877,468,1789,378,1876,468,90,279,145,470,90,279,145,470,0.838391502276176,1.0,0.838391502276176,hungarian,1
610,0011_top_20250711_t0.jpg_detect.csv,0011_top_20250711_t1.jpg_detect.csv,1956,517,2029,577,1958,519,2040,582,330,142,375,272,330,142,375,272,0.7586588061901253,0.9999998807907104,0.7586588061901253,hungarian,1
611,0011_top_20250711_t0.jpg_detect.csv,0011_top_20250711_t1.jpg_detect.csv,1746,353,1818,421,1743,338,1811,419,1,348,51,514,1,348,51,514,0.7016683022571149,0.9999999403953552,0.7016683022571149,hungarian,1
612,0011_top_20250711_t0.jpg_detect.csv,0011_top_20250711_t1.jpg_detect.csv,1789,365,1852,425,1785,350,1847,422,43,294,92,424,43,294,92,424,0.669501822600243,1.0,0.669501822600243,hungarian,1
613,0012_top_20250630_t0.jpg_detect.csv,0012_top_20250630_t1.jpg_detect.csv,1517,718,1551,807,1514,723,1553,815,227,336,295,383,205,310,277,359,0.7599787120808941,0.6544312238693237,0.7599787120808941,hungarian,1
614,0012_top_20250630_t0.jpg_detect.csv,0012_top_20250630_t1.jpg_detect.csv,1569,710,1599,799,1567,713,1599,804,221,268,288,310,200,238,271,280,0.8594270486342438,0.7207629084587097,0.8594270486342438,hungarian,1
615,0012_top_20250630_t0.jpg_detect.csv,0012_top_20250630_t1.jpg_detect.csv,1703,711,1744,801,1701,716,1734,803,223,71,289,120,210,35,277,81,0.6711665817626082,0.6612735986709595,0.6711665817626082,hungarian,1
616,0012_top_20250630_t0.jpg_detect.csv,0012_top_20250630_t1.jpg_detect.csv,1657,709,1697,798,1658,712,1694,802,221,134,287,185,205,93,274,146,0.8358531317494601,0.8175910115242004,0.8358531317494601,hungarian,1
617,0012_top_20250630_t0.jpg_detect.csv,0012_top_20250630_t1.jpg_detect.csv,1613,716,1651,805,1613,718,1648,810,226,196,293,246,207,162,278,212,0.8560584762440259,0.5889632701873779,0.8560584762440259,hungarian,1
618,0012_top_20250630_t0.jpg_detect.csv,0012_top_20250630_t1.jpg_detect.csv,1517,921,1554,1009,1516,925,1559,1011,388,334,464,388,376,320,458,382,0.8081123244929798,0.6173216104507446,0.8081123244929798,hungarian,1
619,0012_top_20250630_t0.jpg_detect.csv,0012_top_20250630_t1.jpg_detect.csv,1672,364,1821,517,1685,395,1769,520,0,0,89,174,0,0,71,107,0.4446179877651959,0.7516394853591919,0.4446179877651959,hungarian,1
620,0012_top_20250630_t0.jpg_detect.csv,0012_top_20250630_t1.jpg_detect.csv,1431,919,1465,964,1432,929,1465,970,389,471,427,523,375,474,413,522,0.6684027777777778,0.73633873462677,0.6684027777777778,hungarian,1
621,0012_top_20250630_t0.jpg_detect.csv,0012_top_20250630_t1.jpg_detect.csv,1359,931,1382,1001,1365,944,1389,1009,401,608,463,640,385,616,449,640,0.44025442980463425,0.8255237340927124,0.44025442980463425,hungarian,1
622,,0012_top_20250630_t1.jpg_detect.csv,,,,,1354,872,1441,911,,,,,322,503,353,640,0.0,0.0,0.0,new,0
623,0012_top_20250703_t0.png_detect.csv,0012_top_20250703_t1.png_detect.csv,1110,615,1171,653,1109,614,1177,650,355,475,415,531,298,408,353,459,0.8114785252755606,0.8619759678840637,0.8114785252755606,hungarian,1
624,0012_top_20250703_t0.png_detect.csv,0012_top_20250703_t1.png_detect.csv,974,515,1016,582,966,513,1013,577,233,267,266,375,192,248,223,337,0.7103407755581669,0.7958464026451111,0.7103407755581669,hungarian,1
625,0012_top_20250703_t0.png_detect.csv,0012_top_20250703_t1.png_detect.csv,1242,560,1315,602,1242,560,1319,602,492,409,565,469,411,338,475,396,0.948051948051948,0.7398664355278015,0.948051948051948,hungarian,1
626,0012_top_20250703_t0.png_detect.csv,0012_top_20250703_t1.png_detect.csv,1108,683,1173,711,1109,676,1186,714,347,601,413,639,293,508,358,562,0.6066350710900474,0.7531425356864929,0.6066350710900474,hungarian,1
627,0012_top_20250703_t0.png_detect.csv,0012_top_20250703_t1.png_detect.csv,1231,489,1316,528,1233,490,1313,531,485,285,568,334,405,235,470,289,0.8551336146272855,0.41921454668045044,0.8551336146272855,hungarian,1
628,,0012_top_20250703_t1.png_detect.csv,,,,,1227,722,1255,752,,,,,393,591,417,640,0.0,0.0,0.0,new,0
629,0012_top_20250704_t0.png_detect.csv,0012_top_20250704_t1.JPG_detect.csv,1114,678,1188,715,1105,668,1187,719,195,265,253,313,230,4,311,75,0.6401990993126333,0.7425037622451782,0.6401990993126333,hungarian,1
630,0012_top_20250708_t0.png_detect.csv,0012_top_20250708_t1.png_detect.csv,858,513,915,602,872,510,947,611,383,437,420,558,348,386,387,519,0.4338510372973586,0.7359662055969238,0.4338510372973586,hungarian,1
631,0012_top_20250708_t0.png_detect.csv,0012_top_20250708_t1.png_detect.csv,816,523,875,616,824,518,895,618,346,431,382,555,309,385,349,520,0.6046659867414584,0.7917794585227966,0.6046659867414584,hungarian,1
632,0012_top_20250708_t0.png_detect.csv,0012_top_20250708_t1.png_detect.csv,784,372,827,436,787,370,830,432,351,192,377,278,305,147,332,233,0.7952286282306164,0.7578269243240356,0.7952286282306164,hungarian,1
633,0012_top_20250708_t0.png_detect.csv,0012_top_20250708_t1.png_detect.csv,770,534,829,627,779,528,839,618,307,425,342,546,270,385,306,512,0.6280843427545985,0.8322317004203796,0.6280843427545985,hungarian,1
634,0012_top_20250708_t0.png_detect.csv,0012_top_20250708_t1.png_detect.csv,677,554,746,659,696,541,754,633,232,412,270,544,190,382,231,521,0.45765264743366935,0.8934044241905212,0.45765264743366935,hungarian,1
635,0012_top_20250708_t0.png_detect.csv,0012_top_20250708_t1.png_detect.csv,748,376,792,440,754,377,793,436,321,184,347,269,275,141,301,226,0.7798260869565218,0.909512460231781,0.7798260869565218,hungarian,1
636,0012_top_20250708_t0.png_detect.csv,0012_top_20250708_t1.png_detect.csv,661,376,717,462,682,386,725,460,254,153,284,266,204,119,235,235,0.47892011834319526,0.9073790311813354,0.47892011834319526,hungarian,1
637,0012_top_20250708_t0.png_detect.csv,0012_top_20250708_t1.png_detect.csv,725,542,791,648,736,533,796,629,270,416,307,553,230,381,269,522,0.6003010914565299,0.847697377204895,0.6003010914565299,hungarian,1
638,0012_top_20250708_t0.png_detect.csv,0012_top_20250708_t1.png_detect.csv,568,393,629,484,560,425,602,497,184,145,215,259,56,121,98,243,0.3053737250723093,0.6064233779907227,0.3053737250723093,hungarian,1
639,0012_top_20250708_t0.png_detect.csv,0012_top_20250708_t1.png_detect.csv,705,377,757,458,718,381,760,453,287,170,316,277,240,129,269,239,0.6341463414634146,0.7841139435768127,0.6341463414634146,hungarian,1
640,0012_top_20250708_t0.png_detect.csv,0012_top_20250708_t1.png_detect.csv,609,379,673,474,618,407,659,481,215,141,249,262,130,121,165,241,0.43144337992775245,0.47957563400268555,0.43144337992775245,hungarian,1
641,,0012_top_20250708_t1.png_detect.csv,,,,,580,357,616,414,,,,,95,5,130,99,0.0,0.0,0.0,new,0
642,,0012_top_20250708_t1.png_detect.csv,,,,,1231,587,1332,680,,,,,551,543,584,639,0.0,0.0,0.0,new,0
643,,0012_top_20250708_t1.png_detect.csv,,,,,1183,458,1284,572,,,,,547,395,580,517,0.0,0.0,0.0,new,0
644,,0012_top_20250708_t1.png_detect.csv,,,,,933,505,1010,607,,,,,393,394,429,523,0.0,0.0,0.0,new,0
645,,0012_top_20250708_t1.png_detect.csv,,,,,512,384,535,435,,,,,0,0,24,95,0.0,0.0,0.0,new,0
646,,0012_top_20250708_t1.png_detect.csv,,,,,1039,488,1131,592,,,,,464,400,502,520,0.0,0.0,0.0,new,0
647,,0012_top_20250708_t1.png_detect.csv,,,,,600,567,640,645,,,,,81,391,114,522,0.0,0.0,0.0,new,0
648,,0012_top_20250708_t1.png_detect.csv,,,,,533,374,569,431,,,,,31,5,70,102,0.0,0.0,0.0,new,0
649,,0012_top_20250708_t1.png_detect.csv,,,,,1113,490,1200,583,,,,,506,416,539,519,0.0,0.0,0.0,new,0
650,,0012_top_20250708_t1.png_detect.csv,,,,,529,436,568,506,,,,,13,123,55,245,0.0,0.0,0.0,new,0
651,,0012_top_20250708_t1.png_detect.csv,,,,,666,553,714,632,,,,,157,390,193,513,0.0,0.0,0.0,new,0
652,,0012_top_20250708_t1.png_detect.csv,,,,,627,557,675,645,,,,,113,385,152,526,0.0,0.0,0.0,new,0
653,,0012_top_20250708_t1.png_detect.csv,,,,,646,391,691,472,,,,,165,109,200,239,0.0,0.0,0.0,new,0
654,0012_top_20250709_t0.JPG_detect.csv,0012_top_20250709_t1.JPG_detect.csv,2282,948,2377,1008,2278,944,2385,1001,417,410,523,495,457,467,639,605,0.7443820224719101,0.7043766975402832,0.7443820224719101,hungarian,1
655,0012_top_20250709_t0.JPG_detect.csv,0012_top_20250709_t1.JPG_detect.csv,2274,850,2373,922,2277,830,2383,901,418,237,522,329,426,256,564,360,0.5017421602787456,0.7467320561408997,0.5017421602787456,hungarian,1
656,0012_top_20250709_t0.JPG_detect.csv,0012_top_20250709_t1.JPG_detect.csv,2266,790,2371,865,2274,760,2390,844,416,141,521,231,410,170,543,267,0.42306760358614004,0.5665048360824585,0.42306760358614004,hungarian,1
657,0012_top_20250709_t0.JPG_detect.csv,0012_top_20250709_t1.JPG_detect.csv,2048,983,2119,1076,2047,989,2115,1027,154,380,213,553,0,534,108,640,0.38337599759072427,0.49857190251350403,0.38337599759072427,hungarian,1
658,,0012_top_20250709_t1.JPG_detect.csv,,,,,2280,892,2377,950,,,,,443,354,587,465,0.0,0.0,0.0,new,0
659,,0012_top_20250709_t1.JPG_detect.csv,,,,,2190,667,2230,776,,,,,302,80,343,178,0.0,0.0,0.0,new,0
660,,0012_top_20250709_t1.JPG_detect.csv,,,,,1960,669,2043,791,,,,,75,76,117,184,0.0,0.0,0.0,new,0
661,,0012_top_20250709_t1.JPG_detect.csv,,,,,1909,671,2001,790,,,,,26,76,69,181,0.0,0.0,0.0,new,0
662,,0012_top_20250709_t1.JPG_detect.csv,,,,,1878,665,1963,786,,,,,0,71,26,176,0.0,0.0,0.0,new,0
663,,0012_top_20250709_t1.JPG_detect.csv,,,,,2038,974,2070,1017,,,,,0,486,22,608,0.0,0.0,0.0,new,0
664,0013_top_20250630_t0.jpg_detect.csv,0013_top_20250630_t1.jpg_detect.csv,1871,747,1915,801,1858,693,1918,798,202,531,258,593,201,73,271,139,0.34888059701492535,0.7135881781578064,0.34888059701492535,hungarian,1
665,,0013_top_20250630_t1.jpg_detect.csv,,,,,1563,690,1646,796,,,,,193,427,262,478,0.0,0.0,0.0,new,0
666,,0013_top_20250630_t1.jpg_detect.csv,,,,,1501,687,1594,804,,,,,190,498,267,547,0.0,0.0,0.0,new,0
667,,0013_top_20250630_t1.jpg_detect.csv,,,,,1627,692,1705,799,,,,,196,353,266,407,0.0,0.0,0.0,new,0
668,,0013_top_20250630_t1.jpg_detect.csv,,,,,1908,936,1943,987,,,,,399,42,458,97,0.0,0.0,0.0,new,0
669,,0013_top_20250630_t1.jpg_detect.csv,,,,,1433,678,1534,798,,,,,184,571,261,618,0.0,0.0,0.0,new,0
670,,0013_top_20250630_t1.jpg_detect.csv,,,,,1680,868,1797,906,,,,,326,262,358,419,0.0,0.0,0.0,new,0
671,,0013_top_20250630_t1.jpg_detect.csv,,,,,1317,175,1617,355,,,,,0,314,48,503,0.0,0.0,0.0,new,0
672,,0013_top_20250702_t1.png_detect.csv,,,,,287,473,369,538,,,,,287,473,369,538,0.0,0.0,0.0,new,0
673,,0013_top_20250702_t1.png_detect.csv,,,,,555,528,618,587,,,,,555,528,618,587,0.0,0.0,0.0,new,0
674,,0013_top_20250702_t1.png_detect.csv,,,,,471,512,545,583,,,,,471,512,545,583,0.0,0.0,0.0,new,0
675,,0013_top_20250702_t1.png_detect.csv,,,,,274,71,311,212,,,,,274,71,311,212,0.0,0.0,0.0,new,0
676,0013_top_20250704_t0.JPG_detect.csv,0013_top_20250704_t1.JPG_detect.csv,1241,485,1307,522,1244,485,1317,520,496,1,560,52,507,216,580,266,0.789756446991404,0.6538946032524109,0.789756446991404,hungarian,1
677,0013_top_20250704_t0.JPG_detect.csv,0013_top_20250704_t1.JPG_detect.csv,1246,561,1306,594,1246,561,1319,600,502,128,561,178,513,356,589,421,0.6954689146469969,0.7010999917984009,0.6954689146469969,hungarian,1
678,0013_top_20250704_t0.JPG_detect.csv,0013_top_20250704_t1.JPG_detect.csv,1114,680,1183,715,1119,684,1180,710,357,330,434,394,368,588,440,639,0.6567287784679089,0.718472421169281,0.6567287784679089,hungarian,1
679,0013_top_20250704_t0.JPG_detect.csv,0013_top_20250704_t1.JPG_detect.csv,984,588,1026,661,981,591,1024,667,209,136,254,273,211,363,255,519,0.7923033389926429,0.6674667000770569,0.7923033389926429,hungarian,1
680,0013_top_20250708_t0.png_detect.csv,0013_top_20250708_t1.png_detect.csv,1245,1037,1293,1112,1240,1038,1289,1113,132,284,171,406,570,415,610,543,0.8101517790495149,0.3719235360622406,0.8101517790495149,hungarian,1
681,0013_top_20250708_t0.png_detect.csv,0013_top_20250708_t1.png_detect.csv,1712,1016,1751,1088,1711,1016,1753,1087,582,289,619,406,111,488,150,613,0.916583912611718,0.6554588079452515,0.916583912611718,hungarian,1
682,,0013_top_20250708_t1.png_detect.csv,,,,,1778,1007,1824,1077,,,,,39,510,81,634,0.0,0.0,0.0,new,0
683,,0013_top_20250708_t1.png_detect.csv,,,,,1762,1241,1835,1285,,,,,41,162,109,228,0.0,0.0,0.0,new,0
684,,0013_top_20250708_t1.png_detect.csv,,,,,1848,1021,1862,1075,,,,,0,516,10,613,0.0,0.0,0.0,new,0
685,,0013_top_20250708_t1.png_detect.csv,,,,,1851,1019,1862,1076,,,,,0,514,7,616,0.0,0.0,0.0,new,0
686,0013_top_20250711_t0.jpg_detect.csv,0013_top_20250711_t1.jpg_detect.csv,1292,626,1405,705,1283,620,1371,702,273,361,322,474,273,361,322,474,0.5921688529440773,1.0,0.5921688529440773,hungarian,1
687,0013_top_20250711_t0.jpg_detect.csv,0013_top_20250711_t1.jpg_detect.csv,1271,573,1385,651,1263,570,1352,648,229,364,274,481,229,364,274,481,0.6225023055640947,0.9999999403953552,0.6225023055640947,hungarian,1
688,0013_top_20250711_t0.jpg_detect.csv,0013_top_20250711_t1.jpg_detect.csv,1250,532,1353,611,1244,530,1326,609,190,385,238,491,190,385,238,491,0.6678078283692799,0.9999998807907104,0.6678078283692799,hungarian,1
689,,0014_top_20250703_t1.png_detect.csv,,,,,1127,763,1184,845,,,,,336,422,415,476,0.0,0.0,0.0,new,0
690,,0014_top_20250703_t1.png_detect.csv,,,,,1343,756,1399,827,,,,,335,208,404,262,0.0,0.0,0.0,new,0
691,,0014_top_20250703_t1.png_detect.csv,,,,,990,773,1046,848,,,,,342,559,415,613,0.0,0.0,0.0,new,0
692,,0014_top_20250703_t1.png_detect.csv,,,,,1473,757,1527,835,,,,,339,81,415,133,0.0,0.0,0.0,new,0
693,,0014_top_20250703_t1.png_detect.csv,,,,,1202,760,1257,840,,,,,335,349,413,402,0.0,0.0,0.0,new,0
694,,0014_top_20250703_t1.png_detect.csv,,,,,1544,760,1594,830,,,,,344,14,412,62,0.0,0.0,0.0,new,0
695,0014_top_20250704_t0.JPG_detect.csv,0014_top_20250704_t1.JPG_detect.csv,1117,680,1181,716,1115,678,1182,713,360,454,436,519,357,183,430,239,0.8324793062672448,0.5939973592758179,0.8324793062672448,hungarian,1
696,0014_top_20250704_t0.JPG_detect.csv,0014_top_20250704_t1.JPG_detect.csv,1244,565,1303,599,1246,559,1295,593,508,238,576,297,495,0,542,47,0.5965217391304348,0.7042883634567261,0.5965217391304348,hungarian,1
697,0014_top_20250704_t0.JPG_detect.csv,0014_top_20250704_t1.JPG_detect.csv,968,584,1020,663,981,585,1026,661,208,243,253,387,219,6,260,129,0.64943032427695,0.5630165934562683,0.64943032427695,hungarian,1
698,0014_top_20250707_t0.png_detect.csv,0014_top_20250707_t1.png_detect.csv,491,328,551,411,484,335,562,415,546,68,597,111,542,72,589,127,0.6846846846846847,0.5922979116439819,0.6846846846846847,hungarian,1
699,0014_top_20250707_t0.png_detect.csv,0014_top_20250707_t1.png_detect.csv,691,358,760,443,680,361,774,452,503,260,556,314,480,251,533,326,0.6458166875927406,0.4187384247779846,0.6458166875927406,hungarian,1
700,0014_top_20250707_t0.png_detect.csv,0014_top_20250707_t1.png_detect.csv,682,543,749,625,675,546,759,632,391,204,437,255,371,173,416,237,0.7128619528619529,0.6298049092292786,0.7128619528619529,hungarian,1
701,0014_top_20250707_t0.png_detect.csv,0014_top_20250707_t1.png_detect.csv,728,536,790,619,725,538,800,622,388,252,436,298,366,226,412,280,0.7817559153175592,0.7346683740615845,0.7817559153175592,hungarian,1
702,0014_top_20250707_t0.png_detect.csv,0014_top_20250707_t1.png_detect.csv,819,599,885,681,806,600,892,689,337,327,383,379,307,279,353,347,0.6924870466321243,0.7297963500022888,0.6924870466321243,hungarian,1
703,,0014_top_20250707_t1.png_detect.csv,,,,,408,347,484,425,,,,,549,0,594,51,0.0,0.0,0.0,new,0
704,0014_top_20250708_t0.png_detect.csv,0014_top_20250708_t1.png_detect.csv,1671,787,1778,840,1665,768,1740,862,414,105,452,271,353,0,410,152,0.40346425419240955,0.5598850250244141,0.40346425419240955,hungarian,1
705,0014_top_20250708_t0.png_detect.csv,0014_top_20250708_t1.png_detect.csv,1680,728,1780,782,1673,713,1752,814,360,111,398,265,297,9,354,175,0.40965124855125906,0.6851473450660706,0.40965124855125906,hungarian,1
706,0014_top_20250708_t0.png_detect.csv,0014_top_20250708_t1.png_detect.csv,1672,615,1783,681,1672,602,1753,717,259,124,306,293,197,87,262,251,0.47330677290836654,0.6839213371276855,0.47330677290836654,hungarian,1
707,0014_top_20250708_t0.png_detect.csv,0014_top_20250708_t1.png_detect.csv,1690,502,1806,572,1689,503,1765,621,157,104,205,281,91,132,156,291,0.4343993956182322,0.6826239228248596,0.4343993956182322,hungarian,1
708,0014_top_20250708_t0.png_detect.csv,0014_top_20250708_t1.png_detect.csv,1678,549,1793,619,1681,550,1757,659,200,118,249,292,144,115,200,276,0.472858431018936,0.7023685574531555,0.472858431018936,hungarian,1
709,0014_top_20250708_t0.png_detect.csv,0014_top_20250708_t1.png_detect.csv,1560,991,1614,1024,1555,983,1619,1054,613,337,639,418,590,113,640,195,0.3921654929577465,0.38067010045051575,0.3921654929577465,hungarian,1
710,0014_top_20250708_t0.png_detect.csv,0014_top_20250708_t1.png_detect.csv,1614,1005,1671,1030,1611,1005,1664,1071,621,245,639,333,588,15,640,90,0.34032126327252926,0.7152536511421204,0.34032126327252926,hungarian,1
711,,0014_top_20250708_t1.png_detect.csv,,,,,1446,565,1557,716,,,,,317,440,419,530,0.0,0.0,0.0,new,0
712,0014_top_20250709_t0.JPG_detect.csv,0014_top_20250709_t1.JPG_detect.csv,816,465,862,529,820,461,849,523,456,1,505,146,339,97,374,252,0.5496732026143791,0.613528311252594,0.5496732026143791,hungarian,1
713,0014_top_20250709_t0.JPG_detect.csv,0014_top_20250709_t1.JPG_detect.csv,881,482,928,534,885,477,912,536,561,0,614,114,442,153,479,305,0.5332320546904672,0.5912771224975586,0.5332320546904672,hungarian,1
714,0014_top_20250709_t0.JPG_detect.csv,0014_top_20250709_t1.JPG_detect.csv,639,597,685,643,627,593,684,645,207,476,278,590,0,387,69,521,0.6877076411960132,0.7251094579696655,0.6877076411960132,hungarian,1
715,0014_top_20250709_t0.JPG_detect.csv,0014_top_20250709_t1.JPG_detect.csv,757,459,801,526,759,466,791,522,362,26,410,180,244,94,280,231,0.6078697421981004,0.6246455907821655,0.6078697421981004,hungarian,1
716,,0014_top_20250709_t1.JPG_detect.csv,,,,,975,475,1000,536,,,,,597,172,639,333,0.0,0.0,0.0,new,0
717,,0014_top_20250709_t1.JPG_detect.csv,,,,,916,483,940,541,,,,,493,175,528,330,0.0,0.0,0.0,new,0
718,,0014_top_20250709_t1.JPG_detect.csv,,,,,854,470,882,530,,,,,392,127,427,280,0.0,0.0,0.0,new,0
719,,0014_top_20250709_t1.JPG_detect.csv,,,,,946,481,969,536,,,,,545,179,582,325,0.0,0.0,0.0,new,0
720,,0014_top_20250709_t1.JPG_detect.csv,,,,,932,409,997,451,,,,,530,0,639,92,0.0,0.0,0.0,new,0
721,0015_top_20250624_t0.jpg_detect.csv,0015_top_20250624_t1.jpg_detect.csv,1483,889,1519,954,1479,873,1519,953,214,420,308,482,184,122,209,224,0.7119901112484549,0.6010691523551941,0.7119901112484549,hungarian,1
722,,0015_top_20250624_t1.jpg_detect.csv,,,,,1315,1038,1371,1113,,,,,0,327,41,444,0.0,0.0,0.0,new,0
723,,0015_top_20250624_t1.jpg_detect.csv,,,,,1878,1087,1915,1158,,,,,493,461,520,562,0.0,0.0,0.0,new,0
724,,0015_top_20250624_t1.jpg_detect.csv,,,,,1719,1104,1759,1174,,,,,365,471,396,576,0.0,0.0,0.0,new,0
725,,0015_top_20250624_t1.jpg_detect.csv,,,,,1294,885,1340,959,,,,,16,103,45,203,0.0,0.0,0.0,new,0
726,,0015_top_20250624_t1.jpg_detect.csv,,,,,1645,1099,1691,1171,,,,,302,458,337,567,0.0,0.0,0.0,new,0
727,,0015_top_20250624_t1.jpg_detect.csv,,,,,1367,882,1411,957,,,,,84,113,112,211,0.0,0.0,0.0,new,0
728,,0015_top_20250624_t1.jpg_detect.csv,,,,,1388,1035,1442,1108,,,,,74,332,113,443,0.0,0.0,0.0,new,0
729,,0015_top_20250624_t1.jpg_detect.csv,,,,,1859,1009,1895,1070,,,,,478,353,504,432,0.0,0.0,0.0,new,0
730,,0015_top_20250624_t1.jpg_detect.csv,,,,,1532,1021,1582,1099,,,,,211,330,247,443,0.0,0.0,0.0,new,0
731,,0015_top_20250624_t1.jpg_detect.csv,,,,,1990,1092,2043,1168,,,,,579,478,613,583,0.0,0.0,0.0,new,0
732,,0015_top_20250624_t1.jpg_detect.csv,,,,,1494,1017,1543,1098,,,,,177,320,211,439,0.0,0.0,0.0,new,0
733,,0015_top_20250624_t1.jpg_detect.csv,,,,,1709,1015,1753,1091,,,,,362,344,394,449,0.0,0.0,0.0,new,0
734,,0015_top_20250624_t1.jpg_detect.csv,,,,,1785,1009,1820,1079,,,,,422,345,448,438,0.0,0.0,0.0,new,0
735,,0015_top_20250624_t1.jpg_detect.csv,,,,,1822,1008,1856,1075,,,,,450,347,476,435,0.0,0.0,0.0,new,0
736,,0015_top_20250624_t1.jpg_detect.csv,,,,,1337,1128,1379,1199,,,,,0,472,28,597,0.0,0.0,0.0,new,0
737,,0015_top_20250624_t1.jpg_detect.csv,,,,,1750,1016,1786,1083,,,,,394,349,421,441,0.0,0.0,0.0,new,0
738,,0015_top_20250624_t1.jpg_detect.csv,,,,,1498,1103,1553,1186,,,,,168,449,208,584,0.0,0.0,0.0,new,0
739,,0015_top_20250624_t1.jpg_detect.csv,,,,,1453,1031,1502,1106,,,,,137,335,172,446,0.0,0.0,0.0,new,0
740,,0015_top_20250624_t1.jpg_detect.csv,,,,,1636,1011,1682,1091,,,,,302,330,335,442,0.0,0.0,0.0,new,0
741,,0015_top_20250624_t1.jpg_detect.csv,,,,,1539,1101,1588,1174,,,,,206,451,243,566,0.0,0.0,0.0,new,0
742,,0015_top_20250624_t1.jpg_detect.csv,,,,,1440,886,1475,949,,,,,149,131,171,212,0.0,0.0,0.0,new,0
743,,0015_top_20250624_t1.jpg_detect.csv,,,,,1598,1018,1643,1095,,,,,269,335,301,444,0.0,0.0,0.0,new,0
744,,0015_top_20250624_t1.jpg_detect.csv,,,,,1979,999,2026,1077,,,,,567,354,596,453,0.0,0.0,0.0,new,0
745,,0015_top_20250624_t1.jpg_detect.csv,,,,,1675,1018,1716,1090,,,,,334,344,364,443,0.0,0.0,0.0,new,0
746,,0015_top_20250624_t1.jpg_detect.csv,,,,,1793,1095,1825,1156,,,,,426,464,451,553,0.0,0.0,0.0,new,0
747,,0015_top_20250624_t1.jpg_detect.csv,,,,,1835,1087,1866,1159,,,,,459,457,483,560,0.0,0.0,0.0,new,0
748,,0015_top_20250624_t1.jpg_detect.csv,,,,,2025,1002,2066,1068,,,,,599,362,623,444,0.0,0.0,0.0,new,0
749,,0015_top_20250624_t1.jpg_detect.csv,,,,,2062,1003,2091,1061,,,,,624,366,640,438,0.0,0.0,0.0,new,0
750,,0015_top_20250624_t1.jpg_detect.csv,,,,,2065,848,2106,912,,,,,617,186,639,253,0.0,0.0,0.0,new,0
751,0015_top_20250626_t0.jpg_detect.csv,0015_top_20250626_t1.jpg_detect.csv,791,461,820,520,792,461,818,519,191,514,261,566,191,512,269,568,0.8813559322033898,0.9081078171730042,0.8813559322033898,hungarian,1
752,0015_top_20250626_t0.jpg_detect.csv,0015_top_20250626_t1.jpg_detect.csv,761,469,790,528,765,472,788,528,208,580,277,633,212,587,287,639,0.7527761542957335,0.7499447464942932,0.7527761542957335,hungarian,1
753,0015_top_20250626_t0.jpg_detect.csv,0015_top_20250626_t1.jpg_detect.csv,943,473,977,540,944,475,977,541,173,158,251,216,179,106,265,171,0.9281696235395932,0.7469756603240967,0.9281696235395932,hungarian,1
754,0015_top_20250626_t0.jpg_detect.csv,0015_top_20250626_t1.jpg_detect.csv,854,534,913,571,855,536,912,569,269,281,302,409,282,252,318,393,0.8616582684379295,0.8667659759521484,0.8616582684379295,hungarian,1
755,0015_top_20250626_t0.jpg_detect.csv,0015_top_20250626_t1.jpg_detect.csv,818,454,848,520,819,455,847,520,177,452,255,505,177,438,264,498,0.9191919191919192,0.8767077326774597,0.9191919191919192,hungarian,1
756,0015_top_20250626_t0.jpg_detect.csv,0015_top_20250626_t1.jpg_detect.csv,964,648,991,700,963,647,992,700,383,78,444,124,415,18,487,77,0.9134677944046844,0.6051449179649353,0.9134677944046844,hungarian,1
757,0015_top_20250626_t0.jpg_detect.csv,0015_top_20250626_t1.jpg_detect.csv,935,639,962,701,936,640,964,701,379,144,453,187,411,90,495,147,0.8830734966592427,0.7493164539337158,0.8830734966592427,hungarian,1
758,0015_top_20250626_t0.jpg_detect.csv,0015_top_20250626_t1.jpg_detect.csv,975,477,1007,531,977,477,1007,531,172,92,234,148,176,30,245,92,0.9375,0.7596290707588196,0.9375,hungarian,1
759,0015_top_20250626_t0.jpg_detect.csv,0015_top_20250626_t1.jpg_detect.csv,848,464,878,530,850,466,877,530,182,380,261,432,186,358,271,414,0.8727272727272727,0.826594352722168,0.8727272727272727,hungarian,1
760,0015_top_20250626_t0.jpg_detect.csv,0015_top_20250626_t1.jpg_detect.csv,796,528,850,563,798,529,848,563,274,426,307,544,285,417,323,545,0.8994708994708994,0.8806772828102112,0.8994708994708994,hungarian,1
761,0015_top_20250626_t0.jpg_detect.csv,0015_top_20250626_t1.jpg_detect.csv,912,476,946,543,914,479,946,543,184,225,261,284,190,182,275,246,0.8990342405618964,0.7751055955886841,0.8990342405618964,hungarian,1
762,0015_top_20250626_t0.jpg_detect.csv,0015_top_20250626_t1.jpg_detect.csv,1006,476,1044,543,1006,470,1021,540,164,13,240,77,160,0,255,15,0.36418816388467373,0.588746964931488,0.36418816388467373,hungarian,1
763,0015_top_20250626_t0.jpg_detect.csv,0015_top_20250626_t1.jpg_detect.csv,882,481,908,531,883,482,908,533,196,310,255,356,201,277,269,329,0.9074074074074074,0.8631853461265564,0.9074074074074074,hungarian,1
764,,0015_top_20250704_t1.JPG_detect.csv,,,,,1115,671,1191,718,,,,,357,1,438,69,0.0,0.0,0.0,new,0
765,0015_top_20250707_t0.png_detect.csv,0015_top_20250707_t1.png_detect.csv,691,547,747,634,689,544,748,625,314,251,393,320,265,229,351,306,0.8268029528676888,0.7156780958175659,0.8268029528676888,hungarian,1
766,0015_top_20250707_t0.png_detect.csv,0015_top_20250707_t1.png_detect.csv,735,541,792,628,734,543,796,625,313,323,393,394,259,313,346,394,0.8705531756379215,0.7700117826461792,0.8705531756379215,hungarian,1
767,0015_top_20250707_t0.png_detect.csv,0015_top_20250707_t1.png_detect.csv,482,327,543,411,515,322,558,396,543,3,619,70,541,5,626,56,0.3031063696266081,0.5170851945877075,0.3031063696266081,hungarian,1
768,0015_top_20250707_t0.png_detect.csv,0015_top_20250707_t1.png_detect.csv,833,604,889,688,838,622,903,703,237,467,315,545,163,468,247,552,0.5097682871422081,0.8357601165771484,0.5097682871422081,hungarian,1
769,0015_top_20250707_t0.png_detect.csv,0015_top_20250707_t1.png_detect.csv,701,354,760,443,699,355,762,443,497,319,585,393,465,340,563,420,0.9266464394074603,0.5807896852493286,0.9266464394074603,hungarian,1
770,0015_top_20250709_t0.JPG_detect.csv,0015_top_20250709_t1.JPG_detect.csv,1461,493,1600,640,1472,486,1582,627,239,202,354,350,61,203,163,339,0.6951846436824978,0.6379668712615967,0.6951846436824978,hungarian,1
771,0015_top_20250709_t0.JPG_detect.csv,0015_top_20250709_t1.JPG_detect.csv,1403,639,1558,749,1478,632,1548,721,33,329,205,481,0,378,70,547,0.3272519954389966,0.6545507311820984,0.3272519954389966,hungarian,1
772,0015_top_20250709_t0.JPG_detect.csv,0015_top_20250709_t1.JPG_detect.csv,1678,427,1765,554,1687,429,1819,549,515,247,640,350,300,124,421,199,0.5339722745165155,0.7137206792831421,0.5339722745165155,hungarian,1
773,0015_top_20250709_t0.JPG_detect.csv,0015_top_20250709_t1.JPG_detect.csv,1490,288,1599,476,1509,304,1598,474,374,77,426,194,137,84,200,171,0.7383369119656451,0.568056046962738,0.7383369119656451,hungarian,1
774,0015_top_20250709_t0.JPG_detect.csv,0015_top_20250709_t1.JPG_detect.csv,1681,626,1764,699,1685,622,1809,705,445,549,630,640,330,301,499,417,0.5448790627362056,0.7041562795639038,0.5448790627362056,hungarian,1
775,0015_top_20250709_t0.JPG_detect.csv,0015_top_20250709_t1.JPG_detect.csv,1670,490,1766,611,1689,554,1817,641,485,316,639,435,319,221,470,303,0.2390132331318412,0.8302492499351501,0.2390132331318412,reid_assist,1
776,,0015_top_20250709_t1.JPG_detect.csv,,,,,1683,691,1810,769,,,,,351,417,558,590,0.0,0.0,0.0,new,0
777,,0015_top_20250709_t1.JPG_detect.csv,,,,,1478,632,1539,693,,,,,0,378,69,479,0.0,0.0,0.0,new,0
778,0015_top_20250711_t0.JPG_detect.csv,0015_top_20250711_t1.JPG_detect.csv,1598,1005,1668,1116,1598,1004,1667,1117,149,81,235,396,149,81,235,396,0.9685128983308042,1.0,0.9685128983308042,hungarian,1
779,0015_top_20250711_t0.JPG_detect.csv,0015_top_20250711_t1.JPG_detect.csv,1366,1011,1420,1066,1358,1010,1417,1068,584,0,639,139,584,0,639,139,0.7819905213270142,0.9999998807907104,0.7819905213270142,hungarian,1
780,0016_top_20250626_t0.jpg_detect.csv,0016_top_20250626_t1.jpg_detect.csv,1052,628,1080,689,1050,631,1075,692,378,189,454,245,387,253,473,315,0.7024749868351764,0.9128829836845398,0.7024749868351764,hungarian,1
781,0016_top_20250626_t0.jpg_detect.csv,0016_top_20250626_t1.jpg_detect.csv,1124,459,1155,520,1121,460,1149,522,164,22,241,83,146,58,234,128,0.7052186177715092,0.6627512574195862,0.7052186177715092,hungarian,1
782,0016_top_20250626_t0.jpg_detect.csv,0016_top_20250626_t1.jpg_detect.csv,1089,459,1119,525,1088,459,1116,524,161,97,245,157,143,143,236,210,0.8581907090464548,0.8518745303153992,0.8581907090464548,hungarian,1
783,0016_top_20250626_t0.jpg_detect.csv,0016_top_20250626_t1.jpg_detect.csv,945,485,969,542,948,477,969,536,182,425,258,478,162,518,246,571,0.697265625,0.7440875172615051,0.697265625,hungarian,1
784,0016_top_20250626_t0.jpg_detect.csv,0016_top_20250626_t1.jpg_detect.csv,1101,609,1164,637,1098,614,1155,640,357,13,390,142,367,50,401,192,0.6197604790419161,0.8084339499473572,0.6197604790419161,hungarian,1
785,0016_top_20250626_t0.jpg_detect.csv,0016_top_20250626_t1.jpg_detect.csv,1040,543,1097,571,1040,544,1095,571,269,147,302,268,264,197,301,337,0.9304511278195489,0.899099588394165,0.9304511278195489,hungarian,1
786,0016_top_20250626_t0.jpg_detect.csv,0016_top_20250626_t1.jpg_detect.csv,976,487,1001,532,979,480,1001,527,188,352,247,408,168,436,235,490,0.6880375293197811,0.6853874921798706,0.6880375293197811,hungarian,1
787,0016_top_20250626_t0.jpg_detect.csv,0016_top_20250626_t1.jpg_detect.csv,961,643,986,696,960,647,984,699,394,392,461,445,407,485,480,545,0.7793914246196404,0.7613720297813416,0.7793914246196404,hungarian,1
788,0016_top_20250626_t0.jpg_detect.csv,0016_top_20250626_t1.jpg_detect.csv,994,649,1017,696,992,650,1014,702,402,324,462,372,412,409,485,463,0.7049808429118773,0.8497495651245117,0.7049808429118773,hungarian,1
789,0016_top_20250626_t0.jpg_detect.csv,0016_top_20250626_t1.jpg_detect.csv,932,635,958,700,932,641,956,706,382,454,466,510,397,557,489,617,0.772082878953108,0.7841489315032959,0.772082878953108,hungarian,1
790,0016_top_20250626_t0.jpg_detect.csv,0016_top_20250626_t1.jpg_detect.csv,1008,479,1035,543,1010,475,1034,539,180,279,263,335,163,351,254,412,0.7894736842105263,0.8174601793289185,0.7894736842105263,hungarian,1
791,0016_top_20250626_t0.jpg_detect.csv,0016_top_20250626_t1.jpg_detect.csv,1022,625,1048,690,1023,629,1045,692,373,258,455,310,384,331,473,384,0.7739331026528259,0.7209149599075317,0.7739331026528259,hungarian,1
792,,0016_top_20250626_t1.jpg_detect.csv,,,,,922,480,937,541,,,,,165,600,252,639,0.0,0.0,0.0,new,0
793,,0016_top_20250630_t1.jpg_detect.csv,,,,,1460,735,1525,816,,,,,415,66,462,126,0.0,0.0,0.0,new,0
794,,0016_top_20250630_t1.jpg_detect.csv,,,,,1491,322,1559,379,,,,,106,210,143,295,0.0,0.0,0.0,new,0
795,,0016_top_20250630_t1.jpg_detect.csv,,,,,1437,196,1506,271,,,,,10,358,70,431,0.0,0.0,0.0,new,0
796,,0016_top_20250630_t1.jpg_detect.csv,,,,,1486,260,1550,313,,,,,55,256,90,337,0.0,0.0,0.0,new,0
797,,0016_top_20250630_t1.jpg_detect.csv,,,,,1293,209,1349,255,,,,,66,575,98,640,0.0,0.0,0.0,new,0
798,,0016_top_20250630_t1.jpg_detect.csv,,,,,1313,467,1388,531,,,,,264,368,301,452,0.0,0.0,0.0,new,0
799,,0016_top_20250630_t1.jpg_detect.csv,,,,,1503,386,1570,441,,,,,156,162,189,245,0.0,0.0,0.0,new,0
800,,0016_top_20250630_t1.jpg_detect.csv,,,,,1284,245,1355,294,,,,,100,540,128,631,0.0,0.0,0.0,new,0
801,,0016_top_20250630_t1.jpg_detect.csv,,,,,1296,283,1370,334,,,,,128,496,156,591,0.0,0.0,0.0,new,0
802,,0016_top_20250630_t1.jpg_detect.csv,,,,,1310,398,1373,445,,,,,215,427,241,503,0.0,0.0,0.0,new,0
803,,0016_top_20250630_t1.jpg_detect.csv,,,,,1304,544,1373,595,,,,,322,348,348,429,0.0,0.0,0.0,new,0
804,,0016_top_20250630_t1.jpg_detect.csv,,,,,1437,1020,1490,1092,,,,,590,0,626,44,0.0,0.0,0.0,new,0
805,,0016_top_20250630_t1.jpg_detect.csv,,,,,1306,585,1370,638,,,,,350,332,378,402,0.0,0.0,0.0,new,0
806,,0016_top_20250630_t1.jpg_detect.csv,,,,,1307,326,1363,370,,,,,160,483,186,550,0.0,0.0,0.0,new,0
807,,0016_top_20250630_t1.jpg_detect.csv,,,,,1310,360,1378,412,,,,,185,441,215,523,0.0,0.0,0.0,new,0
808,,0016_top_20250630_t1.jpg_detect.csv,,,,,1378,1041,1429,1099,,,,,612,63,639,109,0.0,0.0,0.0,new,0
809,,0016_top_20250630_t1.jpg_detect.csv,,,,,1261,1005,1423,1097,,,,,612,71,639,257,0.0,0.0,0.0,new,0
810,0016_top_20250704_t0.png_detect.csv,0016_top_20250704_t1.png_detect.csv,783,987,819,1058,789,984,823,1060,344,135,462,217,336,177,490,284,0.707641196013289,0.7435826659202576,0.707641196013289,hungarian,1
811,0016_top_20250704_t0.png_detect.csv,0016_top_20250704_t1.png_detect.csv,851,998,884,1068,857,1001,890,1070,337,332,452,411,326,433,476,533,0.6511879049676026,0.8516548871994019,0.6511879049676026,hungarian,1
812,0016_top_20250704_t0.png_detect.csv,0016_top_20250704_t1.png_detect.csv,743,986,781,1056,742,978,777,1055,341,20,457,104,339,19,487,132,0.7796610169491526,0.8452023267745972,0.7796610169491526,hungarian,1
813,0017_top_20250623_t0.jpg_detect.csv,0017_top_20250623_t1.jpg_detect.csv,1807,383,1876,465,1806,400,1872,468,375,145,503,233,429,168,534,253,0.7135618983279851,0.3940425217151642,0.7135618983279851,hungarian,1
814,0017_top_20250623_t0.jpg_detect.csv,0017_top_20250623_t1.jpg_detect.csv,1718,604,1812,676,1735,602,1810,687,8,244,94,440,149,348,210,498,0.6974041069352964,0.7520413398742676,0.6974041069352964,hungarian,1
815,0017_top_20250623_t0.jpg_detect.csv,0017_top_20250623_t1.jpg_detect.csv,1805,535,1886,601,1806,538,1876,612,197,315,261,522,301,353,341,522,0.7210595160235448,0.48615679144859314,0.7210595160235448,hungarian,1
816,0017_top_20250623_t0.jpg_detect.csv,0017_top_20250623_t1.jpg_detect.csv,1717,512,1809,583,1739,508,1810,583,157,103,222,304,258,192,302,365,0.7216494845360825,0.8540898561477661,0.7216494845360825,hungarian,1
817,,0017_top_20250623_t1.jpg_detect.csv,,,,,1950,527,1992,578,,,,,441,624,536,640,0.0,0.0,0.0,new,0
818,0017_top_20250624_t0.jpg_detect.csv,0017_top_20250624_t1.jpg_detect.csv,104,785,141,862,112,784,152,855,267,240,366,315,147,105,172,198,0.5547963924569554,0.4271736443042755,0.5547963924569554,hungarian,1
819,,0017_top_20250624_t1.jpg_detect.csv,,,,,-39,942,13,1018,,,,,0,312,31,430,0.0,0.0,0.0,new,0
820,,0017_top_20250624_t1.jpg_detect.csv,,,,,78,943,127,1014,,,,,99,327,133,436,0.0,0.0,0.0,new,0
821,,0017_top_20250624_t1.jpg_detect.csv,,,,,302,779,332,843,,,,,297,116,320,200,0.0,0.0,0.0,new,0
822,,0017_top_20250624_t1.jpg_detect.csv,,,,,70,780,113,859,,,,,115,97,140,200,0.0,0.0,0.0,new,0
823,,0017_top_20250624_t1.jpg_detect.csv,,,,,40,942,87,1013,,,,,67,320,97,430,0.0,0.0,0.0,new,0
824,,0017_top_20250624_t1.jpg_detect.csv,,,,,120,1015,167,1074,,,,,126,446,161,544,0.0,0.0,0.0,new,0
825,,0017_top_20250624_t1.jpg_detect.csv,,,,,227,775,266,857,,,,,238,105,265,212,0.0,0.0,0.0,new,0
826,,0017_top_20250624_t1.jpg_detect.csv,,,,,0,943,51,1015,,,,,32,318,65,428,0.0,0.0,0.0,new,0
827,,0017_top_20250624_t1.jpg_detect.csv,,,,,191,1005,240,1073,,,,,190,438,229,551,0.0,0.0,0.0,new,0
828,,0017_top_20250624_t1.jpg_detect.csv,,,,,185,775,224,855,,,,,205,101,231,205,0.0,0.0,0.0,new,0
829,,0017_top_20250624_t1.jpg_detect.csv,,,,,-16,1036,18,1101,,,,,0,462,19,577,0.0,0.0,0.0,new,0
830,0017_top_20250708_t0.png_detect.csv,0017_top_20250708_t1.jpg_detect.csv,675,1167,749,1290,701,1152,755,1257,336,61,375,195,328,88,368,216,0.4133180252583238,0.9141408801078796,0.4133180252583238,hungarian,1
831,0018_top_20250703_t0.png_detect.csv,0018_top_20250703_t1.png_detect.csv,1778,614,1819,673,1761,608,1822,682,47,488,120,568,86,233,162,293,0.5358883473637572,0.6883201599121094,0.5358883473637572,hungarian,1
832,0018_top_20250703_t0.png_detect.csv,0018_top_20250703_t1.png_detect.csv,1570,252,1636,318,1556,243,1638,314,524,96,617,232,567,245,625,385,0.6723627998685507,0.7472628951072693,0.6723627998685507,hungarian,1
833,0018_top_20250703_t0.png_detect.csv,0018_top_20250703_t1.png_detect.csv,1783,388,1824,446,1771,368,1852,442,344,558,426,639,317,505,378,639,0.35953231568691135,0.7393122911453247,0.35953231568691135,hungarian,1
834,0018_top_20250703_t0.png_detect.csv,0018_top_20250703_t1.png_detect.csv,1730,617,1771,688,1714,614,1779,693,32,382,119,456,99,142,181,204,0.5668938656280429,0.6438316702842712,0.5668938656280429,hungarian,1
835,0018_top_20250703_t0.png_detect.csv,0018_top_20250703_t1.png_detect.csv,1660,305,1730,363,1652,290,1729,360,462,291,544,439,466,376,526,500,0.6710875331564987,0.6287599802017212,0.6710875331564987,hungarian,1
836,0018_top_20250703_t0.png_detect.csv,0018_top_20250703_t1.png_detect.csv,1655,654,1699,720,1655,649,1716,727,0,213,78,296,99,0,181,53,0.6103404791929382,0.6634045839309692,0.6103404791929382,hungarian,1
837,0018_top_20250704_t0.png_detect.csv,0018_top_20250704_t1.png_detect.csv,670,568,768,661,677,582,758,659,287,114,365,172,332,22,404,77,0.684331797235023,0.6872990727424622,0.684331797235023,hungarian,1
838,0018_top_20250704_t0.png_detect.csv,0018_top_20250704_t1.png_detect.csv,751,401,841,500,771,451,844,518,357,386,431,439,410,273,484,330,0.33072991996914475,0.7503801584243774,0.33072991996914475,hungarian,1
839,,0018_top_20250704_t1.png_detect.csv,,,,,840,413,911,477,,,,,414,420,490,479,0.0,0.0,0.0,new,0
840,,0018_top_20250704_t1.png_detect.csv,,,,,823,702,918,785,,,,,169,48,209,174,0.0,0.0,0.0,new,0
841,0018_top_20250711_t0.JPG_detect.csv,0018_top_20250711_t1.JPG_detect.csv,1003,473,1037,530,999,465,1036,528,318,91,393,315,318,91,393,315,0.7396088019559902,0.9999998807907104,0.7396088019559902,hungarian,1
842,0019_top_20250707_t0.JPG_detect.csv,0019_top_20250707_t1.JPG_detect.csv,1285,681,1402,776,1266,661,1421,763,297,148,344,297,291,190,332,323,0.5535745196468755,0.9194546341896057,0.5535745196468755,hungarian,1
843,0019_top_20250707_t0.JPG_detect.csv,0019_top_20250707_t1.JPG_detect.csv,1267,623,1386,716,1257,628,1423,725,247,139,294,290,247,180,287,313,0.6271785350661796,0.8908555507659912,0.6271785350661796,hungarian,1
844,0019_top_20250707_t0.JPG_detect.csv,0019_top_20250707_t1.JPG_detect.csv,1266,577,1356,648,1262,599,1392,664,204,148,241,262,208,188,238,287,0.4228187919463087,0.7926622629165649,0.4228187919463087,hungarian,1
845,0019_top_20250707_t0.JPG_detect.csv,0019_top_20250707_t1.JPG_detect.csv,1246,528,1335,600,1247,559,1379,618,159,152,199,261,169,187,202,285,0.34076312806951264,0.9114165902137756,0.34076312806951264,hungarian,1
846,0019_top_20250711_t0.JPG_detect.csv,0019_top_20250711_t1.JPG_detect.csv,1001,476,1037,529,1001,474,1037,528,278,88,317,194,278,88,317,194,0.9454545454545454,1.0000001192092896,0.9454545454545454,hungarian,1
847,0019_top_20250711_t0.JPG_detect.csv,0019_top_20250711_t1.JPG_detect.csv,775,462,807,516,776,459,809,514,29,53,64,161,29,53,64,161,0.8348006214396686,1.0,0.8348006214396686,hungarian,1
848,0020_top_20250703_t0.png_detect.csv,0020_top_20250703_t1.png_detect.csv,425,427,489,515,421,428,478,518,279,126,319,239,305,288,338,407,0.7496342058201918,0.3897923529148102,0.7496342058201918,hungarian,1
849,0020_top_20250703_t0.png_detect.csv,0020_top_20250703_t1.png_detect.csv,410,340,473,426,404,341,459,427,278,257,318,373,305,158,337,274,0.6961390606719037,0.5325556397438049,0.6961390606719037,hungarian,1
850,0020_top_20250703_t0.png_detect.csv,0020_top_20250703_t1.png_detect.csv,590,386,654,473,586,388,643,478,142,132,182,249,438,282,469,401,0.7274341999031164,0.5397791862487793,0.7274341999031164,hungarian,1
851,0020_top_20250703_t0.png_detect.csv,0020_top_20250703_t1.png_detect.csv,711,368,775,456,719,365,775,453,39,118,79,239,542,289,572,406,0.8206896551724138,0.6914277672767639,0.8206896551724138,hungarian,1
852,0020_top_20250703_t0.png_detect.csv,0020_top_20250703_t1.png_detect.csv,631,381,698,474,630,378,690,473,106,118,148,244,473,281,505,407,0.8346916807627249,0.209422767162323,0.8346916807627249,hungarian,1
853,0020_top_20250703_t0.png_detect.csv,0020_top_20250703_t1.png_detect.csv,669,376,735,465,672,371,732,463,74,118,115,240,506,284,538,406,0.8454810495626822,0.4738996922969818,0.8454810495626822,hungarian,1
854,0020_top_20250703_t0.png_detect.csv,0020_top_20250703_t1.png_detect.csv,532,317,598,404,529,315,587,401,175,251,217,370,406,161,439,275,0.7561374795417348,0.6698465347290039,0.7561374795417348,hungarian,1
855,0020_top_20250703_t0.png_detect.csv,0020_top_20250703_t1.png_detect.csv,448,331,515,420,445,331,504,418,244,253,287,374,339,157,373,274,0.7827763496143959,0.5644668936729431,0.7827763496143959,hungarian,1
856,0020_top_20250703_t0.png_detect.csv,0020_top_20250703_t1.png_detect.csv,750,369,808,446,763,373,809,441,10,119,46,226,574,312,599,401,0.6749007498897222,0.47187086939811707,0.6749007498897222,hungarian,1
857,0020_top_20250703_t0.png_detect.csv,0020_top_20250703_t1.png_detect.csv,491,322,563,412,486,320,547,411,204,252,251,374,372,154,407,276,0.7072513126152973,0.6490360498428345,0.7072513126152973,hungarian,1
858,0020_top_20250703_t0.png_detect.csv,0020_top_20250703_t1.png_detect.csv,785,370,818,436,797,364,843,429,0,124,16,221,601,309,626,394,0.31534741664545685,0.5293883681297302,0.31534741664545685,hungarian,1
859,,0020_top_20250703_t1.png_detect.csv,,,,,368,355,417,431,,,,,275,166,304,267,0.0,0.0,0.0,new,0
860,,0020_top_20250703_t1.png_detect.csv,,,,,877,519,902,591,,,,,634,540,640,640,0.0,0.0,0.0,new,0
861,0020_top_20250707_t0.JPG_detect.csv,0020_top_20250707_t1.JPG_detect.csv,1011,470,1037,528,1014,468,1039,525,227,209,283,250,405,84,430,180,0.7583932853717026,0.6511868238449097,0.7583932853717026,hungarian,1
862,0020_top_20250707_t0.JPG_detect.csv,0020_top_20250707_t1.JPG_detect.csv,820,465,844,534,819,459,847,525,218,556,289,603,210,71,237,180,0.6976744186046512,0.4798229932785034,0.6976744186046512,hungarian,1
863,0020_top_20250707_t0.JPG_detect.csv,0020_top_20250707_t1.JPG_detect.csv,854,466,882,532,855,466,882,524,220,484,287,536,245,83,271,179,0.8474025974025974,0.533217191696167,0.8474025974025974,hungarian,1
864,0020_top_20250707_t0.JPG_detect.csv,0020_top_20250707_t1.JPG_detect.csv,1122,450,1159,518,1124,456,1157,516,211,16,273,69,520,62,553,165,0.7869634340222575,0.4930225908756256,0.7869634340222575,hungarian,1
865,0020_top_20250707_t0.JPG_detect.csv,0020_top_20250707_t1.JPG_detect.csv,1024,642,1053,696,1020,643,1046,696,394,177,446,224,414,386,441,477,0.655793025871766,0.5641365647315979,0.655793025871766,hungarian,1
866,0020_top_20250707_t0.JPG_detect.csv,0020_top_20250707_t1.JPG_detect.csv,1095,614,1157,642,1090,616,1148,641,364,11,389,108,487,341,548,383,0.7119828049435787,0.7264646887779236,0.7119828049435787,hungarian,1
867,0020_top_20250707_t0.JPG_detect.csv,0020_top_20250707_t1.JPG_detect.csv,802,608,855,639,788,614,857,641,369,535,400,640,180,331,248,375,0.6075194864740945,0.6022552251815796,0.6075194864740945,hungarian,1
868,,0020_top_20250707_t1.JPG_detect.csv,,,,,1032,707,1229,787,,,,,429,507,640,640,0.0,0.0,0.0,new,0
869,,0020_top_20250711_t1.JPG_detect.csv,,,,,859,611,936,730,,,,,437,32,479,198,0.0,0.0,0.0,new,0
870,,0020_top_20250711_t1.JPG_detect.csv,,,,,1131,639,1198,755,,,,,196,28,239,191,0.0,0.0,0.0,new,0
871,0021_top_20250626_t0.jpg_detect.csv,0021_top_20250626_t1.jpg_detect.csv,1284,1116,1356,1186,1288,1116,1364,1193,392,142,434,305,200,303,243,469,0.776255707762557,0.6368711590766907,0.776255707762557,hungarian,1
872,0022_top_20250626_t0.jpg_detect.csv,0022_top_20250626_t1.jpg_detect.csv,384,440,433,530,383,434,434,524,261,4,294,132,268,20,302,158,0.8427518427518428,0.7961409091949463,0.8427518427518428,hungarian,1
873,0022_top_20250626_t0.jpg_detect.csv,0022_top_20250626_t1.jpg_detect.csv,472,416,521,498,474,416,522,497,183,28,215,147,185,39,217,164,0.9287631129543791,0.905368983745575,0.9287631129543791,hungarian,1
874,0022_top_20250626_t0.jpg_detect.csv,0022_top_20250626_t1.jpg_detect.csv,174,219,270,268,171,222,264,267,379,490,467,558,388,513,474,574,0.8369497830130193,0.7053914070129395,0.8369497830130193,hungarian,1
875,0022_top_20250626_t0.jpg_detect.csv,0022_top_20250626_t1.jpg_detect.csv,592,393,648,478,587,398,643,477,70,24,104,152,72,39,109,163,0.7815712900096993,0.9200324416160583,0.7815712900096993,hungarian,1
876,0022_top_20250626_t0.jpg_detect.csv,0022_top_20250626_t1.jpg_detect.csv,373,353,416,428,376,361,413,425,264,161,294,278,272,182,298,286,0.7342635658914729,0.881167471408844,0.7342635658914729,hungarian,1
877,,0022_top_20250626_t1.jpg_detect.csv,,,,,193,337,270,375,,,,,396,316,465,364,0.0,0.0,0.0,new,0
878,,0022_top_20250626_t1.jpg_detect.csv,,,,,428,426,479,517,,,,,227,19,260,160,0.0,0.0,0.0,new,0
879,,0022_top_20250626_t1.jpg_detect.csv,,,,,677,393,717,455,,,,,0,52,24,151,0.0,0.0,0.0,new,0
880,0022_top_20250630_t0.jpg_detect.csv,0022_top_20250630_t1.jpg_detect.csv,1242,535,1326,598,1256,514,1335,587,285,440,325,488,290,472,328,521,0.4906321606685537,0.8901274800300598,0.4906321606685537,hungarian,1
881,0022_top_20250630_t0.jpg_detect.csv,0022_top_20250630_t1.jpg_detect.csv,1273,642,1365,714,1289,627,1378,705,278,327,321,380,281,366,323,414,0.5454545454545454,0.8897135257720947,0.5454545454545454,hungarian,1
882,0022_top_20250630_t0.jpg_detect.csv,0022_top_20250630_t1.jpg_detect.csv,1407,859,1473,967,1416,859,1476,972,252,76,276,163,264,133,283,211,0.7941176470588235,0.8932313919067383,0.7941176470588235,hungarian,1
883,0022_top_20250630_t0.jpg_detect.csv,0022_top_20250630_t1.jpg_detect.csv,1260,588,1348,649,1274,574,1358,639,279,390,322,433,284,424,325,463,0.5350155939892259,0.8252995014190674,0.5350155939892259,hungarian,1
884,,0022_top_20250630_t1.jpg_detect.csv,,,,,722,705,773,802,,,,,590,425,613,494,0.0,0.0,0.0,new,0
885,,0022_top_20250630_t1.jpg_detect.csv,,,,,691,614,738,694,,,,,604,521,626,579,0.0,0.0,0.0,new,0
886,,0022_top_20250630_t1.jpg_detect.csv,,,,,759,814,803,904,,,,,579,338,598,399,0.0,0.0,0.0,new,0
887,,0022_top_20250630_t1.jpg_detect.csv,,,,,755,811,805,920,,,,,579,327,600,402,0.0,0.0,0.0,new,0
888,0022_top_20250711_t0.png_detect.csv,0022_top_20250711_t1.png_detect.csv,1991,728,2017,805,1992,726,2041,809,435,509,575,555,435,509,575,555,0.46452702702702703,1.0000001192092896,0.46452702702702703,hungarian,1
889,0022_top_20250711_t0.png_detect.csv,0022_top_20250711_t1.png_detect.csv,1818,709,1846,789,1813,697,1849,795,463,197,606,247,463,197,606,247,0.6349206349206349,0.9999999403953552,0.6349206349206349,hungarian,1
890,0022_top_20250711_t0.png_detect.csv,0022_top_20250711_t1.png_detect.csv,1987,715,2015,800,1990,711,2044,804,445,502,598,552,445,502,598,552,0.4026909228728444,0.9999999403953552,0.4026909228728444,hungarian,1
891,0022_top_20250711_t0.png_detect.csv,0022_top_20250711_t1.png_detect.csv,1859,726,1884,809,1858,721,1893,815,428,271,576,315,428,271,576,315,0.6306990881458967,1.0,0.6306990881458967,hungarian,1
892,,0022_top_20250711_t1.png_detect.csv,,,,,1978,919,2018,975,,,,,6,586,176,638,0.0,0.0,0.0,new,0
893,,0022_top_20250711_t1.png_detect.csv,,,,,1821,949,1854,992,,,,,0,214,124,280,0.0,0.0,0.0,new,0
894,,0022_top_20250711_t1.png_detect.csv,,,,,1818,955,1854,992,,,,,0,208,106,282,0.0,0.0,0.0,new,0
895,,0023_top_20250626_t1.jpg_detect.csv,,,,,-373,854,64,947,,,,,26,462,64,580,0.0,0.0,0.0,new,0
896,,0023_top_20250626_t1.jpg_detect.csv,,,,,436,769,461,775,,,,,270,36,298,153,0.0,0.0,0.0,new,0
897,0023_top_20250711_t0.png_detect.csv,0023_top_20250711_t1.png_detect.csv,1222,944,1261,1026,1219,941,1261,1026,206,58,307,109,206,58,307,109,0.8957983193277311,1.0,0.8957983193277311,hungarian,1
898,0023_top_20250711_t0.png_detect.csv,0023_top_20250711_t1.png_detect.csv,1151,675,1220,835,1161,708,1218,835,446,0,605,68,446,0,605,68,0.6557065217391305,0.9999998807907104,0.6557065217391305,hungarian,1
899,0023_top_20250711_t0.png_detect.csv,0023_top_20250711_t1.png_detect.csv,1275,1011,1317,1119,1277,1022,1331,1148,47,131,196,199,47,131,196,199,0.5201072386058981,1.0000001192092896,0.5201072386058981,hungarian,1
900,0023_top_20250711_t0.png_detect.csv,0023_top_20250711_t1.png_detect.csv,1278,706,1323,846,1271,720,1323,845,426,159,589,223,426,159,589,223,0.7839721254355401,0.9999999403953552,0.7839721254355401,hungarian,1
901,0023_top_20250711_t0.png_detect.csv,0023_top_20250711_t1.png_detect.csv,1340,709,1374,851,1333,717,1382,849,416,256,593,317,416,256,593,317,0.6592244418331374,1.0000001192092896,0.6592244418331374,hungarian,1
902,0023_top_20250711_t0.png_detect.csv,0023_top_20250711_t1.png_detect.csv,1368,712,1404,839,1364,717,1415,837,430,305,593,373,430,305,593,373,0.6779661016949152,1.0,0.6779661016949152,hungarian,1
903,0023_top_20250711_t0.png_detect.csv,0023_top_20250711_t1.png_detect.csv,1333,667,1371,816,1323,682,1375,815,462,245,640,310,462,245,640,310,0.6717171717171717,0.9999999403953552,0.6717171717171717,hungarian,1
904,0023_top_20250711_t0.png_detect.csv,0023_top_20250711_t1.png_detect.csv,1376,674,1411,815,1370,682,1421,813,462,321,640,386,462,321,640,386,0.6521120750960034,1.0,0.6521120750960034,hungarian,1
905,,0023_top_20250711_t1.png_detect.csv,,,,,1525,927,1561,1015,,,,,168,550,288,602,0.0,0.0,0.0,new,0
906,,0023_top_20250711_t1.png_detect.csv,,,,,1385,933,1423,1016,,,,,192,309,298,360,0.0,0.0,0.0,new,0
907,,0023_top_20250711_t1.png_detect.csv,,,,,1472,936,1506,1011,,,,,184,454,282,503,0.0,0.0,0.0,new,0
908,,0023_top_20250711_t1.png_detect.csv,,,,,1521,728,1554,805,,,,,464,578,576,627,0.0,0.0,0.0,new,0
909,,0023_top_20250711_t1.png_detect.csv,,,,,1421,1032,1464,1139,,,,,25,354,159,411,0.0,0.0,0.0,new,0
910,0024_top_20250711_t0.png_detect.csv,0024_top_20250711_t1.png_detect.csv,1213,935,1251,1009,1214,934,1252,1007,144,49,263,107,144,49,263,107,0.9117043121149897,1.0000001192092896,0.9117043121149897,hungarian,1
911,0024_top_20250711_t0.png_detect.csv,0024_top_20250711_t1.png_detect.csv,1524,918,1559,1004,1523,917,1558,1002,130,562,269,614,130,562,269,614,0.912751677852349,0.9999998807907104,0.912751677852349,hungarian,1
912,0024_top_20250711_t0.png_detect.csv,0024_top_20250711_t1.png_detect.csv,1333,734,1382,840,1334,734,1382,840,413,262,585,334,413,262,585,334,0.9795918367346939,0.9999999403953552,0.9795918367346939,hungarian,1
913,0024_top_20250711_t0.png_detect.csv,0024_top_20250711_t1.png_detect.csv,1376,728,1423,844,1376,728,1423,843,404,332,592,401,404,332,592,401,0.9913793103448276,0.9999999403953552,0.9913793103448276,hungarian,1
914,0024_top_20250711_t0.png_detect.csv,0024_top_20250711_t1.png_detect.csv,1333,965,1381,1074,1334,964,1381,1071,29,245,204,316,29,245,204,316,0.9437393445728358,1.0,0.9437393445728358,hungarian,1
915,0024_top_20250711_t0.png_detect.csv,0024_top_20250711_t1.png_detect.csv,1381,760,1427,847,1381,760,1427,847,398,338,538,408,398,338,538,408,1.0,1.0000001192092896,1.0,hungarian,1
916,0024_top_20250711_t0.png_detect.csv,0024_top_20250711_t1.png_detect.csv,1383,916,1421,1004,1384,915,1421,1002,140,331,283,387,140,331,283,387,0.9411416740609287,1.0,0.9411416740609287,hungarian,1
917,0024_top_20250711_t0.png_detect.csv,0024_top_20250711_t1.png_detect.csv,1466,959,1510,1064,1466,958,1509,1062,35,464,205,528,35,464,205,528,0.9498177139180785,1.0,0.9498177139180785,hungarian,1
918,0024_top_20250711_t0.png_detect.csv,0024_top_20250711_t1.png_detect.csv,1186,977,1227,1066,1188,975,1229,1064,52,2,196,64,52,2,196,64,0.8688860435339308,1.0,0.8688860435339308,hungarian,1
919,0024_top_20250711_t0.png_detect.csv,0024_top_20250711_t1.png_detect.csv,1281,966,1323,1082,1282,965,1324,1080,19,159,207,221,19,159,207,221,0.9295942720763724,1.0,0.9295942720763724,hungarian,1
920,0024_top_20250711_t0.png_detect.csv,0024_top_20250711_t1.png_detect.csv,1334,995,1380,1091,1335,994,1381,1089,0,245,155,314,0,245,155,314,0.9284460052677788,0.9999999403953552,0.9284460052677788,hungarian,1
921,0024_top_20250711_t0.png_detect.csv,0024_top_20250711_t1.png_detect.csv,1207,1008,1252,1097,1209,1006,1254,1094,0,34,143,103,0,34,143,103,0.8666510428872745,1.0,0.8666510428872745,hungarian,1
922,0024_top_20250711_t0.png_detect.csv,0024_top_20250711_t1.png_detect.csv,1174,723,1214,823,1176,723,1216,822,453,0,615,59,453,0,615,59,0.896141019533111,1.0,0.896141019533111,hungarian,1
923,0024_top_20250711_t0.png_detect.csv,0024_top_20250711_t1.png_detect.csv,1529,728,1561,807,1528,729,1560,807,453,583,581,631,453,583,581,631,0.9278587874136608,1.0000001192092896,0.9278587874136608,hungarian,1
924,0025_top_20250626_t0.jpg_detect.csv,0025_top_20250626_t1.jpg_detect.csv,695,1175,743,1270,701,1179,745,1268,469,527,539,576,494,86,571,138,0.7889404812157028,0.563332200050354,0.7889404812157028,hungarian,1
925,,0025_top_20250626_t1.jpg_detect.csv,,,,,447,865,485,943,,,,,172,437,244,487,0.0,0.0,0.0,new,0
926,0025_top_20250630_t0.jpg_detect.csv,0025_top_20250630_t1.jpg_detect.csv,948,476,1026,548,946,501,1022,539,233,514,272,572,127,210,200,486,0.49402670414617006,0.5975797772407532,0.49402670414617006,hungarian,1
927,0025_top_20250630_t0.jpg_detect.csv,0025_top_20250630_t1.jpg_detect.csv,910,362,993,437,906,373,987,414,269,396,307,450,377,124,441,363,0.4941305368602285,0.49266311526298523,0.4941305368602285,hungarian,1
928,0026_top_20250623_t0.jpg_detect.csv,0026_top_20250623_t1.jpg_detect.csv,464,960,515,1044,464,953,521,1041,299,253,332,369,297,218,332,333,0.7991874637260592,0.9310487508773804,0.7991874637260592,hungarian,1
929,0026_top_20250623_t0.jpg_detect.csv,0026_top_20250623_t1.jpg_detect.csv,492,869,541,945,492,851,547,936,264,391,297,503,259,357,293,469,0.6417122752150117,0.9268327355384827,0.6417122752150117,hungarian,1
930,,0026_top_20250623_t1.jpg_detect.csv,,,,,684,894,740,980,,,,,120,219,151,328,0.0,0.0,0.0,new,0
931,,0026_top_20250623_t1.jpg_detect.csv,,,,,578,824,633,907,,,,,188,363,221,470,0.0,0.0,0.0,new,0
932,,0026_top_20250623_t1.jpg_detect.csv,,,,,560,711,604,743,,,,,183,611,216,640,0.0,0.0,0.0,new,0
933,,0026_top_20250623_t1.jpg_detect.csv,,,,,699,666,746,697,,,,,68,613,102,640,0.0,0.0,0.0,new,0
934,,0026_top_20250623_t1.jpg_detect.csv,,,,,608,695,653,719,,,,,141,624,176,640,0.0,0.0,0.0,new,0
935,,0026_top_20250623_t1.jpg_detect.csv,,,,,444,751,480,769,,,,,286,629,316,640,0.0,0.0,0.0,new,0
936,,0027_top_20250623_t1.jpg_detect.csv,,,,,927,745,970,817,,,,,257,410,325,471,0.0,0.0,0.0,new,0
937,,0027_top_20250623_t1.jpg_detect.csv,,,,,927,533,963,597,,,,,37,349,102,405,0.0,0.0,0.0,new,0
938,,0027_top_20250623_t1.jpg_detect.csv,,,,,1005,582,1046,646,,,,,111,223,169,274,0.0,0.0,0.0,new,0
939,,0027_top_20250623_t1.jpg_detect.csv,,,,,988,512,1032,581,,,,,38,222,102,280,0.0,0.0,0.0,new,0
940,,0027_top_20250623_t1.jpg_detect.csv,,,,,936,596,975,661,,,,,108,350,171,406,0.0,0.0,0.0,new,0
941,,0027_top_20250623_t1.jpg_detect.csv,,,,,879,611,912,676,,,,,108,480,177,535,0.0,0.0,0.0,new,0
942,,0027_top_20250623_t1.jpg_detect.csv,,,,,958,524,997,591,,,,,39,286,104,339,0.0,0.0,0.0,new,0
943,,0027_top_20250623_t1.jpg_detect.csv,,,,,1029,736,1090,818,,,,,257,214,326,283,0.0,0.0,0.0,new,0
944,,0027_top_20250623_t1.jpg_detect.csv,,,,,845,560,872,615,,,,,36,550,98,602,0.0,0.0,0.0,new,0
945,,0027_top_20250623_t1.jpg_detect.csv,,,,,970,589,1009,653,,,,,109,286,170,339,0.0,0.0,0.0,new,0
946,,0027_top_20250623_t1.jpg_detect.csv,,,,,1022,495,1072,571,,,,,32,157,101,215,0.0,0.0,0.0,new,0
947,,0027_top_20250623_t1.jpg_detect.csv,,,,,1062,1040,1129,1157,,,,,502,259,572,321,0.0,0.0,0.0,new,0
948,,0027_top_20250623_t1.jpg_detect.csv,,,,,907,602,943,674,,,,,106,414,180,469,0.0,0.0,0.0,new,0
949,,0027_top_20250623_t1.jpg_detect.csv,,,,,870,552,896,604,,,,,36,491,92,538,0.0,0.0,0.0,new,0
950,,0027_top_20250626_t1.jpg_detect.csv,,,,,579,397,624,475,,,,,266,488,339,544,0.0,0.0,0.0,new,0
951,,0027_top_20250626_t1.jpg_detect.csv,,,,,711,384,750,446,,,,,281,268,338,316,0.0,0.0,0.0,new,0
952,,0027_top_20250626_t1.jpg_detect.csv,,,,,787,534,831,614,,,,,443,191,517,240,0.0,0.0,0.0,new,0
953,,0027_top_20250626_t1.jpg_detect.csv,,,,,672,389,712,451,,,,,278,332,335,383,0.0,0.0,0.0,new,0
954,,0027_top_20250626_t1.jpg_detect.csv,,,,,885,603,931,681,,,,,528,52,599,104,0.0,0.0,0.0,new,0
955,,0027_top_20250626_t1.jpg_detect.csv,,,,,659,560,705,648,,,,,443,408,525,460,0.0,0.0,0.0,new,0
956,,0027_top_20250626_t1.jpg_detect.csv,,,,,911,510,945,589,,,,,443,0,517,30,0.0,0.0,0.0,new,0
957,0027_top_20250709_t0.jpg_detect.csv,0027_top_20250709_t1.jpg_detect.csv,913,410,993,479,910,411,1004,484,159,317,215,381,159,317,215,381,0.7836358398156151,0.9999999403953552,0.7836358398156151,hungarian,1
958,0028_top_20250704_t0.JPG_detect.csv,0028_top_20250704_t1.JPG_detect.csv,409,345,473,437,410,344,470,435,320,116,375,268,320,116,375,268,0.9078681909885676,1.0,0.9078681909885676,hungarian,1
959,0028_top_20250707_t0.png_detect.csv,0028_top_20250707_t1.png_detect.csv,1553,988,1617,1099,1554,988,1618,1096,492,188,575,248,491,191,571,250,0.9434276206322796,0.9011220335960388,0.9434276206322796,hungarian,1
960,0028_top_20250707_t0.png_detect.csv,0028_top_20250707_t1.png_detect.csv,1481,653,1550,755,1476,653,1548,757,232,419,315,499,232,422,316,502,0.8884555382215289,0.9121551513671875,0.8884555382215289,hungarian,1
961,0028_top_20250707_t0.png_detect.csv,0028_top_20250707_t1.png_detect.csv,1438,761,1513,884,1433,761,1509,882,334,432,435,517,334,438,433,520,0.8739572736520854,0.9274761080741882,0.8739572736520854,hungarian,1
962,0028_top_20250707_t0.png_detect.csv,0028_top_20250707_t1.png_detect.csv,1604,1006,1670,1118,1603,1007,1668,1120,491,111,572,170,491,118,573,175,0.9306956635660946,0.9109376668930054,0.9306956635660946,hungarian,1
963,0028_top_20250707_t0.png_detect.csv,0028_top_20250707_t1.png_detect.csv,1682,430,1800,493,1679,440,1797,506,21,146,65,291,22,150,67,296,0.6677988386107154,0.9689585566520691,0.6677988386107154,hungarian,1
964,0028_top_20250707_t0.png_detect.csv,0028_top_20250707_t1.png_detect.csv,1681,594,1797,671,1678,601,1795,676,154,90,202,229,155,95,202,236,0.8203968335560811,0.941006600856781,0.8203968335560811,hungarian,1
965,0028_top_20250709_t0.png_detect.csv,0028_top_20250709_t1.png_detect.csv,1111,786,1180,825,1109,787,1181,828,253,399,297,564,372,229,390,289,0.8679245283018868,0.6097625494003296,0.8679245283018868,hungarian,1
966,0028_top_20250709_t0.png_detect.csv,0028_top_20250709_t1.png_detect.csv,1113,851,1185,892,1107,852,1187,893,166,397,208,568,403,226,421,293,0.8591885441527446,0.44798752665519714,0.8591885441527446,hungarian,1
967,0028_top_20250709_t0.png_detect.csv,0028_top_20250709_t1.png_detect.csv,1112,921,1180,969,1106,920,1183,968,69,386,116,546,435,232,456,296,0.8490967056323061,0.4905240833759308,0.8490967056323061,hungarian,1
968,,0028_top_20250709_t1.png_detect.csv,,,,,1423,1105,1472,1189,,,,,526,2,563,38,0.0,0.0,0.0,new,0
969,,0028_top_20250709_t1.png_detect.csv,,,,,1294,1113,1340,1190,,,,,527,110,561,145,0.0,0.0,0.0,new,0
970,,0028_top_20250709_t1.png_detect.csv,,,,,1249,1034,1298,1112,,,,,490,142,525,179,0.0,0.0,0.0,new,0
971,,0028_top_20250709_t1.png_detect.csv,,,,,1297,898,1339,975,,,,,428,102,463,134,0.0,0.0,0.0,new,0
972,,0028_top_20250709_t1.png_detect.csv,,,,,1415,923,1453,976,,,,,442,7,466,36,0.0,0.0,0.0,new,0
973,,0028_top_20250709_t1.png_detect.csv,,,,,1324,1044,1371,1118,,,,,496,82,529,117,0.0,0.0,0.0,new,0
974,,0028_top_20250709_t1.png_detect.csv,,,,,1378,923,1416,965,,,,,441,37,460,67,0.0,0.0,0.0,new,0
975,0029_top_20250704_t0.png_detect.csv,0029_top_20250704_t1.png_detect.csv,1042,1014,1135,1116,1024,1023,1127,1106,284,396,312,447,285,391,314,441,0.6425318761384335,0.8142947554588318,0.6425318761384335,hungarian,1
976,0029_top_20250704_t0.png_detect.csv,0029_top_20250704_t1.png_detect.csv,699,949,805,1063,704,986,798,1066,374,220,407,268,374,217,407,263,0.5853145722141355,0.9463399052619934,0.5853145722141355,hungarian,1
977,0029_top_20250704_t0.png_detect.csv,0029_top_20250704_t1.png_detect.csv,813,976,912,1082,851,1006,954,1093,345,275,375,323,328,298,363,343,0.3128416222417167,0.7901573777198792,0.3128416222417167,hungarian,1
978,0029_top_20250704_t0.png_detect.csv,0029_top_20250704_t1.png_detect.csv,922,995,1012,1096,902,1012,997,1090,317,333,347,376,319,325,348,371,0.5492957746478874,0.7909223437309265,0.5492957746478874,hungarian,1
979,0029_top_20250704_t0.png_detect.csv,0029_top_20250704_t1.png_detect.csv,875,996,964,1096,866,1017,954,1092,327,306,357,347,327,302,356,341,0.618798955613577,0.9459778070449829,0.618798955613577,hungarian,1
980,0029_top_20250704_t0.png_detect.csv,0029_top_20250704_t1.png_detect.csv,751,986,835,1074,744,1002,831,1075,362,239,386,280,362,234,390,278,0.7215332581736189,0.8429964780807495,0.7215332581736189,hungarian,1
981,,0029_top_20250704_t1.png_detect.csv,,,,,1297,1966,1823,3157,,,,,90,120,139,210,0.0,0.0,0.0,new,0
982,,0029_top_20250704_t1.png_detect.csv,,,,,2402,4178,4041,8444,,,,,29,79,56,126,0.0,0.0,0.0,new,0
983,,0029_top_20250704_t1.png_detect.csv,,,,,793,715,842,738,,,,,572,555,599,598,0.0,0.0,0.0,new,0
984,,0029_top_20250704_t1.png_detect.csv,,,,,1459,3281,2009,5380,,,,,75,29,103,76,0.0,0.0,0.0,new,0
985,,0029_top_20250704_t1.png_detect.csv,,,,,1342,1798,1776,2626,,,,,97,170,144,255,0.0,0.0,0.0,new,0
986,,0029_top_20250704_t1.png_detect.csv,,,,,802,1000,901,1083,,,,,344,270,376,318,0.0,0.0,0.0,new,0
987,,0029_top_20250704_t1.png_detect.csv,,,,,1247,1593,1657,2241,,,,,114,200,169,283,0.0,0.0,0.0,new,0
988,,0029_top_20250704_t1.png_detect.csv,,,,,774,690,820,709,,,,,618,575,639,626,0.0,0.0,0.0,new,0
989,,0029_top_20250704_t1.png_detect.csv,,,,,1351,1807,1651,2400,,,,,112,172,143,254,0.0,0.0,0.0,new,0
990,,0029_top_20250704_t1.png_detect.csv,,,,,1040,1033,1124,1102,,,,,286,395,308,441,0.0,0.0,0.0,new,0
991,0029_top_20250707_t0.png_detect.csv,0029_top_20250707_t1.png_detect.csv,1420,762,1498,871,1417,750,1499,868,481,359,528,549,485,353,532,550,0.8343087790110999,0.9530471563339233,0.8343087790110999,hungarian,1
992,0029_top_20250707_t0.png_detect.csv,0029_top_20250707_t1.png_detect.csv,1541,986,1619,1084,1541,984,1616,1083,267,64,318,235,273,65,322,234,0.9334103156274057,0.9411238431930542,0.9334103156274057,hungarian,1
993,0029_top_20250707_t0.png_detect.csv,0029_top_20250707_t1.png_detect.csv,1385,879,1463,992,1378,871,1463,991,469,115,515,319,472,116,522,320,0.8499708114419148,0.9358946681022644,0.8499708114419148,hungarian,1
994,0029_top_20250707_t0.png_detect.csv,0029_top_20250707_t1.png_detect.csv,1602,1007,1677,1104,1600,1005,1674,1104,201,71,248,242,205,67,253,240,0.9168964159117763,0.9480515122413635,0.9168964159117763,hungarian,1
995,0029_top_20250707_t0.png_detect.csv,0029_top_20250707_t1.png_detect.csv,1466,716,1517,753,1467,704,1519,741,479,600,529,639,483,604,533,639,0.48809058961343227,0.8179041743278503,0.48809058961343227,hungarian,1
996,0029_top_20250707_t0.png_detect.csv,0029_top_20250707_t1.png_detect.csv,1669,796,1730,837,1669,791,1739,836,238,597,296,639,226,602,300,639,0.7598878853939582,0.848667323589325,0.7598878853939582,hungarian,1
997,0034_top_20250704_t0.JPG_detect.csv,0034_top_20250704_t1.JPG_detect.csv,792,1247,892,1321,824,1252,901,1316,318,470,361,620,318,470,361,620,0.5456369107321966,1.0,0.5456369107321966,hungarian,1
998,0034_top_20250704_t0.JPG_detect.csv,0034_top_20250704_t1.JPG_detect.csv,993,1314,1081,1391,993,1314,1087,1403,298,118,351,241,298,118,351,241,0.8099450155390868,0.9999998807907104,0.8099450155390868,hungarian,1
999,0037_top_20250703_t0.JPG_detect.csv,0037_top_20250703_t1.JPG_detect.csv,1058,999,1124,1040,1063,966,1143,1035,443,205,522,268,443,205,522,268,0.3641791044776119,1.0,0.3641791044776119,hungarian,1
1000,0037_top_20250703_t0.JPG_detect.csv,0037_top_20250703_t1.JPG_detect.csv,765,990,826,1067,764,988,825,1114,133,291,176,426,133,291,176,426,0.5951307484220018,0.9999999403953552,0.5951307484220018,hungarian,1
1001,0037_top_20250703_t0.JPG_detect.csv,0037_top_20250703_t1.JPG_detect.csv,1053,1036,1121,1075,1050,1036,1130,1099,442,285,523,341,442,285,523,341,0.5261904761904762,0.9999999403953552,0.5261904761904762,hungarian,1
1002,0037_top_20250703_t0.JPG_detect.csv,0037_top_20250703_t1.JPG_detect.csv,838,1001,895,1075,831,999,892,1122,208,288,252,420,208,288,252,420,0.5172815533980583,0.9999999403953552,0.5172815533980583,hungarian,1
1003,0037_top_20250703_t0.JPG_detect.csv,0037_top_20250703_t1.JPG_detect.csv,1012,1019,1057,1092,1001,1008,1062,1135,398,262,441,398,398,262,441,398,0.4240351103653027,1.0,0.4240351103653027,hungarian,1
1004,0037_top_20250703_t0.JPG_detect.csv,0037_top_20250703_t1.JPG_detect.csv,980,1017,1027,1090,968,1008,1029,1136,362,269,404,406,362,269,404,406,0.43942110655737704,1.0000001192092896,0.43942110655737704,hungarian,1
1005,0037_top_20250703_t0.JPG_detect.csv,0037_top_20250703_t1.JPG_detect.csv,943,1014,991,1086,932,1008,990,1131,321,277,362,409,321,277,362,409,0.46960865945045793,0.9999999403953552,0.46960865945045793,hungarian,1
1006,0037_top_20250703_t0.JPG_detect.csv,0037_top_20250703_t1.JPG_detect.csv,904,1014,954,1087,892,1012,951,1136,279,290,320,423,279,290,320,423,0.45534173855341736,0.9999999403953552,0.45534173855341736,hungarian,1
1007,0037_top_20250703_t0.JPG_detect.csv,0037_top_20250703_t1.JPG_detect.csv,720,987,781,1063,724,989,782,1112,89,300,129,433,89,300,129,433,0.5585275423728814,0.9999998807907104,0.5585275423728814,hungarian,1
1008,0038_top_20250703_t0.JPG_detect.csv,0038_top_20250703_t1.JPG_detect.csv,977,250,1010,320,983,257,1018,322,444,293,507,334,444,293,507,334,0.5898058252427184,1.0,0.5898058252427184,hungarian,1
1009,0038_top_20250703_t0.JPG_detect.csv,0038_top_20250703_t1.JPG_detect.csv,1016,255,1048,325,1021,263,1053,328,442,355,505,394,442,355,505,394,0.6326530612244898,1.0,0.6326530612244898,hungarian,1
1010,0038_top_20250703_t0.JPG_detect.csv,0038_top_20250703_t1.JPG_detect.csv,1101,248,1133,315,1101,260,1129,321,457,484,517,523,457,484,517,523,0.6660899653979239,1.0,0.6660899653979239,hungarian,1
1011,0038_top_20250703_t0.JPG_detect.csv,0038_top_20250703_t1.JPG_detect.csv,872,384,937,414,866,382,938,414,353,141,376,241,353,141,376,241,0.8463541666666666,1.0,0.8463541666666666,hungarian,1
1012,0038_top_20250703_t0.JPG_detect.csv,0038_top_20250703_t1.JPG_detect.csv,1064,257,1093,321,1067,267,1094,325,449,428,506,463,449,428,506,463,0.6957383548067394,1.0000001192092896,0.6957383548067394,hungarian,1
1013,,0038_top_20250703_t1.JPG_detect.csv,,,,,992,786,1072,836,,,,,48,411,78,510,0.0,0.0,0.0,new,0
1014,0038_top_20250704_t0.JPG_detect.csv,0038_top_20250704_t1.JPG_detect.csv,1274,584,1354,676,1268,569,1361,663,299,294,340,378,269,316,327,359,0.6460846452668166,0.5428504943847656,0.6460846452668166,hungarian,1
1015,0038_top_20250704_t0.JPG_detect.csv,0038_top_20250704_t1.JPG_detect.csv,1261,526,1331,608,1256,519,1331,601,319,359,355,436,268,383,316,423,0.7906626506024096,0.4364502727985382,0.7906626506024096,hungarian,1
1016,0039_top_20250704_t0.JPG_detect.csv,0039_top_20250704_t1.JPG_detect.csv,1264,1111,1375,1194,1266,1113,1383,1199,388,177,438,297,388,177,438,297,0.8452039058012636,0.9999999403953552,0.8452039058012636,hungarian,1
1017,0040_top_20250704_t0.png_detect.csv,0040_top_20250704_t1.JPG_detect.csv,408,351,467,445,381,346,479,440,202,82,226,153,431,369,459,416,0.552329862206795,0.7095142006874084,0.552329862206795,hungarian,1
1018,0040_top_20250704_t0.png_detect.csv,0040_top_20250704_t1.JPG_detect.csv,1031,486,1070,558,1014,478,1089,557,478,240,494,295,198,552,220,593,0.4642857142857143,0.4357365667819977,0.4642857142857143,hungarian,1
1019,0041_top_20250704_t0.JPG_detect.csv,0041_top_20250704_t1.JPG_detect.csv,1106,901,1197,996,1109,894,1203,988,327,582,350,632,327,582,350,632,0.779236641221374,1.0000001192092896,0.779236641221374,hungarian,1
1020,0041_top_20250704_t0.JPG_detect.csv,0041_top_20250704_t1.JPG_detect.csv,1109,826,1188,909,1111,819,1193,902,351,552,372,593,351,552,372,593,0.7791239515377446,1.0,0.7791239515377446,hungarian,1
1021,0041_top_20250704_t0.JPG_detect.csv,0041_top_20250704_t1.JPG_detect.csv,526,864,638,969,524,875,634,976,216,285,240,331,216,285,240,331,0.7982387167793679,0.9999998807907104,0.7982387167793679,hungarian,1
1022,0041_top_20250704_t0.JPG_detect.csv,0041_top_20250704_t1.JPG_detect.csv,1184,694,1334,859,1189,685,1346,848,394,560,437,639,394,560,437,639,0.7971868194637821,1.0,0.7971868194637821,hungarian,1
1023,0043_top_20250623_t0.jpg_detect.csv,0043_top_20250623_t1.jpg_detect.csv,909,819,1011,864,937,825,1021,863,156,276,233,333,132,350,191,396,0.56579476861167,0.8142431378364563,0.56579476861167,hungarian,1
1024,0043_top_20250623_t0.jpg_detect.csv,0043_top_20250623_t1.jpg_detect.csv,901,733,1001,780,931,752,1008,786,151,134,227,202,126,259,180,301,0.3658081373646883,0.6728274822235107,0.3658081373646883,hungarian,1
1025,0043_top_20250623_t0.jpg_detect.csv,0043_top_20250623_t1.jpg_detect.csv,910,932,1002,983,948,932,1020,966,156,452,223,508,143,481,193,522,0.34615384615384615,0.558160126209259,0.34615384615384615,hungarian,1
1026,0043_top_20250623_t0.jpg_detect.csv,0043_top_20250623_t1.jpg_detect.csv,1106,911,1192,965,1108,921,1183,958,308,459,383,527,255,467,306,511,0.5975452196382429,0.7455302476882935,0.5975452196382429,hungarian,1
1027,0043_top_20250623_t0.jpg_detect.csv,0043_top_20250623_t1.jpg_detect.csv,1105,844,1188,890,1104,848,1179,887,310,344,384,407,251,378,302,425,0.7482499351827846,0.7788702249526978,0.7482499351827846,hungarian,1
1028,0043_top_20250623_t0.jpg_detect.csv,0043_top_20250623_t1.jpg_detect.csv,1299,887,1330,953,1301,890,1331,960,493,449,520,561,387,429,406,512,0.7878395860284605,0.8228808045387268,0.7878395860284605,hungarian,1
1029,,0043_top_20250623_t1.jpg_detect.csv,,,,,940,973,1018,1009,,,,,139,531,193,573,0.0,0.0,0.0,new,0
1030,,0043_top_20250623_t1.jpg_detect.csv,,,,,1098,678,1171,713,,,,,243,169,293,212,0.0,0.0,0.0,new,0
1031,,0043_top_20250623_t1.jpg_detect.csv,,,,,1102,611,1178,648,,,,,244,85,297,130,0.0,0.0,0.0,new,0
1032,,0043_top_20250623_t1.jpg_detect.csv,,,,,1099,743,1182,782,,,,,245,250,302,297,0.0,0.0,0.0,new,0
1033,,0043_top_20250623_t1.jpg_detect.csv,,,,,984,590,1024,668,,,,,160,56,187,153,0.0,0.0,0.0,new,0
1034,,0043_top_20250623_t1.jpg_detect.csv,,,,,1290,1042,1321,1069,,,,,381,609,401,640,0.0,0.0,0.0,new,0
1035,,0043_top_20250623_t1.jpg_detect.csv,,,,,1376,894,1405,953,,,,,437,433,456,503,0.0,0.0,0.0,new,0
1036,,0043_top_20250623_t1.jpg_detect.csv,,,,,1246,1042,1279,1068,,,,,351,610,373,640,0.0,0.0,0.0,new,0
1037,,0043_top_20250623_t1.jpg_detect.csv,,,,,1612,1016,1643,1074,,,,,592,575,612,640,0.0,0.0,0.0,new,0
1038,,0043_top_20250623_t1.jpg_detect.csv,,,,,1362,1050,1388,1070,,,,,429,617,446,640,0.0,0.0,0.0,new,0
1039,,0043_top_20250623_t1.jpg_detect.csv,,,,,1541,883,1570,945,,,,,546,420,565,492,0.0,0.0,0.0,new,0
1040,0045_top_20250623_t0.jpg_detect.csv,0045_top_20250623_t1.jpg_detect.csv,1102,613,1174,650,1100,612,1174,650,277,387,342,441,255,263,305,310,0.9473684210526315,0.6660968661308289,0.9473684210526315,hungarian,1
1041,0045_top_20250623_t0.jpg_detect.csv,0045_top_20250623_t1.jpg_detect.csv,1103,682,1171,717,1099,683,1168,716,270,506,333,557,256,353,303,392,0.8539012738853503,0.5904244780540466,0.8539012738853503,hungarian,1
1042,0045_top_20250623_t0.jpg_detect.csv,0045_top_20250623_t1.jpg_detect.csv,1239,483,1316,520,1238,482,1318,518,418,194,485,242,346,102,397,145,0.8882663150955834,0.6408999562263489,0.8882663150955834,hungarian,1
1043,0045_top_20250623_t0.jpg_detect.csv,0045_top_20250623_t1.jpg_detect.csv,940,749,1007,776,935,744,1004,782,102,598,167,639,138,440,189,486,0.6392896781354052,0.6302405595779419,0.6392896781354052,hungarian,1
1044,0045_top_20250623_t0.jpg_detect.csv,0045_top_20250623_t1.jpg_detect.csv,1176,409,1214,479,1182,410,1214,481,368,46,397,161,307,11,327,98,0.8105726872246696,0.8485902547836304,0.8105726872246696,hungarian,1
1045,0045_top_20250623_t0.jpg_detect.csv,0045_top_20250623_t1.jpg_detect.csv,986,588,1024,662,984,590,1025,660,166,316,196,443,172,237,200,326,0.8802117802779617,0.7038614153862,0.8802117802779617,hungarian,1
1046,0045_top_20250623_t0.jpg_detect.csv,0045_top_20250623_t1.jpg_detect.csv,1101,427,1138,493,1106,428,1138,494,295,59,324,169,255,31,276,114,0.8407437348423605,0.7159004211425781,0.8407437348423605,hungarian,1
1047,0045_top_20250623_t0.jpg_detect.csv,0045_top_20250623_t1.jpg_detect.csv,1064,431,1097,497,1069,435,1098,498,259,58,285,168,229,38,248,118,0.7650947553988541,0.7231600284576416,0.7650947553988541,hungarian,1
1048,,0045_top_20250623_t1.jpg_detect.csv,,,,,944,812,1021,853,,,,,147,529,203,577,0.0,0.0,0.0,new,0
1049,,0045_top_20250623_t1.jpg_detect.csv,,,,,1099,844,1183,884,,,,,260,558,317,603,0.0,0.0,0.0,new,0
1050,,0045_top_20250623_t1.jpg_detect.csv,,,,,1100,743,1176,782,,,,,258,430,310,475,0.0,0.0,0.0,new,0
1051,,0045_top_20250623_t1.jpg_detect.csv,,,,,1107,875,1173,907,,,,,266,598,311,632,0.0,0.0,0.0,new,0
1052,0047_top_20250623_t0.jpg_detect.csv,0047_top_20250623_t1.jpg_detect.csv,1859,997,1895,1073,1854,999,1894,1075,359,158,389,304,326,178,347,270,0.8129315756434401,0.661605954170227,0.8129315756434401,hungarian,1
1053,0047_top_20250623_t0.jpg_detect.csv,0047_top_20250623_t1.jpg_detect.csv,1592,1015,1637,1084,1600,1016,1637,1085,55,151,96,285,141,171,162,256,0.800763844684914,0.7170257568359375,0.800763844684914,hungarian,1
1054,0047_top_20250623_t0.jpg_detect.csv,0047_top_20250623_t1.jpg_detect.csv,1743,1013,1786,1094,1744,1011,1789,1093,226,171,263,328,246,182,271,281,0.8811959087332809,0.7005133032798767,0.8811959087332809,hungarian,1
1055,0047_top_20250623_t0.jpg_detect.csv,0047_top_20250623_t1.jpg_detect.csv,2085,993,2117,1068,2088,991,2131,1069,614,185,639,330,491,194,512,287,0.6077116512992456,0.6114660501480103,0.6077116512992456,hungarian,1
1056,0047_top_20250623_t0.jpg_detect.csv,0047_top_20250623_t1.jpg_detect.csv,1598,1103,1648,1182,1605,1101,1646,1175,49,327,94,479,136,279,160,368,0.7321428571428571,0.8361906409263611,0.7321428571428571,hungarian,1
1057,,0047_top_20250623_t1.jpg_detect.csv,,,,,2059,839,2098,912,,,,,488,3,507,92,0.0,0.0,0.0,new,0
1058,,0047_top_20250623_t1.jpg_detect.csv,,,,,1429,1111,1471,1183,,,,,5,273,30,361,0.0,0.0,0.0,new,0
1059,,0047_top_20250623_t1.jpg_detect.csv,,,,,1464,1109,1516,1187,,,,,31,276,63,370,0.0,0.0,0.0,new,0
1060,,0047_top_20250623_t1.jpg_detect.csv,,,,,1811,1006,1849,1077,,,,,295,182,315,268,0.0,0.0,0.0,new,0
1061,,0047_top_20250623_t1.jpg_detect.csv,,,,,1520,889,1557,947,,,,,93,0,116,72,0.0,0.0,0.0,new,0
1062,,0047_top_20250623_t1.jpg_detect.csv,,,,,2164,834,2207,911,,,,,561,10,582,102,0.0,0.0,0.0,new,0
1063,,0047_top_20250623_t1.jpg_detect.csv,,,,,2047,996,2089,1073,,,,,462,196,483,288,0.0,0.0,0.0,new,0
1064,,0047_top_20250623_t1.jpg_detect.csv,,,,,1399,903,1411,955,,,,,0,0,5,67,0.0,0.0,0.0,new,0
1065,0048_top_20250704_t0.JPG_detect.csv,0048_top_20250704_t1.JPG_detect.csv,984,257,1080,337,958,228,1071,324,397,289,420,332,397,289,420,332,0.45901252067091897,1.0000001192092896,0.45901252067091897,hungarian,1
1066,0049_top_20250704_t0.png_detect.csv,0049_top_20250704_t1.png_detect.csv,1546,455,1627,524,1546,461,1629,530,59,10,122,109,59,10,122,109,0.8213423466924191,0.9999998807907104,0.8213423466924191,hungarian,1
1067,0049_top_20250704_t0.png_detect.csv,0049_top_20250704_t1.png_detect.csv,1930,467,1995,537,1929,463,1997,535,472,144,543,257,472,144,543,257,0.8794269797055312,0.9999998807907104,0.8794269797055312,hungarian,1
1068,0049_top_20250704_t0.png_detect.csv,0049_top_20250704_t1.png_detect.csv,1523,483,1607,550,1526,489,1612,556,24,48,92,145,24,48,92,145,0.7661652969452628,1.0,0.7661652969452628,hungarian,1
1069,0049_top_20250704_t0.png_detect.csv,0049_top_20250704_t1.png_detect.csv,1994,634,2061,693,2000,630,2068,689,521,509,610,619,521,509,610,619,0.7277657266811279,0.9999999403953552,0.7277657266811279,hungarian,1
1070,0049_top_20250704_t0.png_detect.csv,0049_top_20250704_t1.png_detect.csv,1985,546,2045,607,1988,542,2050,604,526,313,599,420,526,313,599,420,0.7875178656503097,1.0,0.7875178656503097,hungarian,1
1071,0049_top_20250704_t0.png_detect.csv,0049_top_20250704_t1.png_detect.csv,1841,424,1904,475,1836,421,1902,475,378,42,443,114,378,42,443,114,0.8486088379705401,0.9999998807907104,0.8486088379705401,hungarian,1
1072,0049_top_20250704_t0.png_detect.csv,0049_top_20250704_t1.png_detect.csv,1810,407,1869,457,1803,404,1866,456,348,4,407,73,348,4,407,73,0.7880528431935669,0.9999998807907104,0.7880528431935669,hungarian,1
1073,0049_top_20250704_t0.png_detect.csv,0049_top_20250704_t1.png_detect.csv,1510,512,1592,581,1517,518,1600,586,0,89,63,195,0,89,63,195,0.7184126501444428,1.0,0.7184126501444428,hungarian,1
1074,0049_top_20250704_t0.png_detect.csv,0049_top_20250704_t1.png_detect.csv,1714,613,1765,687,1722,614,1775,685,178,328,215,475,178,328,215,475,0.6808652988403211,1.0,0.6808652988403211,hungarian,1
1075,0049_top_20250704_t0.png_detect.csv,0049_top_20250704_t1.png_detect.csv,1667,634,1722,706,1678,635,1735,704,116,352,155,496,116,352,155,496,0.625077208153181,1.0,0.625077208153181,hungarian,1
1076,0049_top_20250704_t0.png_detect.csv,0049_top_20250704_t1.png_detect.csv,1879,438,1932,485,1875,434,1931,484,418,74,474,143,418,74,474,143,0.8251121076233184,0.9999999403953552,0.8251121076233184,hungarian,1
1077,0049_top_20250704_t0.png_detect.csv,0049_top_20250704_t1.png_detect.csv,1625,645,1682,716,1638,646,1698,714,64,356,104,498,64,356,104,498,0.5826679649464459,1.0,0.5826679649464459,hungarian,1
1078,0049_top_20250704_t0.png_detect.csv,0049_top_20250704_t1.png_detect.csv,1962,509,2029,571,1963,505,2032,569,503,234,582,336,503,234,582,336,0.8590021691973969,0.9999998807907104,0.8590021691973969,hungarian,1
1079,0049_top_20250704_t0.png_detect.csv,0049_top_20250704_t1.png_detect.csv,1758,592,1808,666,1763,592,1817,665,236,305,276,450,236,305,276,450,0.7539591462015148,1.0,0.7539591462015148,hungarian,1
1080,0049_top_20250704_t0.png_detect.csv,0049_top_20250704_t1.png_detect.csv,1787,412,1825,443,1781,411,1820,443,323,1,359,43,323,1,359,43,0.729151817533856,0.9999998807907104,0.729151817533856,hungarian,1
1081,0049_top_20250704_t0.png_detect.csv,0049_top_20250704_t1.png_detect.csv,1973,678,2037,707,1980,673,2045,702,483,601,574,639,483,601,574,639,0.5764854614412137,1.0,0.5764854614412137,hungarian,1
1082,0049_top_20250704_t0.png_detect.csv,0049_top_20250704_t1.png_detect.csv,1532,570,1562,605,1543,575,1574,610,0,180,18,241,0,180,18,241,0.36421725239616615,1.0000001192092896,0.36421725239616615,hungarian,1
1083,0049_top_20250704_t0.png_detect.csv,0049_top_20250704_t1.png_detect.csv,1972,682,2017,708,1979,677,2024,702,482,598,543,639,482,598,543,639,0.495114006514658,0.9999999403953552,0.495114006514658,hungarian,1
1084,0049_top_20250704_t0.png_detect.csv,0049_top_20250704_t1.png_detect.csv,1975,681,2050,707,1982,675,2057,702,484,614,593,639,484,614,593,639,0.5606595995288575,0.9999998807907104,0.5606595995288575,hungarian,1
1085,0049_top_20250704_t0.png_detect.csv,0049_top_20250704_t1.png_detect.csv,1596,713,1634,752,1616,711,1655,748,0,477,30,557,0,477,30,557,0.27450980392156865,1.0,0.27450980392156865,reid_assist,1
1086,0050_top_20250704_t0.png_detect.csv,0050_top_20250704_t1.png_detect.csv,2126,689,2181,782,2128,694,2183,780,510,135,619,236,510,135,619,236,0.8621146207679213,1.0,0.8621146207679213,hungarian,1
1087,0050_top_20250704_t0.png_detect.csv,0050_top_20250704_t1.png_detect.csv,2275,923,2367,968,2276,916,2365,964,245,410,297,617,245,410,297,617,0.7661137938274197,1.0000001192092896,0.7661137938274197,hungarian,1
1088,0050_top_20250704_t0.png_detect.csv,0050_top_20250704_t1.png_detect.csv,2276,868,2373,919,2278,865,2370,915,312,427,368,640,312,427,368,640,0.8278766992150105,1.0,0.8278766992150105,hungarian,1
1089,0050_top_20250704_t0.png_detect.csv,0050_top_20250704_t1.png_detect.csv,2069,712,2092,795,2067,709,2091,793,502,0,606,22,500,0,607,32,0.8315445636957536,0.7557123899459839,0.8315445636957536,hungarian,1
1090,0050_top_20250704_t0.png_detect.csv,0050_top_20250704_t1.png_detect.csv,2069,710,2096,796,2067,710,2086,791,500,0,607,32,502,0,606,22,0.5543478260869565,0.7557123899459839,0.5543478260869565,hungarian,1
1091,0052_top_20250619_t0.jpg_detect.csv,0052_top_20250619_t1.jpg_detect.csv,773,1137,839,1172,766,1136,837,1176,131,516,196,567,355,171,437,244,0.7697594501718213,0.8082802891731262,0.7697594501718213,hungarian,1
1092,0052_top_20250619_t0.jpg_detect.csv,0052_top_20250619_t1.jpg_detect.csv,1059,1044,1138,1084,1067,1042,1116,1077,403,305,474,359,0,542,67,611,0.496316758747698,0.6805956959724426,0.496316758747698,hungarian,1
1093,0052_top_20250619_t0.jpg_detect.csv,0052_top_20250619_t1.jpg_detect.csv,945,1013,983,1083,950,1016,988,1082,295,273,327,385,191,461,227,615,0.728428093645485,0.6125816106796265,0.728428093645485,hungarian,1
1094,0052_top_20250619_t0.jpg_detect.csv,0052_top_20250619_t1.jpg_detect.csv,1016,1019,1058,1090,1020,1022,1060,1088,363,271,397,385,90,483,130,639,0.8053949903660886,0.7167453765869141,0.8053949903660886,hungarian,1
1095,0052_top_20250619_t0.jpg_detect.csv,0052_top_20250619_t1.jpg_detect.csv,774,990,808,1055,775,989,813,1050,132,265,163,368,422,455,455,589,0.7770800627943485,0.6384586691856384,0.7770800627943485,hungarian,1
1096,0052_top_20250619_t0.jpg_detect.csv,0052_top_20250619_t1.jpg_detect.csv,979,1014,1019,1087,984,1016,1025,1082,328,269,360,386,141,479,181,633,0.6966224366706876,0.5332171320915222,0.6966224366706876,hungarian,1
1097,0052_top_20250619_t0.jpg_detect.csv,0052_top_20250619_t1.jpg_detect.csv,911,1012,948,1079,917,1015,956,1079,263,277,294,384,235,453,271,600,0.6633233032430625,0.6686152219772339,0.6633233032430625,hungarian,1
1098,0052_top_20250619_t0.jpg_detect.csv,0052_top_20250619_t1.jpg_detect.csv,742,988,774,1048,739,986,779,1049,101,267,131,361,464,442,498,577,0.7619047619047619,0.7622116804122925,0.7619047619047619,hungarian,1
1099,,0052_top_20250619_t1.jpg_detect.csv,,,,,637,1059,663,1100,,,,,580,282,601,368,0.0,0.0,0.0,new,0
1100,0053_top_20250619_t0.jpg_detect.csv,0053_top_20250619_t1.jpg_detect.csv,1014,715,1068,778,1012,722,1069,752,311,222,365,264,208,351,291,410,0.4639175257731959,0.3903695344924927,0.4639175257731959,hungarian,1
1101,0053_top_20250619_t0.jpg_detect.csv,0053_top_20250619_t1.jpg_detect.csv,1051,618,1078,680,1051,617,1076,674,314,352,334,431,261,72,292,208,0.824014125956445,0.5094312429428101,0.824014125956445,hungarian,1
1102,0053_top_20250619_t0.jpg_detect.csv,0053_top_20250619_t1.jpg_detect.csv,1121,615,1159,686,1122,612,1149,662,255,383,276,456,359,45,390,161,0.45663907880532567,0.4344567358493805,0.45663907880532567,hungarian,1
1103,,0053_top_20250619_t1.jpg_detect.csv,,,,,1131,681,1165,743,,,,,378,210,418,357,0.0,0.0,0.0,new,0
1104,,0053_top_20250619_t1.jpg_detect.csv,,,,,1134,756,1168,819,,,,,389,396,431,547,0.0,0.0,0.0,new,0
